run_id,policy,round,candidate_id,process_group_id,temperature_K,wjfet_scale,npwell_scale,qit_eff_cm2,mu_channel_scale,mesh_hash,physics_hash,solver_hash,seed,converged,retry_count,runtime_s,vth_V,ron_norm,ss_mV_dec,ion_A_per_cm,ioff_A_per_cm,code_commit,created_at,vth_interp_V,ss_interp_mV_dec,refined,gm_max_S_per_cm,vg_at_gm_max_V,ron_mohm_cm2,id_vds_req_A_per_cm,vds_reached_V,kcl_floor_A_per_cm,ioff_below_floor,ss_window_resolved,logid_vg4,logid_vg5,logid_vg6,logid_vg7,logid_vg8,logid_vg10,logid_vg12,logid_vg14,logid_vg16,logid_vg18,logid_vg20,error_code,n_nodes,n_solves,mesh_scale,extended,holes,config_version
C0000_T300,manual,0,C0000,C0000,300.0,1.0930539164692163,0.9129283931106328,-1372895958833.3965,1.0368419263511897,2ba5e9c9f116,1dab7e7ac807,5e1d50a6e395,0,True,0,47.616,4.391638843927923,1.9553439406267774,110.68490204353199,0.018029974499106986,8.025626420527699e-14,fb8c4bf,2026-10-03T02:59:24+00:00,4.414683474436529,111.1704501126839,True,0.004084497992592663,4.75,1.9553439406267774,0.34538751471386203,5.0,7.245913938302984e-13,True,True,-7.112769313057277,-2.6251333369811687,-2.2615938609081017,-2.1144933437606546,-2.0261346266608014,-1.9187093780333038,-1.8526042349134897,-1.8063468880527311,-1.771515247386378,-1.7440048875263474,-1.721533686014741,,10379,93,1.5,False,False,v1.1-frozen
C0000_T423,manual,0,C0000,C0000,423.0,1.0930539164692163,0.9129283931106328,-1372895958833.3965,1.0368419263511897,2ba5e9c9f116,1dab7e7ac807,5e1d50a6e395,0,True,0,42.977,4.165331128522871,2.79692655663406,152.9367173225127,0.01255364637109415,1.689790157965045e-13,fb8c4bf,2026-10-03T02:59:23+00:00,4.175385351572982,153.4871306899809,True,0.00460325551335435,4.75,2.79692655663406,0.24636259115645306,5.0,2.4331461249855075e-12,True,True,-4.898775756917517,-2.4495192162528263,-2.207567928251131,-2.1122320327578294,-2.057729293746249,-1.9949272662794324,-1.958273857588922,-1.9335123499084146,-1.9153270702950795,-1.9012301093355828,-1.8898821417744136,,10379,93,1.5,False,False,v1.1-frozen
C0001_T300,manual,0,C0001,C0001,300.0,0.9804712820798158,1.0435902420431376,-688610140234.2319,0.941992649063468,cff19d78675f,1dab7e7ac807,5e1d50a6e395,0,True,1,54.643,3.154869300405919,2.035265590734368,113.41879123093135,0.01732811507044582,8.025626420527698e-14,fb8c4bf,2026-10-03T02:59:27+00:00,3.1768382769607397,114.03442593236268,True,0.0036010251116204177,3.5,2.035265590734368,0.3312593935633303,5.0,1.090146431165044e-12,True,True,-2.5388037472172407,-2.2645619594532342,-2.1343125344243923,-2.0519186690911075,-1.9931333142223897,-1.9123611431578522,-1.8578482958238407,-1.8177009912496622,-1.7864719884500815,-1.7612486766990343,-1.7403071090299125,,11081,95,1.5,False,False,v1.1-frozen
C0001_T423,manual,0,C0001,C0001,423.0,0.9804712820798158,1.0435902420431376,-688610140234.2319,0.941992649063468,cff19d78675f,1dab7e7ac807,5e1d50a6e395,0,True,0,66.373,2.9212779806503497,2.904719445514913,157.1468506457852,0.012092131407220263,1.6897901579650446e-13,fb8c4bf,2026-10-03T02:59:40+00:00,2.930979036734069,157.47478317120323,True,0.00416890926533283,3.5,2.904719445514913,0.23680172003390584,5.0,1.6233906580120916e-12,True,True,-2.3996454790648354,-2.214124513068872,-2.129511661931845,-2.078491383245872,-2.043494313325735,-1.9974355293505055,-1.9676869880573267,-1.9464478374741643,-1.9303042529145547,-1.9174971419175955,-1.9070163026760059,,11081,93,1.5,False,False,v1.1-frozen
C0002_T300,manual,0,C0002,C0002,300.0,0.8453975930809975,0.8861619886010885,-1104799352586.2695,1.1247575774788856,f92a72037cc6,1dab7e7ac807,5e1d50a6e395,0,True,0,48.104,3.691762650608257,1.9420885180624774,110.01777285617575,0.01814623726853366,8.025626420527699e-14,fb8c4bf,2026-10-03T02:59:21+00:00,3.7038530835022256,110.68411731414041,True,0.0042458302570548044,4.25,1.9420885180624774,0.34844239746049094,5.0,1.6888799655106244e-12,True,True,-2.9238793832948033,-2.305585028168187,-2.1304122139254926,-2.033766358990988,-1.9694503878987817,-1.8859836499484262,-1.8322734968195549,-1.7938475815165316,-1.7645425540485238,-1.741213414866145,-1.722059256563623,,11783,92,1.5,False,False,v1.1-frozen
C0002_T423,manual,0,C0002,C0002,423.0,0.8453975930809975,0.8861619886010885,-1104799352586.2695,1.1247575774788856,f92a72037cc6,1dab7e7ac807,5e1d50a6e395,0,True,0,55.371,3.4646838943932194,2.9170455839194287,151.97743804185072,0.012040292506764675,1.6897901579650446e-13,fb8c4bf,2026-10-03T02:59:28+00:00,3.4690461526093124,152.43270180984413,True,0.00488984347877952,4.0,2.9170455839194287,0.23589885879743372,5.0,2.0977161547572186e-12,True,True,-2.6250756603322114,-2.2465713259505926,-2.1350660512530903,-2.0767328271266825,-2.0395738535600136,-1.9935072931306002,-1.9651700953178992,-1.9455077367817712,-1.9308417670986044,-1.9193629622035495,-1.9100650625082216,,11783,92,1.5,False,False,v1.1-frozen
C0003_T300,manual,0,C0003,C0003,300.0,1.132815146446228,1.1570748541504146,-960616848431.5276,0.8041775979101659,789e083144eb,1dab7e7ac807,5e1d50a6e395,0,True,18,101.797,4.07482764841704,2.2224085839078365,115.72273326215232,0.015891558167153336,8.025626420527696e-14,fb8c4bf,2026-10-03T03:00:13+00:00,4.099787221562863,116.47819213751387,True,0.0031222188325632136,4.5,2.2224085839078365,0.3011978775496771,4.8901813346892595,1.6622773984210564e-12,True,True,-4.4497549247505646,-2.566340260309733,-2.3092265578563564,-2.1797017355494157,-2.095579903427678,-1.9873688854791827,-1.9177465258314217,-1.8677503172518501,-1.829453124510585,-1.7988335181343378,-1.7735914432257467,,10145,124,1.5,False,False,v1.1-frozen
C0003_T423,manual,0,C0003,C0003,423.0,1.132815146446228,1.1570748541504146,-960616848431.5276,0.8041775979101659,789e083144eb,1dab7e7ac807,5e1d50a6e395,0,True,0,44.966,3.833925877138095,2.967979320465978,160.6644984356449,0.01183886060917711,1.6897901579650449e-13,fb8c4bf,2026-10-03T02:59:17+00:00,3.8483805718860444,160.72352793614075,True,0.0037792225521029446,4.25,2.967979320465978,0.23129267217389615,5.0,1.1496873331823254e-12,True,True,-3.3717346825594174,-2.419777279187543,-2.239779280655145,-2.152403743734022,-2.0981681567183896,-2.031946974412976,-1.9915927430987725,-1.963702877092942,-1.9429358442432663,-1.926690092795364,-1.9135276253832312,,10145,92,1.5,False,False,v1.1-frozen
C0004_T300,manual,0,C0004,C0004,300.0,1.18760603107512,0.8299005512148142,-593505548313.2601,0.8760468561202288,4eb0417c346c,1dab7e7ac807,5e1d50a6e395,0,True,0,40.697,2.3587473450754506,1.9455536149414006,109.11801987668129,0.01811150042542914,8.025626420527696e-14,fb8c4bf,2026-10-03T02:59:13+00:00,2.3853925718438127,110.12840445316452,True,0.0036921617100026606,2.75,1.9455536149414006,0.34810904268999204,5.0,1.0648166376414636e-12,True,True,-2.2966417438276063,-2.14948705319267,-2.0597575818087597,-1.9968747258352317,-1.9493203008555777,-1.8805595016308916,-1.8320321449022472,-1.795243675986859,-1.7660252366868499,-1.7420455695925108,-1.7218797072888887,,9794,93,1.5,False,False,v1.1-frozen
C0004_T423,manual,0,C0004,C0004,423.0,1.18760603107512,0.8299005512148142,-593505548313.2601,0.8760468561202288,4eb0417c346c,1dab7e7ac807,5e1d50a6e395,0,True,0,41.688,2.1374749454751965,2.7475373817475153,150.45714856321234,0.012775473038771277,1.6897901579650443e-13,fb8c4bf,2026-10-03T02:59:15+00:00,2.150671537287071,150.77611155385995,True,0.004341962428733204,2.5,2.7475373817475153,0.25117924396729535,5.0,2.0210886763093884e-12,True,True,-2.2256464160422316,-2.128287484976578,-2.071806497243419,-2.0337981050540006,-2.0059674434811843,-1.9671282447281453,-1.9406894789925535,-1.9211537275067951,-1.9059317386987986,-1.8936230102285017,-1.8833944684276223,,9794,93,1.5,False,False,v1.1-frozen
C0005_T300,manual,0,C0005,C0005,300.0,0.8751755077391863,1.1007876243442296,-1471941457130.015,1.196678004786372,63eb6b448cde,1dab7e7ac807,5e1d50a6e395,0,True,0,54.062,5.097296150678128,1.9937944365996507,114.2464481375105,0.017691513011091196,8.025626420527699e-14,fb8c4bf,2026-10-03T02:59:28+00:00,5.121533397779266,115.1568710184041,True,0.004408779464198261,5.5,1.9937944365996507,0.33779203150531,5.0,9.584754729218488e-13,True,True,-13.09552105981267,-4.649203313903546,-2.4401293252862777,-2.1875005416873723,-2.0671867736329204,-1.9377802595616247,-1.8645767174769001,-1.8156357845743225,-1.7798721419479613,-1.7522350238302835,-1.7300380599459682,,11549,93,1.5,False,False,v1.1-frozen
C0005_T423,manual,0,C0005,C0005,423.0,0.8751755077391863,1.1007876243442296,-1471941457130.015,1.196678004786372,63eb6b448cde,1dab7e7ac807,5e1d50a6e395,0,True,0,48.94,4.858509895994263,2.9458750645438636,158.60005251724118,0.011926378013752268,1.689790157965045e-13,fb8c4bf,2026-10-03T02:59:22+00:00,4.871388346354895,158.50668502200816,True,0.004831618718627521,5.25,2.9458750645438636,0.23317919945880608,5.0,2.692444606711081e-12,True,True,-9.160908419618986,-3.4054123849920677,-2.3355280404886316,-2.1717159926489344,-2.097029523131143,-2.0215292015762176,-1.9813982058951352,-1.9556346695669562,-1.9373359917516424,-1.9234914295462964,-1.9125539932055264,,11549,91,1.5,False,False,v1.1-frozen
C0006_T300,manual,0,C0006,C0006,300.0,0.9477621659636496,0.9691413793712854,-821499322541.0581,0.9639153033494948,6e389d2a8ea1,1dab7e7ac807,5e1d50a6e395,0,True,0,32.595,3.2722678370797253,2.0189918543264866,111.9116303059029,0.017464233276848165,8.025626420527696e-14,fb8c4bf,2026-10-03T02:58:53+00:00,3.282782287733492,111.7747618283661,True,0.003774320748583821,3.75,2.0189918543264866,0.33428580728416174,5.0,1.6145955351687468e-12,True,True,-2.5812061657212393,-2.271017079509931,-2.133526882979308,-2.048628149142243,-1.9888472933212082,-1.9076136609404593,-1.8532955420885828,-1.813514145017757,-1.7826847857741113,-1.757850476212609,-1.7372730907422833,,11198,93,1.5,False,False,v1.1-frozen
C0006_T423,manual,0,C0006,C0006,423.0,0.9477621659636496,0.9691413793712854,-821499322541.0581,0.9639153033494948,6e389d2a8ea1,1dab7e7ac807,5e1d50a6e395,0,True,0,33.223,3.040069583605785,2.9085732519871845,154.8199918896076,0.012075597708982802,1.6897901579650446e-13,fb8c4bf,2026-10-03T02:58:59+00:00,3.0499207917803823,155.02975166115752,True,0.004475770660357946,3.5,2.9085732519871845,0.236546691969673,5.0,1.1780264929341707e-12,True,True,-2.427053657716076,-2.218990357220229,-2.1301325276061265,-2.0779168080239647,-2.042604376817723,-1.996670858403071,-1.9672824688686896,-1.9464128429628413,-1.9306039324937803,-1.9180913636581383,-1.9078687206569505,,11198,92,1.5,False,False,v1.1-frozen
C0007_T300,manual,0,C0007,C0007,300.0,1.035331830382347,1.099829029664397,-1240037595853.2097,1.058715035766363,91e6a8d7a9f1,1dab7e7ac807,5e1d50a6e395,0,True,0,36.559,4.566181626236561,2.002123518058515,114.35837554436345,0.01761857574907526,8.025626420527695e-14,fb8c4bf,2026-10-03T02:59:04+00:00,4.588761984875759,115.08255178187954,True,0.004002941988606111,5.0,2.002123518058515,0.33632354272556353,5.0,6.653965572978038e-13,True,True,-8.531557205325244,-2.793118620163544,-2.312238406722781,-2.1463886796541387,-2.0503087159934554,-1.9358840804172903,-1.8665012631922189,-1.8183668897072873,-1.782343968248921,-1.7540292020146484,-1.730992232230662,,10730,93,1.5,False,False,v1.1-frozen
C0007_T423,manual,0,C0007,C0007,423.0,1.035331830382347,1.099829029664397,-1240037595853.2097,1.058715035766363,91e6a8d7a9f1,1dab7e7ac807,5e1d50a6e395,0,True,0,30.562,4.3272934695479135,2.8604498829667784,158.70374199575488,0.012279013058277607,1.6897901579650446e-13,fb8c4bf,2026-10-03T02:58:55+00:00,4.340372990453402,158.73540765666272,True,0.00458788270279944,4.75,2.8604498829667784,0.24047385335573243,5.0,2.1213495530357106e-12,True,True,-5.820649113318557,-2.556044972511284,-2.2453722688536515,-2.1365438990857113,-2.0764897697866145,-2.008863194002932,-1.970104487171742,-1.9442153060953207,-1.9253586631789361,-1.9108365387786552,-1.899209097405715,,10730,92,1.5,False,False,v1.1-frozen
C0008_T300,manual,0,C0008,C0008,300.0,1.0178218875080347,0.8715755004435778,-789656600914.8955,1.1737071547657252,ed80dfdc1439,1dab7e7ac807,5e1d50a6e395,0,True,0,48.285,2.9163621973917278,1.802944590962695,109.66931726362927,0.01953062410281697,8.025626420527694e-14,fb8c4bf,2026-10-03T03:00:12+00:00,2.9328977096595734,110.7550109331239,True,0.004516975020085837,3.25,1.802944590962695,0.37685134138320825,5.0,1.4811824556333245e-12,True,True,-2.3513277776814316,-2.1395806607502714,-2.030935872334586,-1.9607228886301347,-1.9101909072029826,-1.8403948832611403,-1.7931482068488178,-1.7583100201425599,-1.7311938539957938,-1.709283878571906,-1.6910880724210515,,10847,93,1.5,False,False,v1.1-frozen
C0008_T423,manual,0,C0008,C0008,423.0,1.0178218875080347,0.8715755004435778,-789656600914.8955,1.1737071547657252,ed80dfdc1439,1dab7e7ac807,5e1d50a6e395,0,True,0,43.776,2.6902281907885386,2.7209427799015535,151.46056184231355,0.012899779465693796,1.6897901579650443e-13,fb8c4bf,2026-10-03T03:00:07+00:00,2.6973300274161334,151.98156691617208,True,0.005055079963083095,3.25,2.7209427799015535,0.25369203231712834,5.0,1.5377013776646e-12,True,True,-2.269860009518896,-2.132516000925474,-2.065534767970338,-2.0241339018227804,-1.9953542218612348,-1.9570427093014613,-1.9320437988557886,-1.9140742341100023,-1.900348136066491,-1.8894177143248556,-1.8804462158389659,,10847,93,1.5,False,False,v1.1-frozen
C0009_T300,manual,0,C0009,C0009,300.0,0.9053371001034975,1.1975406002253297,-1144900463521.4805,0.8536625649780035,74b6296ee823,1dab7e7ac807,5e1d50a6e395,0,True,12,94.546,4.591005185458567,2.2825726954804058,116.3941605127069,0.015477560621675188,8.0256264205277e-14,fb8c4bf,2026-10-03T03:01:02+00:00,4.616861655950911,117.20985994748322,True,0.003246111197665492,5.0,2.2825726954804058,0.29281034475259893,4.81884765625,1.8584855136980624e-12,True,True,-8.628458454198297,-2.897842450197919,-2.4002761281647746,-2.227593744116551,-2.1267453073183944,-2.0055874328280026,-1.9314828597953821,-1.8797765888963034,-1.8409248703847796,-1.8102974862905084,-1.7853246719766336,,11432,108,1.5,False,False,v1.1-frozen
C0009_T423,manual,0,C0009,C0009,423.0,0.9053371001034975,1.1975406002253297,-1144900463521.4805,0.8536625649780035,74b6296ee823,1dab7e7ac807,5e1d50a6e395,0,True,0,61.049,4.348140165417312,3.122676353425044,161.74529610647846,0.011258078922901333,1.689790157965044e-13,fb8c4bf,2026-10-03T03:00:41+00:00,4.362535134537355,161.8270566456338,True,0.0038325921728181835,4.75,3.122676353425044,0.21929217397014483,5.0,1.846183649403696e-12,True,True,-5.893264129066228,-2.6376063228625823,-2.310557088145286,-2.1939832144310625,-2.1291061178452066,-2.0556012843901694,-2.013305514757839,-1.9850153343624417,-1.9644047297266938,-1.9485357111154682,-1.9358357227128304,,11432,92,1.5,False,False,v1.1-frozen
C0010_T300,manual,0,C0010,C0010,300.0,0.8717282548546792,0.929175417497754,-560620430856.9431,1.08652516156435,7c91dbab7d27,1dab7e7ac807,5e1d50a6e395,0,True,0,48.108,2.5501457901964324,1.9125018009949686,110.96150403256495,0.018422896585525754,8.025626420527698e-14,fb8c4bf,2026-10-03T03:00:09+00:00,2.5700072728584495,111.608549622845,True,0.004240603672900691,3.0,1.9125018009949686,0.3542204099291985,5.0,1.3568345586855545e-12,True,True,-2.2871913100238683,-2.1273484133633924,-2.0353554992924616,-1.9728913853732393,-1.926655453560329,-1.8612556920846308,-1.8161152404096959,-1.7824536218432065,-1.7560657780471711,-1.7346420857455107,-1.7167908012846647,,11666,93,1.5,False,False,v1.1-frozen
C0010_T423,manual,0,C0010,C0010,423.0,0.8717282548546792,0.929175417497754,-560620430856.9431,1.08652516156435,7c91dbab7d27,1dab7e7ac807,5e1d50a6e395,0,True,0,52.797,2.3211925571722656,2.878695385549775,153.39217091419516,0.012199242630765484,1.6897901579650446e-13,fb8c4bf,2026-10-03T03:00:21+00:00,2.3341464540406336,153.49538228397645,True,0.004841993247538695,2.75,2.878695385549775,0.2391793742432662,5.0,2.1461466197711363e-12,True,True,-2.2335283801944157,-2.1314926767872087,-2.0757452291369978,-2.0394667301078964,-2.013495253776917,-1.9780654101326367,-1.9544914176262111,-1.9373633507925414,-1.9241956175272175,-1.9136671309227404,-1.9050025620505873,,11666,92,1.5,False,False,v1.1-frozen
C0011_T300,manual,0,C0011,C0011,300.0,1.1592432737350464,1.0016600351780651,-1377839031629.2644,0.9907498694956304,7b142ceff673,1dab7e7ac807,5e1d50a6e395,0,True,0,40.517,4.643609826811955,2.0106104141295607,112.51972910118879,0.01754445089760033,8.025626420527696e-14,fb8c4bf,2026-10-03T03:00:54+00:00,4.666552029757844,113.64093219788008,True,0.0038334108578919413,5.0,2.0106104141295607,0.3348979534128904,5.0,8.558917463652449e-13,True,True,-9.308738844891154,-2.901396590489998,-2.3420284329197942,-2.1651728481714105,-2.064311130081465,-1.945037835251937,-1.8729152348493712,-1.8228713995196466,-1.7853763669199811,-1.7558602196898951,-1.7318071527183205,,10028,93,1.5,False,False,v1.1-frozen
C0011_T423,manual,0,C0011,C0011,423.0,1.1592432737350464,1.0016600351780651,-1377839031629.2644,0.9907498694956304,7b142ceff673,1dab7e7ac807,5e1d50a6e395,0,True,0,49.156,4.411850632956345,2.8119582433318957,155.78432776199247,0.012488520089543669,1.6897901579650443e-13,fb8c4bf,2026-10-03T03:00:07+00:00,4.422325116103832,156.18030456528453,True,0.004384494257282776,5.0,2.8119582433318957,0.24483590811887335,5.0,2.677635400913597e-12,True,True,-6.369213011184041,-2.6201050048778023,-2.2604475158627877,-2.142506443904033,-2.0784566723696476,-2.0069014738427104,-1.966036368131457,-1.938743235586281,-1.9188413725978966,-1.903489023197114,-1.8911741258725738,,10028,93,1.5,False,False,v1.1-frozen
C0012_T300,manual,0,C0012,C0012,300.0,1.1140341583639384,0.9854138862341644,-1010727500542.9984,0.9126191157847644,4e97b7fdbe50,1dab7e7ac807,5e1d50a6e395,0,True,0,45.364,3.7581190492844567,2.0427091853407697,112.29023336390998,0.01726742040599226,8.025626420527696e-14,fb8c4bf,2026-10-03T02:59:59+00:00,3.7623811035828214,112.31090684703094,True,0.0035880094821934584,4.25,2.0427091853407697,0.3298119951184414,5.0,9.361092309211005e-13,True,True,-3.1167574170198242,-2.3983989002112813,-2.2051437843696826,-2.0978154286558057,-2.025715075537405,-1.9310194352575456,-1.8692596191296955,-1.8246166075694918,-1.7902881653759033,-1.7627725371934253,-1.740049066532071,,10262,92,1.5,False,False,v1.1-frozen
C0012_T423,manual,0,C0012,C0012,423.0,1.1140341583639384,0.9854138862341644,-1010727500542.9984,0.9126191157847644,4e97b7fdbe50,1dab7e7ac807,5e1d50a6e395,0,True,0,47.746,3.525041650193956,2.8483926834269098,155.3909595676143,0.012329235560446215,1.689790157965044e-13,fb8c4bf,2026-10-03T03:00:03+00:00,3.532061024053859,155.64686324148636,True,0.004339939201761163,4.0,2.8483926834269098,0.24167122229717922,5.0,2.06803458705012e-12,True,True,-2.7448306063711354,-2.2996714615850227,-2.169056192329351,-2.0999910005292883,-2.0555983836414202,-2.0000364305053573,-1.9655216011134276,-1.9413989167735544,-1.9233005020267107,-1.9090638497766816,-1.8974802435903801,,10262,92,1.5,False,False,v1.1-frozen
C0013_T300,manual,0,C0013,C0013,300.0,0.801506169512868,1.0578725177794694,-927762304432.6902,1.0084455769509078,76f2787c9957,1dab7e7ac807,5e1d50a6e395,0,True,0,55.95,3.7433634377199545,2.091677841482011,113.61137974501645,0.01686697227079644,8.025626420527696e-14,fb8c4bf,2026-10-03T03:00:24+00:00,3.7448579939517166,113.83712749378971,True,0.0037779383571106976,4.25,2.091677841482011,0.3217413317340607,5.0,1.6651828011055473e-12,True,True,-3.0694249271306835,-2.3743571517507496,-2.1881019557614327,-2.085524410316184,-2.017116096354141,-1.9280662277637688,-1.870596532978769,-1.8294170761014743,-1.7979888708638416,-1.7729628690467703,-1.7524157897469697,,12017,92,1.5,False,False,v1.1-frozen
C0013_T423,manual,0,C0013,C0013,423.0,0.801506169512868,1.0578725177794694,-927762304432.6902,1.0084455769509078,76f2787c9957,1dab7e7ac807,5e1d50a6e395,0,True,0,55.448,3.505857822245156,3.0600824684943437,157.48200411388902,0.011484610011469365,1.6897901579650446e-13,fb8c4bf,2026-10-03T03:00:17+00:00,3.507700836178443,157.81685530986488,True,0.00441508606913667,4.0,3.0600824684943437,0.2241695237224012,5.0,1.929216740389421e-12,True,True,-2.7146751192649416,-2.2956518253261073,-2.174303735994566,-2.1108432270080337,-2.0704009852701963,-2.0202730117570282,-1.9894792040514808,-1.9681543422787056,-1.952281765345726,-1.9398837477691306,-1.9298600677706408,,12017,92,1.5,False,False,v1.1-frozen
C0014_T300,manual,0,C0014,C0014,300.0,0.9726279839873314,0.815287820622325,-1277789399959.147,0.8255852311849594,b6983811955a,1dab7e7ac807,5e1d50a6e395,0,True,0,31.956,3.9060462669664355,2.1489632248278148,108.86513623954674,0.016415055113740935,8.025626420527695e-14,fb8c4bf,2026-10-03T02:59:25+00:00,3.928650839337007,109.86616010610418,True,0.0034673584301655254,4.25,2.1489632248278148,0.31349549056439097,5.0,8.339925972045137e-13,True,True,-3.5613411371997907,-2.457250229176359,-2.240614117273875,-2.1263035566487316,-2.0512195184546687,-1.9542069839414435,-1.8916815561161624,-1.8467498524840724,-1.8123105058973903,-1.7847576547833537,-1.7620292046031565,,10964,93,1.5,False,False,v1.1-frozen
C0014_T423,manual,0,C0014,C0014,423.0,0.9726279839873314,0.815287820622325,-1277789399959.147,0.8255852311849594,b6983811955a,1dab7e7ac807,5e1d50a6e395,0,True,0,31.062,3.686735504454517,2.976620553534634,150.04645903960213,0.011800454374728899,1.689790157965045e-13,fb8c4bf,2026-10-03T02:59:31+00:00,3.69525243341064,150.56126234479683,True,0.004145274384900541,4.25,2.976620553534634,0.2310656348282335,5.0,1.8077775885492162e-12,True,True,-2.972559920289663,-2.340677105009563,-2.19421369641628,-2.120913233812258,-2.0749965360267577,-2.018612430317223,-1.9840717317597312,-1.9600950670721504,-1.9421716127718913,-1.928101269927917,-1.91666627865929,,10964,93,1.5,False,False,v1.1-frozen
C0015_T300,manual,0,C0015,C0015,300.0,1.0600998014211656,1.1412789095193148,-656797992065.549,1.1455802761018277,c3b371300f37,1dab7e7ac807,5e1d50a6e395,0,True,0,34.371,3.306660798468242,1.8677868120398426,115.04312267197759,0.018868429220491794,8.025626420527696e-14,fb8c4bf,2026-10-03T02:59:39+00:00,3.3271794138141084,115.62967697604765,True,0.004242747700841128,3.75,1.8677868120398426,0.3621773594716647,5.0,9.960414760016177e-13,True,True,-2.560205492993142,-2.2350658527193557,-2.095834661403892,-2.010811220076998,-1.9513111270793597,-1.8709276657567266,-1.8174904740002185,-1.778525090746148,-1.7484338221456293,-1.7242642529493972,-1.7042865432139715,,10613,93,1.5,False,False,v1.1-frozen
C0015_T423,manual,0,C0015,C0015,423.0,1.0600998014211656,1.1412789095193148,-656797992065.549,1.1455802761018277,c3b371300f37,1dab7e7ac807,5e1d50a6e395,0,True,0,29.209,3.065176567394946,2.755400206814823,159.8256909701916,0.012742383271368648,1.6897901579650443e-13,fb8c4bf,2026-10-03T02:59:24+00:00,3.077152268389083,159.9341926009964,True,0.004795555767028924,3.5,2.755400206814823,0.25011086058563015,5.0,1.2738816648500853e-12,True,True,-2.408919180282708,-2.1942599459955288,-2.104747914966341,-2.052589537152975,-2.0174766306203127,-1.9719909184560773,-1.943008544455346,-1.922491881640387,-1.906990826175115,-1.8947493361448007,-1.8847676901632917,,10613,92,1.5,False,False,v1.1-frozen
C0016_T300,manual,0,C0016,C0016,300.0,1.067554134130478,0.8097493596374989,-1159865411929.786,0.9602174967527388,1e9256faa414,1dab7e7ac807,5e1d50a6e395,0,True,0,50.135,3.605928275304722,1.9591556978812221,108.5676238221519,0.017988258600623596,8.025626420527698e-14,fb8c4bf,2026-10-03T03:01:03+00:00,3.632135363946229,109.8576197632154,True,0.004014712402642086,4.0,1.9591556978812221,0.3454468286703461,5.0,1.5065897259989424e-12,True,True,-2.834372455288326,-2.319732322051673,-2.1500868687195616,-2.0530982991356086,-1.9873013259340477,-1.900385291480794,-1.8434791215646487,-1.8022521319438065,-1.770497792854854,-1.7450108776075113,-1.7239384739711388,,10613,93,1.5,False,False,v1.1-frozen
C0016_T423,manual,0,C0016,C0016,423.0,1.067554134130478,0.8097493596374989,-1159865411929.786,0.9602174967527388,1e9256faa414,1dab7e7ac807,5e1d50a6e395,0,True,0,42.995,3.3860417260727607,2.8043764853823663,149.6816144111216,0.012518733390447628,1.6897901579650449e-13,fb8c4bf,2026-10-03T03:00:51+00:00,3.398968229602444,149.87529700059022,True,0.004616701649621544,3.75,2.8043764853823663,0.24587978326213616,5.0,2.1731725950211034e-12,True,True,-2.580686008415274,-2.24513198862159,-2.133834870632922,-2.0734436211766836,-2.0341927158446884,-1.9846418736624403,-1.9536228873279,-1.931825746778256,-1.9154027994378062,-1.9024396095733702,-1.8918620323252686,,10613,93,1.5,False,False,v1.1-frozen
C0017_T300,manual,0,C0017,C0017,300.0,0.9549900010228156,1.1337812080979348,-780550811439.7526,1.0687390767037868,a28d3f09a33f,1dab7e7ac807,5e1d50a6e395,0,True,1,53.616,3.580663900141078,1.9739112623990474,114.98093409359944,0.017864204486015462,8.025626420527701e-14,fb8c4bf,2026-10-03T03:01:56+00:00,3.6047477938465624,115.67844378330771,True,0.00399752127118621,4.0,1.9739112623990474,0.34175469474871445,5.0,6.751162129337018e-13,True,True,-2.8105932239481937,-2.317071795379633,-2.1502555104494383,-2.05412624813964,-1.9886635230354228,-1.9020512836908436,-1.8454122396749897,-1.8045049090721723,-1.7731141001736583,-1.748016318673751,-1.7273442346820864,,11081,95,1.5,False,False,v1.1-frozen
C0017_T423,manual,0,C0017,C0017,423.0,0.9549900010228156,1.1337812080979348,-780550811439.7526,1.0687390767037868,a28d3f09a33f,1dab7e7ac807,5e1d50a6e395,0,True,0,58.332,3.340154072771772,2.880824226801977,159.6719342327183,0.012192464159726295,1.6897901579650449e-13,fb8c4bf,2026-10-03T03:01:40+00:00,3.353539087007099,159.78673753633498,True,0.004534504957878335,3.75,2.880824226801977,0.23875607701781704,5.0,2.1923429889195187e-12,True,True,-2.5675355325438893,-2.251869703981547,-2.142992577020769,-2.083249814504623,-2.0442494760940084,-1.9949648990298354,-1.964198133394039,-1.942683688745453,-1.9265628749634738,-1.9139085123618607,-1.9036378105780283,,11081,92,1.5,False,False,v1.1-frozen
C0018_T300,manual,0,C0018,C0018,300.0,0.8214604604989291,0.9896462060511112,-1426983706653.1182,0.8980861324816942,88a34c5c8db7,1dab7e7ac807,5e1d50a6e395,0,True,6,73.828,4.73604199759882,2.2356741384659053,112.390800619262,0.01579305358912968,8.025626420527696e-14,fb8c4bf,2026-10-03T03:01:23+00:00,4.739260467011905,112.70880882292778,True,0.0034733027321443752,5.25,2.2356741384659053,0.2998576914623525,5.0,1.499458271356635e-12,True,True,-10.121593412841872,-3.0775501122127378,-2.4033641353281476,-2.2159743149635793,-2.1117603736856987,-1.9904007412751241,-1.9178830044886466,-1.8679327894894562,-1.830709304973647,-1.8015338909736915,-1.7778459687184183,,12017,102,1.5,False,False,v1.1-frozen
C0018_T423,manual,0,C0018,C0018,423.0,0.8214604604989291,0.9896462060511112,-1426983706653.1182,0.8980861324816942,88a34c5c8db7,1dab7e7ac807,5e1d50a6e395,0,True,0,55.422,4.502787145720467,3.13941073762956,155.53416400824105,0.011196938518968946,1.6897901579650446e-13,fb8c4bf,2026-10-03T03:01:17+00:00,4.503718694217031,155.93638873371685,True,0.004181805108903039,5.0,3.13941073762956,0.21825929161020788,5.0,1.8419642704804237e-12,True,True,-6.93593230933826,-2.7302501819833664,-2.312941474838542,-2.1888808716480455,-2.123416227610763,-2.0517310008007996,-2.0114760578053215,-1.9848807204163155,-1.9656438696178777,-1.9509007064432098,-1.9391390701300575,,12017,92,1.5,False,False,v1.1-frozen
C0019_T300,manual,0,C0019,C0019,300.0,1.1088961336761711,1.0671646401286126,-509522489272.058,1.1807759206742048,160b55d8d977,1dab7e7ac807,5e1d50a6e395,0,True,0,43.154,2.7849625892268355,1.7961673562170715,113.62979875493639,0.01960999732972948,8.025626420527695e-14,fb8c4bf,2026-10-03T03:01:37+00:00,2.799192574953906,113.89343431543597,True,0.004413156068937552,3.25,1.7961673562170715,0.3776562726223781,5.0,8.579092297678059e-13,True,True,-2.3287641962873957,-2.136185833389586,-2.0319441699947647,-1.9629208699516345,-1.9125258276922998,-1.8420445994864658,-1.7938397659032748,-1.758083751309719,-1.7301495105176685,-1.7075224654695862,-1.688698503950026,,10262,93,1.5,False,False,v1.1-frozen
C0019_T423,manual,0,C0019,C0019,423.0,1.1088961336761711,1.0671646401286126,-509522489272.058,1.1807759206742048,160b55d8d977,1dab7e7ac807,5e1d50a6e395,0,True,0,46.386,2.546416403211965,2.6820575450262005,157.6028601372416,0.013087108233403963,1.6897901579650449e-13,fb8c4bf,2026-10-03T03:00:54+00:00,2.5564765121076882,157.741176114653,True,0.0050014184022160145,3.0,2.6820575450262005,0.25731774421420667,5.0,2.6367410584197015e-12,True,True,-2.2542070957447016,-2.1281944404553075,-2.0631547618425787,-2.0218843854413073,-1.9927563715845296,-1.953488522828653,-1.9276109316843069,-1.9089120706849996,-1.8945857572317921,-1.8831563058569374,-1.8737640763511283,,10262,92,1.5,False,False,v1.1-frozen
C0020_T300,manual,0,C0020,C0020,300.0,1.1634810119867325,0.9458590939640998,-876786606386.304,1.102671118080616,42f8a42a39d9,1dab7e7ac807,5e1d50a6e395,0,True,0,43.07,3.3274019074731416,1.8365818238533076,111.27753575300491,0.01918176636826943,8.025626420527699e-14,fb8c4bf,2026-10-03T03:00:42+00:00,3.3514678319788462,112.1511753048956,True,0.004322275965013171,3.75,1.8365818238533076,0.36905753685595405,5.0,1.7682208441956569e-12,True,True,-2.564880401740912,-2.231490361973025,-2.0906405502941316,-2.0050345965936685,-1.9452623785453806,-1.864600343878016,-1.8109607405122035,-1.7717943599852783,-1.7414944838196758,-1.7171114029698011,-1.6969191788099285,,10028,93,1.5,False,False,v1.1-frozen
C0020_T423,manual,0,C0020,C0020,423.0,1.1634810119867325,0.9458590939640998,-876786606386.304,1.102671118080616,42f8a42a39d9,1dab7e7ac807,5e1d50a6e395,0,True,0,43.974,3.097748361842698,2.687012766961339,153.89526787885833,0.01306258985856659,1.689790157965044e-13,fb8c4bf,2026-10-03T03:00:48+00:00,3.111312461924297,153.77607673302873,True,0.004908171027746714,3.5,2.687012766961339,0.2568831035559999,5.0,2.0864626755900135e-12,True,True,-2.4081796914576703,-2.1865017981396777,-2.0957035931301218,-2.04310112532274,-2.007769190022671,-1.9620215474987275,-1.9328280751838607,-1.9121079022394312,-1.896406926147636,-1.8839707089892426,-1.8738012272020566,,10028,91,1.5,False,False,v1.1-frozen
C0021_T300,manual,0,C0021,C0021,300.0,0.8510567829012872,1.0234035141766071,-1059750274755.0608,0.8199317909777165,e445fbb50260,1dab7e7ac807,5e1d50a6e395,0,True,12,97.61,3.9781376168048963,2.271354239762416,113.1744291906055,0.015546192714814309,8.025626420527695e-14,fb8c4bf,2026-10-03T03:02:02+00:00,3.983314655071011,113.65427522912697,True,0.003176969840658314,4.5,2.271354239762416,0.2950512935258381,4.9596099853515625,7.413635677577801e-13,True,True,-3.885670758022186,-2.5128688348460333,-2.2818076366448117,-2.1620628766381613,-2.083812177826064,-1.9830549446578765,-1.9183513323791812,-1.8720120664965447,-1.8366103360472181,-1.808375952965172,-1.7851537006816771,,11783,108,1.5,False,False,v1.1-frozen
C0021_T423,manual,0,C0021,C0021,423.0,0.8510567829012872,1.0234035141766071,-1059750274755.0608,0.8199317909777165,e445fbb50260,1dab7e7ac807,5e1d50a6e395,0,True,0,50.896,3.743018882502855,3.1418103941255064,156.67086441235045,0.011188250043150194,1.6897901579650454e-13,fb8c4bf,2026-10-03T03:01:09+00:00,3.744062117948324,157.09158955935442,True,0.003902416645418813,4.25,3.1418103941255064,0.21810422422611891,5.0,1.328815529832994e-12,True,True,-3.1202382675796403,-2.3873318119733047,-2.229990491939851,-2.152279062181862,-2.103876426314114,-2.0447774939299044,-2.008829779036115,-1.9840392510564626,-1.965618865851813,-1.9512378362630678,-1.93960869387215,,11783,92,1.5,False,False,v1.1-frozen
C0022_T300,manual,0,C0022,C0022,300.0,0.922074880078435,0.853488026559353,-647814457304.7758,1.0405869636684657,1dbc917aef5f,1dab7e7ac807,5e1d50a6e395,0,True,0,33.433,2.542664314971837,1.9062972186934237,109.41266405055849,0.01847968300231861,8.025626420527699e-14,fb8c4bf,2026-10-03T02:59:58+00:00,2.56093830971675,109.87547894981492,True,0.0041929289916204475,3.0,1.9062972186934237,0.35570967514643237,5.0,9.84524961555877e-13,True,True,-2.2883763577572953,-2.128717082612294,-2.036553279318215,-1.973860374545119,-1.9273845949334631,-1.8615123636938409,-1.815926549262202,-1.7818515803060186,-1.755081851393691,-1.733305482873736,-1.7151280052960125,,11315,93,1.5,False,False,v1.1-frozen
C0022_T423,manual,0,C0022,C0022,423.0,0.922074880078435,0.853488026559353,-647814457304.7758,1.0405869636684657,1dbc917aef5f,1dab7e7ac807,5e1d50a6e395,0,True,0,29.815,2.318713721781248,2.8398213090682836,151.0268423482142,0.012363769882035776,1.689790157965045e-13,fb8c4bf,2026-10-03T03:00:01+00:00,2.3317825403306127,151.04423719094711,True,0.004860567517578322,2.75,2.8398213090682836,0.2426962259212252,5.0,1.035995765628732e-12,True,True,-2.230772419464088,-2.1283150353005653,-2.0721906579289446,-2.0355973759398944,-2.0093557113797886,-1.9734738338139728,-1.9495257940190498,-1.9320768115541822,-1.9186277630385251,-1.9078490867446183,-1.898959634700327,,11315,92,1.5,False,False,v1.1-frozen
C0023_T300,manual,0,C0023,C0023,300.0,1.009650457277894,1.1774938859045505,-1292632466182.1128,0.9321165468543768,e255dcbfd861,1dab7e7ac807,5e1d50a6e395,0,True,12,66.436,4.880304602518984,2.165651565870463,115.94089596575618,0.016305375213256174,8.025626420527698e-14,fb8c4bf,2026-10-03T03:00:45+00:00,4.904608451813913,116.73116081190437,True,0.0035010390776073746,5.25,2.165651565870463,0.30930894047470947,4.9169464111328125,1.1085767720464546e-12,True,True,-11.247639664816548,-3.4730876108795643,-2.448110634448581,-2.234398151536667,-2.120124849202517,-1.98920296724929,-1.9116170802620045,-1.8583457131466892,-1.818709364765029,-1.7876692029192465,-1.7624789434239867,,10847,109,1.5,False,False,v1.1-frozen
C0023_T423,manual,0,C0023,C0023,423.0,1.009650457277894,1.1774938859045505,-1292632466182.1128,0.9321165468543768,e255dcbfd861,1dab7e7ac807,5e1d50a6e395,0,True,0,29.328,4.638737537289464,2.9863950700277,161.08453677136137,0.01176685522748083,1.689790157965045e-13,fb8c4bf,2026-10-03T02:59:54+00:00,4.651208911517081,161.19568986579412,True,0.0040058365732001215,5.0,2.9863950700277,0.22977154111026254,5.0,1.3952991909740328e-12,True,True,-7.684057891268799,-2.9143809386977453,-2.339350880019469,-2.194388157042361,-2.120291924964869,-2.0403688678709746,-1.995886010199025,-1.9666184973228835,-1.9454998709832432,-1.9293395898192378,-1.9164606278721967,,10847,93,1.5,False,False,v1.1-frozen
C0024_T300,manual,0,C0024,C0024,300.0,1.0434941709041596,0.955795568227768,-741150132380.4259,0.8471803814172745,0e1b8f8895a1,1dab7e7ac807,5e1d50a6e395,0,True,0,50.356,3.0587550793635,2.087959830581706,111.78170897685102,0.01689315820372699,8.025626420527698e-14,fb8c4bf,2026-10-03T03:01:53+00:00,3.0814288369528713,112.42763757424234,True,0.003424126725880197,3.5,2.087959830581706,0.32271476052460546,5.0,8.225937292438701e-13,True,True,-2.522388379272748,-2.2723701331061634,-2.1470983779096424,-2.0662281163592864,-2.00784798544108,-1.9267546484523281,-1.8714551197032008,-1.8304280069613106,-1.7983325334383982,-1.7722891507704466,-1.7505825375624584,,10613,93,1.5,False,False,v1.1-frozen
C0024_T423,manual,0,C0024,C0024,423.0,1.0434941709041596,0.955795568227768,-741150132380.4259,0.8471803814172745,0e1b8f8895a1,1dab7e7ac807,5e1d50a6e395,0,True,0,41.269,2.8286709043367537,2.9063897120958204,154.55170058420435,0.012084449689613202,1.6897901579650446e-13,fb8c4bf,2026-10-03T03:01:32+00:00,2.8429813162296007,154.67625346541485,True,0.004140820918739742,3.25,2.9063897120958204,0.23674089669874715,5.0,9.17456666692481e-13,True,True,-2.386616767359,-2.2150251564837493,-2.1328653628073657,-2.0822861945627844,-2.0471628627693437,-2.000412018812996,-1.9698915104309862,-1.9479368223030422,-1.93115215500843,-1.917773122021415,-1.906780169519542,,10613,92,1.5,False,False,v1.1-frozen
C0025_T300,manual,0,C0025,C0025,300.0,0.931027503311634,1.0751367710530757,-1322309426963.329,1.1301160238683223,e9ab408017c6,1dab7e7ac807,5e1d50a6e395,0,True,0,54.805,4.693301430385621,1.9886333960378832,113.82361768541516,0.017735312379758374,8.025626420527696e-14,fb8c4bf,2026-10-03T03:02:51+00:00,4.704908306717552,114.480993362573,True,0.00408470943231162,5.25,1.9886333960378832,0.3388809405850925,5.0,8.950825206845454e-13,True,True,-9.696520771987009,-2.946321149659075,-2.322132966935483,-2.143554623559074,-2.0442469684696634,-1.9289675271747428,-1.8604103640546674,-1.8133824584850673,-1.7784570331752332,-1.7511611577073725,-1.7290524925550579,,11315,92,1.5,False,False,v1.1-frozen
C0025_T423,manual,0,C0025,C0025,423.0,0.931027503311634,1.0751367710530757,-1322309426963.329,1.1301160238683223,e9ab408017c6,1dab7e7ac807,5e1d50a6e395,0,True,0,57.025,4.454419918084208,2.9053082077912995,157.87427247240072,0.012090836800488006,1.6897901579650443e-13,fb8c4bf,2026-10-03T03:02:38+00:00,4.459903031572353,158.206191310583,True,0.004694647691846092,5.0,2.9053082077912995,0.23663481829171065,5.0,2.0094740107637416e-12,True,True,-6.615500894300476,-2.6370715191367613,-2.2557471673203624,-2.140093364394941,-2.078898823301162,-2.0118299164694746,-1.9741650507223578,-1.9492922757200188,-1.9313130425545832,-1.9175436408052227,-1.906566959739711,,11315,92,1.5,False,False,v1.1-frozen
C0026_T300,manual,0,C0026,C0026,300.0,0.8958378065377474,0.8450652211904526,-969211492687.4636,0.9101466853171588,316c4eba49a3,1dab7e7ac807,5e1d50a6e395,0,True,0,47.991,3.273960389476026,2.0604382111130115,109.39618369372394,0.01711173935829603,8.025626420527699e-14,fb8c4bf,2026-10-03T03:02:11+00:00,3.2854440606444335,109.37097896179048,True,0.0037333173193040917,3.75,2.0604382111130115,0.3277466100284569,5.0,1.1370266687856002e-12,True,True,-2.585364612678987,-2.275837459411569,-2.138980268074501,-2.0546846333478834,-1.9954268048872796,-1.9149995681918222,-1.8612440212639603,-1.8218623300449799,-1.7913238096333353,-1.766705843450312,-1.7462924653597092,,11549,93,1.5,False,False,v1.1-frozen
C0026_T423,manual,0,C0026,C0026,423.0,0.8958378065377474,0.8450652211904526,-969211492687.4636,0.9101466853171588,316c4eba49a3,1dab7e7ac807,5e1d50a6e395,0,True,0,48.578,3.049915367298251,2.9605919466838015,150.9149885037172,0.011863846893733886,1.6897901579650449e-13,fb8c4bf,2026-10-03T03:02:06+00:00,3.0615827121669903,150.97683806567431,True,0.0044860769383589915,3.5,2.9605919466838015,0.2323687365536969,5.0,2.2715135445388768e-12,True,True,-2.4297609286665165,-2.22216790527495,-2.134243789512751,-2.0827891251796413,-2.048069605828477,-2.002970718219017,-1.9741257382890234,-1.953629483840922,-1.9380883551004198,-1.9257744666354037,-1.915703304881921,,11549,92,1.5,False,False,v1.1-frozen
C0027_T300,manual,0,C0027,C0027,300.0,1.183371326699853,1.124149303883314,-1090345594100.654,1.0172505360096693,0aa5fefbc5c9,1dab7e7ac807,5e1d50a6e395,0,True,0,41.594,4.281438073304817,1.979594452255135,114.84923359300292,0.017818473027426195,8.025626420527698e-14,fb8c4bf,2026-10-03T03:02:19+00:00,4.2948944715215225,114.84798336099611,True,0.003843516710105393,4.75,1.979594452255135,0.34019645666581844,5.0,1.1698419366029415e-12,True,True,-6.047428516712326,-2.581801952506708,-2.2645705163323915,-2.1241406448635276,-2.0371767197940818,-1.929143584741388,-1.8615693480879791,-1.8138659244451183,-1.7777525403533723,-1.7491295160217546,-1.7256925571941217,,9794,91,1.5,False,False,v1.1-frozen
C0027_T423,manual,0,C0027,C0027,423.0,1.183371326699853,1.124149303883314,-1090345594100.654,1.0172505360096693,0aa5fefbc5c9,1dab7e7ac807,5e1d50a6e395,0,True,0,43.258,4.040178920829384,2.784443737084355,159.46548507064506,0.012611624726274447,1.689790157965045e-13,fb8c4bf,2026-10-03T03:01:37+00:00,4.049681225699503,159.63608437430554,True,0.0045072301150817715,4.5,2.784443737084355,0.2472756304962376,5.0,1.3942667858743783e-12,True,True,-4.195434322983478,-2.42354756800159,-2.20897535663036,-2.116561927509075,-2.0619315153036,-1.9975285088412091,-1.959326329699116,-1.9333165839347366,-1.9141344466480703,-1.8992289606749264,-1.8872127435802069,,9794,92,1.5,False,False,v1.1-frozen
C0028_T300,manual,0,C0028,C0028,300.0,1.1379562050104142,0.8887776337563992,-1457609480246.9016,1.0891457214951514,6adc6d590eea,1dab7e7ac807,5e1d50a6e395,0,True,0,45.316,4.519796828288428,1.9025246987760083,110.10647979075216,0.018525292916859355,8.025626420527695e-14,fb8c4bf,2026-10-03T03:01:28+00:00,4.529204375598176,110.10838523193411,True,0.00431054928176043,5.0,1.9025246987760083,0.3554683979318129,5.0,6.969563814962498e-13,True,True,-8.278670516147448,-2.710141599055275,-2.268646517472499,-2.110051516007977,-2.0177218464440267,-1.907635092188018,-1.8408256687983333,-1.7944165157766352,-1.7596279328718625,-1.732234916348907,-1.7099079731574107,,10145,91,1.5,False,False,v1.1-frozen
C0028_T423,manual,0,C0028,C0028,423.0,1.1379562050104142,0.8887776337563992,-1457609480246.9016,1.0891457214951514,6adc6d590eea,1dab7e7ac807,5e1d50a6e395,0,True,0,44.595,4.292572803578138,2.7429489893117442,152.12320201682118,0.012798486744969313,1.6897901579650449e-13,fb8c4bf,2026-10-03T03:01:33+00:00,4.302567657995174,152.26651917100753,True,0.005014576564391004,4.75,2.7429489893117442,0.25142298941446944,5.0,1.015605722316783e-12,True,True,-5.678889218328282,-2.4997179124861857,-2.211138920710076,-2.108268446183537,-2.051293130707819,-1.9869441749737775,-1.949909874615693,-1.9250650176517428,-1.9068923216120715,-1.8928413770053032,-1.8815501840842268,,10145,92,1.5,False,False,v1.1-frozen
C0029_T300,manual,0,C0029,C0029,300.0,0.8254341289401055,1.1678875088691711,-601977829821.4078,0.981992331892252,8751292f68ad,1dab7e7ac807,5e1d50a6e395,0,True,1,59.767,3.2540326065477165,2.093842149035742,115.69851256539675,0.01685104245298961,8.025626420527698e-14,fb8c4bf,2026-10-03T03:03:02+00:00,3.2561402403714172,115.90875719731363,True,0.003626005718176329,3.75,2.093842149035742,0.32126636442450823,5.0,1.6382438601433777e-12,True,True,-2.5861766834858417,-2.282673847595893,-2.146651343279413,-2.06232900096411,-2.002850077262839,-1.9219804002991716,-1.8679539757891364,-1.828458933470899,-1.7979185233770645,-1.7733732272806475,-1.7530814346298274,,11900,94,1.5,False,False,v1.1-frozen
C0029_T423,manual,0,C0029,C0029,423.0,0.8254341289401055,1.1678875088691711,-601977829821.4078,0.981992331892252,8751292f68ad,1dab7e7ac807,5e1d50a6e395,0,True,0,48.363,3.010658016948244,3.0468290111849314,160.7543364094368,0.01153464670927013,1.6897901579650449e-13,fb8c4bf,2026-10-03T03:01:57+00:00,3.0138661856538658,161.1306192541707,True,0.004245557435742366,3.5,3.0468290111849314,0.22512813361134795,5.0,1.4835053492441449e-12,True,True,-2.4369781240176565,-2.2349968956966637,-2.1474633184979743,-2.095794218974496,-2.0608029589893526,-2.0153084650346154,-1.9862756589757078,-1.9657301186818534,-1.9502240657221241,-1.9379957027956123,-1.9280397833143796,,11900,92,1.5,False,False,v1.1-frozen
C0030_T300,manual,0,C0030,C0030,300.0,0.9981123823672532,0.9120339505374432,-1189572826959.1929,1.15196392275393,8272cf3c2b00,1dab7e7ac807,5e1d50a6e395,0,True,0,34.377,3.9590558005850647,1.8787586355886379,110.53810702924882,0.018754321264874082,8.025626420527696e-14,fb8c4bf,2026-10-03T03:00:33+00:00,3.9675597656623927,111.0297990580812,True,0.004364394233280453,4.5,1.8787586355886379,0.3604855328066667,5.0,9.725883293176807e-13,True,True,-3.7710445600371445,-2.377372981688575,-2.1565148918454664,-2.0446787321273296,-1.9727180892794105,-1.881452077233239,-1.8236782469151247,-1.7826908300924262,-1.7515852891069814,-1.7268986487222056,-1.7066701630498144,,10964,92,1.5,False,False,v1.1-frozen
C0030_T423,manual,0,C0030,C0030,423.0,0.9981123823672532,0.9120339505374432,-1189572826959.1929,1.15196392275393,8272cf3c2b00,1dab7e7ac807,5e1d50a6e395,0,True,0,32.402,3.7301568031538945,2.786506029510654,152.7865706533108,0.012599653157941752,1.689790157965045e-13,fb8c4bf,2026-10-03T03:00:33+00:00,3.7326327485940363,153.21220486931574,True,0.005033942080433755,4.25,2.786506029510654,0.24738626460504368,5.0,1.1821325168748231e-12,True,True,-3.016281457414257,-2.288050911243508,-2.1440919896952946,-2.0747403938684976,-2.032093757610902,-1.9805204780852308,-1.9493625740579883,-1.9279398023713918,-1.9120438214578164,-1.8996414099352352,-1.889614942653708,,10964,92,1.5,False,False,v1.1-frozen
C0031_T300,manual,0,C0031,C0031,300.0,1.0855904940515757,1.031349352002144,-873916940763.5928,0.8690794434398413,05949f941270,1dab7e7ac807,5e1d50a6e395,0,True,0,34.515,3.561726347107787,2.0962783584508125,113.27194040273447,0.016831141540723432,8.025626420527699e-14,fb8c4bf,2026-10-03T03:01:20+00:00,3.584665398239243,113.77941624134358,True,0.0034342666108609105,4.0,2.0962783584508125,0.3209162545467113,5.0,7.414017316742516e-13,True,True,-2.842842526873691,-2.3695723693493966,-2.200378379679281,-2.1010078827833003,-2.0325224218539613,-1.940795816867386,-1.8800414134627317,-1.8357334326669772,-1.8014652269482303,-1.7738864278135693,-1.7510426460773412,,10379,93,1.5,False,False,v1.1-frozen
C0031_T423,manual,0,C0031,C0031,423.0,1.0855904940515757,1.031349352002144,-873916940763.5928,0.8690794434398413,05949f941270,1dab7e7ac807,5e1d50a6e395,0,True,0,29.515,3.3271523103641107,2.89728823203878,156.85353191532104,0.012123246605281218,1.689790157965045e-13,fb8c4bf,2026-10-03T03:00:23+00:00,3.3411568189681864,156.90534478417152,True,0.004122683136321483,3.75,2.89728823203878,0.2373893599267128,5.0,9.792445305513716e-13,True,True,-2.597133850293345,-2.2812010360260953,-2.16692491422197,-2.1030112097331433,-2.060800676196298,-2.006861090426686,-1.972808925314821,-1.9487973495192668,-1.9306828828852616,-1.9163810605373057,-1.9047141285665243,,10379,92,1.5,False,False,v1.1-frozen
C0032_T300,manual,0,C0032,C0032,300.0,1.0755397338420152,0.8758497755974531,-535573140718.0429,0.9254410725086928,5a6755e61f9c,1dab7e7ac807,5e1d50a6e395,0,True,0,48.711,2.3539337766369033,1.942031115270829,110.0259579343239,0.01814460721136989,8.025626420527698e-14,fb8c4bf,2026-10-03T03:02:42+00:00,2.380237380032364,111.19697727801281,True,0.0037966262182404648,2.75,1.942031115270829,0.34868637038077854,5.0,1.8530628764484213e-12,True,True,-2.2862679282237917,-2.14082994435715,-2.052319037030106,-1.9904031180327026,-1.9436620353272591,-1.87623959885654,-1.8288021775186099,-1.7929378603887238,-1.7645224564292996,-1.7412524288291449,-1.7217215718045664,,10496,93,1.5,False,False,v1.1-frozen
C0032_T423,manual,0,C0032,C0032,423.0,1.0755397338420152,0.8758497755974531,-535573140718.0429,0.9254410725086928,5a6755e61f9c,1dab7e7ac807,5e1d50a6e395,0,True,0,40.893,2.1294509883910004,2.7892938329787103,151.85600741715467,0.012586082121421432,1.6897901579650443e-13,fb8c4bf,2026-10-03T03:02:14+00:00,2.1428967955350164,152.24874222069957,True,0.004415322993220784,2.5,2.7892938329787103,0.24723973035020294,5.0,1.1141695205330038e-12,True,True,-2.222992436312972,-2.1277808509772305,-2.0726642426624964,-2.0356465980991407,-2.00859125679933,-1.9709281232518139,-1.9453722348430895,-1.9265439195844973,-1.9119121448010226,-1.9001094389031827,-1.8903233170112723,,10496,93,1.5,False,False,v1.1-frozen
C0033_T300,manual,0,C0033,C0033,300.0,0.9880245212465524,1.1549368251115084,-1399010615423.3218,1.0456817347556353,29e54d001fb3,1dab7e7ac807,5e1d50a6e395,0,True,13,90.937,5.06702825120408,2.0704200098928647,115.38488542409465,0.01704650558912799,8.025626420527696e-14,fb8c4bf,2026-10-03T03:04:23+00:00,5.089677366814077,115.94045175301493,True,0.003909748842736466,5.5,2.0704200098928647,0.3243553033751177,4.993186950683594,1.0382279015095179e-12,True,True,-13.09552105981267,-4.420261917829568,-2.4749252221700235,-2.225109002895756,-2.1022295155584865,-1.96728584404966,-1.8896072047201316,-1.8371012249960443,-1.7984297665835345,-1.768364634788637,-1.7440999359934046,,10964,111,1.5,False,False,v1.1-frozen
C0033_T423,manual,0,C0033,C0033,423.0,0.9880245212465524,1.1549368251115084,-1399010615423.3218,1.0456817347556353,29e54d001fb3,1dab7e7ac807,5e1d50a6e395,0,True,0,60.006,4.82528500386162,2.933040163113254,160.2977082394368,0.011978646132954096,1.689790157965045e-13,fb8c4bf,2026-10-03T03:03:38+00:00,4.838242241977782,160.40994438781874,True,0.004481154306996165,5.25,2.933040163113254,0.23417457122511084,5.0,2.0868796167878602e-12,True,True,-8.884409664176307,-3.314027446896129,-2.356743152177078,-2.1898255583439545,-2.1110674822341067,-2.0297586897426694,-1.985841942099088,-1.9573883354713175,-1.9370519270610793,-1.9215922646022656,-1.9093315955053956,,10964,92,1.5,False,False,v1.1-frozen
C0034_T300,manual,0,C0034,C0034,300.0,0.8356959134340287,0.9248645197600126,-799704497680.068,0.8125253103673459,d5778d588e8c,1dab7e7ac807,5e1d50a6e395,0,True,0,48.565,3.1131950604610825,2.208131798376601,111.20616541083328,0.015980718618530218,8.025626420527698e-14,fb8c4bf,2026-10-03T03:03:00+00:00,3.139958979706613,112.15103179743213,True,0.003316686402716805,3.5,2.208131798376601,0.3045425603861527,5.0,1.0860561803752964e-12,True,True,-2.5583703919374403,-2.2966522410993715,-2.1689906372846113,-2.087496590020847,-2.029064434206955,-1.948416171591383,-1.8937525928266865,-1.8533700918252853,-1.821883401614682,-1.7964036952945488,-1.77521662106082,,11900,93,1.5,False,False,v1.1-frozen
C0034_T423,manual,0,C0034,C0034,423.0,0.8356959134340287,0.9248645197600126,-799704497680.068,0.8125253103673459,d5778d588e8c,1dab7e7ac807,5e1d50a6e395,0,True,0,54.6,2.885819435693196,3.1033721148460303,153.63224956852056,0.01132392140570282,1.6897901579650449e-13,fb8c4bf,2026-10-03T03:03:01+00:00,2.8994314429424164,153.78447382638527,True,0.003923751602591093,3.25,3.1033721148460303,0.22110407237629745,5.0,1.07226033607688e-12,True,True,-2.4170048869576686,-2.23901015012675,-2.156222783866449,-2.1059545195065157,-2.071348446752313,-2.025665195831748,-1.996077136771578,-1.974911644500322,-1.958800100494527,-1.9460031535411297,-1.9355203790574718,,11900,93,1.5,False,False,v1.1-frozen
C0035_T300,manual,0,C0035,C0035,300.0,1.1481808945536611,1.0442027766257524,-1138789300806.8203,1.108496680855751,549e7ba5cbff,1dab7e7ac807,5e1d50a6e395,0,True,0,42.73,4.191994169418752,1.8975213554793684,113.23469658907948,0.018577534496522205,8.025626420527696e-14,fb8c4bf,2026-10-03T03:03:02+00:00,4.20395855607477,114.01299062003933,True,0.004078369141924527,4.75,1.8975213554793684,0.3560310001251407,5.0,2.1779216610328803e-12,True,True,-5.356966716466261,-2.498529506884494,-2.214772845772757,-2.084097997244834,-2.002451487967514,-1.9006735164357882,-1.8369544846870065,-1.791986860318936,-1.7579633274159483,-1.731011923582666,-1.7089553182891284,,10145,92,1.5,False,False,v1.1-frozen
C0035_T423,manual,0,C0035,C0035,423.0,1.1481808945536611,1.0442027766257524,-1138789300806.8203,1.108496680855751,549e7ba5cbff,1dab7e7ac807,5e1d50a6e395,0,True,0,47.61,3.9549449720376515,2.7392138965013246,156.96122606924078,0.012817097302346338,1.6897901579650446e-13,fb8c4bf,2026-10-03T03:02:25+00:00,3.960413635018113,157.500775050729,True,0.004755312209462419,4.5,2.7392138965013246,0.2516394038728789,5.0,2.591394889675171e-12,True,True,-3.7909983396485014,-2.3662581378272796,-2.176882110798074,-2.092866556900038,-2.042751893439063,-1.9833586088894533,-1.9479987582644582,-1.923876507681221,-1.906063765208897,-1.8922103186791557,-1.881035460499473,,10145,92,1.5,False,False,v1.1-frozen
C0036_T300,manual,0,C0036,C0036,300.0,1.1808884967118505,0.96865163333714,-1255900654941.7974,1.1866693940013646,75016b1ee808,1dab7e7ac807,5e1d50a6e395,0,True,0,43.626,4.264084119956273,1.8254382009171886,111.66629356546242,0.019301550033789444,8.025626420527698e-14,fb8c4bf,2026-10-03T03:02:12+00:00,4.270875078776073,111.58079286464495,True,0.004524708751881577,4.75,1.8254382009171886,0.3710113131369531,5.0,9.606182136770849e-13,True,True,-5.982781447284307,-2.505149825341016,-2.198372154616013,-2.06415687086844,-1.9818438890636279,-1.880594509542544,-1.8178543362303887,-1.7738289944021646,-1.740637143798591,-1.7144078130600555,-1.6929788270472725,,9911,93,1.5,False,False,v1.1-frozen
C0036_T423,manual,0,C0036,C0036,423.0,1.1808884967118505,0.96865163333714,-1255900654941.7974,1.1866693940013646,75016b1ee808,1dab7e7ac807,5e1d50a6e395,0,True,0,45.348,4.031488924784883,2.6761162549241435,154.54413892375652,0.013116144740759781,1.6897901579650449e-13,fb8c4bf,2026-10-03T03:02:18+00:00,4.039312703775595,154.81599212770024,True,0.0051686496358107955,4.5,2.6761162549241435,0.2578845267863149,5.0,2.42618864155192e-12,True,True,-4.1587621050853185,-2.367889982038619,-2.1652942779714963,-2.0797124241558516,-2.02961989543705,-1.971008477258824,-1.936427195430254,-1.9129380808619705,-1.8956335596692684,-1.8821937994007787,-1.8713617949958632,,9911,92,1.5,False,False,v1.1-frozen
C0037_T300,manual,0,C0037,C0037,300.0,0.8934164855629206,1.0879639010876416,-682562443427.7416,0.8906483862549067,e1d396c3f4d6,1dab7e7ac807,5e1d50a6e395,0,True,1,54.648,3.257998133386408,2.136659746945391,114.32762106236815,0.016515106155585046,8.025626420527694e-14,fb8c4bf,2026-10-03T03:03:57+00:00,3.2621665957908554,114.47683128078623,True,0.0034022895944756226,3.75,2.136659746945391,0.3146720184695795,5.0,7.135837060134875e-13,True,True,-2.6131259868047776,-2.306764777045216,-2.1682372439562467,-2.0819026999759096,-2.020753864499155,-1.9372155242537956,-1.8811002363986828,-1.8398939990755467,-1.8079092542484918,-1.7821186304111598,-1.760735696950142,,11432,94,1.5,False,False,v1.1-frozen
C0037_T423,manual,0,C0037,C0037,423.0,0.8934164855629206,1.0879639010876416,-682562443427.7416,0.8906483862549067,e1d396c3f4d6,1dab7e7ac807,5e1d50a6e395,0,True,0,46.436,3.019103188008297,3.0250537350313933,158.50944735898287,0.011615946672353767,1.689790157965045e-13,fb8c4bf,2026-10-03T03:02:44+00:00,3.02468756105288,158.84932425729704,True,0.004089476173978797,3.5,3.0250537350313933,0.22691646021400885,5.0,2.4789979943338216e-12,True,True,-2.453809311788605,-2.2460962280793586,-2.1553032454598373,-2.1014275670717235,-2.0648001836994427,-2.016971831966464,-1.9862997086647713,-1.9645064250719169,-1.948001477726517,-1.9349453904418168,-1.9242862672601704,,11432,92,1.5,False,False,v1.1-frozen
C0038_T300,manual,0,C0038,C0038,300.0,0.9332321226596832,0.8321111101657153,-1016121498309.0758,1.0738010324537757,b5ef5e602849,1dab7e7ac807,5e1d50a6e395,0,True,0,34.627,3.3317817147121547,1.9086285492850803,108.93016405386247,0.018458466688668716,8.025626420527696e-14,fb8c4bf,2026-10-03T03:01:08+00:00,3.3566781365611926,109.89445596061177,True,0.004359749576740184,3.75,1.9086285492850803,0.35514265021354097,5.0,1.0704624236765898e-12,True,True,-2.5631346446744385,-2.2318268103981285,-2.0935383678355426,-2.0101578063971073,-1.9522702738231204,-1.874591589529068,-1.8232088800247004,-1.7858222221222066,-1.7569732666548978,-1.733804377866302,-1.7146495294120847,,11315,93,1.5,False,False,v1.1-frozen
C0038_T423,manual,0,C0038,C0038,423.0,0.9332321226596832,0.8321111101657153,-1016121498309.0758,1.0738010324537757,b5ef5e602849,1dab7e7ac807,5e1d50a6e395,0,True,0,31.819,3.1099085712475176,2.835831975184314,150.28275855678064,0.012381052103219652,1.689790157965044e-13,fb8c4bf,2026-10-03T03:01:06+00:00,3.1236138540260137,150.48430646994026,True,0.004932956555218518,3.5,2.835831975184314,0.24304684600645082,5.0,1.100909294282637e-12,True,True,-2.4110014469208565,-2.1935551444120245,-2.1062674552703973,-2.056225942410438,-2.0228393755485587,-1.9798777127832023,-1.9526143855347293,-1.9333334120006995,-1.9187609819031453,-1.9072424487562718,-1.897839799072788,,11315,93,1.5,False,False,v1.1-frozen
C0039_T300,manual,0,C0039,C0039,300.0,1.045760305225849,1.1112241458147765,-918431572616.1003,0.953611434996128,0b36889bdfde,1dab7e7ac807,5e1d50a6e395,0,True,0,34.337,3.8547232059888685,2.0529249047842404,114.69460805606369,0.017185265589883675,8.025626420527695e-14,fb8c4bf,2026-10-03T03:01:55+00:00,3.88029877221264,115.65443535988918,True,0.003646303426734045,4.25,2.0529249047842404,0.32777946417154596,5.0,1.532873821810555e-12,True,True,-3.3773373092790844,-2.4260660577191073,-2.217520775932481,-2.1053190206480425,-2.030935266915992,-1.9342196099452038,-1.8716827754174645,-1.8267372224575873,-1.7923270689992115,-1.7648437516658522,-1.742214788093952,,10613,93,1.5,False,False,v1.1-frozen
C0039_T423,manual,0,C0039,C0039,423.0,1.045760305225849,1.1112241458147765,-918431572616.1003,0.953611434996128,0b36889bdfde,1dab7e7ac807,5e1d50a6e395,0,True,0,28.896,3.616074880765995,2.8886199442762437,159.1453622121175,0.01216002533003836,1.689790157965044e-13,fb8c4bf,2026-10-03T03:00:52+00:00,3.62971693818631,159.18698437641376,True,0.004207401157602095,4.0,2.8886199442762437,0.23805772295886257,5.0,1.4252618182886145e-12,True,True,-2.8669893230059245,-2.3222053146945143,-2.181361555833663,-2.1090298568874633,-2.063173320152752,-2.006419875226074,-1.9715199650292763,-1.947297479931857,-1.9292217643763594,-1.9150655204017355,-1.9035902889767247,,10613,91,1.5,False,False,v1.1-frozen
C0040_T300,manual,0,C0040,C0040,300.0,1.0010889548808335,0.9328362498432398,-1110529010184.1091,0.8639664571732283,88c6d24bc012,1dab7e7ac807,5e1d50a6e395,0,True,0,52.545,3.8516067293208667,2.1252563634718293,111.28878595541735,0.016601041459725165,8.025626420527698e-14,fb8c4bf,2026-10-03T03:03:35+00:00,3.878205807576059,112.09276758882436,True,0.003507981206166685,4.25,2.1252563634718293,0.3166356472150974,5.0,1.1816674926307969e-12,True,True,-3.3694721828854917,-2.440611554399266,-2.23288100617463,-2.1208541321387155,-2.0465416427507552,-1.949841459328511,-1.8872174788218108,-1.8421262381303274,-1.8075393028156084,-1.779864665813919,-1.7570396110921136,,10964,93,1.5,False,False,v1.1-frozen
C0040_T423,manual,0,C0040,C0040,423.0,1.0010889548808335,0.9328362498432398,-1110529010184.1091,0.8639664571732283,88c6d24bc012,1dab7e7ac807,5e1d50a6e395,0,True,0,43.736,3.6234883973901293,2.952056003062689,153.76775916656825,0.011899341869692588,1.6897901579650443e-13,fb8c4bf,2026-10-03T03:02:58+00:00,3.637519538515531,153.98006115040718,True,0.004140614151633498,4.0,2.952056003062689,0.23290247338441572,5.0,1.8202825782694417e-12,True,True,-2.8769874168683227,-2.3308214517391446,-2.190161753945258,-2.1180365328507387,-2.07234770193362,-2.0158026681608683,-1.9809900519934913,-1.956783353029254,-1.9386822508245138,-1.9244770579574597,-1.9129396361618558,,10964,93,1.5,False,False,v1.1-frozen
C0041_T300,manual,0,C0041,C0041,300.0,0.9136715892702342,1.0103517409414051,-951011424884.2,1.1586211819201708,61f2cc79ed4e,1dab7e7ac807,5e1d50a6e395,0,True,0,48.393,3.6672540930049524,1.9115751585805518,112.52165565635319,0.01843718177430491,8.025626420527698e-14,fb8c4bf,2026-10-03T03:05:11+00:00,3.6835347544911534,113.4853034549177,True,0.004275258801487345,4.0,1.9115751585805518,0.3538269591595111,5.0,1.2777850165689583e-12,True,True,-2.8898534281129193,-2.3018812819699326,-2.1282312384891195,-2.03135865256288,-1.9664954494909954,-1.881891170305649,-1.827234094347076,-1.7880514277937232,-1.7581359190049917,-1.7343054625343621,-1.7147321800540969,,11432,93,1.5,False,False,v1.1-frozen
C0041_T423,manual,0,C0041,C0041,423.0,0.9136715892702342,1.0103517409414051,-951011424884.2,1.1586211819201708,61f2cc79ed4e,1dab7e7ac807,5e1d50a6e395,0,True,0,60.438,3.4321351982092145,2.8579858592996854,155.88854714651978,0.012288046846564368,1.6897901579650443e-13,fb8c4bf,2026-10-03T03:04:39+00:00,3.440058133933677,156.27087594578893,True,0.004768384166793878,4.0,2.8579858592996854,0.24085701946634425,5.0,2.0073180733114554e-12,True,True,-2.604501915645999,-2.242603361664452,-2.1311899228574536,-2.072107274343866,-2.034203997755347,-1.9869596619264644,-1.9577849731386867,-1.9375063521684035,-1.922368865380169,-1.9105171416187465,-1.9009162165633617,,11432,93,1.5,False,False,v1.1-frozen
C0042_T300,manual,0,C0042,C0042,300.0,0.8596828252077103,0.8662175063043833,-1351220862939.954,0.9761483632028104,cf3d38f02f05,1dab7e7ac807,5e1d50a6e395,0,True,0,48.038,4.216494883334214,2.0732134519863408,109.7731868620867,0.017010732839333523,8.025626420527696e-14,fb8c4bf,2026-10-03T03:03:49+00:00,4.22394408308234,110.21373998381057,True,0.0038455219601395987,4.75,2.0732134519863408,0.32527074688793634,5.0,9.223768485581395e-13,True,True,-5.583625164243841,-2.5354062215330493,-2.247271664002712,-2.1165427714359066,-2.035504719932654,-1.9351605204281102,-1.872683301106975,-1.8287275370828917,-1.7955343763080833,-1.7692769761450489,-1.7478113928937657,,11666,92,1.5,False,False,v1.1-frozen
C0042_T423,manual,0,C0042,C0042,423.0,0.8596828252077103,0.8662175063043833,-1351220862939.954,0.9761483632028104,cf3d38f02f05,1dab7e7ac807,5e1d50a6e395,0,True,0,50.815,3.9908629265757165,2.9956363741903416,151.49724018171096,0.011727130054101911,1.6897901579650449e-13,fb8c4bf,2026-10-03T03:03:52+00:00,3.99212710486847,151.92903378282517,True,0.0045813319917865246,4.5,2.9956363741903416,0.22944584734077808,5.0,1.1803110572250475e-12,True,True,-3.9558691339866843,-2.397251596675571,-2.2062792506545144,-2.1235459942910127,-2.0747849878324107,-2.017559965790779,-1.9837648263000185,-1.9608159874062618,-1.9439203052980654,-1.930808258487076,-1.920249134454093,,11666,92,1.5,False,False,v1.1-frozen
C0043_T300,manual,0,C0043,C0043,300.0,1.1722652718424798,1.190252324566245,-714222029782.8317,1.0965337961912156,cf6bbed559cf,1dab7e7ac807,5e1d50a6e395,0,True,0,41.077,3.556841735947094,1.8873077960392068,115.98711244205084,0.01867862777643246,8.025626420527694e-14,fb8c4bf,2026-10-03T03:03:43+00:00,3.5774856617278905,116.44341865978447,True,0.004060392977972647,4.0,1.8873077960392068,0.35789736189081217,5.0,8.056112200949261e-13,True,True,-2.779174009621336,-2.3031586666284842,-2.137185645827603,-2.0406380643257522,-1.9745179366838062,-1.886557539730639,-1.828727468464547,-1.7867977603670877,-1.7545241195457963,-1.728655032335768,-1.7073011074578288,,9911,93,1.5,False,False,v1.1-frozen
C0043_T423,manual,0,C0043,C0043,423.0,1.1722652718424798,1.190252324566245,-714222029782.8317,1.0965337961912156,cf6bbed559cf,1dab7e7ac807,5e1d50a6e395,0,True,0,42.971,3.3129779960810457,2.7250612487267563,161.2959604105767,0.012883792265967657,1.6897901579650443e-13,fb8c4bf,2026-10-03T03:03:08+00:00,3.32485717280106,161.40237976925897,True,0.004642720657610096,3.75,2.7250612487267563,0.25292605264710966,5.0,1.7520739257884672e-12,True,True,-2.544532879238425,-2.23629780278459,-2.126625702272566,-2.0657243759995167,-2.0256785998222466,-1.9747245406809308,-1.9427024774173438,-1.9202031913738078,-1.9032811308564475,-1.8899562862173933,-1.8791121749127286,,9911,92,1.5,False,False,v1.1-frozen
C0044_T300,manual,0,C0044,C0044,300.0,1.1049728740006686,0.8225050982087851,-831333629786.9683,1.0247064974159,85e21477a23d,1dab7e7ac807,5e1d50a6e395,0,True,0,44.474,2.8771188025013257,1.8625316809639727,108.76696370918593,0.018910784988007454,8.025626420527696e-14,fb8c4bf,2026-10-03T03:02:56+00:00,2.901768416075431,109.33646683189357,True,0.004200554555367454,3.25,1.8625316809639727,0.36436201060169265,5.0,1.1541531619307932e-12,True,True,-2.375015075510027,-2.16669771298867,-2.057217717130491,-1.98561459318469,-1.9336664236428325,-1.8613144169832125,-1.8119145028494157,-1.775251979084257,-1.746567580133199,-1.7232904431864686,-1.7038880905354783,,10262,93,1.5,False,False,v1.1-frozen
C0044_T423,manual,0,C0044,C0044,423.0,1.1049728740006686,0.8225050982087851,-831333629786.9683,1.0247064974159,85e21477a23d,1dab7e7ac807,5e1d50a6e395,0,True,0,42.641,2.6566379947231566,2.722220687342207,150.04014289357676,0.012893286859477405,1.6897901579650443e-13,fb8c4bf,2026-10-03T03:03:01+00:00,2.667625761375134,150.31755479448094,True,0.004700806924907747,3.0,2.722220687342207,0.2536148211846199,5.0,1.2609416683597915e-12,True,True,-2.281899717553081,-2.144137684183992,-2.075382998197183,-2.032392498750039,-2.002283049783198,-1.9619003506515231,-1.9353478186344528,-1.9161505990517194,-1.901416942395611,-1.889636354720453,-1.8799323782315407,,10262,93,1.5,False,False,v1.1-frozen
C0045_T300,manual,0,C0045,C0045,300.0,0.8174033973366023,1.1465141151100398,-1234079054556.787,0.9042714271694422,aed830aebb8d,1dab7e7ac807,5e1d50a6e395,0,True,14,112.761,4.676669736311523,2.2610428057332617,115.39846207055749,0.015621893198761736,8.025626420527699e-14,fb8c4bf,2026-10-03T03:05:50+00:00,4.692498380191776,116.10476583652196,True,0.0033457234248526085,5.0,2.2610428057332617,0.29589567395587857,4.863908767700195,8.354116010078627e-13,True,True,-9.425945426418977,-2.988733083899634,-2.400010896916026,-2.2194949431907847,-2.1170720415266344,-1.9963372259546925,-1.9235911418158247,-1.8732902343125268,-1.8357325576166728,-1.8062663356346287,-1.7823314469492846,,12017,114,1.5,False,False,v1.1-frozen
C0045_T423,manual,0,C0045,C0045,423.0,0.8174033973366023,1.1465141151100398,-1234079054556.787,0.9042714271694422,aed830aebb8d,1dab7e7ac807,5e1d50a6e395,0,True,0,52.621,4.434662195340298,3.1674903102267327,160.21501344546007,0.011100195228497723,1.6897901579650443e-13,fb8c4bf,2026-10-03T03:03:37+00:00,4.442979414219907,160.7370027281374,True,0.0039300857870659366,5.0,3.1674903102267327,0.21606653019808844,5.0,2.1927551093355023e-12,True,True,-6.438254296361789,-2.6848378815285474,-2.31330196748977,-2.1933583035650646,-2.1286322626501515,-2.056801365733541,-2.0161226636380607,-1.9891601833437094,-1.969635571020239,-1.9546693828427426,-1.9427335063538533,,12017,93,1.5,False,False,v1.1-frozen
C0046_T300,manual,0,C0046,C0046,300.0,0.9588791906833648,0.9765978720039128,-568122538737.9528,1.1367404915392398,439fa8857c90,1dab7e7ac807,5e1d50a6e395,0,True,0,36.722,2.6924877158098965,1.857140561345326,111.88677654759188,0.018968689566551386,8.0256264205277e-14,fb8c4bf,2026-10-03T03:01:45+00:00,2.7043103108080913,112.23116591709558,True,0.0042026158920549315,3.25,1.857140561345326,0.3650683370194292,5.0,1.7485867949612387e-12,True,True,-2.309983579215018,-2.1323602649318816,-2.0338160190551755,-1.9679636397250249,-1.9196603245796546,-1.8518651056093678,-1.8053747952440475,-1.7708425354240296,-1.7438428255479477,-1.721962670886431,-1.7037555284997175,,11081,92,1.5,False,False,v1.1-frozen
C0046_T423,manual,0,C0046,C0046,423.0,0.9588791906833648,0.9765978720039128,-568122538737.9528,1.1367404915392398,439fa8857c90,1dab7e7ac807,5e1d50a6e395,0,True,0,33.975,2.459481126421496,2.7913330200223405,154.85933083308018,0.012578099406236085,1.6897901579650449e-13,fb8c4bf,2026-10-03T03:01:40+00:00,2.4644070929315225,155.33237204616012,True,0.004846233263416858,3.0,2.7913330200223405,0.2469388035113794,5.0,1.7281363234912947e-12,True,True,-2.2456288679843945,-2.1309568789525355,-2.070484770637802,-2.0317732935098665,-2.004323344134822,-1.9671814635902338,-1.9426362745033985,-1.9248743170381875,-1.9112549646724306,-1.900384977312257,-1.8914508797296095,,11081,92,1.5,False,False,v1.1-frozen
C0047_T300,manual,0,C0047,C0047,300.0,1.0713095262646677,1.0541391555219888,-1493387673050.1653,0.8421368315815926,a740656e43a9,1dab7e7ac807,5e1d50a6e395,0,True,16,79.994,5.058653870790625,2.2416236154376232,113.74754535154929,0.015757461730678716,8.025626420527696e-14,fb8c4bf,2026-10-03T03:03:15+00:00,5.081098063405707,114.32314575890157,True,0.003319767791241446,5.5,2.2416236154376232,0.2984063149984552,4.962616473436356,1.1236141276529785e-12,True,True,-13.09552105981267,-4.354196638311621,-2.534851598710329,-2.2836282988495307,-2.157176006596567,-2.016014837470786,-1.9335130905786593,-1.877146137227153,-1.8352829653678857,-1.8025137389493087,-1.7759144762305954,,10496,119,1.5,False,False,v1.1-frozen
C0047_T423,manual,0,C0047,C0047,423.0,1.0713095262646677,1.0541391555219888,-1493387673050.1653,0.8421368315815926,a740656e43a9,1dab7e7ac807,5e1d50a6e395,0,True,0,32.702,4.822820509003642,3.0048435067160164,157.58326491483342,0.01169476955645195,1.6897901579650449e-13,fb8c4bf,2026-10-03T03:01:25+00:00,4.83667959192257,157.76476804497906,True,0.004011579984243871,5.25,3.0048435067160164,0.22834810088986926,5.0,1.4401283984777358e-12,True,True,-8.928785584111905,-3.323873405960517,-2.3965753660141025,-2.2230174546194794,-2.139249818917628,-2.0514112489766734,-2.0033312443521165,-1.9719054566869498,-1.9492933295252233,-1.9320083314732408,-1.918234774139699,,10496,92,1.5,False,False,v1.1-frozen
C0048_T300,manual,0,C0048,C0048,300.0,1.0514254555106164,0.9983421318233012,-994167254306.376,1.0520898200571538,b780457e62bf,1dab7e7ac807,5e1d50a6e395,0,True,0,49.119,3.7430604427209038,1.9381689895023064,112.39788835280318,0.018188090238813997,8.025626420527695e-14,fb8c4bf,2026-10-03T03:04:25+00:00,3.7445983167490327,112.58668064619015,True,0.004013435569641059,4.25,1.9381689895023064,0.34859608450656165,5.0,1.224603452006367e-12,True,True,-3.0511908680728754,-2.349173034630674,-2.161474105566559,-2.0579590510747896,-1.9888107357818943,-1.898567836889603,-1.840118433836415,-1.7980924372008062,-1.765914057686318,-1.7402128997428392,-1.7190515485012945,,10613,92,1.5,False,False,v1.1-frozen
C0048_T423,manual,0,C0048,C0048,423.0,1.0514254555106164,0.9983421318233012,-994167254306.376,1.0520898200571538,b780457e62bf,1dab7e7ac807,5e1d50a6e395,0,True,0,44.792,3.50894296502847,2.804325453098335,155.62955772664333,0.01252113114389908,1.6897901579650443e-13,fb8c4bf,2026-10-03T03:03:43+00:00,3.5116738217095644,156.02343436106315,True,0.0047086067829891064,4.0,2.804325453098335,0.24565257275606306,5.0,2.1180652892899924e-12,True,True,-2.69603452069483,-2.268428226164209,-2.1446231459117695,-2.0796539324118535,-2.038103415299574,-1.98635464456854,-1.9543674367734303,-1.9320928860173654,-1.9154304222003844,-1.9023564357131695,-1.891742624771283,,10613,92,1.5,False,False,v1.1-frozen
C0049_T300,manual,0,C0049,C0049,300.0,0.9638921231031418,1.0708235889673232,-1069326626136.8988,0.9689596250653268,663fcdee2f3d,1dab7e7ac807,5e1d50a6e395,0,True,0,52.198,4.105140460953624,2.075281283321112,113.90336197485217,0.01700105517493036,8.025626420527698e-14,fb8c4bf,2026-10-03T03:06:04+00:00,4.130708436231991,114.89389149291485,True,0.003723190920565855,4.5,2.075281283321112,0.3241733954523573,5.0,1.2179892511232637e-12,True,True,-4.686921563374011,-2.509529562837982,-2.2496892581496235,-2.123509445622751,-2.0431223717713816,-1.9415300364761856,-1.8772628478579325,-1.8316504655306103,-1.7970190172252822,-1.7695241231847558,-1.7469887481487238,,11081,93,1.5,False,False,v1.1-frozen
C0049_T423,manual,0,C0049,C0049,423.0,0.9638921231031418,1.0708235889673232,-1069326626136.8988,0.9689596250653268,663fcdee2f3d,1dab7e7ac807,5e1d50a6e395,0,True,0,56.242,3.86866524625799,2.943660660731162,157.92175169320876,0.011934420283720958,1.689790157965045e-13,fb8c4bf,2026-10-03T03:05:35+00:00,3.882201856873935,157.8326459221421,True,0.004272623429949016,4.25,2.943660660731162,0.23344369831163658,5.0,1.6012770117550947e-12,True,True,-3.4575523412521716,-2.3804242277033816,-2.205482508809224,-2.1240522467620724,-2.0745766999076753,-2.0152329109301874,-1.9796226633861516,-1.9552485435658633,-1.9372240137635106,-1.9231986720653358,-1.9118848131745878,,11081,91,1.5,False,False,v1.1-frozen
C0050_T300,manual,0,C0050,C0050,300.0,0.8100192729383707,0.8024576269090176,-731010651215.9109,1.189221265539527,1e84edeb41aa,1dab7e7ac807,5e1d50a6e395,0,True,0,48.49,2.5749038042160204,1.8531218995300311,108.17738684434647,0.01900262419931773,8.025626420527696e-14,fb8c4bf,2026-10-03T03:04:38+00:00,2.5987426982659834,109.1584140186106,True,0.004771045064958232,3.0,1.8531218995300311,0.36664329074808194,5.0,1.7019359985753327e-12,True,True,-2.2498236026316007,-2.092186092086459,-2.0032999166465952,-1.9436892275165587,-1.899937870885602,-1.8385597881801352,-1.7965125151668246,-1.7653087756898937,-1.7409298959248034,-1.721186420279445,-1.7047668950173143,,11900,93,1.5,False,False,v1.1-frozen
C0050_T423,manual,0,C0050,C0050,423.0,0.8100192729383707,0.8024576269090176,-731010651215.9109,1.189221265539527,1e84edeb41aa,1dab7e7ac807,5e1d50a6e395,0,True,0,51.154,2.355097422188283,2.8743443202733774,149.19098079375343,0.012216277470454145,1.6897901579650449e-13,fb8c4bf,2026-10-03T03:04:43+00:00,2.3685451971563776,149.28684710269974,True,0.005252893733512151,2.75,2.8743443202733774,0.23970019723351174,5.0,1.5520990698801083e-12,True,True,-2.2122616299689724,-2.1142365660655873,-2.0618181879389232,-2.028100402707137,-2.0041355243161827,-1.971647961607975,-1.9501425063928879,-1.9345628312252348,-1.9226076381672217,-1.9130611116328236,-1.9052125346401536,,11900,93,1.5,False,False,v1.1-frozen
C0051_T300,manual,0,C0051,C0051,300.0,1.122485752776265,1.1284258604049682,-1328573142178.3567,0.8819228682667017,e8bce5acfab4,1dab7e7ac807,5e1d50a6e395,0,True,14,80.972,4.853294091239878,2.175967727211882,115.09827086761027,0.016229253157009488,8.025626420527696e-14,fb8c4bf,2026-10-03T03:05:05+00:00,4.879312506254498,116.00846147451117,True,0.0034018376694364156,5.25,2.175967727211882,0.3077266271321227,4.95335578918457,8.545249268077891e-13,True,True,-11.036163819523601,-3.3871812361756883,-2.4526529837851725,-2.2421290071775277,-2.127899940170478,-1.9957894351405652,-1.9168695496491188,-1.8623893935862057,-1.8216855244583283,-1.789701465217054,-1.7636708591796493,,10145,113,1.5,False,False,v1.1-frozen
C0051_T423,manual,0,C0051,C0051,423.0,1.122485752776265,1.1284258604049682,-1328573142178.3567,0.8819228682667017,e8bce5acfab4,1dab7e7ac807,5e1d50a6e395,0,True,0,44.262,4.613941065933279,2.941666261820693,159.73406684600744,0.011944124740194456,1.6897901579650446e-13,fb8c4bf,2026-10-03T03:03:53+00:00,4.627993177979024,159.6363589415183,True,0.003997643532855161,5.0,2.941666261820693,0.23341917014695765,5.0,2.241043503312549e-12,True,True,-7.552514675246485,-2.882834672980154,-2.3392338836609783,-2.1946698609669495,-2.1196754148075376,-2.037959995472813,-1.9920870048495187,-1.9617337725788686,-1.9397372181453236,-1.9228456696421037,-1.9093433024994124,,10145,91,1.5,False,False,v1.1-frozen
C0052_T300,manual,0,C0052,C0052,300.0,1.1554023876786232,0.8587190598249436,-1211308959871.5305,0.8100208126008511,63802722f447,1dab7e7ac807,5e1d50a6e395,0,True,0,42.634,3.8817516203744886,2.1232168555698148,109.82951911422289,0.016616034733416607,8.025626420527695e-14,fb8c4bf,2026-10-03T03:03:39+00:00,3.907353051711834,110.69861977847562,True,0.003396142375230295,4.25,2.1232168555698148,0.31706330065570165,5.0,7.284840048901731e-13,True,True,-3.4744098337405145,-2.460129506117861,-2.245504500389611,-2.13044383013842,-2.054211050360449,-1.9549456797273406,-1.8905086906857818,-1.8439799607355636,-1.808188613348605,-1.7794726086422277,-1.755728700823234,,10028,93,1.5,False,False,v1.1-frozen
C0052_T423,manual,0,C0052,C0052,423.0,1.1554023876786232,0.8587190598249436,-1211308959871.5305,0.8100208126008511,63802722f447,1dab7e7ac807,5e1d50a6e395,0,True,0,42.647,3.658893594939694,2.882641248212893,151.50316963226607,0.012182897911552746,1.689790157965044e-13,fb8c4bf,2026-10-03T03:03:44+00:00,3.6705645868538115,152.11532295386775,True,0.0040195387344669166,4.25,2.882641248212893,0.23879787298063312,5.0,2.849149247416193e-12,True,True,-2.9339301030665874,-2.339087244364272,-2.1916862394295142,-2.116513692934058,-2.0689433948480174,-2.010018993459064,-1.9736448091263339,-1.948271064588892,-1.9292352826375134,-1.9142493950117625,-1.9020414410034305,,10028,93,1.5,False,False,v1.1-frozen
C0053_T300,manual,0,C0053,C0053,300.0,0.867924463748932,1.1847130946815012,-848244014196.0979,1.117370280623436,900b66e31c10,1dab7e7ac807,5e1d50a6e395,0,True,8,85.423,3.8529946775984043,1.9972047026748059,115.87127553267496,0.017659548329915477,8.025626420527701e-14,fb8c4bf,2026-10-03T03:07:16+00:00,3.8774886185605766,116.59706502134503,True,0.004087092977884881,4.25,1.9972047026748059,0.3374200877254863,5.0,8.219917801977061e-13,True,True,-3.3506188358483366,-2.3819372058187933,-2.178460611249886,-2.070668641668694,-1.9999434236272753,-1.9089853656667095,-1.8508572763352371,-1.809456798672129,-1.7779938463186735,-1.7530204083651233,-1.7325682813587115,,11666,106,1.5,False,False,v1.1-frozen
C0053_T423,manual,0,C0053,C0053,423.0,0.867924463748932,1.1847130946815012,-848244014196.0979,1.117370280623436,900b66e31c10,1dab7e7ac807,5e1d50a6e395,0,True,0,51.331,3.610073182032688,2.9528108682816354,161.075342213968,0.01189859323816962,1.6897901579650449e-13,fb8c4bf,2026-10-03T03:04:29+00:00,3.62309308014369,161.04554495475142,True,0.004535560297705866,4.0,2.9528108682816354,0.23261102597406041,5.0,2.00533635829669e-12,True,True,-2.8333316216040596,-2.299051198730829,-2.166383024340845,-2.099379095892596,-2.0573431370169875,-2.005850930553153,-1.9745200316070968,-1.9529485971345955,-1.9369572264043162,-1.9245043818860306,-1.914460584733149,,11666,91,1.5,False,False,v1.1-frozen
C0054_T300,manual,0,C0054,C0054,300.0,0.909308758750558,0.9421291410923004,-1452062926255.1665,0.9471048634499312,9f9ea26c712a,1dab7e7ac807,5e1d50a6e395,0,True,0,36.275,4.66410559073106,2.1255955830347277,111.37338346090841,0.01660055241407608,8.025626420527698e-14,fb8c4bf,2026-10-03T03:02:21+00:00,4.682136502982803,112.55277066690506,True,0.0037014281658770353,5.0,2.1255955830347277,0.3163559162888713,5.0,7.264518212762242e-13,True,True,-9.523099814900977,-2.934811459027059,-2.3594018119133535,-2.182272872150471,-2.0821095497975444,-1.9644851295104326,-1.8938101390970437,-1.8449794099658936,-1.8085107954792872,-1.779877459767584,-1.7565955793309846,,11432,93,1.5,False,False,v1.1-frozen
C0054_T423,manual,0,C0054,C0054,423.0,0.909308758750558,0.9421291410923004,-1452062926255.1665,0.9471048634499312,9f9ea26c712a,1dab7e7ac807,5e1d50a6e395,0,True,0,34.678,4.433580222818654,3.00438160227801,153.969216990554,0.01169450432115297,1.6897901579650443e-13,fb8c4bf,2026-10-03T03:02:15+00:00,4.441997327791824,154.53515126832497,True,0.00429621846483271,5.0,3.00438160227801,0.22861472838833044,5.0,1.4746458190817978e-12,True,True,-6.5285657181349,-2.6452881390856517,-2.279012361670006,-2.1624621701333333,-2.099910015596627,-2.0306878082694966,-1.9914895671454773,-1.9654557355964752,-1.9465515277164154,-1.9320181813067465,-1.9203938863408223,,11432,93,1.5,False,False,v1.1-frozen
C0055_T300,manual,0,C0055,C0055,300.0,1.0218306470662355,1.014584805816412,-611400149762.6305,1.0301854152232408,1d87940451d8,1dab7e7ac807,5e1d50a6e395,0,True,0,33.536,2.8958497933604668,1.9256021519079152,112.753304132038,0.018303182944348177,8.025626420527696e-14,fb8c4bf,2026-10-03T03:03:49+00:00,2.9184037151591333,113.19874163344367,True,0.0039313083410027405,3.25,1.9256021519079152,0.35123420205512434,5.0,8.244273319579776e-13,True,True,-2.4048799920064754,-2.191643207626263,-2.079631110242446,-2.006262195002808,-1.9529777427211905,-1.8787342740428838,-1.8280775796715014,-1.7905378328943047,-1.7612198121301652,-1.737473379397176,-1.7177168995042114,,10730,93,1.5,False,False,v1.1-frozen
C0055_T423,manual,0,C0055,C0055,423.0,1.0218306470662355,1.014584805816412,-611400149762.6305,1.0301854152232408,1d87940451d8,1dab7e7ac807,5e1d50a6e395,0,True,0,32.293,2.6634424770106735,2.8080303695503726,156.13562526216884,0.012504390555185511,1.6897901579650449e-13,fb8c4bf,2026-10-03T03:01:58+00:00,2.673618544657193,156.5049852081018,True,0.0044353464277042875,3.25,2.8080303695503726,0.24535545042705215,5.0,1.1960970408564364e-12,True,True,-2.3069656791414928,-2.1651597859874783,-2.0941917730286477,-2.049763601821562,-2.018647584811115,-1.9769722355818906,-1.9496546902413339,-1.9299758433217875,-1.9149276473564767,-1.9029374702645354,-1.8930929244351211,,10730,93,1.5,False,False,v1.1-frozen
C0056_T300,manual,0,C0056,C0056,300.0,1.025021742284298,0.8429230198264123,-1421162460930.6455,1.1405175484716892,4af715fdda80,1dab7e7ac807,5e1d50a6e395,0,True,0,49.532,4.299595978717184,1.8786659719159515,109.07888456925785,0.018753994933807805,8.025626420527696e-14,fb8c4bf,2026-10-03T03:05:15+00:00,4.319329866779606,109.54635559813309,True,0.004565866639642074,4.75,1.8786659719159515,0.36064970423574894,5.0,8.215737118399957e-13,True,True,-6.342308539246628,-2.5242439698302532,-2.206180207684395,-2.070981761760532,-1.989042625737843,-1.8891595828064824,-1.8276979739893002,-1.7847310344160956,-1.752409906183979,-1.7269062056480142,-1.7060915869524667,,10730,93,1.5,False,False,v1.1-frozen
C0056_T423,manual,0,C0056,C0056,423.0,1.025021742284298,0.8429230198264123,-1421162460930.6455,1.1405175484716892,4af715fdda80,1dab7e7ac807,5e1d50a6e395,0,True,0,40.987,4.076422860724155,2.771793888787834,150.55891922870768,0.012665383081740741,1.6897901579650446e-13,fb8c4bf,2026-10-03T03:04:24+00:00,4.089583324503374,150.6614906820105,True,0.0051837287349756865,4.5,2.771793888787834,0.24881414423787593,5.0,1.5024384745658357e-12,True,True,-4.405091049197403,-2.3826678283700398,-2.1741326048080465,-2.088917643788838,-2.039732572620429,-1.9827657394276161,-1.9494089162466937,-1.926838832871795,-1.910248441167539,-1.8973816698473733,-1.8870217681920791,,10730,92,1.5,False,False,v1.1-frozen
C0057_T300,manual,0,C0057,C0057,300.0,0.93758587539196,1.1138390220701695,-519280469045.04297,0.8321920409798622,b95ad9f4882b,1dab7e7ac807,5e1d50a6e395,0,True,11,80.657,2.947076430758478,2.1706636701408364,114.89625319650575,0.016259109378442944,8.025626420527698e-14,fb8c4bf,2026-10-03T03:07:25+00:00,2.9592091665953095,115.17672827849424,True,0.003124827907922802,3.5,2.1706636701408364,0.309494163383416,4.9140625,1.2361786236791573e-12,True,True,-2.5041949866256057,-2.277790717430735,-2.1586902506297045,-2.0802975614467134,-2.023098480751554,-1.9429576538074973,-1.8879540405930744,-1.847018214979331,-1.8149452854940227,-1.788903247341035,-1.7671945918252738,,11315,105,1.5,False,False,v1.1-frozen
C0057_T423,manual,0,C0057,C0057,423.0,0.93758587539196,1.1138390220701695,-519280469045.04297,0.8321920409798622,b95ad9f4882b,1dab7e7ac807,5e1d50a6e395,0,True,0,55.617,2.7070077851918795,3.021785792184308,159.33582700577688,0.011628381522953224,1.6897901579650449e-13,fb8c4bf,2026-10-03T03:06:31+00:00,2.7128324224828035,159.90422151168488,True,0.003830643704136507,3.25,3.021785792184308,0.22717014989595044,5.0,1.8933562850993888e-12,True,True,-2.3800227869142563,-2.224683027450818,-2.146577910652835,-2.0974967134421187,-2.0630348098072155,-2.0167812393454865,-1.9864206085352114,-1.964540472491493,-1.9478092479772189,-1.934480727624425,-1.9235402146320246,,11315,93,1.5,False,False,v1.1-frozen
C0058_T300,manual,0,C0058,C0058,300.0,0.8851778689771891,0.956411512196064,-1181448983028.531,1.0025513496249914,b2197fb71faf,1dab7e7ac807,5e1d50a6e395,0,True,0,49.874,4.069379546786437,2.052154876948506,111.6034675412877,0.017186440442749577,8.025626420527699e-14,fb8c4bf,2026-10-03T03:05:28+00:00,4.093039520753163,112.46056144225925,True,0.003942901088916639,4.5,2.052154876948506,0.3284554326322788,5.0,1.8129736439720968e-12,True,True,-4.446663623350137,-2.472201453398888,-2.224393035090941,-2.10319314702061,-2.026023908710095,-1.928724754334584,-1.8673529689891453,-1.823888839066961,-1.7909406840905562,-1.7648140625886546,-1.743421097784807,,11549,93,1.5,False,False,v1.1-frozen
C0058_T423,manual,0,C0058,C0058,423.0,0.8851778689771891,0.956411512196064,-1181448983028.531,1.0025513496249914,b2197fb71faf,1dab7e7ac807,5e1d50a6e395,0,True,0,52.305,3.8391109566877315,2.969333734703572,154.36815649310986,0.011831046333511619,1.689790157965045e-13,fb8c4bf,2026-10-03T03:05:36+00:00,3.8530478702891857,154.24725961522722,True,0.0045536860689891516,4.25,2.969333734703572,0.23146215296285694,5.0,2.4597127244394658e-12,True,True,-3.3440954442124453,-2.3557688385273083,-2.1915540533174958,-2.1150211388255187,-2.0685873551228022,-2.0129938276482964,-1.9796879860356182,-1.9569102221428856,-1.940073879544204,-1.92697684482469,-1.9164141238536616,,11549,92,1.5,False,False,v1.1-frozen
C0059_T300,manual,0,C0059,C0059,300.0,1.1977421957999468,1.0870702035725115,-755091533996.1648,0.9200576398521662,1a6e1f92be86,1dab7e7ac807,5e1d50a6e395,0,True,0,39.195,3.421612981269538,2.0112955899332214,114.27564330336237,0.017536917753229474,8.025626420527698e-14,fb8c4bf,2026-10-03T03:05:44+00:00,3.438327829496931,115.26979202393794,True,0.0034792427890084792,3.75,2.0112955899332214,0.33494559647671995,5.0,9.238217829610207e-13,True,True,-2.7034966049534765,-2.3223478651784566,-2.1676781097932327,-2.073989580833275,-2.0084683954411027,-1.9197213447607298,-1.8604243689690807,-1.8169645885885286,-1.783244891134821,-1.7560467348235829,-1.7334807142479078,,9794,93,1.5,False,False,v1.1-frozen
C0059_T423,manual,0,C0059,C0059,423.0,1.1977421957999468,1.0870702035725115,-755091533996.1648,0.9200576398521662,1a6e1f92be86,1dab7e7ac807,5e1d50a6e395,0,True,0,40.733,3.1826556715680203,2.7980873552907215,158.45955609274066,0.012549859035553959,1.6897901579650446e-13,fb8c4bf,2026-10-03T03:04:34+00:00,3.191158254720234,158.9155259680951,True,0.004150405780981366,3.75,2.7980873552907215,0.2461041947995004,5.0,1.040932097462477e-12,True,True,-2.505873246772078,-2.246821051879093,-2.142938427829458,-2.082918268783032,-2.042612259154491,-1.9904116852610325,-1.9570963377288841,-1.9334544057597647,-1.9155440046951124,-1.9013611523044476,-1.8897653513998776,,9794,93,1.5,False,False,v1.1-frozen
C0060_T300,manual,0,C0060,C0060,300.0,1.1306588307023049,0.9001730419695377,-637827597558.4984,0.9981555722653864,24a355a51b38,1dab7e7ac807,5e1d50a6e395,0,True,0,41.354,2.6530876809049806,1.8832355598332426,110.45092548939233,0.018707610842799056,8.025626420527694e-14,fb8c4bf,2026-10-03T03:04:21+00:00,2.675167761358144,111.68433451738008,True,0.00395411203401674,3.0,1.8832355598332426,0.3598656942696363,5.0,1.1727555064449464e-12,True,True,-2.3309234948828217,-2.1543206202180234,-2.054337939627079,-1.9867553699851144,-1.936775632169533,-1.8660000625341757,-1.81699964353409,-1.7803298665208553,-1.7514820088936296,-1.7279816728977444,-1.7083373581573758,,10145,93,1.5,False,False,v1.1-frozen
C0060_T423,manual,0,C0060,C0060,423.0,1.1306588307023049,0.9001730419695377,-637827597558.4984,0.9981555722653864,24a355a51b38,1dab7e7ac807,5e1d50a6e395,0,True,0,43.016,2.4281798008604523,2.72844188131391,152.5869872933525,0.012864985384842702,1.6897901579650449e-13,fb8c4bf,2026-10-03T03:04:28+00:00,2.4370422449330187,152.96713240993986,True,0.0045617827001524,3.0,2.72844188131391,0.252920623250728,5.0,2.268051665747762e-12,True,True,-2.2523979593875896,-2.1356149066862993,-2.0727627187572493,-2.0320579444537077,-2.0029589322734114,-1.9632436556403763,-1.9367532489969426,-1.9174428112134756,-1.9025448586654354,-1.8905907028299092,-1.8807187833954844,,10145,93,1.5,False,False,v1.1-frozen
C0061_T300,manual,0,C0061,C0061,300.0,0.8430830597877503,1.0308577224612236,-1298682591877.8777,1.0807003527879715,136d6935ec46,1dab7e7ac807,5e1d50a6e395,0,True,0,53.162,4.5310601105659885,2.0492144955739557,113.01426181734764,0.01721434705536372,8.025626420527699e-14,fb8c4bf,2026-10-03T03:08:10+00:00,4.544407986330935,113.1265010911271,True,0.004086744240668305,5.0,2.0492144955739557,0.3285839431005403,5.0,1.4079251232062167e-12,True,True,-8.264855603006428,-2.7429208713955373,-2.2957623492657597,-2.137256037362979,-2.0453325787202905,-1.9361596105029328,-1.870255975592262,-1.8247117548697023,-1.790738346044239,-1.7641094455489332,-1.7424975682217951,,11783,93,1.5,False,False,v1.1-frozen
C0061_T423,manual,0,C0061,C0061,423.0,0.8430830597877503,1.0308577224612236,-1298682591877.8777,1.0807003527879715,136d6935ec46,1dab7e7ac807,5e1d50a6e395,0,True,0,55.459,4.294881806877228,3.0006488399819267,156.6022015537879,0.011709842800849331,1.6897901579650449e-13,fb8c4bf,2026-10-03T03:05:25+00:00,4.305080990339521,156.85250630778336,True,0.004685862370630174,4.75,3.0006488399819267,0.22882119000324405,5.0,1.8067528533230264e-12,True,True,-5.6472966956830755,-2.528416302404123,-2.24167057721448,-2.1402288288706575,-2.084336324281673,-2.0216199855303048,-1.9858373985346967,-1.9620230786590944,-1.944730716360912,-1.9314489350883495,-1.9208402212413984,,11783,92,1.5,False,False,v1.1-frozen
C0062_T300,manual,0,C0062,C0062,300.0,0.9830025110393764,0.899210698157549,-902017000131.3092,0.8603372912853957,24b587b3d4c5,1dab7e7ac807,5e1d50a6e395,0,True,0,33.761,3.2769569625962847,2.092552296739752,110.59946167953083,0.01685455776844532,8.025626420527698e-14,fb8c4bf,2026-10-03T03:02:55+00:00,3.289616023589388,110.64635909695785,True,0.0035033300491402117,3.75,2.092552296739752,0.3221729987284483,5.0,1.36062425796774e-12,True,True,-2.612809210034467,-2.2998243547343966,-2.1600583719348077,-2.073393292258123,-2.0121688721482016,-1.9286449028527402,-1.8725339765848479,-1.831278297885828,-1.7991990632191852,-1.773282638055114,-1.751753679059259,,11081,93,1.5,False,False,v1.1-frozen
C0062_T423,manual,0,C0062,C0062,423.0,0.9830025110393764,0.899210698157549,-902017000131.3092,0.8603372912853957,24b587b3d4c5,1dab7e7ac807,5e1d50a6e395,0,True,0,32.01,3.049381802236742,2.9364789656778325,152.73553479944425,0.011961108199176331,1.689790157965045e-13,fb8c4bf,2026-10-03T03:02:47+00:00,3.0610687394359917,152.79049536338263,True,0.004267146162553489,3.5,2.9364789656778325,0.23427817248927177,5.0,1.657997964400479e-12,True,True,-2.44817841938338,-2.234872928110917,-2.143212949975579,-2.0891554562032963,-2.0524980103042174,-2.0046629721530813,-1.9739413344480854,-1.9520532183557728,-1.935424487555185,-1.9222285810089061,-1.9114220480570667,,11081,92,1.5,False,False,v1.1-frozen
C0063_T300,manual,0,C0063,C0063,300.0,1.0954269338399172,1.1701007142663002,-1038395587354.8984,1.1686131555587054,5ed51b3bbb1d,1dab7e7ac807,5e1d50a6e395,0,True,0,33.813,4.258932836432034,1.8926314568860543,115.56585780813545,0.018627561501716787,8.025626420527695e-14,fb8c4bf,2026-10-03T03:04:23+00:00,4.26330372379307,115.6064031248859,True,0.004254198950260779,4.75,1.8926314568860543,0.3567373180887242,5.0,7.594064266314149e-13,True,True,-5.874672583403836,-2.5276193973683774,-2.2210322850338895,-2.0857066608169417,-2.002305764774917,-1.8993198816188808,-1.8353456961916697,-1.7904288903490533,-1.7565758242086185,-1.7298439940389725,-1.7080251736791057,,10379,92,1.5,False,False,v1.1-frozen
C0063_T423,manual,0,C0063,C0063,423.0,1.0954269338399172,1.1701007142663002,-1038395587354.8984,1.1686131555587054,5ed51b3bbb1d,1dab7e7ac807,5e1d50a6e395,0,True,0,31.308,4.014837666076262,2.760289902671539,160.64629897569006,0.01272086836476197,1.6897901579650449e-13,fb8c4bf,2026-10-03T03:02:29+00:00,4.018947738559543,161.00683995106158,True,0.004847205097972214,4.5,2.760289902671539,0.24955377499283235,5.0,1.7355789910230567e-12,True,True,-4.071444745884721,-2.3869410080948503,-2.184240801075156,-2.09736865259407,-2.0462397789474904,-1.9862450727990641,-1.950834536187252,-1.926818222890527,-1.909163315999023,-1.8954832414272094,-1.8844828267793396,,10379,92,1.5,False,False,v1.1-frozen
C0064_T300,manual,0,C0064,C0064,300.0,1.097560141608119,0.8356564380228519,-937485761940.4792,0.8345446810126305,13def76db80e,1dab7e7ac807,5e1d50a6e395,0,True,0,47.138,3.1789861589906,2.0603893354070806,109.30326364606213,0.017113388943995046,8.0256264205277e-14,fb8c4bf,2026-10-03T03:06:02+00:00,3.1951191949083833,109.86111076355797,True,0.003438646047922835,3.5,2.0603893354070806,0.3276395585624435,5.0,1.64312690699641e-12,True,True,-2.562214472147328,-2.280955653550528,-2.1481314074086852,-2.064249768266492,-2.0044031648567637,-1.9220403074726784,-1.866256788243024,-1.8250061672365614,-1.7927878444126284,-1.7666639791241516,-1.7448955188216593,,10379,93,1.5,False,False,v1.1-frozen
C0064_T423,manual,0,C0064,C0064,423.0,1.097560141608119,0.8356564380228519,-937485761940.4792,0.8345446810126305,13def76db80e,1dab7e7ac807,5e1d50a6e395,0,True,0,39.829,2.955649824620409,2.860370897409163,150.7070402257852,0.01227591793506271,1.6897901579650446e-13,fb8c4bf,2026-10-03T03:05:04+00:00,2.961723381863289,151.20825835100015,True,0.004217879403680019,3.5,2.860370897409163,0.24084611176171938,5.0,2.3665107015016145e-12,True,True,-2.4102659005492675,-2.217134991379086,-2.129909555326716,-2.077457632759722,-2.041487517832972,-1.9940642399428898,-1.9633066712343843,-1.9412394548157466,-1.9243829408364965,-1.9109460235041895,-1.8998999343713472,,10379,92,1.5,False,False,v1.1-frozen
C0065_T300,manual,0,C0065,C0065,300.0,0.98514325581491,1.108508686721325,-1002957112155.8549,1.1428707547485828,80285c9fcd3d,1dab7e7ac807,5e1d50a6e395,0,True,0,47.563,4.032855194476943,1.927498486312127,114.43514707002178,0.01829073122127942,8.0256264205277e-14,fb8c4bf,2026-10-03T03:08:13+00:00,4.046481946908762,114.58100791295456,True,0.0042363711752301265,4.5,1.927498486312127,0.3503050893572144,5.0,9.865724002540045e-13,True,True,-4.198156340749258,-2.4274112265720045,-2.188313676763399,-2.0700290477171954,-1.9944037664021443,-1.898826185855664,-1.8384869470874488,-1.795767480608328,-1.7634074123249395,-1.7377689320840615,-1.7167935602060118,,11081,93,1.5,False,False,v1.1-frozen
C0065_T423,manual,0,C0065,C0065,423.0,0.98514325581491,1.108508686721325,-1002957112155.8549,1.1428707547485828,80285c9fcd3d,1dab7e7ac807,5e1d50a6e395,0,True,0,54.951,3.792083648749785,2.833338613822232,158.8664383773246,0.012395002536581103,1.689790157965044e-13,fb8c4bf,2026-10-03T03:07:27+00:00,3.8015979196194216,159.03649528283702,True,0.004815616195230312,4.25,2.833338613822232,0.24292986517234863,5.0,1.5108192533401884e-12,True,True,-3.2001776058257136,-2.323820775507779,-2.1664679215892533,-2.091981139046689,-2.0464819896518187,-1.9917499982657398,-1.958860566405491,-1.9363444758370836,-1.919698891803138,-1.906753380019753,-1.8963173404834237,,11081,92,1.5,False,False,v1.1-frozen
C0066_T300,manual,0,C0066,C0066,300.0,0.8389665089547634,0.965155143290758,-665484207682.3115,0.9224100712686776,fc4368c56a6f,1dab7e7ac807,5e1d50a6e395,0,True,0,49.426,2.900330868866504,2.0855464632811134,111.87912518214694,0.016910991173668025,8.025626420527696e-14,fb8c4bf,2026-10-03T03:06:18+00:00,2.922969915341752,113.00388268996198,True,0.0036095133715150535,3.25,2.0855464632811134,0.32326110587332657,5.0,2.0502416416545806e-12,True,True,-2.441149970788155,-2.227538723932277,-2.1151676695358868,-2.0415379275498906,-1.9880592349875132,-1.9135460168312364,-1.8627114142030627,-1.8250476471882404,-1.7956410140147596,-1.7718309371308534,-1.7520292351564815,,11900,93,1.5,False,False,v1.1-frozen
C0066_T423,manual,0,C0066,C0066,423.0,0.8389665089547634,0.965155143290758,-665484207682.3115,0.9224100712686776,fc4368c56a6f,1dab7e7ac807,5e1d50a6e395,0,True,0,52.682,2.6711052104708375,3.0208274626112153,154.72664745806398,0.011630854228202982,1.6897901579650449e-13,fb8c4bf,2026-10-03T03:06:29+00:00,2.680974837433389,155.26528548767394,True,0.004137303929220883,3.25,3.0208274626112153,0.22738203255876036,5.0,2.036794441268801e-12,True,True,-2.3372412634513293,-2.195280014276937,-2.1243627104016776,-2.080048430193354,-2.0490634059245703,-2.00764661005074,-1.9805611641003331,-1.9610863500798668,-1.9462182214926615,-1.934388387337678,-1.9246879372332037,,11900,93,1.5,False,False,v1.1-frozen
C0067_T300,manual,0,C0067,C0067,300.0,1.1265494294464589,1.0907281771302224,-1271056253463.0298,1.004904740676284,998ab8ca34dc,1dab7e7ac807,5e1d50a6e395,0,True,0,41.587,4.619040778065205,2.022162443584188,114.2357092703683,0.01744719303518824,8.025626420527696e-14,fb8c4bf,2026-10-03T03:06:26+00:00,4.643834347893114,115.33561155480598,True,0.0038259860993824384,5.0,2.022162443584188,0.33267830192907716,5.0,7.829480069262871e-13,True,True,-9.004293922939665,-2.8723606407243767,-2.339970753671725,-2.165948701036481,-2.0659689466960933,-1.9472216558741615,-1.8752273128373,-1.8252288184052718,-1.7877623554367397,-1.7582744338845047,-1.734252969303243,,10145,93,1.5,False,False,v1.1-frozen
C0067_T423,manual,0,C0067,C0067,423.0,1.1265494294464589,1.0907281771302224,-1271056253463.0298,1.004904740676284,998ab8ca34dc,1dab7e7ac807,5e1d50a6e395,0,True,0,44.614,4.381580678104442,2.834710575792171,158.47684020767417,0.012389808254538691,1.6897901579650449e-13,fb8c4bf,2026-10-03T03:05:19+00:00,4.394264142065069,158.59293832635547,True,0.004344886313630111,4.75,2.834710575792171,0.24271727078858887,5.0,2.9322691426604445e-12,True,True,-6.147914327217226,-2.6042548832854857,-2.261047277201858,-2.145055327132804,-2.081535899504587,-2.0102378029344288,-1.9694180596191133,-1.9421432188257701,-1.9222616602353935,-1.9069354147409785,-1.894651445025972,,10145,93,1.5,False,False,v1.1-frozen
C0068_T300,manual,0,C0068,C0068,300.0,1.1967585455626248,0.921418271958828,-1153914918191.731,1.0767846763134004,81ccdacd9462,1dab7e7ac807,5e1d50a6e395,0,True,0,41.436,3.90684258775861,1.8700403379912203,110.80719586534372,0.018843548693427158,8.025626420527699e-14,fb8c4bf,2026-10-03T03:05:03+00:00,3.9253255396552342,111.96792947999545,True,0.004184412665474312,4.25,1.8700403379912203,0.3619753872946115,5.0,1.8979992097670293e-12,True,True,-3.531433035095699,-2.3800313802078876,-2.165607903252609,-2.0537179411783626,-1.9806617393210941,-1.8868322327568356,-1.8267467737694394,-1.783784683232233,-1.7509883129729427,-1.7248373057446367,-1.7033251478379334,,9794,93,1.5,False,False,v1.1-frozen
C0068_T423,manual,0,C0068,C0068,423.0,1.1967585455626248,0.921418271958828,-1153914918191.731,1.0767846763134004,81ccdacd9462,1dab7e7ac807,5e1d50a6e395,0,True,0,42.701,3.677444139408955,2.698908832097715,153.1761447493858,0.013005710978768018,1.6897901579650446e-13,fb8c4bf,2026-10-03T03:05:11+00:00,3.686127400166222,153.7525984989908,True,0.0047673444044727675,4.25,2.698908832097715,0.2556794806282882,5.0,2.4378653722938247e-12,True,True,-2.918303880510113,-2.2845074821403637,-2.141936777666671,-2.0710689579987767,-2.026803536982078,-1.9725698148636646,-1.9394202511072696,-1.9164502767972025,-1.8993060121332186,-1.885865901390775,-1.8749565942929571,,9794,93,1.5,False,False,v1.1-frozen
C0069_T300,manual,0,C0069,C0069,300.0,0.8841885950416327,1.0470140494406224,-782595327123.9996,0.9942404739558696,ad0d24fd1c3d,1dab7e7ac807,5e1d50a6e395,0,True,0,50.317,3.3784310952885024,2.0402304025676172,113.41708002379602,0.017286452626290503,8.025626420527698e-14,fb8c4bf,2026-10-03T03:09:00+00:00,3.4027367867517286,114.54891104544673,True,0.0037981389832512525,3.75,2.0402304025676172,0.3304062973674153,5.0,1.1240834651982112e-12,True,True,-2.6468578765950883,-2.2911319317702548,-2.144955556449187,-2.056684158638012,-1.995236910290897,-1.9125449632649525,-1.857727206156766,-1.8178127676277074,-1.787015563514761,-1.7622941196752477,-1.7418700967920409,,11549,93,1.5,False,False,v1.1-frozen
C0069_T423,manual,0,C0069,C0069,423.0,0.8841885950416327,1.0470140494406224,-782595327123.9996,0.9942404739558696,ad0d24fd1c3d,1dab7e7ac807,5e1d50a6e395,0,True,0,53.776,3.1436275501578566,2.9644554504860112,157.18935379099764,0.011850880691281856,1.689790157965045e-13,fb8c4bf,2026-10-03T03:06:19+00:00,3.155627180261021,157.2899390207474,True,0.004274804789682546,3.5,2.9644554504860112,0.23180263282746483,5.0,2.3846957240943423e-12,True,True,-2.472020924087649,-2.2362676435375763,-2.1417880673107543,-2.087524733766371,-2.051286895951103,-2.004666517646544,-1.9751380234034226,-1.9543124947069013,-1.9386188612918345,-1.926249374113645,-1.9161788421323056,,11549,93,1.5,False,False,v1.1-frozen
C0070_T300,manual,0,C0070,C0070,300.0,0.942852371186018,0.8794425204396248,-1385815294459.4622,1.1646972823888064,f0eccfe8a8aa,1dab7e7ac807,5e1d50a6e395,0,True,0,33.165,4.321031602503233,1.9021920924473121,109.8343696014078,0.0185250184726811,8.025626420527696e-14,fb8c4bf,2026-10-03T03:03:29+00:00,4.344329512043957,110.55886950689997,True,0.004586834620892025,4.75,1.9021920924473121,0.3558937004710429,5.0,1.0101433578491026e-12,True,True,-6.519436647879953,-2.5367239615482373,-2.2106289597152156,-2.074426017300129,-1.9923615645068045,-1.89278256763706,-1.831772555301406,-1.7892567274665465,-1.7573573111556289,-1.7322413502809166,-1.7117821614513593,,11198,93,1.5,False,False,v1.1-frozen
C0070_T423,manual,0,C0070,C0070,423.0,0.942852371186018,0.8794425204396248,-1385815294459.4622,1.1646972823888064,f0eccfe8a8aa,1dab7e7ac807,5e1d50a6e395,0,True,0,32.585,4.095632512698354,2.8309577721925123,151.7474835421404,0.01240326758319971,1.6897901579650443e-13,fb8c4bf,2026-10-03T03:03:20+00:00,4.109103709481197,151.5772621911936,True,0.005122710974638119,4.5,2.8309577721925123,0.24336710435766273,5.0,1.9527384203058796e-12,True,True,-4.509780814299226,-2.393071643239908,-2.180938299089576,-2.0955909586506536,-2.0466429408020144,-1.9902478048606194,-1.9573933443547225,-1.9352467134803237,-1.9190175420349014,-1.9064638869015067,-1.896379265974705,,11198,91,1.5,False,False,v1.1-frozen
C0071_T300,manual,0,C0071,C0071,300.0,1.03028222694993,1.1522720225155354,-554597348906.0999,0.8564223658293486,8d65859b20f1,1dab7e7ac807,5e1d50a6e395,0,True,12,63.105,3.1161799521463553,2.1244321177026366,115.57365614473314,0.016611398016224597,8.025626420527696e-14,fb8c4bf,2026-10-03T03:05:26+00:00,3.14199923681164,116.54075934578634,True,0.003286217789351885,3.5,2.1244321177026366,0.3163483386923063,4.95672607421875,7.729112488918943e-13,True,True,-2.562971290041796,-2.2969021129136746,-2.1663630226402937,-2.0825483535035856,-2.022178499816695,-1.9384679677165544,-1.8814859452262997,-1.8392779111808588,-1.8063083714180008,-1.7795938157615907,-1.757357483122386,,10730,108,1.5,False,False,v1.1-frozen
C0071_T423,manual,0,C0071,C0071,423.0,1.03028222694993,1.1522720225155354,-554597348906.0999,0.8564223658293486,8d65859b20f1,1dab7e7ac807,5e1d50a6e395,0,True,0,32.667,2.8758923526684153,2.9439832869706506,160.462305834718,0.011933266235887835,1.6897901579650446e-13,fb8c4bf,2026-10-03T03:03:02+00:00,2.88956794139152,160.4664945361935,True,0.003852820720364018,3.25,2.9439832869706506,0.2333973658359547,5.0,2.2646615690286606e-12,True,True,-2.418353802186779,-2.234749776053306,-2.147978425447364,-2.0947930288644194,-2.057953338432834,-2.0090560616947655,-1.9772474718013473,-1.9544412892140806,-1.9370583673421418,-1.923240669986312,-1.9119156576707248,,10730,91,1.5,False,False,v1.1-frozen
C0072_T300,manual,0,C0072,C0072,300.0,1.0228165846318007,0.9802317947149276,-1479246277362.1082,0.972874753177166,da903bbc7bce,1dab7e7ac807,5e1d50a6e395,0,True,0,51.244,4.825473601000746,2.0764917199866417,112.12514001981533,0.01699201134824123,8.025626420527696e-14,fb8c4bf,2026-10-03T03:06:54+00:00,4.849943896152926,112.96018961574194,True,0.0038353247815822574,5.25,2.0764917199866417,0.323899970630221,5.0,8.581226007553511e-13,True,True,-10.99078530918623,-3.2722484787212665,-2.3977942263234744,-2.19606927264758,-2.087119393900002,-1.9620894854525948,-1.888027231474525,-1.8371965155428815,-1.7993779762439273,-1.7697552105517265,-1.7457066106885906,,10730,93,1.5,False,False,v1.1-frozen
C0072_T423,manual,0,C0072,C0072,423.0,1.0228165846318007,0.9802317947149276,-1479246277362.1082,0.972874753177166,da903bbc7bce,1dab7e7ac807,5e1d50a6e395,0,True,0,43.508,4.593868671311424,2.9130977855746143,155.14961807747818,0.0120582576364183,1.6897901579650446e-13,fb8c4bf,2026-10-03T03:05:48+00:00,4.607938088184426,155.20235209526402,True,0.004466920605740664,5.0,2.9130977855746143,0.23602399540605118,5.0,9.567134082723863e-13,True,True,-7.533908562623961,-2.8145951964733125,-2.301700443283147,-2.1670256391694265,-2.097822210392496,-2.0230385955107923,-1.981338963788078,-1.9538451903293788,-1.9339626129177319,-1.9187154412469578,-1.9065397681401128,,10730,92,1.5,False,False,v1.1-frozen
C0073_T300,manual,0,C0073,C0073,300.0,0.9103018518537284,1.051530795544386,-584247547201.8123,1.0560055144131184,002be8848fa0,1dab7e7ac807,5e1d50a6e395,0,True,0,48.952,2.9273535996797215,1.9564532297671007,113.43524572473507,0.01801774126762619,8.025626420527698e-14,fb8c4bf,2026-10-03T03:09:02+00:00,2.9423233711926677,114.42122570905633,True,0.0038952665001404764,3.25,1.9564532297671007,0.34539529941588015,5.0,1.3997601890609964e-12,True,True,-2.4117732168154915,-2.194636778480987,-2.0821814200995092,-2.009014395429795,-1.9561099914496856,-1.8827290603514235,-1.8328960754657515,-1.796100078165329,-1.767448055611679,-1.7442996537837319,-1.7250832228111213,,11432,93,1.5,False,False,v1.1-frozen
C0073_T423,manual,0,C0073,C0073,423.0,0.9103018518537284,1.051530795544386,-584247547201.8123,1.0560055144131184,002be8848fa0,1dab7e7ac807,5e1d50a6e395,0,True,0,58.53,2.6900167741893375,2.8904271835361484,157.24435246573003,0.012151380236289012,1.6897901579650443e-13,fb8c4bf,2026-10-03T03:08:25+00:00,2.6973189969709646,157.49368899867594,True,0.004485108367079122,3.25,2.8904271835361484,0.2380322403072002,5.0,1.3687731503786438e-12,True,True,-2.3157007716791522,-2.1726700393259755,-2.1021113066267425,-2.0582674987294625,-2.0277137974019137,-1.9870012416963547,-1.960457692039652,-1.941415314692112,-1.926903430581061,-1.915374389147221,-1.9059328014995227,,11432,93,1.5,False,False,v1.1-frozen
C0074_T300,manual,0,C0074,C0074,300.0,0.8626602612435819,0.8191153228282929,-1246305412612.8557,0.8858378116041422,1a18482bc8fa,1dab7e7ac807,5e1d50a6e395,0,True,0,48.511,3.840536768299548,2.1236889594256145,108.86094421327364,0.016607456418971135,8.025626420527701e-14,fb8c4bf,2026-10-03T03:07:06+00:00,3.86706656717285,110.02530203579686,True,0.003718717236234667,4.25,2.1236889594256145,0.31750060673203784,5.0,1.0654178262195503e-12,True,True,-3.3180130988186662,-2.4150955042255684,-2.212682945293788,-2.104314462810845,-2.032869235956283,-1.9404882772977425,-1.8810204819545793,-1.8383697732271702,-1.805745822317635,-1.779696878553743,-1.7582488319163205,,11666,93,1.5,False,False,v1.1-frozen
C0074_T423,manual,0,C0074,C0074,423.0,0.8626602612435819,0.8191153228282929,-1246305412612.8557,0.8858378116041422,1a18482bc8fa,1dab7e7ac807,5e1d50a6e395,0,True,0,49.586,3.6197861231302286,3.023540363667644,150.1020859268778,0.011618967586939888,1.689790157965045e-13,fb8c4bf,2026-10-03T03:07:19+00:00,3.634024414180055,150.1898771247273,True,0.004370613314817594,4.0,3.023540363667644,0.22733081638277738,5.0,1.6948696699230653e-12,True,True,-2.8487204959257992,-2.3159607000455322,-2.182023523118569,-2.114143735988828,-2.071456430200809,-2.0189586922274945,-1.9868053400001644,-1.9645126568798665,-1.9478734298210485,-1.9348324598299105,-1.9242513936186836,,11666,93,1.5,False,False,v1.1-frozen
C0075_T300,manual,0,C0075,C0075,300.0,1.1501457162201405,1.149366607517004,-813278324902.0576,1.1931371685117482,4299d0501b9e,1dab7e7ac807,5e1d50a6e395,0,True,0,37.855,3.6868671147537264,1.8283118709340285,115.14995827252761,0.01927388251162632,8.025626420527695e-14,fb8c4bf,2026-10-03T03:07:04+00:00,3.6993738103332556,115.93877566026822,True,0.004236960694664069,4.25,1.8283118709340285,0.3701517770874495,5.0,2.1602268133470925e-12,True,True,-2.9264793654048993,-2.304684783973985,-2.125250312131696,-2.025063398901721,-1.9578009382755044,-1.8697469570805698,-1.8126290506958853,-1.7715565056412943,-1.7401219063188995,-1.715030792685735,-1.694386098589825,,10145,92,1.5,False,False,v1.1-frozen
C0075_T423,manual,0,C0075,C0075,423.0,1.1501457162201405,1.149366607517004,-813278324902.0576,1.1931371685117482,4299d0501b9e,1dab7e7ac807,5e1d50a6e395,0,True,0,41.261,3.443776892420381,2.692157840599959,160.0143039342524,0.013039581071947788,1.6897901579650446e-13,fb8c4bf,2026-10-03T03:06:01+00:00,3.45027007979179,160.25882164075233,True,0.004842187005479183,4.0,2.692157840599959,0.25618538111650024,5.0,1.2906533480849802e-12,True,True,-2.61881122846445,-2.2378380334824715,-2.120410506111581,-2.0578308845869344,-2.0175165302517146,-1.9670423830958168,-1.9357317663396394,-1.913897663345352,-1.8975573383081372,-1.8847363611396784,-1.874330638355006,,10145,93,1.5,False,False,v1.1-frozen
C0076_T300,manual,0,C0076,C0076,300.0,1.1203548323363066,0.862878166884184,-696136743761.5991,1.115017092227936,3ffff2948782,1dab7e7ac807,5e1d50a6e395,0,True,0,40.172,2.6779470567002504,1.79514268456517,109.55492246716558,0.019614817487249234,8.025626420527696e-14,fb8c4bf,2026-10-03T03:05:43+00:00,2.692722737008333,110.09462760378291,True,0.004320625985716621,3.0,1.79514268456517,0.3785580834366716,5.0,9.614295968282273e-13,True,True,-2.2957901612990774,-2.1194282542760137,-2.0211485483371834,-1.955318200329986,-1.9069365130990523,-1.8388494404711344,-1.791991317897919,-1.7570682150637378,-1.7296772424435838,-1.7074157285565867,-1.6888417543771772,,10145,92,1.5,False,False,v1.1-frozen
C0076_T423,manual,0,C0076,C0076,423.0,1.1203548323363066,0.862878166884184,-696136743761.5991,1.115017092227936,3ffff2948782,1dab7e7ac807,5e1d50a6e395,0,True,0,41.114,2.4524611300225225,2.6708241027738695,151.24849326875545,0.013139838380727563,1.6897901579650443e-13,fb8c4bf,2026-10-03T03:05:52+00:00,2.4582891226413053,151.72280716616083,True,0.004993734489412392,3.0,2.6708241027738695,0.2586420539690129,5.0,2.245260193978931e-12,True,True,-2.2296130445335685,-2.1149868472230144,-2.0542726726704363,-2.0152800548654444,-1.9875494587384102,-1.9498777616956775,-1.924851644536936,-1.9066544089055197,-1.8926400002272996,-1.8814099765410672,-1.8721463208933415,,10145,92,1.5,False,False,v1.1-frozen
C0077_T300,manual,0,C0077,C0077,300.0,0.8078823473304511,1.1931523829698565,-1363416286185.3838,0.8076682023704053,5f28a1f31784,1dab7e7ac807,5e1d50a6e395,0,True,11,97.714,5.092247917822305,2.4322087236490373,116.36797443191793,0.014537045956277063,8.025626420527699e-14,fb8c4bf,2026-10-03T03:10:38+00:00,5.118490116491913,117.18635912146347,True,0.003086095938724643,5.5,2.4322087236490373,0.27371629245965934,4.70703125,9.615656153740703e-13,True,True,-13.09552105981267,-4.56392487126847,-2.5790973578165803,-2.320826306579367,-2.192594708481349,-2.050397802148779,-1.9677581007337768,-1.911544903386644,-1.869959194411542,-1.837523836615195,-1.8112829300305622,,11900,106,1.5,False,False,v1.1-frozen
C0077_T423,manual,0,C0077,C0077,423.0,0.8078823473304511,1.1931523829698565,-1363416286185.3838,0.8076682023704053,5f28a1f31784,1dab7e7ac807,5e1d50a6e395,0,True,0,55.013,4.849802718497798,3.291912869853439,161.66089467086962,0.010685702431551047,1.6897901579650443e-13,fb8c4bf,2026-10-03T03:07:14+00:00,4.864490162453832,161.71376488768774,True,0.0036693020248846453,5.25,3.291912869853439,0.20740430346805608,5.0,1.3963114807646806e-12,True,True,-8.970372179069178,-3.4232592198417,-2.4377321137894055,-2.2606882717617713,-2.176267412911614,-2.088517268626238,-2.0409220881095305,-2.0100443042832885,-1.9879713018671115,-1.9711969239332683,-1.9579008562200042,,11900,92,1.5,False,False,v1.1-frozen
C0078_T300,manual,0,C0078,C0078,300.0,0.9680109672248364,0.9365174017846584,-967105498537.4211,1.027832053974271,1c0d60b0b7ca,1dab7e7ac807,5e1d50a6e395,0,True,0,34.463,3.517949673576177,1.9628240132803287,111.162172973709,0.017958535939860094,8.025626420527696e-14,fb8c4bf,2026-10-03T03:04:03+00:00,3.526634900801918,111.06730063390424,True,0.004021592253974564,4.0,1.9628240132803287,0.3443603055816893,5.0,8.725312139468144e-13,True,True,-2.734097333741813,-2.295996073884395,-2.137252343013995,-2.0445665345551536,-1.9811069805715018,-1.8967910897376703,-1.8414323076262087,-1.8013238016447837,-1.7704625816037116,-1.7457290718534146,-1.7253133403652683,,11081,91,1.5,False,False,v1.1-frozen
C0078_T423,manual,0,C0078,C0078,423.0,0.9680109672248364,0.9365174017846584,-967105498537.4211,1.027832053974271,1c0d60b0b7ca,1dab7e7ac807,5e1d50a6e395,0,True,0,34.16,3.2876790493739576,2.8588274653218004,153.72077846343234,0.012283641407910212,1.6897901579650449e-13,fb8c4bf,2026-10-03T03:03:54+00:00,3.2969998084133247,153.90342763335718,True,0.004713642866270273,3.75,2.8588274653218004,0.24086507441674265,5.0,1.031662905031115e-12,True,True,-2.5211142973148273,-2.2348728012164276,-2.1319685816593066,-2.0748763066290894,-2.037397375716468,-1.9897887094115623,-1.9599019488314562,-1.9389071265609341,-1.9231134497469404,-1.9106728702523308,-1.9005447083637776,,11081,92,1.5,False,False,v1.1-frozen
C0079_T300,manual,0,C0079,C0079,300.0,1.0555386699736118,1.0077934622764588,-1096357633359.7302,0.944752449914813,e08996a31120,1dab7e7ac807,5e1d50a6e395,0,True,0,33.833,4.012398374229482,2.0483203847532807,112.6957388313642,0.017221412137297762,8.025626420527698e-14,fb8c4bf,2026-10-03T03:06:00+00:00,4.01866594336846,112.7305762783567,True,0.003674133304727526,4.5,2.0483203847532807,0.3287750105804012,5.0,1.1916481153104606e-12,True,True,-4.071014891586148,-2.4726656141847996,-2.2346590416780305,-2.113948874095447,-2.035788081442418,-1.9358390878742975,-1.871997109086474,-1.826406852643669,-1.7916356559949598,-1.7639312397411835,-1.741157147593324,,10613,92,1.5,False,False,v1.1-frozen
C0079_T423,manual,0,C0079,C0079,423.0,1.0555386699736118,1.0077934622764588,-1096357633359.7302,0.944752449914813,e08996a31120,1dab7e7ac807,5e1d50a6e395,0,True,0,30.984,3.7779069565114174,2.8780945193019214,156.02419692329605,0.012203331292793365,1.6897901579650449e-13,fb8c4bf,2026-10-03T03:03:34+00:00,3.7854679796769894,156.2666212547098,True,0.004396733076518929,4.25,2.8780945193019214,0.23904830216054376,5.0,9.989110233421528e-13,True,True,-3.1779887851263373,-2.352260036283238,-2.191121551080996,-2.1130540925546044,-2.064799267681495,-2.0061510679575982,-1.970560215345405,-1.9460217584365402,-1.9277780733321968,-1.913521598457251,-1.9019805635086022,,10613,92,1.5,False,False,v1.1-frozen
C0080_T300,manual,0,C0080,C0080,300.0,1.0730569131672385,0.9385411914438008,-595306254923.3436,1.1609736073762178,8338664a6d62,1dab7e7ac807,5e1d50a6e395,0,True,0,47.895,2.6524291322206768,1.7938871948557382,111.09389531135172,0.019630417816881768,8.025626420527696e-14,fb8c4bf,2026-10-03T03:07:42+00:00,2.6711116422151067,111.95017479271807,True,0.004426847290803424,3.0,1.7938871948557382,0.37861238334745295,5.0,7.517146627389337e-13,True,True,-2.286558625390203,-2.1139113290074074,-2.017091973052993,-1.9520721987657412,-1.9042316621381294,-1.836878304009585,-1.7905443864364665,-1.7560438679127843,-1.7290138847665726,-1.7070704567099724,-1.6887820144992016,,10496,93,1.5,False,False,v1.1-frozen
C0080_T423,manual,0,C0080,C0080,423.0,1.0730569131672385,0.9385411914438008,-595306254923.3436,1.1609736073762178,8338664a6d62,1dab7e7ac807,5e1d50a6e395,0,True,0,41.848,2.421813451424249,2.6915466334086315,153.62933826277288,0.013040162280930329,1.6897901579650446e-13,fb8c4bf,2026-10-03T03:06:30+00:00,2.4308275858248303,153.90999177901472,True,0.0049011113623958005,3.0,2.6915466334086315,0.25650225175873803,5.0,2.9998823111603035e-12,True,True,-2.226003793880305,-2.114373542456206,-2.0548246184844663,-2.0164684851278887,-1.9891560010356046,-1.9520373914877422,-1.9273933597373734,-1.9094954304262632,-1.8957308786128444,-1.8847170039051706,-1.8756444988917123,,10496,93,1.5,False,False,v1.1-frozen
C0081_T300,manual,0,C0081,C0081,300.0,0.9606215260922908,1.0172452423721552,-1466234243474.9006,0.8663198303431273,9461af6a5831,1dab7e7ac807,5e1d50a6e395,0,True,16,110.455,4.898792943833396,2.228880586748794,113.00231317709786,0.015843334660556232,8.025626420527696e-14,fb8c4bf,2026-10-03T03:10:53+00:00,4.921786878515368,114.03544424150613,True,0.0033876784234908425,5.25,2.228880586748794,0.3005393710019182,4.993012338876724,1.411517556485969e-12,True,True,-11.582727155008975,-3.5419297444162394,-2.4652655876936156,-2.2487671186087455,-2.133647265831695,-2.002185189275216,-1.9244162035801224,-1.8710307463819986,-1.8312933283026682,-1.8001534040433202,-1.774863175291867,,11081,120,1.5,False,False,v1.1-frozen
C0081_T423,manual,0,C0081,C0081,423.0,0.9606215260922908,1.0172452423721552,-1466234243474.9006,0.8663198303431273,9461af6a5831,1dab7e7ac807,5e1d50a6e395,0,True,0,63.345,4.666376418214503,3.048039507396377,156.42062810130165,0.011529696560165243,1.6897901579650449e-13,fb8c4bf,2026-10-03T03:09:29+00:00,4.676921945481341,156.6993425974399,True,0.003959650913424269,5.25,3.048039507396377,0.2250634611185659,5.0,2.210294296703575e-12,True,True,-7.957790377088242,-2.957263932046669,-2.3504950689308264,-2.2034154583716954,-2.128904141914388,-2.0489432466386344,-2.0045645643510777,-1.975380913969403,-1.954314664184265,-1.938182122365313,-1.9253135723792898,,11081,93,1.5,False,False,v1.1-frozen
C0082_T300,manual,0,C0082,C0082,300.0,0.8129005488008261,0.8621605183929205,-866329240612.6857,1.0988863945007323,2f973dcda839,1dab7e7ac807,5e1d50a6e395,0,True,0,50.346,3.0704785289666594,1.9418298410395163,109.53624803403916,0.0181462201722603,8.025626420527696e-14,fb8c4bf,2026-10-03T03:07:57+00:00,3.094071992191063,110.35529041567548,True,0.004373249801312955,3.5,1.9418298410395163,0.3487496949748027,5.0,1.665426643991195e-12,True,True,-2.431804083770429,-2.1881095347170785,-2.0708647361356083,-1.9969805726240828,-1.944560037596805,-1.8730581694753632,-1.825193186263872,-1.7901575201755284,-1.7630350874032223,-1.7412138240319994,-1.7231560015043526,,11900,93,1.5,False,False,v1.1-frozen
C0082_T423,manual,0,C0082,C0082,423.0,0.8129005488008261,0.8621605183929205,-866329240612.6857,1.0988863945007323,2f973dcda839,1dab7e7ac807,5e1d50a6e395,0,True,0,50.664,2.8463181939099123,2.937455170440065,151.22424596343802,0.011956971309062838,1.6897901579650446e-13,fb8c4bf,2026-10-03T03:08:10+00:00,2.860088140025016,151.06125764371657,True,0.004926556495693405,3.25,2.937455170440065,0.23423578208804446,5.0,2.1865282460669785e-12,True,True,-2.330111272023082,-2.172510327045307,-2.1005202469166564,-2.0572983936640252,-2.027769348626606,-1.9890732147006271,-1.9641832199688158,-1.946462607348688,-1.9330222074097152,-1.922378812850541,-1.9136828360495266,,11900,91,1.5,False,False,v1.1-frozen
C0083_T300,manual,0,C0083,C0083,300.0,1.1004653494805097,1.1819061819463967,-1199113715440.035,0.9785015396773816,42a4962e0e0a,1dab7e7ac807,5e1d50a6e395,0,True,13,79.067,4.6719943053821815,2.073676653617957,115.95174876804471,0.017020639122837588,8.025626420527698e-14,fb8c4bf,2026-10-03T03:08:24+00:00,4.688187846152547,116.86697361190757,True,0.0035799693353411144,5.0,2.073676653617957,0.3237592687242503,4.965171813964844,1.937287907969365e-12,True,True,-9.374241470910821,-2.960930824130531,-2.369663694548752,-2.1880782389759075,-2.084797975795825,-1.9626680310040023,-1.8888010121426995,-1.837562328258013,-1.7991981783684754,-1.7690241362426034,-1.7444582672718163,,10379,111,1.5,False,False,v1.1-frozen
C0083_T423,manual,0,C0083,C0083,423.0,1.1004653494805097,1.1819061819463967,-1199113715440.035,0.9785015396773816,42a4962e0e0a,1dab7e7ac807,5e1d50a6e395,0,True,0,46.678,4.427910523264997,2.882776831095445,161.12240816528157,0.012185795603107945,1.689790157965044e-13,fb8c4bf,2026-10-03T03:06:48+00:00,4.436664771361179,161.50669886989942,True,0.0041977243841447775,5.0,2.882776831095445,0.23841423024684877,5.0,2.5436535121774246e-12,True,True,-6.392564387758304,-2.657769940551072,-2.28302792351908,-2.1609539754870495,-2.094685939941444,-2.020679025725658,-1.9784759965318932,-1.9503506391666177,-1.9298910935446705,-1.9141461107336903,-1.9015448101581482,,10379,93,1.5,False,False,v1.1-frozen
C0084_T300,manual,0,C0084,C0084,300.0,1.1708804704248903,0.8059466991573573,-1316346843726.933,0.9003555361181498,97b88e2a7d40,1dab7e7ac807,5e1d50a6e395,0,True,0,42.28,3.963694206621418,2.004908794493011,108.55441986362146,0.017584125316568076,8.025626420527698e-14,fb8c4bf,2026-10-03T03:06:26+00:00,3.972016194842029,109.01749567123508,True,0.0037101043541944703,4.5,2.004908794493011,0.3369620126564985,5.0,1.3077883305066147e-12,True,True,-3.8025684003620914,-2.44278922848658,-2.2155005719011664,-2.0984071451016133,-2.0222331360365104,-1.9244737955597357,-1.8617688680541267,-1.8168131900418247,-1.782397020125758,-1.7548792298284512,-1.7321851664410333,,9911,92,1.5,False,False,v1.1-frozen
C0084_T423,manual,0,C0084,C0084,423.0,1.1708804704248903,0.8059466991573573,-1316346843726.933,0.9003555361181498,97b88e2a7d40,1dab7e7ac807,5e1d50a6e395,0,True,0,41.756,3.742324768719036,2.795981410076112,149.62535192602522,0.01255650972628518,1.6897901579650443e-13,fb8c4bf,2026-10-03T03:06:34+00:00,3.7434301801016168,150.06916409927928,True,0.00456243086195871,4.25,2.795981410076112,0.2465916424533512,5.0,2.597884449589101e-12,True,True,-3.069294238927395,-2.3257335161941275,-2.1718819276085397,-2.096538469061441,-2.0497458823410004,-1.992590151029194,-1.957679412328827,-1.933462321053383,-1.9153549561157477,-1.901131062610444,-1.889561559544254,,9911,92,1.5,False,False,v1.1-frozen
C0085_T300,manual,0,C0085,C0085,300.0,0.85830422565341,1.1256694313138724,-749065777286.8872,1.0207915659993887,64d86729241b,1dab7e7ac807,5e1d50a6e395,0,True,1,55.164,3.493037884040906,2.049415773885007,114.88669035269217,0.01721203914134185,8.0256264205277e-14,fb8c4bf,2026-10-03T03:11:34+00:00,3.4945890737054146,115.16560562399914,True,0.003772107108599468,4.0,2.049415773885007,0.32862172037165005,5.0,1.762891738739714e-12,True,True,-2.734290290952606,-2.3135534045399813,-2.156667712074335,-2.0642618361113314,-2.0007084024306323,-1.9160077625988488,-1.8603185029308111,-1.8199829674801002,-1.788980006163086,-1.764167674973316,-1.743718407527871,,11666,94,1.5,False,False,v1.1-frozen
C0085_T423,manual,0,C0085,C0085,423.0,0.85830422565341,1.1256694313138724,-749065777286.8872,1.0207915659993887,64d86729241b,1dab7e7ac807,5e1d50a6e395,0,True,0,47.751,3.251763741465351,2.9916249223302627,159.51525992181558,0.011745066691499008,1.6897901579650449e-13,fb8c4bf,2026-10-03T03:08:02+00:00,3.252327932141519,159.89067276570722,True,0.004400119424492316,3.75,2.9916249223302627,0.22951710346662865,5.0,1.9134312336753945e-12,True,True,-2.52740286539727,-2.2534153749095864,-2.1516911349304895,-2.094700582734395,-2.057132595946255,-2.009322872312062,-1.9793276724884306,-1.9583035171639218,-1.942531730962752,-1.9301445128439934,-1.9200885628728865,,11666,92,1.5,False,False,v1.1-frozen
C0086_T300,manual,0,C0086,C0086,300.0,0.9185366477817296,0.9948042158037425,-1083467843011.0216,0.8382211253046989,e7fce9becd1e,1dab7e7ac807,5e1d50a6e395,0,True,0,32.011,3.9577590079266,2.2094999545949974,112.59793553887332,0.01597620024742519,8.025626420527698e-14,fb8c4bf,2026-10-03T03:04:36+00:00,3.9675858033911138,113.04995210329405,True,0.0032456772905652444,4.5,2.2094999545949974,0.30379379485480074,5.0,1.1307342528222304e-12,True,True,-3.784488999659174,-2.4939322663983385,-2.2667928735484852,-2.148314475756065,-2.0707050237264055,-1.9705939958379879,-1.9062003265621592,-1.8600266677738677,-1.824714960605458,-1.7965265046091397,-1.7733226740611672,,11432,92,1.5,False,False,v1.1-frozen
C0086_T423,manual,0,C0086,C0086,423.0,0.9185366477817296,0.9948042158037425,-1083467843011.0216,0.8382211253046989,e7fce9becd1e,1dab7e7ac807,5e1d50a6e395,0,True,0,34.729,3.724300596661473,3.0557880269513262,155.79018903180264,0.011499738552577105,1.6897901579650446e-13,fb8c4bf,2026-10-03T03:04:29+00:00,3.727862247432441,156.3035415527324,True,0.003991314021607073,4.25,3.0557880269513262,0.22457629472728496,5.0,1.4485928281772888e-12,True,True,-3.071586790981199,-2.3712925651718444,-2.2165875834373954,-2.139702180880365,-2.0916689373327824,-2.0328606225609214,-1.9969893737641422,-1.9721977101077153,-1.9537428334914733,-1.9393120332519354,-1.9276262723217261,,11432,92,1.5,False,False,v1.1-frozen
C0087_T300,manual,0,C0087,C0087,300.0,1.00596059076488,1.0735312070697547,-978042305447.1613,1.1328253515064717,6924094b9c52,1dab7e7ac807,5e1d50a6e395,0,True,0,35.85,3.887941888747462,1.9142289464823823,113.79050030313032,0.018415049171377502,8.025626420527695e-14,fb8c4bf,2026-10-03T03:06:36+00:00,3.9106963592414314,114.5076876481158,True,0.004205825460006973,4.25,1.9142289464823823,0.35297525249942124,5.0,6.404599073306372e-13,True,True,-3.4700595998990624,-2.3767521685882733,-2.1666277157326386,-2.0566822599937518,-1.9848773824754395,-1.8927698900900118,-1.8339594977287643,-1.792051232466761,-1.7601677856217777,-1.734827117165875,-1.7140449624116403,,10847,93,1.5,False,False,v1.1-frozen
C0087_T423,manual,0,C0087,C0087,423.0,1.00596059076488,1.0735312070697547,-978042305447.1613,1.1328253515064717,6924094b9c52,1dab7e7ac807,5e1d50a6e395,0,True,0,29.92,3.6517126043641404,2.8122454115479574,157.8275093933874,0.01248680503695189,1.6897901579650449e-13,fb8c4bf,2026-10-03T03:04:04+00:00,3.6625035845258127,158.05052967853229,True,0.004597316767022847,4.25,2.8122454115479574,0.24486700890145593,5.0,2.129832379201097e-12,True,True,-2.8831031151585353,-2.2892238813927137,-2.151269199950139,-2.0824364853954114,-2.039436008680881,-1.9868516137227357,-1.9548404859551338,-1.9327602093661673,-1.9163544542582553,-1.9035486690975523,-1.8931961784087865,,10847,93,1.5,False,False,v1.1-frozen
C0088_T300,manual,0,C0088,C0088,300.0,1.0471412904560566,0.8955217529088259,-1051590848714.1132,1.0495966482907533,ba2bd159f3d7,1dab7e7ac807,5e1d50a6e395,0,True,0,49.108,3.5977638582013896,1.9132925890004862,110.29653193439104,0.018418216007494968,8.025626420527696e-14,fb8c4bf,2026-10-03T03:08:31+00:00,3.6232650884208124,111.36042578903727,True,0.004194630639955542,4.0,1.9132925890004862,0.3537720908798352,5.0,1.2147850587094892e-12,True,True,-2.810066465087354,-2.301445449650992,-2.1337312718603316,-2.037872501319263,-1.9728861931172106,-1.8871696631385488,-1.8311880203328503,-1.7907332773105524,-1.7596479356091235,-1.7347524379623007,-1.714209838909183,,10613,93,1.5,False,False,v1.1-frozen
C0088_T423,manual,0,C0088,C0088,423.0,1.0471412904560566,0.8955217529088259,-1051590848714.1132,1.0495966482907533,ba2bd159f3d7,1dab7e7ac807,5e1d50a6e395,0,True,0,44.47,3.371772710061429,2.785437075324693,152.368464114769,0.012604166193222622,1.689790157965045e-13,fb8c4bf,2026-10-03T03:07:15+00:00,3.385043766460686,152.75899765613465,True,0.004753906868868717,3.75,2.785437075324693,0.24751191144242352,5.0,1.8111551130784888e-12,True,True,-2.563039825218525,-2.2354120678160494,-2.1262117439235286,-2.066904461869338,-2.0283610203381177,-1.9797502164173408,-1.9493821418837958,-1.9280923407453177,-1.9120892837193086,-1.8994858790363063,-1.889223533965731,,10613,93,1.5,False,False,v1.1-frozen
C0089_T300,manual,0,C0089,C0089,300.0,0.9346084378659724,1.1726664524525403,-882992970757.1864,0.9293569337576628,eeb1b0339938,1dab7e7ac807,5e1d50a6e395,0,True,14,94.788,3.921166496529899,2.132942722824593,115.84407223870008,0.016547992268651456,8.025626420527699e-14,fb8c4bf,2026-10-03T03:12:28+00:00,3.9378167688930117,116.70372224409253,True,0.003426335324098578,4.25,2.132942722824593,0.31479732993251625,4.933855056762695,1.778492649102376e-12,True,True,-3.6218178214134764,-2.4626845160503756,-2.2426891533283446,-2.126814017469724,-2.05063694429671,-1.9521966799671446,-1.8888682696165355,-1.843505698044924,-1.8088646226378875,-1.7812546906821813,-1.75856221725161,,11315,113,1.5,False,False,v1.1-frozen
C0089_T423,manual,0,C0089,C0089,423.0,0.9346084378659724,1.1726664524525403,-882992970757.1864,0.9293569337576628,eeb1b0339938,1dab7e7ac807,5e1d50a6e395,0,True,0,56.857,3.6777388089697305,3.002228174178805,160.95003082755144,0.011704474536120077,1.6897901579650449e-13,fb8c4bf,2026-10-03T03:10:26+00:00,3.6867057641883174,161.3407215724757,True,0.0040134517576712846,4.25,3.002228174178805,0.2286066005373856,5.0,2.0522979765838967e-12,True,True,-2.981196681759118,-2.351555495389845,-2.2029215659144223,-2.1281068854860474,-2.081121763986579,-2.0234215700043965,-1.9881901439130119,-1.9638577031486122,-1.9457694259750125,-1.9316480788649208,-1.9202319905253842,,11315,93,1.5,False,False,v1.1-frozen
C0090_T300,manual,0,C0090,C0090,300.0,0.8885476168245078,0.903520180657506,-1283557153306.9014,1.1124117910861968,b99425d6d49e,1dab7e7ac807,5e1d50a6e395,0,True,0,48.469,4.155861645141765,1.957312194085885,110.40280526679513,0.018008647341696573,8.025626420527698e-14,fb8c4bf,2026-10-03T03:08:46+00:00,4.174362768108331,110.8124698469225,True,0.004292653892499832,4.5,1.957312194085885,0.3453737588480718,5.0,1.3516587945878369e-12,True,True,-5.100708311639006,-2.467867276420937,-2.200093970256208,-2.0759783183043026,-1.9986539894089275,-1.9027533805750585,-1.8430661271522468,-1.8011270501954868,-1.7695018372566833,-1.7445189065085487,-1.7241208392788625,,11549,93,1.5,False,False,v1.1-frozen
C0090_T423,manual,0,C0090,C0090,423.0,0.8885476168245078,0.903520180657506,-1283557153306.9014,1.1124117910861968,b99425d6d49e,1dab7e7ac807,5e1d50a6e395,0,True,0,51.303,3.927634303186232,2.900924376140019,152.5759504199018,0.012106926346710293,1.689790157965045e-13,fb8c4bf,2026-10-03T03:09:01+00:00,3.9362317182707502,152.97074067203653,True,0.0047555294900158245,4.5,2.900924376140019,0.23722816730562304,5.0,2.048774373007544e-12,True,True,-3.66527091366591,-2.351213416842139,-2.176420528281148,-2.099120888993329,-2.053242182681998,-1.9991721477815232,-1.9671611596687935,-1.9454077162338073,-1.9293916568066836,-1.9169660996392943,-1.9069646171070125,,11549,93,1.5,False,False,v1.1-frozen
C0091_T300,manual,0,C0091,C0091,300.0,1.176014570519328,1.0279501985758543,-654936708509.922,0.816440998762846,9026f69c4747,1dab7e7ac807,5e1d50a6e395,0,True,0,36.517,3.049995198406452,2.1004075748522744,113.25854132062962,0.01679773997638254,8.025626420527698e-14,fb8c4bf,2026-10-03T03:09:00+00:00,3.0706766072665843,113.61415507729866,True,0.0032551809065770364,3.5,2.1004075748522744,0.32032818642264926,5.0,1.896706357582634e-12,True,True,-2.538293260319988,-2.288078118592279,-2.161198486080342,-2.078713300936447,-2.018869806655792,-1.9353149854746157,-1.8780456997751753,-1.835403302765187,-1.801952275379117,-1.774749145762903,-1.75203445719941,,9911,93,1.5,False,False,v1.1-frozen
C0091_T423,manual,0,C0091,C0091,423.0,1.176014570519328,1.0279501985758543,-654936708509.922,0.816440998762846,9026f69c4747,1dab7e7ac807,5e1d50a6e395,0,True,0,44.641,2.815595176225882,2.863921778822062,156.8325822469626,0.012263143544576399,1.6897901579650446e-13,fb8c4bf,2026-10-03T03:07:33+00:00,2.82906801595918,157.01865760998442,True,0.003983062173601167,3.25,2.863921778822062,0.24028318871278975,5.0,1.9486340019183217e-12,True,True,-2.396751386334436,-2.222424000813712,-2.1376251177413663,-2.08497477686983,-2.048210581331195,-1.9990215688327697,-1.96675788756815,-1.9434780971961558,-1.9256408981739135,-1.9113981881318902,-1.8996786768139906,,9911,92,1.5,False,False,v1.1-frozen
C0092_T300,manual,0,C0092,C0092,300.0,1.1464296914637089,0.9598056953400372,-772169590927.6605,0.8882949832826853,9182aeb6de28,1dab7e7ac807,5e1d50a6e395,0,True,0,43.466,3.136776790310473,2.0172626788971177,111.80213499724623,0.01748049815189604,8.025626420527696e-14,fb8c4bf,2026-10-03T03:07:10+00:00,3.1611218805916086,112.70470399518318,True,0.003546609397473008,3.5,2.0172626788971177,0.3344437508691347,5.0,1.755193506262104e-12,True,True,-2.5391873171583588,-2.268592597629659,-2.1380741245005837,-2.0549446488136223,-1.9953590738667217,-1.9130693689645608,-1.8572142874820117,-1.8158852326768316,-1.7836078631185228,-1.7574461951834852,-1.7356577442135932,,10145,93,1.5,False,False,v1.1-frozen
C0092_T423,manual,0,C0092,C0092,423.0,1.1464296914637089,0.9598056953400372,-772169590927.6605,0.8882949832826853,9182aeb6de28,1dab7e7ac807,5e1d50a6e395,0,True,0,46.123,2.907486737591394,2.8165763586169175,154.61432163498267,0.012466714021692511,1.6897901579650449e-13,fb8c4bf,2026-10-03T03:07:21+00:00,2.9188420683989986,155.17686735359342,True,0.004123761800727213,3.5,2.8165763586169175,0.24457989329884894,5.0,1.9078327487448737e-12,True,True,-2.395500669381207,-2.20975509232661,-2.1238133506456887,-2.0716057064692754,-2.035607162058457,-1.9879580586658296,-1.9569826594875788,-1.9347492216419508,-1.9177717578986913,-1.9042480028410522,-1.893140003727933,,10145,93,1.5,False,False,v1.1-frozen
C0093_T300,manual,0,C0093,C0093,300.0,0.8339512936770916,1.0842129696160554,-1166293444111.9434,1.1843169506639242,133cbc5fda65,1dab7e7ac807,5e1d50a6e395,0,True,0,56.225,4.348630017138669,1.978849997547251,113.94747508205083,0.01782054662879624,8.0256264205277e-14,fb8c4bf,2026-10-03T03:12:30+00:00,4.3729837386433,114.90027332557685,True,0.004379027479204596,4.75,1.978849997547251,0.340809506818375,5.0,1.169853712660546e-12,True,True,-6.670226836331037,-2.573575216611171,-2.234581496744435,-2.0954905239032358,-2.01198752642373,-1.9109097598632507,-1.8491776517837968,-1.8063023193113317,-1.774240964810566,-1.7490789785130139,-1.7286447493134098,,11900,93,1.5,False,False,v1.1-frozen
C0093_T423,manual,0,C0093,C0093,423.0,0.8339512936770916,1.0842129696160554,-1166293444111.9434,1.1843169506639242,133cbc5fda65,1dab7e7ac807,5e1d50a6e395,0,True,0,49.065,4.110818884303507,2.961822590047619,158.1041003626019,0.011862316066329124,1.6897901579650443e-13,fb8c4bf,2026-10-03T03:08:51+00:00,4.123719662936346,158.1389360778438,True,0.004799094414482324,4.5,2.961822590047619,0.23191905760072173,5.0,1.188002289990805e-12,True,True,-4.574836584636401,-2.4222566074454654,-2.203808838808706,-2.1166790356311433,-2.066883931120793,-2.0097435777969563,-1.9766439402156517,-1.9544559582202152,-1.9382815299105294,-1.9258305085581264,-1.915872312639129,,11900,91,1.5,False,False,v1.1-frozen
C0094_T300,manual,0,C0094,C0094,300.0,0.9925235595554114,0.8392846833914519,-500226339325.3088,0.9512582406401634,5def085159d8,1dab7e7ac807,5e1d50a6e395,0,True,0,28.899,2.1658946414003486,1.9290817718792168,109.23016251398305,0.018262564927902014,8.025626420527698e-14,fb8c4bf,2026-10-03T03:05:05+00:00,2.1837534393211286,110.37817436346475,True,0.0038507980814131526,2.5,1.9290817718792168,0.3514203404839122,5.0,8.696515729766929e-13,True,True,-2.2393551794257767,-2.1108682577990256,-2.0302549432327064,-1.973044447721366,-1.9294937984892764,-1.8662278191536565,-1.821460232528401,-1.7875038611409306,-1.7605451376066437,-1.738438227031394,-1.7198665477300081,,10964,93,1.5,False,False,v1.1-frozen
C0094_T423,manual,0,C0094,C0094,423.0,0.9925235595554114,0.8392846833914519,-500226339325.3088,0.9512582406401634,5def085159d8,1dab7e7ac807,5e1d50a6e395,0,True,0,30.285,1.9421986586088655,2.816426925498859,150.66695710996447,0.01246521769062701,1.6897901579650443e-13,fb8c4bf,2026-10-03T03:05:00+00:00,1.9496382377913097,151.17943113619287,True,0.004505206335687911,2.5,2.816426925498859,0.24483104764699382,5.0,2.5306626168219734e-12,True,True,-2.1946026255310715,-2.11241785157408,-2.0633260794673127,-2.0298200972034524,-2.005089683183068,-1.9703616814681268,-1.946622464658624,-1.9290552918768904,-1.9153647375796046,-1.9043001326425555,-1.8951139034372235,,10964,93,1.5,False,False,v1.1-frozen
C0095_T300,manual,0,C0095,C0095,300.0,1.0800449680536983,1.1164521295577288,-1434326668269.9324,1.071448404341936,7137e34ea37b,1dab7e7ac807,5e1d50a6e395,0,True,0,34.215,5.0562370471680245,2.0096390773461312,114.66469147723801,0.017556411504841864,8.025626420527699e-14,fb8c4bf,2026-10-03T03:07:11+00:00,5.07701889190651,115.19943084691863,True,0.004031046122168936,5.5,2.0096390773461312,0.33468387682856193,5.0,1.8159949155596632e-12,True,True,-13.09552105981267,-4.351638640562668,-2.4578372109357067,-2.210504720939742,-2.088389831249845,-1.9540642006444604,-1.8766375402856361,-1.8242459904254487,-1.7856209633675764,-1.7555642482766178,-1.7312852476903515,,10496,93,1.5,False,False,v1.1-frozen
C0095_T423,manual,0,C0095,C0095,423.0,1.0800449680536983,1.1164521295577288,-1434326668269.9324,1.071448404341936,7137e34ea37b,1dab7e7ac807,5e1d50a6e395,0,True,0,27.222,4.816260606475881,2.8473131954467785,159.1795541051857,0.012335815071316864,1.689790157965044e-13,fb8c4bf,2026-10-03T03:04:31+00:00,4.828602333369084,159.25507571496277,True,0.004628510814451899,5.25,2.8473131954467785,0.24155919691831304,5.0,2.4818197783398757e-12,True,True,-8.863605148120328,-3.2798606729115862,-2.3420722161019496,-2.176626778644835,-2.0982929525288574,-2.0172168564390818,-1.9733080770584501,-1.9447968201217607,-1.9243798251750865,-1.908832149840186,-1.8964825496977156,,10496,92,1.5,False,False,v1.1-frozen
C0096_T300,manual,0,C0096,C0096,300.0,1.083824798092246,0.9720518432557584,-1224889716133.475,1.1277809493243691,aba7b2bc01f4,1dab7e7ac807,5e1d50a6e395,0,True,0,47.642,4.2046620600892854,1.890795011328518,111.79465170422887,0.018639990732615578,8.025626420527699e-14,fb8c4bf,2026-10-03T03:09:19+00:00,4.214094678097921,112.335304863871,True,0.00422419224638706,4.75,1.890795011328518,0.3576729818260219,5.0,8.66577642977262e-13,True,True,-5.479253976778588,-2.4921416369293796,-2.206172080733349,-2.0761477965002837,-1.9954080447838132,-1.8952855249235485,-1.8328837902229083,-1.7889650439778861,-1.7557952681803208,-1.7295543079034386,-1.708100290037309,,10496,92,1.5,False,False,v1.1-frozen
C0096_T423,manual,0,C0096,C0096,423.0,1.083824798092246,0.9720518432557584,-1224889716133.475,1.1277809493243691,aba7b2bc01f4,1dab7e7ac807,5e1d50a6e395,0,True,0,45.703,3.971929406261189,2.758328548069741,154.7274250570333,0.012728200772555511,1.6897901579650449e-13,fb8c4bf,2026-10-03T03:08:01+00:00,3.975395501336329,155.15567268437258,True,0.004905695741088246,4.5,2.758328548069741,0.2499144509792099,5.0,1.5755448539200985e-12,True,True,-3.865980907875125,-2.362288177108263,-2.1729262882149376,-2.0901843953068435,-2.0411708844965553,-1.9833867934090803,-1.9491236086327701,-1.9257996072542656,-1.9085987619881455,-1.895232982817377,-1.8844585253105128,,10496,92,1.5,False,False,v1.1-frozen
C0097_T300,manual,0,C0097,C0097,300.0,0.9963395308703183,1.0964788913726806,-838569779880.3448,0.8448462545871736,4edaadd9cae2,1dab7e7ac807,5e1d50a6e395,0,True,12,87.194,3.6424163825238685,2.1728216978696695,114.54901453969279,0.016245428017562354,8.025626420527694e-14,fb8c4bf,2026-10-03T03:13:55+00:00,3.6662078899164734,115.30610003820918,True,0.003261954524072327,4.0,2.1728216978696695,0.3089298753126553,4.966796875,8.333802398174939e-13,True,True,-2.95684286075027,-2.406799636183004,-2.227499631575685,-2.1240915617565843,-2.0533833972882176,-1.9592363043489707,-1.8971773808602843,-1.8520563974184372,-1.817238671117351,-1.789268841831051,-1.766136890605377,,10964,108,1.5,False,False,v1.1-frozen
C0097_T423,manual,0,C0097,C0097,423.0,0.9963395308703183,1.0964788913726806,-838569779880.3448,0.8448462545871736,4edaadd9cae2,1dab7e7ac807,5e1d50a6e395,0,True,0,55.004,3.405476009399476,2.9923281291533055,158.83106553810643,0.011742123149450497,1.6897901579650446e-13,fb8c4bf,2026-10-03T03:11:22+00:00,3.417116613705519,159.17123517848663,True,0.003809183322236205,4.0,2.9923281291533055,0.2294695989440299,5.0,1.7428262927967384e-12,True,True,-2.6693807687449316,-2.310451247975906,-2.1886599200242998,-2.1217415188408686,-2.0779388931785285,-2.022382483203808,-1.98754742183705,-1.96309857107493,-1.9447206061266586,-1.9302533691255892,-1.9184807918368327,,10964,93,1.5,False,False,v1.1-frozen
C0098_T300,manual,0,C0098,C0098,300.0,0.8299186684191228,0.8273318998515606,-1485113264061.5105,1.0149156343191863,cfdd493eef34,1dab7e7ac807,5e1d50a6e395,0,True,0,49.492,4.4109795041387265,2.0539566564515033,108.88365044538229,0.017167352896183662,8.025626420527698e-14,fb8c4bf,2026-10-03T03:09:36+00:00,4.429280270168399,110.02293639802951,True,0.004073270887137927,4.75,2.0539566564515033,0.32861198119658686,5.0,8.265332862578134e-13,True,True,-7.315449500517659,-2.6345637773168353,-2.266941335863145,-2.121659283270111,-2.0353927967123604,-1.9315749295679656,-1.8682818337678226,-1.8242627153937367,-1.791265418631726,-1.7652966653055011,-1.7441477624551145,,11900,93,1.5,False,False,v1.1-frozen
C0098_T423,manual,0,C0098,C0098,423.0,0.8299186684191228,0.8273318998515606,-1485113264061.5105,1.0149156343191863,cfdd493eef34,1dab7e7ac807,5e1d50a6e395,0,True,0,52.419,4.188038729673335,3.0014446482325003,150.20222013588958,0.01170426214060327,1.6897901579650449e-13,fb8c4bf,2026-10-03T03:09:54+00:00,4.195805690724394,150.70595024847398,True,0.00461228901510371,4.75,3.0014446482325003,0.22902603957183015,5.0,9.125998567949267e-13,True,True,-5.049018701772542,-2.4609691774202798,-2.220527803093341,-2.128684451985629,-2.0769456192411853,-2.018046819241109,-1.9840348252493072,-1.9612127601458649,-1.9445342996344863,-1.9316559598712482,-1.9213230980643003,,11900,93,1.5,False,False,v1.1-frozen
C0099_T300,manual,0,C0099,C0099,300.0,1.142433213442564,1.104479542374611,-574443759396.6722,0.90781236179173,9a82c2550327,1dab7e7ac807,5e1d50a6e395,0,True,0,40.367,3.045002734042664,2.0207815810617022,114.61851557120673,0.017453977836234404,8.025626420527694e-14,fb8c4bf,2026-10-03T03:09:41+00:00,3.063842516406026,114.95451808032375,True,0.003502601418036818,3.5,2.0207815810617022,0.3334471926847817,5.0,1.295694876284637e-12,True,True,-2.507639804875911,-2.2597104004017265,-2.1346887447432894,-2.053699358740636,-1.9951072970954744,-1.913579029258688,-1.8579227318209226,-1.8166202708307904,-1.7843131779411106,-1.7581055798536107,-1.7362698541036747,,10145,93,1.5,False,False,v1.1-frozen
C0099_T423,manual,0,C0099,C0099,423.0,1.142433213442564,1.104479542374611,-574443759396.6722,0.90781236179173,9a82c2550327,1dab7e7ac807,5e1d50a6e395,0,True,0,43.622,2.805987732736846,2.8244293207971287,158.99269271075715,0.012433542589168923,1.6897901579650443e-13,fb8c4bf,2026-10-03T03:08:17+00:00,2.818004738752683,159.1170102158298,True,0.004187534146163571,3.25,2.8244293207971287,0.24374301336302118,5.0,1.0236290981513463e-12,True,True,-2.376179919781618,-2.2058361455568654,-2.123381804379537,-2.07234888732694,-2.0368000425050496,-1.9893700792299063,-1.9583615397005707,-1.9360489626750919,-1.9189939994227996,-1.9054051136973054,-1.8942452699961823,,10145,92,1.5,False,False,v1.1-frozen
C0100_T300,manual,0,C0100,C0100,300.0,1.1847256120294332,0.8835457146167756,-941585159860.5514,0.9858889408409596,9b13d04a0fe0,1dab7e7ac807,5e1d50a6e395,0,True,0,42.482,3.3137192289930275,1.9070032274447795,110.12375992257762,0.018478736064999016,8.025626420527698e-14,fb8c4bf,2026-10-03T03:07:52+00:00,3.33678079038189,110.97888323930472,True,0.004007367848569105,3.75,1.9070032274447795,0.3549656021062158,5.0,1.1864626228355245e-12,True,True,-2.5851929639842237,-2.2568868713698746,-2.1153979885285823,-2.0287513596947537,-1.9679617361125434,-1.8855187854677522,-1.8304057868159076,-1.789999506635731,-1.758636600451879,-1.7333277375947482,-1.71231881989734,,9794,93,1.5,False,False,v1.1-frozen
C0100_T423,manual,0,C0100,C0100,423.0,1.1847256120294332,0.8835457146167756,-941585159860.5514,0.9858889408409596,9b13d04a0fe0,1dab7e7ac807,5e1d50a6e395,0,True,0,41.402,3.0881003594453578,2.7258435729069794,152.0427903320043,0.01287747683481065,1.6897901579650443e-13,fb8c4bf,2026-10-03T03:08:02+00:00,3.102158337289308,152.05278720445992,True,0.004698818210905059,3.5,2.7258435729069794,0.2531343201730731,5.0,1.0090665915864036e-12,True,True,-2.4225271519490916,-2.200915205948481,-2.1086385807444565,-2.054815769496976,-2.0185140191257465,-1.9713181730248395,-1.9410716772079686,-1.9195323874127963,-1.903164947454352,-1.890169222695526,-1.8795191706395005,,9794,92,1.5,False,False,v1.1-frozen
C0101_T300,manual,0,C0101,C0101,300.0,0.8971980970352889,1.1607162974774838,-1118002213537.6929,1.09304329007864,28a65457404c,1dab7e7ac807,5e1d50a6e395,0,True,7,78.163,4.4266069615923085,2.0298037624529504,115.44972263500807,0.017380450907366164,8.025626420527699e-14,fb8c4bf,2026-10-03T03:13:49+00:00,4.441409322373664,116.30197088219451,True,0.003908789597750812,4.75,2.0298037624529504,0.3315567957117104,5.0,1.1896018024815103e-12,True,True,-7.271902255269028,-2.659722025244541,-2.2789941720791003,-2.1295237176699646,-2.040448961753882,-1.9327956112403226,-1.8669804065961415,-1.8211912836663464,-1.7868948005889875,-1.7599389606813252,-1.7380191498845965,,11549,104,1.5,False,False,v1.1-frozen
C0101_T423,manual,0,C0101,C0101,423.0,0.8971980970352889,1.1607162974774838,-1118002213537.6929,1.09304329007864,28a65457404c,1dab7e7ac807,5e1d50a6e395,0,True,0,48.069,4.183224093366506,2.9561714944495434,160.41999781117843,0.01188528340653759,1.6897901579650454e-13,fb8c4bf,2026-10-03T03:09:40+00:00,4.191092839667413,160.91314454678684,True,0.004455109629704223,4.75,2.9561714944495434,0.23232058230902652,5.0,1.6379680484411479e-12,True,True,-4.9650380148483855,-2.4777397679318516,-2.229526051090332,-2.133414624342098,-2.0788706277366478,-2.0164771572735996,-1.9803860740110881,-1.9562001049385387,-1.938567648532313,-1.9249904579889818,-1.9141273169020878,,11549,93,1.5,False,False,v1.1-frozen
C0102_T300,manual,0,C0102,C0102,300.0,0.9261319287121296,0.9157888144254684,-705711651593.4468,0.8729762371629477,71ab6684d499,1dab7e7ac807,5e1d50a6e395,0,True,0,29.074,2.8647604441976577,2.0821450890616613,110.92575340310917,0.0169368992099304,8.0256264205277e-14,fb8c4bf,2026-10-03T03:05:34+00:00,2.8910297462417183,111.78868447540525,True,0.003545746391827061,3.25,2.0821450890616613,0.3239669084066756,5.0,1.4064389653974065e-12,True,True,-2.440333573736234,-2.231491263459943,-2.1197157780021176,-2.0458729689035833,-1.9919489799753431,-1.9163945685961417,-1.8645483631639226,-1.8259624813385584,-1.7957251277125166,-1.771166096914488,-1.750686212419495,,11315,93,1.5,False,False,v1.1-frozen
C0102_T423,manual,0,C0102,C0102,423.0,0.9261319287121296,0.9157888144254684,-705711651593.4468,0.8729762371629477,71ab6684d499,1dab7e7ac807,5e1d50a6e395,0,True,0,35.103,2.6378997023579798,2.9601220991136996,153.23166978295234,0.011866381469488319,1.6897901579650446e-13,fb8c4bf,2026-10-03T03:05:35+00:00,2.6510308524074664,153.4664159640451,True,0.00413797066610239,3.0,2.9601220991136996,0.23233325468939897,5.0,1.2077127172670506e-12,True,True,-2.332626689788517,-2.1922615565232197,-2.1209214223022657,-2.075946507602172,-2.044313912621439,-2.0017762765389393,-1.9737830798207496,-1.953558668951485,-1.9380571672630262,-1.9256816944756543,-1.9155037739733647,,11315,93,1.5,False,False,v1.1-frozen
C0103_T300,manual,0,C0103,C0103,300.0,1.038604225963354,1.0401929311454297,-1357778179459.274,1.1558612827211618,cc8a4128dada,1dab7e7ac807,5e1d50a6e395,0,True,0,33.455,4.687003174743476,1.9237220303119649,113.11662296531033,0.018327382064681225,8.025626420527695e-14,fb8c4bf,2026-10-03T03:07:45+00:00,4.699739716161782,113.80482876050124,True,0.004201202305428043,5.25,1.9237220303119649,0.35090760942573146,5.0,1.4342979014451924e-12,True,True,-9.679807658192033,-2.9253787784643954,-2.3077932859410435,-2.1297385236562247,-2.03055729404805,-1.915270709605499,-1.8466018551827208,-1.7994298462728964,-1.7643503575485628,-1.7368995664650604,-1.7146392016737193,,10613,92,1.5,False,False,v1.1-frozen
C0103_T423,manual,0,C0103,C0103,423.0,1.038604225963354,1.0401929311454297,-1357778179459.274,1.1558612827211618,cc8a4128dada,1dab7e7ac807,5e1d50a6e395,0,True,0,30.37,4.450090170584179,2.804202173271579,156.82432286887206,0.01252259144999709,1.6897901579650446e-13,fb8c4bf,2026-10-03T03:05:02+00:00,4.456031618112071,157.24896558366052,True,0.004833026486205593,5.0,2.804202173271579,0.24556662677332824,5.0,1.9167477051972632e-12,True,True,-6.607132837121952,-2.621778133671459,-2.24210332713525,-2.126403287386699,-2.0650409570202246,-1.9976208706507694,-1.9596449585657532,-1.9345018034534145,-1.9162854392486623,-1.9023057880605614,-1.8911408690326674,,10613,92,1.5,False,False,v1.1-frozen
C0104_T300,manual,0,C0104,C0104,300.0,1.0082999911159276,0.8180917575955391,-674845458939.6715,1.064841490238905,f1414b092a8d,1dab7e7ac807,5e1d50a6e395,0,True,0,47.981,2.5003640385039234,1.8464738965224519,108.62415333694764,0.019071521981828196,8.0256264205277e-14,fb8c4bf,2026-10-03T03:10:08+00:00,2.5005657896069784,108.53067603276789,True,0.004290977990667485,3.0,1.8464738965224519,0.36789754390377544,5.0,1.1959290741866e-12,True,True,-2.2643971489878294,-2.1095280193595047,-2.0193354397018277,-1.957729821077925,-1.911941620170971,-1.8468757424325624,-1.8017278108964028,-1.7679101713461887,-1.7412965642566216,-1.7196146471776903,-1.7014918590058463,,10847,92,1.5,False,False,v1.1-frozen
C0104_T423,manual,0,C0104,C0104,423.0,1.0082999911159276,0.8180917575955391,-674845458939.6715,1.064841490238905,f1414b092a8d,1dab7e7ac807,5e1d50a6e395,0,True,0,41.786,2.278108372029292,2.75221141700452,149.81970458492415,0.012753562126009295,1.6897901579650449e-13,fb8c4bf,2026-10-03T03:08:43+00:00,2.2856768220014305,150.1081049033971,True,0.0050242891264001294,2.75,2.75221141700452,0.25078505664321316,5.0,1.06650041424182e-12,True,True,-2.2115516705298934,-2.112288044630117,-2.0573765135684003,-2.021380667044939,-1.9954715933649865,-1.959905972982887,-1.9360706799333685,-1.918648009605737,-1.9051837005886387,-1.894368497927596,-1.8854314701456676,,10847,92,1.5,False,False,v1.1-frozen
C0105_T300,manual,0,C0105,C0105,300.0,0.9207168769091368,1.1378403671085835,-1265570701099.932,0.956320858001709,eaa02b425e89,1dab7e7ac807,5e1d50a6e395,0,True,12,88.878,4.72504624554379,2.156800873880659,115.18894365991972,0.016368893756573383,8.025626420527701e-14,fb8c4bf,2026-10-03T03:15:25+00:00,4.73056922153542,115.49937183398973,True,0.003544261655959327,5.25,2.156800873880659,0.31092069176401466,4.97998046875,9.114477560177574e-13,True,True,-9.88000326005204,-3.054157743003068,-2.3911233882131024,-2.2039998878188634,-2.0994194841975804,-1.9771369804080288,-1.903835016285022,-1.8532663425921008,-1.8155524281731248,-1.7859806701085144,-1.7619658920677497,,11432,108,1.5,False,False,v1.1-frozen
C0105_T423,manual,0,C0105,C0105,423.0,0.9207168769091368,1.1378403671085835,-1265570701099.932,0.956320858001709,eaa02b425e89,1dab7e7ac807,5e1d50a6e395,0,True,0,54.059,4.483235984900645,3.0271010981331243,159.91907127817763,0.011609521868988884,1.6897901579650443e-13,fb8c4bf,2026-10-03T03:12:16+00:00,4.485460029626032,160.28555853619875,True,0.0042100093595085295,5.0,3.0271010981331243,0.2266078795876553,5.0,1.4569442264235001e-12,True,True,-6.746574500662636,-2.7116723244820577,-2.302782018677517,-2.178103851641956,-2.111743778912883,-2.0386322880065166,-1.9973959027872428,-1.970098949817761,-1.9503370554061306,-1.9351856660439979,-1.9230966848748317,,11432,92,1.5,False,False,v1.1-frozen
C0106_T300,manual,0,C0106,C0106,300.0,0.855956170707941,0.9827564463019371,-911629755981.2664,1.1768785309046508,891ff53c199f,1dab7e7ac807,5e1d50a6e395,0,True,0,47.572,3.5031735288186883,1.9137617720406417,111.96719379770525,0.018414868046899978,8.025626420527696e-14,fb8c4bf,2026-10-03T03:10:24+00:00,3.5048305005359026,111.9904103228918,True,0.004407336669508847,4.0,1.9137617720406417,0.3535590345516038,5.0,6.779039135595966e-13,True,True,-2.6837322841947127,-2.257608678658887,-2.104493501634952,-2.015738966703592,-1.9553284462593843,-1.8756143768995814,-1.823682964408853,-1.7862913810050949,-1.7576692672451664,-1.7348313887671745,-1.7160527274114985,,11666,92,1.5,False,False,v1.1-frozen
C0106_T423,manual,0,C0106,C0106,423.0,0.855956170707941,0.9827564463019371,-911629755981.2664,1.1768785309046508,891ff53c199f,1dab7e7ac807,5e1d50a6e395,0,True,0,52.551,3.269723279816055,2.8950147114532596,155.00843494515482,0.012132075320625423,1.6897901579650443e-13,fb8c4bf,2026-10-03T03:10:47+00:00,3.275137364782735,155.32965272194,True,0.004992940416093799,3.75,2.8950147114532596,0.2376686614379259,5.0,1.3305499988856484e-12,True,True,-2.4877529831135012,-2.2163889844661635,-2.119872747619899,-2.066699753391062,-2.0319729066232797,-1.988108441932536,-1.960745758823949,-1.9416230185134467,-1.927301481863975,-1.9160649020845482,-1.9069494461842154,,11666,92,1.5,False,False,v1.1-frozen
C0107_T300,manual,0,C0107,C0107,300.0,1.1683732502162456,1.0614575304090976,-1024876376613.9746,0.8941893208771944,f5f0dfe4cfbe,1dab7e7ac807,5e1d50a6e395,0,True,0,36.137,3.9864665931508507,2.0764321433274175,113.81567524638069,0.016993639061955147,8.025626420527696e-14,fb8c4bf,2026-10-03T03:10:17+00:00,3.9895809499974564,114.17166992069627,True,0.003439536956426788,4.5,2.0764321433274175,0.3237922497994882,5.0,1.2939044932871072e-12,True,True,-3.927235180659628,-2.485908145553276,-2.2510318998698184,-2.129652196679242,-2.0503043296517185,-1.9479792488002399,-1.8821129936286423,-1.8348341988890196,-1.7986384044130264,-1.7697136102247601,-1.7458791005963192,,9911,92,1.5,False,False,v1.1-frozen
C0107_T423,manual,0,C0107,C0107,423.0,1.1683732502162456,1.0614575304090976,-1024876376613.9746,0.8941893208771944,f5f0dfe4cfbe,1dab7e7ac807,5e1d50a6e395,0,True,0,44.8,3.7490395465109336,2.8532538850555955,157.72632043305657,0.012309511404610247,1.6897901579650443e-13,fb8c4bf,2026-10-03T03:09:02+00:00,3.7491691676193106,158.1572004670031,True,0.004187077448745395,4.25,2.8532538850555955,0.24112177722495387,5.0,1.173698897669727e-12,True,True,-3.1215673891033746,-2.3601305597494364,-2.198625829680967,-2.1187116209933268,-2.0687865821818145,-2.007576526538369,-1.9701544308917072,-1.9442352633972706,-1.9249032269389057,-1.9097591849641231,-1.8974751396209464,,9911,92,1.5,False,False,v1.1-frozen
C0108_T300,manual,0,C0108,C0108,300.0,1.1106656488031148,0.9264709301292896,-1392018008045.8523,0.8222658880054952,1a2ac5caf743,1dab7e7ac807,5e1d50a6e395,0,True,0,44.28,4.492465697634769,2.1813109816111513,111.23300583076879,0.01618235684578464,8.025626420527696e-14,fb8c4bf,2026-10-03T03:08:37+00:00,4.494298150995624,111.43810517139552,True,0.0033163028575855613,5.0,2.1813109816111513,0.3077358863693105,5.0,1.0699967737537307e-12,True,True,-7.930913431563896,-2.780521154737993,-2.36005136825477,-2.1982801180272054,-2.101676060992015,-1.9840769828262494,-1.9113712424552864,-1.8602520600329848,-1.8215979245840732,-1.7909582261985402,-1.7658528047021103,,10262,92,1.5,False,False,v1.1-frozen
C0108_T423,manual,0,C0108,C0108,423.0,1.1106656488031148,0.9264709301292896,-1392018008045.8523,0.8222658880054952,1a2ac5caf743,1dab7e7ac807,5e1d50a6e395,0,True,0,46.174,4.2632728620259615,2.942283108195448,153.65818451643386,0.011939311607064887,1.6897901579650446e-13,fb8c4bf,2026-10-03T03:08:49+00:00,4.267485975796845,154.00557029861127,True,0.004120863192661583,4.75,2.942283108195448,0.23362017390667777,5.0,1.1771209007527261e-12,True,True,-5.459901293717129,-2.5585269112600204,-2.2720450205269254,-2.162872302992181,-2.10085291496305,-2.0295313092001295,-1.9879082159078807,-1.9597666026530136,-1.9390771832850828,-1.9230207128944015,-1.9100800328526562,,10262,92,1.5,False,False,v1.1-frozen
C0109_T300,manual,0,C0109,C0109,300.0,0.8232355993241072,1.0051947608590126,-544518936425.4475,1.1050061747431754,a4b73e58ace2,1dab7e7ac807,5e1d50a6e395,0,True,0,49.923,2.714273264384555,1.9453437654238925,112.4770761988465,0.018117763402564088,8.025626420527699e-14,fb8c4bf,2026-10-03T03:14:39+00:00,2.7217872931264937,112.98382010980818,True,0.004088019410288532,3.25,1.9453437654238925,0.34766215811176826,5.0,2.0819643080866483e-12,True,True,-2.3311082360554325,-2.1513356703429456,-2.052285827251229,-1.9863337588705763,-1.9380793419621392,-1.870540988950163,-1.8243705210086183,-1.7901637658412102,-1.7634781117227407,-1.7418954160343263,-1.7239681598336951,,11900,92,1.5,False,False,v1.1-frozen
C0109_T423,manual,0,C0109,C0109,423.0,0.8232355993241072,1.0051947608590126,-544518936425.4475,1.1050061747431754,a4b73e58ace2,1dab7e7ac807,5e1d50a6e395,0,True,0,50.288,2.4795370716206575,2.939209778943131,155.77784234179293,0.011951349269293742,1.6897901579650449e-13,fb8c4bf,2026-10-03T03:10:31+00:00,2.482112707607973,156.246581078929,True,0.004704787396388412,3.0,2.939209778943131,0.23393440759145578,5.0,1.2152554001319413e-12,True,True,-2.2656274096282725,-2.150287122589769,-2.089961832505929,-2.051535907823487,-2.024388610536012,-1.987807468227207,-1.9637441864623835,-1.9463961400748517,-1.933136519755445,-1.9225830614832093,-1.913930523011595,,11900,92,1.5,False,False,v1.1-frozen
C0110_T300,manual,0,C0110,C0110,300.0,0.950509274750948,0.874328825622797,-1132712818682.1938,0.934450852498412,adc29099be00,1dab7e7ac807,5e1d50a6e395,0,True,0,32.233,3.7358520787721066,2.048180913254044,109.98190771467542,0.017216014699879517,8.025626420527699e-14,fb8c4bf,2026-10-03T03:06:06+00:00,3.739077754962877,110.17064325901194,True,0.0037390751248553614,4.25,2.048180913254044,0.32949265448091714,5.0,2.0232884112473305e-12,True,True,-3.0525733910800357,-2.3733481458030115,-2.1865668763803683,-2.0831391188771082,-2.013935785341407,-1.9234734941516498,-1.8647603841686624,-1.822463189168672,-1.790020297949826,-1.7640673751915723,-1.7426692790770493,,11198,92,1.5,False,False,v1.1-frozen
C0110_T423,manual,0,C0110,C0110,423.0,0.950509274750948,0.874328825622797,-1132712818682.1938,0.934450852498412,adc29099be00,1dab7e7ac807,5e1d50a6e395,0,True,0,33.838,3.5098215386098133,2.9235164106981064,151.81747054790583,0.012013591560639669,1.6897901579650449e-13,fb8c4bf,2026-10-03T03:06:09+00:00,3.5129508628833865,152.10408345792638,True,0.00450811639479857,4.0,2.9235164106981064,0.2353732231227012,5.0,2.3263320898944773e-12,True,True,-2.708549134293824,-2.2857437614165566,-2.1623118475178504,-2.0974828081062142,-2.056017671399952,-2.004360451297423,-1.972402675619429,-1.9501229658600188,-1.9334360778016455,-1.9203271373275426,-1.9096728949741275,,11198,92,1.5,False,False,v1.1-frozen
C0111_T300,manual,0,C0111,C0111,300.0,1.0630794189870358,1.1940546914935113,-807734168134.6298,1.0429218355566263,f7042e02e4d5,1dab7e7ac807,5e1d50a6e395,0,True,0,35.53,3.786481012530666,1.9753986108470505,116.11630512200722,0.017854060048846574,8.025626420527696e-14,fb8c4bf,2026-10-03T03:08:20+00:00,3.802252383034106,116.22402566392664,True,0.003864766258539591,4.25,1.9753986108470505,0.3411575070781145,5.0,8.7281465827602e-13,True,True,-3.1705993279974902,-2.3815327983375805,-2.18510173440652,-2.077598171147082,-2.0058943290978624,-1.912341787335183,-1.851752243998092,-1.808199788099325,-1.7748688690383145,-1.7482630088901034,-1.7263707335257246,,10613,93,1.5,False,False,v1.1-frozen
C0111_T423,manual,0,C0111,C0111,423.0,1.0630794189870358,1.1940546914935113,-807734168134.6298,1.0429218355566263,f7042e02e4d5,1dab7e7ac807,5e1d50a6e395,0,True,0,28.407,3.542275686816094,2.830281567276778,161.44823794150597,0.012408905875806486,1.6897901579650443e-13,fb8c4bf,2026-10-03T03:05:30+00:00,3.551960343715519,161.64853404388558,True,0.004478802568073615,4.0,2.830281567276778,0.24313016793684264,5.0,2.2604197735558126e-12,True,True,-2.7578438069304516,-2.292201204086878,-2.1610611996467877,-2.0925203084977064,-2.0487429720026706,-1.994289646752084,-1.9606940396627452,-1.9373468107355147,-1.9199169024594114,-1.9062665096412943,-1.8952038875720498,,10613,92,1.5,False,False,v1.1-frozen
C0112_T300,manual,0,C0112,C0112,300.0,1.057936077564955,0.8506323944777251,-1304820289835.3335,0.8513277050107718,a0e1b1637e54,1dab7e7ac807,5e1d50a6e395,0,True,0,51.461,4.072373274303411,2.1115375423792733,109.58982232646142,0.0167060676959667,8.025626420527698e-14,fb8c4bf,2026-10-03T03:11:00+00:00,4.097508324869573,110.41963120813236,True,0.0035673999239673156,4.5,2.1115375423792733,0.3189950758991271,5.0,1.5452594036716807e-12,True,True,-4.462954043651647,-2.511885540110543,-2.259593179998043,-2.134602019082112,-2.0543792899766955,-1.95233314391431,-1.887309005953467,-1.8408703391021706,-1.8054150742584596,-1.7771257630878756,-1.753835369325268,,10613,93,1.5,False,False,v1.1-frozen
C0112_T423,manual,0,C0112,C0112,423.0,1.057936077564955,0.8506323944777251,-1304820289835.3335,0.8513277050107718,a0e1b1637e54,1dab7e7ac807,5e1d50a6e395,0,True,0,42.606,3.8492155235296446,2.9136072811218146,151.1553684880713,0.012054220997509349,1.6897901579650446e-13,fb8c4bf,2026-10-03T03:09:26+00:00,3.86408631324179,150.9904181877746,True,0.004294138519428367,4.25,2.9136072811218146,0.23618869476691115,5.0,1.0386379256654976e-12,True,True,-3.3828343045500646,-2.3767398261494534,-2.204521848912019,-2.1232207753831696,-2.073493341750267,-2.01344770520441,-1.977125864099721,-1.952086107843029,-1.933448744116596,-1.9188608506050404,-1.9070300566135767,,10613,91,1.5,False,False,v1.1-frozen
C0113_T300,manual,0,C0113,C0113,300.0,0.9704689301550388,1.1808868367224932,-629736830480.3967,1.1713728610426188,1756ace54c04,1dab7e7ac807,5e1d50a6e395,0,True,0,48.568,3.334167398949931,1.8891983022561176,115.75629746547722,0.018656901324734396,8.025626420527696e-14,fb8c4bf,2026-10-03T03:16:14+00:00,3.357882297258147,116.4424286979232,True,0.004279673053791919,3.75,1.8891983022561176,0.3578613727200229,5.0,1.3305922568729348e-12,True,True,-2.5744437488031395,-2.2383692868834735,-2.0978053235005376,-2.012657951631947,-1.9533496615069956,-1.873580397269916,-1.8207834472774056,-1.7824090408055535,-1.752850657103374,-1.7291604854189866,-1.7096156246984446,,11081,93,1.5,False,False,v1.1-frozen
C0113_T423,manual,0,C0113,C0113,423.0,0.9704689301550388,1.1808868367224932,-629736830480.3967,1.1713728610426188,1756ace54c04,1dab7e7ac807,5e1d50a6e395,0,True,0,54.691,3.090998304617945,2.815355486680459,160.9499423565375,0.012473584768242812,1.689790157965044e-13,fb8c4bf,2026-10-03T03:13:11+00:00,3.1039256645798017,161.02850143055358,True,0.004752385437618623,3.5,2.815355486680459,0.244539932720063,5.0,2.07629892249841e-12,True,True,-2.4200339761821468,-2.2003797042036046,-2.110659641752077,-2.05882262800949,-2.024105198927401,-1.979352640695903,-1.950977066637737,-1.9309629011837492,-1.9158858379661252,-1.9040087172243103,-1.8943450884153097,,11081,92,1.5,False,False,v1.1-frozen
C0114_T300,manual,0,C0114,C0114,300.0,0.805592204257846,0.9484705727547408,-1045571238733.828,0.9884148009121418,7f16b38788cb,1dab7e7ac807,5e1d50a6e395,0,True,0,47.88,3.7350638454062013,2.0835530522092984,111.46070445228884,0.01692870535048994,8.0256264205277e-14,fb8c4bf,2026-10-03T03:11:12+00:00,3.738384262617485,111.72977300842024,True,0.0038071814636370964,4.25,2.0835530522092984,0.3234098959539623,5.0,1.5523622498832007e-12,True,True,-3.0462408847349427,-2.3672810267412068,-2.1828208284536244,-2.0811631555160233,-2.0133866011888695,-1.9251779345954414,-1.8682378009666472,-1.8274119302009333,-1.7962285352151328,-1.7713762539783358,-1.750954496149091,,12017,92,1.5,False,False,v1.1-frozen
C0114_T423,manual,0,C0114,C0114,423.0,0.805592204257846,0.9484705727547408,-1045571238733.828,0.9884148009121418,7f16b38788cb,1dab7e7ac807,5e1d50a6e395,0,True,0,54.361,3.50413632861736,3.0453325260662245,154.1425084780329,0.011538506900842384,1.6897901579650443e-13,fb8c4bf,2026-10-03T03:11:42+00:00,3.5054820038743135,154.44857034297422,True,0.0044911920960366645,4.0,3.0453325260662245,0.2254333389807003,5.0,1.3862073304653785e-12,True,True,-2.7033752218306923,-2.2891311977503155,-2.169267674043911,-2.106650690980036,-2.0667670490747243,-2.017328566811991,-1.9869310797697997,-1.965852554458619,-1.9501405457116339,-1.9378503858664322,-1.9279004587226345,,12017,92,1.5,False,False,v1.1-frozen
C0115_T300,manual,0,C0115,C0115,300.0,1.1181252505630257,1.0197664368897676,-892888279631.7339,1.0841910526156426,ccf987bbe31a,1dab7e7ac807,5e1d50a6e395,0,True,0,36.31,3.56009297925703,1.8872934582131813,112.78377821577934,0.018673971324095578,8.0256264205277e-14,fb8c4bf,2026-10-03T03:10:54+00:00,3.5817555839801107,113.32906030979628,True,0.0041692124028694984,4.0,1.8872934582131813,0.3583962683777961,5.0,1.4768008566109624e-12,True,True,-2.770329196930345,-2.294301454847904,-2.1297047794162447,-2.0344072921841883,-1.9693584073609245,-1.883087208408304,-1.8265083108305125,-1.7855367644774123,-1.7540196128283383,-1.7287633124348414,-1.70791646222019,,10145,93,1.5,False,False,v1.1-frozen
C0115_T423,manual,0,C0115,C0115,423.0,1.1181252505630257,1.0197664368897676,-892888279631.7339,1.0841910526156426,ccf987bbe31a,1dab7e7ac807,5e1d50a6e395,0,True,0,46.163,3.325644263297799,2.741634849123163,156.2355993594472,0.012805176776315399,1.689790157965044e-13,fb8c4bf,2026-10-03T03:09:48+00:00,3.3386636973291663,156.4082585825348,True,0.004780138801975089,3.75,2.741634849123163,0.25148427609359036,5.0,2.049507630007979e-12,True,True,-2.5385655716288875,-2.2300955797054205,-2.122329806658353,-2.0629095799924917,-2.0239896266985107,-1.97461117650351,-1.9436333373426848,-1.9218759543273993,-1.9055084757350722,-1.8926144216900163,-1.8821151214588603,,10145,92,1.5,False,False,v1.1-frozen
C0116_T300,manual,0,C0116,C0116,300.0,1.1602086149156094,0.992207445576787,-525655097328.12646,1.0123424004763364,c49c338fc296,1dab7e7ac807,5e1d50a6e395,0,True,0,43.551,2.6406316962353396,1.8806936059950923,112.3156235243078,0.018735873002590178,8.025626420527698e-14,fb8c4bf,2026-10-03T03:09:21+00:00,2.6637598674888725,113.35710102848384,True,0.003918673646563627,3.0,1.8806936059950923,0.36003218105427975,5.0,6.814525277744837e-13,True,True,-2.3331186518723137,-2.1571911132297337,-2.0569575854701143,-1.988960952489084,-1.9385600907356324,-1.8670485209432437,-1.817467188297319,-1.7803395960673587,-1.7511252019268888,-1.727326066040992,-1.7074340184156216,,10028,93,1.5,False,False,v1.1-frozen
C0116_T423,manual,0,C0116,C0116,423.0,1.1602086149156094,0.992207445576787,-525655097328.12646,1.0123424004763364,c49c338fc296,1dab7e7ac807,5e1d50a6e395,0,True,0,44.61,2.409295677103005,2.718207999596978,155.47093230590232,0.012913973839586017,1.6897901579650446e-13,fb8c4bf,2026-10-03T03:09:34+00:00,2.4199353088438658,155.8604060255414,True,0.004447904276215945,3.0,2.718207999596978,0.2538082948249884,5.0,1.3977239504692207e-12,True,True,-2.254356380944021,-2.1374688496512544,-2.0740618474458854,-2.0328308710502774,-2.0032870242777023,-1.9628950342910045,-1.935927329423583,-1.9162668196742934,-1.9011027324844243,-1.8889400976990305,-1.878900766945926,,10028,93,1.5,False,False,v1.1-frozen
C0117_T300,manual,0,C0117,C0117,300.0,0.8726870127022267,1.0634805630892514,-1412834651768.2075,0.9165165174752474,9adcbdf172cb,1dab7e7ac807,5e1d50a6e395,0,True,12,94.023,4.887495792718227,2.2173648178542096,113.82262474488903,0.01592504159251179,8.0256264205277e-14,fb8c4bf,2026-10-03T03:16:14+00:00,4.911412701215978,114.7882251554948,True,0.0035197316004571457,5.25,2.2173648178542096,0.3021461350938933,4.9913330078125,1.396937507393067e-12,True,True,-11.440425906868041,-3.4947260298669685,-2.4485680073481793,-2.235795184648453,-2.122818555424788,-1.9941718506103812,-1.9183615559198923,-1.8664964521245242,-1.8280047121404244,-1.7979194247147614,-1.7735422597730675,,11549,109,1.5,False,False,v1.1-frozen
C0117_T423,manual,0,C0117,C0117,423.0,0.8726870127022267,1.0634805630892514,-1412834651768.2075,0.9165165174752474,9adcbdf172cb,1dab7e7ac807,5e1d50a6e395,0,True,0,51.624,4.652092339885011,3.0951851482882553,157.75831429599586,0.011356120520396211,1.6897901579650446e-13,fb8c4bf,2026-10-03T03:11:22+00:00,4.66373469813789,158.19672445634757,True,0.004011104132354558,5.0,3.0951851482882553,0.22144173861942062,5.0,2.092763622989704e-12,True,True,-7.84051822687108,-2.927888733223699,-2.3425809499320085,-2.2000017264375993,-2.127923646466666,-2.050812863022658,-2.0081818389972295,-1.980240555928852,-1.9601301559915498,-1.9447700070351126,-1.9325467077217577,,11549,93,1.5,False,False,v1.1-frozen
C0118_T300,manual,0,C0118,C0118,300.0,0.9000522952526808,0.8068463135510684,-762503165751.6957,1.1494769029319287,b48ed3f907d7,1dab7e7ac807,5e1d50a6e395,0,True,0,33.057,2.66480032334054,1.8378119518941614,108.29260257266199,0.019159740965090225,8.025626420527695e-14,fb8c4bf,2026-10-03T03:06:40+00:00,2.681802914503495,108.82865458100972,True,0.004539919799676696,3.0,1.8378119518941614,0.3697985758647823,5.0,1.1144095609248723e-12,True,True,-2.2793402829394562,-2.1087105165800284,-2.014239130275466,-1.9513131024155395,-1.9052755794535288,-1.8408179519379322,-1.796698420093314,-1.7639525014715551,-1.7383552020013766,-1.7176103667706477,-1.7003445712033365,,11549,93,1.5,False,False,v1.1-frozen
C0118_T423,manual,0,C0118,C0118,423.0,0.9000522952526808,0.8068463135510684,-762503165751.6957,1.1494769029319287,b48ed3f907d7,1dab7e7ac807,5e1d50a6e395,0,True,0,32.689,2.443346891777845,2.80394233081429,149.37141743606364,0.01252015357290048,1.6897901579650449e-13,fb8c4bf,2026-10-03T03:06:42+00:00,2.4501888811098587,149.88390172772475,True,0.0050461470691000165,3.0,2.80394233081429,0.2459850101945048,5.0,1.6776929353047307e-12,True,True,-2.226371266254283,-2.1182249511315394,-2.0614410566996333,-2.0251949590350664,-1.999535164377348,-1.9648471811929313,-1.941921849994402,-1.9253183318301552,-1.9125735499864835,-1.902390344012634,-1.8940119741494668,,11549,92,1.5,False,False,v1.1-frozen
C0119_T300,manual,0,C0119,C0119,300.0,1.0125308867543936,1.1371234994381667,-1172084170393.6458,0.8294828057289124,90e36b741075,1dab7e7ac807,5e1d50a6e395,0,True,12,61.663,4.517289344480837,2.254848643515686,115.32900922018297,0.01566517980323175,8.0256264205277e-14,fb8c4bf,2026-10-03T03:09:22+00:00,4.525783329476997,115.36135099810608,True,0.0031830711169031235,5.0,2.254848643515686,0.29665521045490334,4.878173828125,1.8060241938765552e-12,True,True,-8.0050773243145,-2.8232493293191356,-2.3855062389883903,-2.2201703030662197,-2.121613047969077,-2.0016493645065587,-1.9275180062747932,-1.8754604801066208,-1.8361607372028588,-1.8050646159687915,-1.7796310726415476,,10847,108,1.5,False,False,v1.1-frozen
C0119_T423,manual,0,C0119,C0119,423.0,1.0125308867543936,1.1371234994381667,-1172084170393.6458,0.8294828057289124,90e36b741075,1dab7e7ac807,5e1d50a6e395,0,True,0,30.472,4.27603554076239,3.042521541543429,160.02967780584865,0.011551349703562294,1.6897901579650443e-13,fb8c4bf,2026-10-03T03:06:01+00:00,4.28333503629199,160.3426817711805,True,0.003884524398097805,4.75,3.042521541543429,0.22538686429660998,5.0,2.358758092649467e-12,True,True,-5.48100551927005,-2.59137720987835,-2.295835010780751,-2.1834988737274705,-2.1196628300414426,-2.0462850180400634,-2.00355972655903,-1.9747681748966814,-1.9536770643873076,-1.937367268190635,-1.9242671496083037,,10847,92,1.5,False,False,v1.1-frozen
C0120_T300,manual,0,C0120,C0120,300.0,1.0343642048537731,0.9092728260904552,-856815369799.7332,0.9380952771753072,e58b01f935eb,1dab7e7ac807,5e1d50a6e395,0,True,0,49.516,3.193832398886355,1.9938680770725703,110.71486074774583,0.017680608961064388,8.025626420527695e-14,fb8c4bf,2026-10-03T03:11:50+00:00,3.2062796416731154,111.31564710517772,True,0.003657573546117423,3.75,1.9938680770725703,0.33886192510848595,5.0,8.86298047453523e-13,True,True,-2.541169494785762,-2.256844700387306,-2.1247696771405393,-2.0419539689712596,-1.983153778348669,-1.902662260191499,-1.8484705118127949,-1.8085902096114264,-1.7775685634107876,-1.7525027809589495,-1.7316796551057352,,10730,92,1.5,False,False,v1.1-frozen
C0120_T423,manual,0,C0120,C0120,423.0,1.0343642048537731,0.9092728260904552,-856815369799.7332,0.9380952771753072,e58b01f935eb,1dab7e7ac807,5e1d50a6e395,0,True,0,42.835,2.965468098743858,2.845483013020422,152.94759418798765,0.01234035998039925,1.6897901579650449e-13,fb8c4bf,2026-10-03T03:10:09+00:00,2.9700207615584064,153.4104189689014,True,0.00442836226126261,3.5,2.845483013020422,0.24208008396124153,5.0,2.014535354402601e-12,True,True,-2.3975145861069396,-2.2053100350469306,-2.119759281246551,-2.068668240725023,-2.0337930718242396,-1.988040508482287,-1.9585295322039704,-1.9374518664397011,-1.9214134431733112,-1.9086721713221688,-1.8982298645114977,,10730,92,1.5,False,False,v1.1-frozen
C0121_T300,manual,0,C0121,C0121,300.0,0.9467995919287204,1.0348427262157205,-1204690785147.2498,1.0329451207071545,229a291ca046,1dab7e7ac807,5e1d50a6e395,0,True,0,49.172,4.325015931505623,2.030669838614557,113.13591141550839,0.017370030387066162,8.025626420527698e-14,fb8c4bf,2026-10-03T03:17:03+00:00,4.348995245611215,113.94723395602213,True,0.003970626539814338,4.75,2.030669838614557,0.3317206500814796,5.0,1.8717332180258484e-12,True,True,-6.459694462356402,-2.59698607087227,-2.2654891463534246,-2.1243749366592897,-2.0383442794854774,-1.9328211823859403,-1.8675557081975525,-1.8218193946718726,-1.7873806286250495,-1.7601994217990953,-1.7380197275710065,,11198,93,1.5,False,False,v1.1-frozen
C0121_T423,manual,0,C0121,C0121,423.0,0.9467995919287204,1.0348427262157205,-1204690785147.2498,1.0329451207071545,229a291ca046,1dab7e7ac807,5e1d50a6e395,0,True,0,59.743,4.090017724025716,2.922151381870026,156.76908105365393,0.012021232597895606,1.6897901579650446e-13,fb8c4bf,2026-10-03T03:14:11+00:00,4.103703850022735,156.75024948331628,True,0.004551481050090094,4.5,2.922151381870026,0.23526599507210447,5.0,1.3241823003665455e-12,True,True,-4.459750445435513,-2.4368244470152236,-2.2167361982229625,-2.125848236388798,-2.073097322675178,-2.0118010709369982,-1.975885465940304,-1.9516195134253662,-1.9338216034799733,-1.920050999636151,-1.9089890280682213,,11198,92,1.5,False,False,v1.1-frozen
C0122_T300,manual,0,C0122,C0122,300.0,0.8804580222815276,0.8914899144321681,-621009697206.3184,0.8002800412476063,c448278be3fe,1dab7e7ac807,5e1d50a6e395,0,True,0,48.086,2.6071235948368394,2.1631793570365008,110.52460688435845,0.01630695677856316,8.025626420527696e-14,fb8c4bf,2026-10-03T03:12:00+00:00,2.634235101121195,111.35022000642275,True,0.003316809477254848,3.0,2.1631793570365008,0.3114404680393315,5.0,7.255949313611509e-13,True,True,-2.3958450695959908,-2.222992635701778,-2.1229339863307763,-2.054521402961251,-2.0035539609481967,-1.9308710230299908,-1.8802252092425409,-1.8421656552281573,-1.812138327767095,-1.7876270798912886,-1.7671073300651547,,11549,93,1.5,False,False,v1.1-frozen
C0122_T423,manual,0,C0122,C0122,423.0,0.8804580222815276,0.8914899144321681,-621009697206.3184,0.8002800412476063,c448278be3fe,1dab7e7ac807,5e1d50a6e395,0,True,0,49.945,2.3817885549617905,3.040321306674696,152.58420165974636,0.011555758754177891,1.689790157965045e-13,fb8c4bf,2026-10-03T03:12:32+00:00,2.3957686924200807,152.9916709246144,True,0.003956290746703147,2.75,3.040321306674696,0.22598171250881116,5.0,1.6462173406849254e-12,True,True,-2.303227485666007,-2.1876582373691953,-2.124216461630517,-2.0827509991475064,-2.052957044359663,-2.012133665055747,-1.9848317388912262,-1.9649095372172034,-1.9495357694150697,-1.937201533358038,-1.9270192412471938,,11549,93,1.5,False,False,v1.1-frozen
C0123_T300,manual,0,C0123,C0123,300.0,1.1928932216018435,1.16434532366693,-1444406559690.833,1.120860980451107,8510013ef7e1,1dab7e7ac807,5e1d50a6e395,0,True,0,36.424,5.190450535000889,1.952203496595157,115.50246213475445,0.01807047584719945,8.025626420527696e-14,fb8c4bf,2026-10-03T03:11:31+00:00,5.202557384298494,116.26528221444121,True,0.004020673943005807,5.75,1.952203496595157,0.3447279855904029,5.0,6.112176736960961e-13,True,True,-13.09552105981267,-5.321664725869772,-2.5044806240042905,-2.2196183368857163,-2.087953669349563,-1.9469384690017553,-1.8669084781948881,-1.813141469326406,-1.7736662841833475,-1.7430304110753725,-1.7183296284086567,,9794,92,1.5,False,False,v1.1-frozen
C0123_T423,manual,0,C0123,C0123,423.0,1.1928932216018435,1.16434532366693,-1444406559690.833,1.120860980451107,8510013ef7e1,1dab7e7ac807,5e1d50a6e395,0,True,0,42.183,4.946782407871668,2.7658149874286573,160.520534519334,0.012696841009365325,1.6897901579650446e-13,fb8c4bf,2026-10-03T03:10:31+00:00,4.953089262038763,161.06152578079391,True,0.004663472664879664,5.5,2.7658149874286573,0.24890335087679627,5.0,1.1267397605208007e-12,True,True,-9.653221962256188,-3.758968042516566,-2.370569294867124,-2.1798609047416,-2.0946003830000053,-2.008662702230568,-1.9628654238136427,-1.933346036001979,-1.912294240660393,-1.8963043186390143,-1.8836250304893887,,9794,93,1.5,False,False,v1.1-frozen
C0124_T300,manual,0,C0124,C0124,300.0,1.1349765859544276,0.8477270748466254,-1077173608355.224,1.199012316390872,488cb503454b,1dab7e7ac807,5e1d50a6e395,0,True,0,44.992,3.5131717903059076,1.7721854242275863,109.14354388489689,0.01986817706845505,8.025626420527695e-14,fb8c4bf,2026-10-03T03:10:06+00:00,3.5196691363354815,109.01936936941104,True,0.004724525621610999,4.0,1.7721854242275863,0.3835136008562505,5.0,8.01357244450962e-13,True,True,-2.6675793544797974,-2.231448924366806,-2.0764401003440818,-1.9868044421317241,-1.9258148569913114,-1.8452347613793156,-1.792573303228552,-1.7545129758745301,-1.725266217471669,-1.7018419781558622,-1.682511916861271,,10145,93,1.5,False,False,v1.1-frozen
C0124_T423,manual,0,C0124,C0124,423.0,1.1349765859544276,0.8477270748466254,-1077173608355.224,1.199012316390872,488cb503454b,1dab7e7ac807,5e1d50a6e395,0,True,0,43.491,3.2886882184757407,2.650975206969495,150.6752977496526,0.013237689538013506,1.6897901579650446e-13,fb8c4bf,2026-10-03T03:10:18+00:00,3.297886662935579,150.90548516991166,True,0.0053837807815984,3.75,2.650975206969495,0.2606271500150294,5.0,1.0480066569017109e-12,True,True,-2.469050289428354,-2.187506851465559,-2.0885702955015093,-2.034116704061059,-1.9985001206048683,-1.953342442514904,-1.9249969200989006,-1.9050610881689545,-1.8900399311082656,-1.8781878085861337,-1.8685228483330134,,10145,92,1.5,False,False,v1.1-frozen
C0125_T300,manual,0,C0125,C0125,300.0,0.8475528307259084,1.1205595437437297,-988273341208.6964,0.8783817458897829,660f0e878458,1dab7e7ac807,5e1d50a6e395,0,True,14,109.033,4.046198798889238,2.2272790527985777,114.95936398267214,0.015853299658580088,8.025626420527699e-14,fb8c4bf,2026-10-03T03:18:03+00:00,4.065469370180795,115.26715081907301,True,0.0033636247658977605,4.5,2.2272790527985777,0.3009055541938371,4.904090404510498,1.9759280909511927e-12,True,True,-4.274012291383092,-2.5246662745228705,-2.278948517506823,-2.155500157245252,-2.0757891936969237,-1.974059844131622,-1.9092211320403365,-1.8630146749180634,-1.8278456148667863,-1.7998803312777423,-1.7769363799676672,,11783,114,1.5,False,False,v1.1-frozen
C0125_T423,manual,0,C0125,C0125,423.0,0.8475528307259084,1.1205595437437297,-988273341208.6964,0.8783817458897829,660f0e878458,1dab7e7ac807,5e1d50a6e395,0,True,0,48.292,3.8064743018866665,3.1198235098552494,159.48986114169006,0.011267310762826183,1.689790157965045e-13,fb8c4bf,2026-10-03T03:12:11+00:00,3.8186860694356346,159.72066555180464,True,0.004007275746524002,4.25,3.1198235098552494,0.2196116260565791,5.0,1.5632954454161399e-12,True,True,-3.2784167425294335,-2.3965334005983703,-2.2300859308492855,-2.150084640288291,-2.100841203490628,-2.041262095080953,-2.0053076578625344,-1.9806420332588628,-1.9623866910856562,-1.9481797272752241,-1.9367218208809602,,11783,92,1.5,False,False,v1.1-frozen
C0126_T300,manual,0,C0126,C0126,300.0,0.9763829570263624,0.9529872234910728,-1337457366287.7085,1.0610491745173931,9f125943d822,1dab7e7ac807,5e1d50a6e395,0,True,0,33.484,4.419322847402626,1.9850772134150372,111.48553057817956,0.017762756600815926,8.025626420527692e-14,fb8c4bf,2026-10-03T03:07:13+00:00,4.4358168112071334,112.0433123313217,True,0.0040446997834274485,4.75,1.9850772134150372,0.339942699060754,5.0,1.4458340585524421e-12,True,True,-7.317412066103972,-2.642062453144586,-2.2663960783550983,-2.118040809075015,-2.0296070968727817,-1.922714881234284,-1.8572911522752134,-1.811688053467802,-1.7774557973834795,-1.750489635200239,-1.7285129715863579,,11081,93,1.5,False,False,v1.1-frozen
C0126_T423,manual,0,C0126,C0126,423.0,0.9763829570263624,0.9529872234910728,-1337457366287.7085,1.0610491745173931,9f125943d822,1dab7e7ac807,5e1d50a6e395,0,True,0,35.395,4.187940577324383,2.872435322248524,154.17273585963864,0.012226659482554142,1.6897901579650446e-13,fb8c4bf,2026-10-03T03:07:18+00:00,4.195519692679556,154.53661524694573,True,0.004632990605699245,4.75,2.872435322248524,0.2395988508211056,5.0,1.3392800401590807e-12,True,True,-5.025498300679632,-2.462724470557002,-2.215468047472906,-2.1200656908853133,-2.0659755154918775,-2.0040637039959104,-1.9681576916708727,-1.944012085118559,-1.9263446845200658,-1.9126921829033592,-1.9017321683788717,,11081,93,1.5,False,False,v1.1-frozen
C0127_T300,manual,0,C0127,C0127,300.0,1.088959014043212,1.078580055013299,-724079496227.2048,0.9662503898143768,030754e95b49,1dab7e7ac807,5e1d50a6e395,0,True,0,33.808,3.3239539211795455,1.9910747681837369,114.05265941743781,0.017711162954806656,8.025626420527698e-14,fb8c4bf,2026-10-03T03:09:56+00:00,3.3480503842556266,114.83904603590057,True,0.00372558415027261,3.75,1.9910747681837369,0.3387236988330189,5.0,2.0990074369404144e-12,True,True,-2.6215746230372123,-2.2877083133012452,-2.1436212540556725,-2.0550704447071815,-1.992780819678125,-1.9081222553051818,-1.8514649118266437,-1.8099326444024997,-1.7777202077295586,-1.7517529211208782,-1.730222557867949,,10379,93,1.5,False,False,v1.1-frozen
C0127_T423,manual,0,C0127,C0127,423.0,1.088959014043212,1.078580055013299,-724079496227.2048,0.9662503898143768,030754e95b49,1dab7e7ac807,5e1d50a6e395,0,True,0,29.402,3.086602235354315,2.8255217758992703,158.12906630493285,0.012428575793894319,1.6897901579650443e-13,fb8c4bf,2026-10-03T03:06:31+00:00,3.1004241402244244,158.3032877595041,True,0.004349609390236761,3.5,2.8255217758992703,0.24366865812798735,5.0,2.075710906961325e-12,True,True,-2.4522993960659933,-2.2264484833854654,-2.131475761002117,-2.075832268251194,-2.038227084495542,-1.9893123343746846,-1.9580076801603143,-1.9357702133391859,-1.9189198629691286,-1.905578634857165,-1.8946751498109589,,10379,92,1.5,False,False,v1.1-frozen
C0128_T300,manual,0,C0128,C0128,300.0,1.089798828586936,0.8682020150125027,-1078854058869.1832,1.0848192799836398,834dce3e0f0c,1dab7e7ac807,5e1d50a6e395,0,True,0,50.629,3.581560507506471,1.866928859757555,109.6879091125298,0.018870299421652817,8.025626420527695e-14,fb8c4bf,2026-10-03T03:12:40+00:00,3.606271632088804,110.45452253740618,True,0.0043605842636524565,4.0,1.866928859757555,0.36306711531261887,5.0,9.713159096480517e-13,True,True,-2.7762576832964676,-2.2825794234274652,-2.117529228797447,-2.0230526736340706,-1.9589888047863517,-1.8744905735891297,-1.819305808543513,-1.77942361171643,-1.7487733062205095,-1.7242212086776811,-1.7039573792154539,,10379,93,1.5,False,False,v1.1-frozen
C0128_T423,manual,0,C0128,C0128,423.0,1.089798828586936,0.8682020150125027,-1078854058869.1832,1.0848192799836398,834dce3e0f0c,1dab7e7ac807,5e1d50a6e395,0,True,0,43.032,3.357142997591831,2.7345791093683256,151.4451837649964,0.012836369377276457,1.6897901579650446e-13,fb8c4bf,2026-10-03T03:10:52+00:00,3.370796442835715,151.47489444567853,True,0.004948371501031484,3.75,2.7345791093683256,0.25232966813481056,5.0,2.9305837426392485e-12,True,True,-2.5399969950803807,-2.2215503203948486,-2.1145608282617454,-2.0563500026039607,-2.0184832827245374,-1.970677843971315,-1.9407765774781636,-1.9197916646522015,-1.9040028685979624,-1.891557794209379,-1.881416849314741,,10379,91,1.5,False,False,v1.1-frozen
C0129_T300,manual,0,C0129,C0129,300.0,0.977278084680438,1.187535583972931,-980729734525.0844,0.9925596069544552,9c24c6817dd5,1dab7e7ac807,5e1d50a6e395,0,True,13,101.294,4.177259381952307,2.071812715869175,116.03919476452363,0.017032407810080277,8.025626420527699e-14,fb8c4bf,2026-10-03T03:18:45+00:00,4.192424517829437,116.5520732119526,True,0.003596406306185501,4.5,2.071812715869175,0.324421575603523,4.969886779785156,1.0402162423105408e-12,True,True,-5.196666192247165,-2.543233237866016,-2.2626757847694616,-2.13097647682998,-2.0479638965128215,-1.943758455460639,-1.878167273768155,-1.8317549860606892,-1.7965926534644554,-1.7687239530524002,-1.745914357374958,,11081,111,1.5,False,False,v1.1-frozen
C0129_T423,manual,0,C0129,C0129,423.0,0.977278084680438,1.187535583972931,-980729734525.0844,0.9925596069544552,9c24c6817dd5,1dab7e7ac807,5e1d50a6e395,0,True,0,56.853,3.9328464268196135,2.9383212007313895,161.29658535327695,0.011956883103102724,1.689790157965045e-13,fb8c4bf,2026-10-03T03:15:08+00:00,3.9410275908233268,161.59659103939984,True,0.00420202098297002,4.5,2.9383212007313895,0.23378193037517198,5.0,2.827756378909063e-12,True,True,-3.7060996926247203,-2.4039423375264684,-2.2149831229516446,-2.1293705816307975,-2.0778805580151065,-2.01656366851698,-1.9799873436149384,-1.9550480088467346,-1.936658480660273,-1.9223820166303323,-1.9108875466651163,,11081,93,1.5,False,False,v1.1-frozen
C0130_T300,manual,0,C0130,C0130,300.0,0.8499551512300969,0.9324508778750896,-1318572686985.135,1.1719035148620605,7b79f994094d,1dab7e7ac807,5e1d50a6e395,0,True,0,49.833,4.312034805328253,1.9492805395600414,110.94570840210926,0.01808335709342325,8.025626420527699e-14,fb8c4bf,2026-10-03T03:12:50+00:00,4.333904995715292,111.76287239862882,True,0.0045156000587959705,4.75,1.9492805395600414,0.34673338415651594,5.0,7.657919437464855e-13,True,True,-6.415469065157519,-2.537330910182105,-2.216089258610743,-2.0812547463730495,-1.9999349004082423,-1.9012769471186761,-1.840906784724783,-1.798906444174223,-1.767448085603399,-1.742720941570386,-1.7226105872313644,,11783,93,1.5,False,False,v1.1-frozen
C0130_T423,manual,0,C0130,C0130,423.0,0.8499551512300969,0.9324508778750896,-1318572686985.135,1.1719035148620605,7b79f994094d,1dab7e7ac807,5e1d50a6e395,0,True,0,52.736,4.082941615672655,2.922927644672548,153.4313548715047,0.01201709886626891,1.6897901579650456e-13,fb8c4bf,2026-10-03T03:13:25+00:00,4.09612540166812,153.2888351570021,True,0.005038202558269705,4.5,2.922927644672548,0.23531538396468893,5.0,1.0563866604613819e-12,True,True,-4.434592490025436,-2.397096187938261,-2.18956587298798,-2.1056763709865023,-2.0575383301622625,-2.002125652963488,-1.9699140359914449,-1.9482542092996975,-1.9324202619222217,-1.9202003658145412,-1.9104047517667104,,11783,92,1.5,False,False,v1.1-frozen
C0131_T300,manual,0,C0131,C0131,300.0,1.1374342195689675,1.011566999554634,-744921193458.1399,0.8553745560348034,36a0551f38ae,1dab7e7ac807,5e1d50a6e395,0,True,0,36.187,3.214209763757292,2.0712616816778913,112.88943835775733,0.01703117962475955,8.025626420527698e-14,fb8c4bf,2026-10-03T03:12:07+00:00,3.222497087750886,113.3990287512091,True,0.003320054625709768,3.75,2.0712616816778913,0.32510955275318115,5.0,9.894429026102713e-13,True,True,-2.5938235757358106,-2.299890893258433,-2.162679354291425,-2.0760948134462236,-2.014290188770872,-1.9291854275477969,-1.8715411836091898,-1.8289372387203613,-1.79568910926275,-1.7687552706057141,-1.7463332152031337,,10145,92,1.5,False,False,v1.1-frozen
C0131_T423,manual,0,C0131,C0131,423.0,1.1374342195689675,1.011566999554634,-744921193458.1399,0.8553745560348034,36a0551f38ae,1dab7e7ac807,5e1d50a6e395,0,True,0,48.059,2.9796949712896885,2.858286056924887,156.28523008254336,0.012286915498139848,1.6897901579650443e-13,fb8c4bf,2026-10-03T03:11:19+00:00,2.9825049167801976,156.74455979447416,True,0.004093204798136114,3.5,2.858286056924887,0.24079960501985423,5.0,1.2449138941938998e-12,True,True,-2.434723691531677,-2.2316255483507144,-2.1401317286649726,-2.085072570587866,-2.0472958296993156,-1.9975016723446442,-1.9652512292240445,-1.9421592182137923,-1.9245579922191869,-1.910557128526668,-1.8990703183382434,,10145,92,1.5,False,False,v1.1-frozen
C0132_T300,manual,0,C0132,C0132,300.0,1.1920168098062276,0.976189798116684,-862154088914.3944,0.8272911135107279,a23a6efc1d86,1dab7e7ac807,5e1d50a6e395,0,True,0,40.993,3.3942458116672793,2.0924584074792945,112.21458778551718,0.01686070681732053,8.025626420527698e-14,fb8c4bf,2026-10-03T03:10:48+00:00,3.4181242611576725,113.33761684257094,True,0.0033150210095369914,3.75,2.0924584074792945,0.32162968448179136,5.0,9.756570551466837e-13,True,True,-2.70896882730504,-2.34190212451421,-2.188645682471268,-2.095019559072913,-2.029228913616774,-1.9397028777737713,-1.8795958113547373,-1.8353757942318107,-1.8009588218235422,-1.7731242232802116,-1.7499767836293603,,9794,93,1.5,False,False,v1.1-frozen
C0132_T423,manual,0,C0132,C0132,423.0,1.1920168098062276,0.976189798116684,-862154088914.3944,0.8272911135107279,a23a6efc1d86,1dab7e7ac807,5e1d50a6e395,0,True,0,44.307,3.164196496271349,2.8519862599606594,155.2154976128981,0.012313816225061966,1.6897901579650449e-13,fb8c4bf,2026-10-03T03:11:02+00:00,3.1751625484830406,155.46234990585418,True,0.003945050988821306,3.75,2.8519862599606594,0.24135353410560376,5.0,2.2771051732747373e-12,True,True,-2.5116580979590313,-2.2583294474418265,-2.15464497902713,-2.0942914931726544,-2.0535860685724843,-2.000646688618244,-1.9667108844764618,-1.9425449426954846,-1.9241839570726156,-1.9096073322320366,-1.8976628064135774,,9794,93,1.5,False,False,v1.1-frozen
C0133_T300,manual,0,C0133,C0133,300.0,0.8795507114380599,1.055279841274023,-1201308987103.4026,1.1437705393880606,5a61d6a9d95d,1dab7e7ac807,5e1d50a6e395,0,True,0,53.143,4.360683348475905,1.9798105338626129,113.4205929617862,0.017811434542374563,8.025626420527701e-14,fb8c4bf,2026-10-03T03:18:56+00:00,4.385144422486353,114.49490394088791,True,0.004281038162105945,4.75,1.9798105338626129,0.3406897954252466,5.0,1.782201477872828e-12,True,True,-6.781442786501897,-2.5895549543715184,-2.2438644181512815,-2.102513967933802,-2.017617615421859,-1.914712616175776,-1.8517372166923562,-1.807917701982713,-1.7750967034297642,-1.7493011008204329,-1.7283250398592802,,11549,93,1.5,False,False,v1.1-frozen
C0133_T423,manual,0,C0133,C0133,423.0,0.8795507114380599,1.055279841274023,-1201308987103.4026,1.1437705393880606,5a61d6a9d95d,1dab7e7ac807,5e1d50a6e395,0,True,0,54.372,4.124801576995693,2.9294550185662867,157.2895160269092,0.011991757742030519,1.689790157965045e-13,fb8c4bf,2026-10-03T03:13:06+00:00,4.137361259240573,157.36700711951113,True,0.004711460719732634,4.5,2.9294550185662867,0.23463663393463832,5.0,3.003972098986958e-12,True,True,-4.653310376305065,-2.4313773756367603,-2.2067679154179385,-2.1173952270135237,-2.066301463091207,-2.0076070631874425,-1.9735494376083482,-1.9506819943211982,-1.9339869507827652,-1.9211171537056473,-1.9108107212663341,,11549,93,1.5,False,False,v1.1-frozen
C0134_T300,manual,0,C0134,C0134,300.0,0.9443606741726398,0.8244146436452866,-597963097505.2715,0.9144227549433708,2e003cf36eda,1dab7e7ac807,5e1d50a6e395,0,True,0,32.98,2.3498578940117736,1.9840520265589723,108.93897978217099,0.017760924744663013,8.025626420527699e-14,fb8c4bf,2026-10-03T03:07:47+00:00,2.3763854040631798,109.93522559086804,True,0.003820144029067332,2.75,1.9840520265589723,0.3412940261565313,5.0,1.7079371916541498e-12,True,True,-2.2847585727931596,-2.1412801269737156,-2.0542364323790787,-1.9935017045031884,-1.9477437303215985,-1.881882237104449,-1.835644935615804,-1.8007440877736147,-1.7731269674336056,-1.7505344258857436,-1.7315894497513293,,11198,93,1.5,False,False,v1.1-frozen
C0134_T423,manual,0,C0134,C0134,423.0,0.9443606741726398,0.8244146436452866,-597963097505.2715,0.9144227549433708,2e003cf36eda,1dab7e7ac807,5e1d50a6e395,0,True,0,32.825,2.128845771359729,2.878283496044292,150.22156155742445,0.012199405701394042,1.6897901579650446e-13,fb8c4bf,2026-10-03T03:07:51+00:00,2.1424498824229787,150.53961674991316,True,0.004446547953016785,2.5,2.878283496044292,0.2393739295378601,5.0,1.6186393003898198e-12,True,True,-2.225762969705107,-2.133027335557221,-2.0795935653578304,-2.0438205595501353,-2.0177352270833446,-1.9815078947360791,-1.9569827622506755,-1.9389434040628242,-1.9249427363250846,-1.9136613256278585,-1.9043163700775647,,11198,93,1.5,False,False,v1.1-frozen
C0135_T300,manual,0,C0135,C0135,300.0,1.031894388049841,1.143774300068617,-1461589876562.357,1.0067335851490498,1a5c99bf889b,1dab7e7ac807,5e1d50a6e395,0,True,14,70.962,5.189980728544585,2.0969197086978135,115.2230867174906,0.01683439938584503,8.025626420527695e-14,fb8c4bf,2026-10-03T03:11:08+00:00,5.20269072138171,116.01977754243276,True,0.003663341982520213,5.75,2.0969197086978135,0.3199353206694238,4.999641418457031,9.239015802409156e-13,True,True,-13.09552105981267,-5.30501795518747,-2.5402882134121936,-2.2558297687741096,-2.123337421526182,-1.9808314154810178,-1.8996994926069593,-1.8450978696259837,-1.8049675128747271,-1.7738023736665287,-1.7486643455885387,,10730,112,1.5,False,False,v1.1-frozen
C0135_T423,manual,0,C0135,C0135,423.0,1.031894388049841,1.143774300068617,-1461589876562.357,1.0067335851490498,1a5c99bf889b,1dab7e7ac807,5e1d50a6e395,0,True,0,31.716,4.947735474494336,2.929149043926699,160.04410836704318,0.011994598000677105,1.6897901579650446e-13,fb8c4bf,2026-10-03T03:07:03+00:00,4.954219599078995,160.37684445005218,True,0.0043274917414540285,5.5,2.929149043926699,0.2344767859315514,5.0,2.758262990595694e-12,True,True,-9.665878051859503,-3.765926770691406,-2.3996705213633223,-2.208010849678314,-2.121837752445199,-2.0347955537105427,-1.9883879526642536,-1.9584897896317777,-1.9371839343496298,-1.9210143028452342,-1.908202944092602,,10730,93,1.5,False,False,v1.1-frozen
C0136_T300,manual,0,C0136,C0136,300.0,1.0149576153606177,0.9221613362431528,-505847261287.272,1.1233446646481753,4947a89498ca,1dab7e7ac807,5e1d50a6e395,0,True,0,47.539,2.399458344588266,1.8231901860983528,110.78330764397315,0.019316370462126756,8.025626420527695e-14,fb8c4bf,2026-10-03T03:13:28+00:00,2.4214059221535518,111.77040957957418,True,0.004324714034133826,2.75,1.8231901860983528,0.3724092816085102,5.0,1.675185992813225e-12,True,True,-2.240564638048862,-2.0950930851749723,-2.0084108986185876,-1.948543700208607,-1.9037626376558558,-1.8397999094201078,-1.7952543587834315,-1.7618344859098696,-1.7355174594433238,-1.7140744740050433,-1.6961539584215177,,10847,93,1.5,False,False,v1.1-frozen
C0136_T423,manual,0,C0136,C0136,423.0,1.0149576153606177,0.9221613362431528,-505847261287.272,1.1233446646481753,4947a89498ca,1dab7e7ac807,5e1d50a6e395,0,True,0,45.056,2.1730144446527704,2.7368860602907756,153.16324345330952,0.012825566944583767,1.6897901579650443e-13,fb8c4bf,2026-10-03T03:11:37+00:00,2.1820319526415584,153.60228137189708,True,0.004807034885138669,2.75,2.7368860602907756,0.2521208858300849,5.0,8.449972492552416e-13,True,True,-2.197331824127413,-2.1045182864198053,-2.0518861828757973,-2.016956419630861,-1.991634480241699,-1.9566761679614877,-1.933154365222031,-1.9159331852733488,-1.9026180452479449,-1.8919234281294257,-1.883089269746341,,10847,93,1.5,False,False,v1.1-frozen
C0137_T300,manual,0,C0137,C0137,300.0,0.9025343369692564,1.046173346787691,-1430693255737.4238,0.8054990541189909,08059280d630,1dab7e7ac807,5e1d50a6e395,0,True,12,91.035,4.89543581906164,2.3396032754375047,113.63674341505869,0.015101865956055253,8.025626420527698e-14,fb8c4bf,2026-10-03T03:20:16+00:00,4.9192278790479715,114.58153185469212,True,0.0031600459163754076,5.25,2.3396032754375047,0.2855497390640933,4.894287109375,8.338020092170982e-13,True,True,-11.505774101810877,-3.540126743500798,-2.4928381211207693,-2.2760732084681035,-2.1600381145353915,-2.0268842395835414,-1.9477945023807006,-1.8933718811953237,-1.8527987506106878,-1.8209693888424534,-1.7950991681171733,,11549,109,1.5,False,False,v1.1-frozen
C0137_T423,manual,0,C0137,C0137,423.0,0.9025343369692564,1.046173346787691,-1430693255737.4238,0.8054990541189909,08059280d630,1dab7e7ac807,5e1d50a6e395,0,True,0,62.002,4.661415840876107,3.1563668129422644,157.37742651150023,0.011138058372041145,1.6897901579650449e-13,fb8c4bf,2026-10-03T03:16:11+00:00,4.6727413478585165,157.9089218529012,True,0.0037181903347667505,5.25,3.1563668129422644,0.2169483228031687,5.0,1.253408767367637e-12,True,True,-7.8943942674955485,-2.9685392198956704,-2.3723141151383906,-2.2239112353846537,-2.1481955096748124,-2.0665971070961424,-2.0211893837442854,-1.9912999823459976,-1.969717877330098,-1.953190510401284,-1.9400091556361798,,11549,93,1.5,False,False,v1.1-frozen
C0138_T300,manual,0,C0138,C0138,300.0,0.8735512472689152,0.8770270928740502,-768997764214.8733,1.035526567697525,6e4c8611429f,1dab7e7ac807,5e1d50a6e395,0,True,0,46.273,2.890195120354273,1.9523573157462224,109.92911953275264,0.018049478147135263,8.025626420527696e-14,fb8c4bf,2026-10-03T03:13:37+00:00,2.913433424054502,110.71984078785357,True,0.004108318368426408,3.25,1.9523573157462224,0.3467597304535186,5.0,7.559265713386054e-13,True,True,-2.387824840644554,-2.1792138907434477,-2.070459523614715,-1.999661605278774,-1.948484425844702,-1.877520465864578,-1.8293239576074805,-1.7937171768656848,-1.7659705538102912,-1.7435353500517197,-1.724895704106133,,11549,93,1.5,False,False,v1.1-frozen
C0138_T423,manual,0,C0138,C0138,423.0,0.8735512472689152,0.8770270928740502,-768997764214.8733,1.035526567697525,6e4c8611429f,1dab7e7ac807,5e1d50a6e395,0,True,0,49.883,2.6661926006706795,2.902663653174708,151.77442031203398,0.012098874319026679,1.6897901579650454e-13,fb8c4bf,2026-10-03T03:14:15+00:00,2.6762151226861084,152.32619749467747,True,0.004553572073661185,3.25,2.902663653174708,0.23717324321506336,5.0,2.254094207203374e-12,True,True,-2.298765295855492,-2.1627606878403074,-2.0955285308395917,-2.053749547846308,-2.024631723065172,-1.9858071777020394,-1.960456311640955,-1.9422364960940397,-1.9283258225890998,-1.9172550346237967,-1.9081740906057079,,11549,93,1.5,False,False,v1.1-frozen
C0139_T300,manual,0,C0139,C0139,300.0,1.1611281625926495,1.1545897759497166,-1171445165760.8152,0.9434116713702678,5a2dec7046e1,1dab7e7ac807,5e1d50a6e395,0,True,2,44.054,4.546233899510209,2.0787857115471104,115.50513520375327,0.01697903209204492,8.025626420527695e-14,fb8c4bf,2026-10-03T03:12:51+00:00,4.565167281109465,115.75383379867077,True,0.003585785615811245,5.0,2.0787857115471104,0.32294544575707174,5.0,1.6528016202663211e-12,True,True,-8.286840138095279,-2.8120109110133185,-2.3480371358063725,-2.180574763799558,-2.081989948493848,-1.9630121874157036,-1.8899859662230134,-1.8389101954203537,-1.800455661421441,-1.7700870708096814,-1.7452841667233174,,10028,97,1.5,False,False,v1.1-frozen
C0139_T423,manual,0,C0139,C0139,423.0,1.1611281625926495,1.1545897759497166,-1171445165760.8152,0.9434116713702678,5a2dec7046e1,1dab7e7ac807,5e1d50a6e395,0,True,0,44.827,4.304517453640915,2.8613044230276663,160.42000424413328,0.01227636088978692,1.6897901579650446e-13,fb8c4bf,2026-10-03T03:12:04+00:00,4.316163167231589,160.56972837718965,True,0.004247406826747171,4.75,2.8613044230276663,0.24028713646572725,5.0,1.9593308891891654e-12,True,True,-5.657646123939815,-2.5740570057491556,-2.266271925968434,-2.153413572846298,-2.090013380935265,-2.0176536139666084,-1.9757188871051903,-1.9475188756650719,-1.9268817174374469,-1.910930353040861,-1.8981203387375907,,10028,92,1.5,False,False,v1.1-frozen
C0140_T300,manual,0,C0140,C0140,300.0,1.1157107528299093,0.8332653470337391,-1288678292185.068,0.9653282169252634,590caa5e0e79,1dab7e7ac807,5e1d50a6e395,0,True,0,43.445,3.9762432943486794,1.9667802961714125,109.0802354753051,0.017922028637677716,8.025626420527696e-14,fb8c4bf,2026-10-03T03:11:31+00:00,3.981562116489821,109.35503772928357,True,0.003907430360350029,4.5,1.9667802961714125,0.3437414617020267,5.0,9.611426238231857e-13,True,True,-3.8666361319848956,-2.429060293225349,-2.2006334682448747,-2.0841176131006596,-2.008697597307005,-1.9123564347463544,-1.850852035931949,-1.8069124761548614,-1.773369365738112,-1.7466128330508695,-1.7245909643945903,,10262,92,1.5,False,False,v1.1-frozen
C0140_T423,manual,0,C0140,C0140,423.0,1.1157107528299093,0.8332653470337391,-1288678292185.068,0.9653282169252634,590caa5e0e79,1dab7e7ac807,5e1d50a6e395,0,True,0,43.396,3.7529556032046196,2.7917374018793604,150.44741351930347,0.012575620874430728,1.6897901579650438e-13,fb8c4bf,2026-10-03T03:11:46+00:00,3.7539427334918054,150.84485345984888,True,0.004714212158248738,4.25,2.7917374018793604,0.24696345310976525,5.0,2.3517699781476975e-12,True,True,-3.0874717080507845,-2.3181399587840343,-2.1650358719443106,-2.090783235703605,-2.0448964676987815,-1.9890935996737311,-1.9551559837604997,-1.9316889151937668,-1.9141878148771667,-1.900470564070618,-1.8893348256972011,,10262,92,1.5,False,False,v1.1-frozen
C0141_T300,manual,0,C0141,C0141,300.0,0.8031468074768782,1.1108021393418313,-651734295301.1394,1.057393580302596,244afea5bddf,1dab7e7ac807,5e1d50a6e395,0,True,0,52.59,3.2291569977348837,2.032943128091984,114.56954662382546,0.017349044882532662,8.025626420527698e-14,fb8c4bf,2026-10-03T03:19:49+00:00,3.233602797502836,114.97515003247116,True,0.003867646758976653,3.75,2.032943128091984,0.33152703386030247,5.0,8.511229915297847e-13,True,True,-2.543800915025041,-2.2510791198083937,-2.1193935282790757,-2.0379030400907534,-1.9805494981069431,-1.9027930297104285,-1.8510132768761502,-1.8132531195775563,-1.7841102130058495,-1.760724429441608,-1.7414161729416966,,12017,91,1.5,False,False,v1.1-frozen
C0141_T423,manual,0,C0141,C0141,423.0,0.8031468074768782,1.1108021393418313,-651734295301.1394,1.057393580302596,244afea5bddf,1dab7e7ac807,5e1d50a6e395,0,True,0,49.311,2.9884422833716267,3.0205372049013453,159.02556735897937,0.011633777472845318,1.6897901579650443e-13,fb8c4bf,2026-10-03T03:13:55+00:00,2.9899508235117747,159.38734062196696,True,0.004470348212956117,3.5,3.0205372049013453,0.2272178900335941,5.0,1.6850112721184075e-12,True,True,-2.407656203188318,-2.215540390798431,-2.132343591235917,-2.083331760248053,-2.050194272739709,-2.0071821864218955,-1.9797770934300412,-1.9604038014115686,-1.9457937831390533,-1.934279247503408,-1.9249095596674826,,12017,92,1.5,False,False,v1.1-frozen
C0142_T300,manual,0,C0142,C0142,300.0,0.9696169264614584,0.965873870998621,-1047926864586.7704,0.8773622140288353,c59db72060fe,1dab7e7ac807,5e1d50a6e395,0,True,0,33.293,3.7949380770840877,2.1262782912284637,111.94444808222259,0.016593721997718844,8.025626420527696e-14,fb8c4bf,2026-10-03T03:08:20+00:00,3.8141806603436885,112.28739768754636,True,0.003504771443387097,4.25,2.1262782912284637,0.31641255600918583,5.0,1.2416867707915418e-12,True,True,-3.210236921120714,-2.4224993289301957,-2.2243027445545556,-2.115517092072562,-2.042839422216325,-1.9478121130269592,-1.886075661168315,-1.841562485904075,-1.8073984453895118,-1.7800561901195788,-1.7575049483295906,,11081,93,1.5,False,False,v1.1-frozen
C0142_T423,manual,0,C0142,C0142,423.0,0.9696169264614584,0.965873870998621,-1047926864586.7704,0.8773622140288353,c59db72060fe,1dab7e7ac807,5e1d50a6e395,0,True,0,36.146,3.5639684362158173,2.970006980210922,154.80645555872908,0.01182834536065975,1.6897901579650446e-13,fb8c4bf,2026-10-03T03:08:27+00:00,3.577134829921076,154.98044021410328,True,0.004217248689167222,4.0,2.970006980210922,0.23140441059136524,5.0,1.6281110841867998e-12,True,True,-2.79823637828738,-2.3199230818989607,-2.186373140887397,-2.116688444792882,-2.0722085687543794,-2.016869926580479,-1.982680003462216,-1.9588713792397767,-1.9410576334490155,-1.9270760035541785,-1.9157212359244515,,11081,92,1.5,False,False,v1.1-frozen
C0143_T300,manual,0,C0143,C0143,300.0,1.0570531748235226,1.089911775290966,-888583324849.6056,1.195258981734514,b94279520f9d,1dab7e7ac807,5e1d50a6e395,0,True,0,33.152,3.7193322795003194,1.8492398128418355,114.04948172934792,0.019055612655412283,8.025626420527699e-14,fb8c4bf,2026-10-03T03:11:41+00:00,3.7255557791495,114.47280658071479,True,0.004338631465173473,4.25,1.8492398128418355,0.3659957294776063,5.0,1.6796196853169356e-12,True,True,-2.9798781980962548,-2.3095137302715645,-2.1271442179827904,-2.0265920406352493,-1.9595209238838296,-1.8722020005192404,-1.8158344482868307,-1.775426198218003,-1.7445675418701476,-1.7199770837017025,-1.6997712361302202,,10613,92,1.5,False,False,v1.1-frozen
C0143_T423,manual,0,C0143,C0143,423.0,1.0570531748235226,1.089911775290966,-888583324849.6056,1.195258981734514,b94279520f9d,1dab7e7ac807,5e1d50a6e395,0,True,0,27.965,3.4794139488432534,2.7436913201040656,158.25054222594315,0.012796130592495335,1.6897901579650446e-13,fb8c4bf,2026-10-03T03:07:31+00:00,3.4819071592009685,158.6398210169866,True,0.0049463753892921075,4.0,2.7436913201040656,0.25124150427594205,5.0,2.370612880220454e-12,True,True,-2.646864754792545,-2.2432654993681336,-2.1247618889753355,-2.0624858179177274,-2.0226585139368325,-1.9730936539698232,-1.9425037691379516,-1.9212391464131071,-1.905359851857319,-1.8929213363191988,-1.8828395758581595,,10613,92,1.5,False,False,v1.1-frozen
C0144_T300,manual,0,C0144,C0144,300.0,1.065290980786085,0.9591633331030608,-1389483158476.6506,0.9114680513739586,f3a5fc519ddf,1dab7e7ac807,5e1d50a6e395,0,True,0,50.825,4.566290566486808,2.103437760916044,111.77253117128949,0.01677562399189281,8.025626420527695e-14,fb8c4bf,2026-10-03T03:14:20+00:00,4.589948550833341,112.59211932005952,True,0.0036497863678981775,5.0,2.103437760916044,0.3196484328995976,5.0,1.327980008932357e-12,True,True,-8.610196774641924,-2.8247897264830555,-2.3474145631507097,-2.179484055519779,-2.081528982634365,-1.9641559962649833,-1.8925114567409465,-1.8425393115504707,-1.8049693115747087,-1.7753213166912682,-1.751115900501541,,10613,93,1.5,False,False,v1.1-frozen
C0144_T423,manual,0,C0144,C0144,423.0,1.065290980786085,0.9591633331030608,-1389483158476.6506,0.9114680513739586,f3a5fc519ddf,1dab7e7ac807,5e1d50a6e395,0,True,0,40.758,4.335970394704389,2.910468629644765,154.5780717414751,0.01206880097658123,1.689790157965045e-13,fb8c4bf,2026-10-03T03:12:18+00:00,4.350221505761727,154.6321649767718,True,0.00433438990316332,4.75,2.910468629644765,0.23627172773036256,5.0,1.1394600540892696e-12,True,True,-5.905456420436434,-2.5817939021434957,-2.265700835776476,-2.1536942726477584,-2.0915610041217527,-2.0212578678778206,-1.9807505476859588,-1.953571826781272,-1.933697030994863,-1.918335874485961,-1.905996623265642,,10613,92,1.5,False,False,v1.1-frozen
C0145_T300,manual,0,C0145,C0145,300.0,0.9527639426290988,1.0851482708007096,-549010640010.2377,1.015837521106005,4ad8ba40f9eb,1dab7e7ac807,5e1d50a6e395,0,True,0,46.675,2.931539628227456,1.9761362964621323,114.14094719277912,0.017841246222464545,8.025626420527698e-14,fb8c4bf,2026-10-03T03:21:03+00:00,2.945892678876652,114.99868170374761,True,0.003735231742255659,3.25,1.9761362964621323,0.341665134306269,5.0,1.6488612004212488e-12,True,True,-2.4284487621982715,-2.2088109796034447,-2.094617047142779,-2.020094089110539,-1.9660809099151093,-1.890965041558564,-1.8398139291764528,-1.8019681181500904,-1.7724520159794568,-1.748574813152912,-1.728731938042055,,11198,92,1.5,False,False,v1.1-frozen
C0145_T423,manual,0,C0145,C0145,423.0,0.9527639426290988,1.0851482708007096,-549010640010.2377,1.015837521106005,4ad8ba40f9eb,1dab7e7ac807,5e1d50a6e395,0,True,0,53.963,2.6924002011579895,2.880430993439813,158.30753713389373,0.012193400539067773,1.6897901579650446e-13,fb8c4bf,2026-10-03T03:17:05+00:00,2.699515117923584,158.6463760154679,True,0.004368217797743003,3.25,2.880430993439813,0.23886643974176122,5.0,2.143105251763789e-12,True,True,-2.325978972053767,-2.179759570235472,-2.10724382050235,-2.062038904540592,-2.0304673798159256,-1.9883078534766898,-1.960764244989337,-1.940976205682729,-1.925879562061498,-1.9138751598942574,-1.9040366369950852,,11198,93,1.5,False,False,v1.1-frozen
C0146_T300,manual,0,C0146,C0146,300.0,0.8238846551626922,0.8417947214096785,-1148789780214.429,0.8485994938760997,52849ce17448,1dab7e7ac807,5e1d50a6e395,0,True,0,48.581,3.686044563375584,2.1811365233077757,109.41588035443061,0.01617483403756991,8.0256264205277e-14,fb8c4bf,2026-10-03T03:14:26+00:00,3.7006516555288536,110.10868627704073,True,0.003441533638818409,4.0,2.1811365233077757,0.30868586039669865,5.0,1.989756944111499e-12,True,True,-2.9869746018576766,-2.38992080789134,-2.2098456270736992,-2.108488258918309,-2.040182718662916,-1.9504103659122543,-1.8918937460040743,-1.8496319235982945,-1.8171630261456568,-1.791160166729578,-1.769704079619935,,11900,92,1.5,False,False,v1.1-frozen
C0146_T423,manual,0,C0146,C0146,423.0,0.8238846551626922,0.8417947214096785,-1148789780214.429,0.8485994938760997,52849ce17448,1dab7e7ac807,5e1d50a6e395,0,True,0,52.173,3.462287770183334,3.0897082602596875,150.8930915484229,0.011372738454078612,1.6897901579650449e-13,fb8c4bf,2026-10-03T03:15:08+00:00,3.467459846157146,151.3732852752695,True,0.004170226132447249,4.0,3.0897082602596875,0.22221314359483962,5.0,1.3793806905236954e-12,True,True,-2.6829625959133008,-2.300875880300794,-2.1821628621494638,-2.118917449978396,-2.0782169057924667,-2.027299418129668,-1.9957080224771935,-1.9736538179250716,-1.9571244804489498,-1.9441349484786756,-1.9335763570145885,,11900,92,1.5,False,False,v1.1-frozen
C0147_T300,manual,0,C0147,C0147,300.0,1.1113578107208013,1.1142350900918243,-785793975926.9357,1.128800767287612,9aca98eb2c5f,1dab7e7ac807,5e1d50a6e395,0,True,0,37.617,3.5428756007754787,1.8709209456958171,114.57418489989135,0.018837873227312143,8.025626420527696e-14,fb8c4bf,2026-10-03T03:13:29+00:00,3.560351568307217,114.93544737914607,True,0.004212116089455424,4.0,1.8709209456958171,0.3614597627079996,5.0,6.425797394182808e-13,True,True,-2.7484831717637443,-2.285636085229046,-2.1230622219088433,-2.0285940140611594,-1.9640067338960456,-1.878269328090951,-1.8220306693177233,-1.7813224923463769,-1.7500280237443435,-1.7249681300877202,-1.7042983981098245,,10262,93,1.5,False,False,v1.1-frozen
C0147_T423,manual,0,C0147,C0147,423.0,1.1113578107208013,1.1142350900918243,-785793975926.9357,1.128800767287612,9aca98eb2c5f,1dab7e7ac807,5e1d50a6e395,0,True,0,46.061,3.3026427332155306,2.7355628704634865,159.0409752960469,0.01283404738974043,1.689790157965044e-13,fb8c4bf,2026-10-03T03:12:51+00:00,3.3135326181331974,159.2525262859773,True,0.0048059779680849225,3.75,2.7355628704634865,0.2519928572243978,5.0,9.716377008528454e-13,True,True,-2.524538645589073,-2.225697160943769,-2.119526126356114,-2.0607040541288524,-2.022092675329047,-1.9730455366332802,-1.9422669761389675,-1.920660351480292,-1.9044192743613273,-1.8916363614088014,-1.8812371529572645,,10262,92,1.5,False,False,v1.1-frozen
C0148_T300,manual,0,C0148,C0148,300.0,1.1661494575440885,0.8980074424296618,-668652407824.9932,1.150642555952072,a0a13de4b104,1dab7e7ac807,5e1d50a6e395,0,True,0,41.369,2.711649188992499,1.768014866846478,110.25476609619899,0.01991464008568126,8.025626420527696e-14,fb8c4bf,2026-10-03T03:12:13+00:00,2.7196286610289246,110.70314368402711,True,0.004410557826540142,3.25,1.768014866846478,0.38444684033270937,5.0,1.0848323354107537e-12,True,True,-2.2982387030749516,-2.117176825103196,-2.0172300490330644,-1.9505471485825245,-1.9016495933081832,-1.8329761536674454,-1.7858021651158928,-1.7506880742253836,-1.7231732386431524,-1.7008275381230966,-1.6821944189786278,,10028,92,1.5,False,False,v1.1-frozen
C0148_T423,manual,0,C0148,C0148,423.0,1.1661494575440885,0.8980074424296618,-668652407824.9932,1.150642555952072,a0a13de4b104,1dab7e7ac807,5e1d50a6e395,0,True,0,42.667,2.4836754391258036,2.636046893276403,152.34141374581785,0.013312301713783094,1.6897901579650443e-13,fb8c4bf,2026-10-03T03:12:29+00:00,2.4857300360888788,152.77346795031926,True,0.0051202070678491,3.0,2.636046893276403,0.2621341854641909,5.0,2.2332503943639086e-12,True,True,-2.2305918321477756,-2.1126412087158806,-2.050700508056687,-2.0110723356996933,-1.9829525573046531,-1.9448282216904162,-1.9195471802905857,-1.9011868653270416,-1.8870595060431195,-1.875746847968449,-1.866420255324899,,10028,92,1.5,False,False,v1.1-frozen
C0149_T300,manual,0,C0149,C0149,300.0,0.8536648578941822,1.170473701879382,-1265900663100.183,0.8704924575984478,c510f7a90b43,1dab7e7ac807,5e1d50a6e395,0,True,12,98.968,4.808339615827341,2.2965298892937915,115.88275958623994,0.015384399672902766,8.025626420527698e-14,fb8c4bf,2026-10-03T03:21:29+00:00,4.830350758490735,116.35524510988171,True,0.0033094104021877636,5.25,2.2965298892937915,0.2909502780456891,4.78369140625,1.468581005006357e-12,True,True,-10.577916937748329,-3.264328303133738,-2.4508211805771767,-2.249840607023,-2.1396068883511257,-2.0117418215028144,-1.9354036038687665,-1.8828199263680405,-1.8436325656138068,-1.8129194460419669,-1.787985922537775,,11783,108,1.5,False,False,v1.1-frozen
C0149_T423,manual,0,C0149,C0149,423.0,0.8536648578941822,1.170473701879382,-1265900663100.183,0.8704924575984478,c510f7a90b43,1dab7e7ac807,5e1d50a6e395,0,True,0,49.732,4.566300257405198,3.1656818666593094,160.95993973984136,0.011106673536620867,1.6897901579650454e-13,fb8c4bf,2026-10-03T03:14:46+00:00,4.579418316441202,161.06939335896618,True,0.003931051429493106,5.0,3.1656818666593094,0.216169865416831,5.0,1.6289233034753462e-12,True,True,-7.230448626547654,-2.829828272296454,-2.346788490288768,-2.211085051852572,-2.1401396360277856,-2.062751270285712,-2.0194099452906187,-1.9908336012177696,-1.9702018427024905,-1.9544159933550556,-1.9418413181293408,,11783,92,1.5,False,False,v1.1-frozen
C0150_T300,manual,0,C0150,C0150,300.0,0.920055590197444,0.90290216691792,-931868585757.9113,1.0877266097813845,ada46d586ac3,1dab7e7ac807,5e1d50a6e395,0,True,0,32.79,3.3383023446621634,1.9208222783400828,110.4198103414914,0.018345093357583813,8.025626420527698e-14,fb8c4bf,2026-10-03T03:08:53+00:00,3.3633267445026704,111.36173432378726,True,0.004298245410208611,3.75,1.9208222783400828,0.35248695630316007,5.0,1.5117111473669477e-12,True,True,-2.5733787303266342,-2.2386223668403717,-2.099235573401617,-2.01515261085069,-1.9567517224970834,-1.8783709831833078,-1.8265409459914068,-1.7888542449887008,-1.759797010518389,-1.7364800737919075,-1.7172183207254537,,11432,93,1.5,False,False,v1.1-frozen
C0150_T423,manual,0,C0150,C0150,423.0,0.920055590197444,0.90290216691792,-931868585757.9113,1.0877266097813845,ada46d586ac3,1dab7e7ac807,5e1d50a6e395,0,True,0,37.284,3.1116490520077686,2.8550332693690628,152.54798836049832,0.012299379891048194,1.689790157965044e-13,fb8c4bf,2026-10-03T03:09:05+00:00,3.1251533701392833,152.6938191991588,True,0.004836776257055817,3.5,2.8550332693690628,0.241250718839228,5.0,2.7980617043831776e-12,True,True,-2.418921983413108,-2.199413861116244,-2.1112000791443366,-2.060590175159413,-2.026817679608978,-1.983374768142528,-1.955835491994061,-1.9363853556693238,-1.921705212938534,-1.9101167842260374,-1.9006686605669982,,11432,91,1.5,False,False,v1.1-frozen
C0151_T300,manual,0,C0151,C0151,300.0,1.0075711842626334,1.0288612108677626,-1006594512611.6276,0.9833075892180204,3efb0cf31193,1dab7e7ac807,5e1d50a6e395,0,True,0,36.154,3.8534554445472855,2.0231336989131288,113.0627016035225,0.01743295826110919,8.025626420527695e-14,fb8c4bf,2026-10-03T03:12:18+00:00,3.8790415261984315,113.76291597208078,True,0.0038143274358333986,4.25,2.0231336989131288,0.33313561413417636,5.0,1.7206748280483328e-12,True,True,-3.3616449212617994,-2.4082541254902075,-2.201687440094516,-2.0911097584706946,-2.018067889622276,-1.9234397079276326,-1.862459830644891,-1.8187289981868697,-1.785299457989734,-1.7586289096506424,-1.7366877774312774,,10847,93,1.5,False,False,v1.1-frozen
C0151_T423,manual,0,C0151,C0151,423.0,1.0075711842626334,1.0288612108677626,-1006594512611.6276,0.9833075892180204,3efb0cf31193,1dab7e7ac807,5e1d50a6e395,0,True,0,34.053,3.6193269492768705,2.883852850265804,156.63348238359254,0.012179145100125376,1.6897901579650446e-13,fb8c4bf,2026-10-03T03:08:05+00:00,3.632820488605333,156.68991659620312,True,0.004372873739604253,4.0,2.883852850265804,0.23855672631081298,5.0,1.995664163922614e-12,True,True,-2.8553882993700075,-2.3099422158725686,-2.171905621330843,-2.1015288143702695,-2.057093971155517,-2.002283706323641,-1.9686656192815741,-1.9453631279664312,-1.9279863309391112,-1.914383195391857,-1.9033593364168682,,10847,91,1.5,False,False,v1.1-frozen
C0152_T300,manual,0,C0152,C0152,300.0,1.0392777018249035,0.8005221370607615,-964444653131.0676,0.8998957797884941,c13ed3735a34,1dab7e7ac807,5e1d50a6e395,0,True,0,49.506,3.1288827759614137,1.9962690934320728,108.44909537609193,0.01765505672990404,8.025626420527695e-14,fb8c4bf,2026-10-03T03:15:09+00:00,3.154222996716769,109.191294629159,True,0.003795657529035197,3.5,1.9962690934320728,0.33894269810591127,5.0,7.968140036673788e-13,True,True,-2.5095023485533465,-2.2441421251181874,-2.1171991784039506,-2.03691255482018,-1.979659260775837,-1.9009783993430578,-1.847797004994015,-1.8085397803243242,-1.7779239257896369,-1.75313088260699,-1.732494102144328,,10613,93,1.5,False,False,v1.1-frozen
C0152_T423,manual,0,C0152,C0152,423.0,1.0392777018249035,0.8005221370607615,-964444653131.0676,0.8998957797884941,c13ed3735a34,1dab7e7ac807,5e1d50a6e395,0,True,0,40.186,2.9100179548602196,2.840279975215969,149.45873294993729,0.01236134524186023,1.689790157965045e-13,fb8c4bf,2026-10-03T03:12:59+00:00,2.9211982948523785,149.98563831628127,True,0.0043636310553667275,3.25,2.840279975215969,0.2426948418343802,5.0,2.303224882389677e-12,True,True,-2.374126833668205,-2.1948782066181574,-2.1132173920567694,-2.0640333272199967,-2.0302947148237975,-1.9858194022726905,-1.9569845996901116,-1.9363052739008362,-1.9205154723282996,-1.907934263929593,-1.897596242752761,,10613,93,1.5,False,False,v1.1-frozen
C0153_T300,manual,0,C0153,C0153,300.0,0.9268485106527804,1.1311916198581458,-1100998239591.7178,1.1790699370205402,fb9df686218e,1dab7e7ac807,5e1d50a6e395,0,True,0,50.13,4.3111855522340985,1.9439119230568942,114.83044015231548,0.01813885676789908,8.0256264205277e-14,fb8c4bf,2026-10-03T03:21:54+00:00,4.33241003768366,115.35968002499075,True,0.0043387667038691105,4.75,1.9439119230568942,0.3471022577483807,5.0,1.4690773636873765e-12,True,True,-6.32935295666649,-2.554134203465157,-2.2294882783938226,-2.0919567674301014,-2.0084512672026906,-1.9065043609421275,-1.8437919885125196,-1.800038550864502,-1.7672147336834252,-1.7413900885570146,-1.720375195313091,,11315,93,1.5,False,False,v1.1-frozen
C0153_T423,manual,0,C0153,C0153,423.0,0.9268485106527804,1.1311916198581458,-1100998239591.7178,1.1790699370205402,fb9df686218e,1dab7e7ac807,5e1d50a6e395,0,True,0,54.884,4.070227271964496,2.8783775692247473,159.48610555769193,0.012203113168688273,1.6897901579650443e-13,fb8c4bf,2026-10-03T03:18:00+00:00,4.082473933496025,159.62360470983216,True,0.004844405611062251,4.5,2.8783775692247473,0.2389305057971268,5.0,1.878953396118835e-12,True,True,-4.353303874359685,-2.4076309965443974,-2.1961532418788763,-2.109088813257173,-2.058695132299422,-2.000316487904754,-1.9662339095453816,-1.9432779781497658,-1.9264876657971184,-1.9135293611688875,-1.9031438499342743,,11315,92,1.5,False,False,v1.1-frozen
C0154_T300,manual,0,C0154,C0154,300.0,0.8994340669363737,0.9987761411815882,-700315779075.0265,0.961929577961564,9247f4e4fbb0,1dab7e7ac807,5e1d50a6e395,0,True,0,49.09,3.067812626153139,2.0362288206059382,112.49468757440617,0.017317938188993465,8.025626420527696e-14,fb8c4bf,2026-10-03T03:15:15+00:00,3.0913526965313745,113.2173627464208,True,0.00376369707952005,3.5,2.0362288206059382,0.3313129504337138,5.0,1.811627226624334e-12,True,True,-2.489906911177497,-2.2410242566396064,-2.1184795867530157,-2.0401378715407885,-1.9839847365044063,-1.9065977663505458,-1.8542772702800547,-1.8157217338753193,-1.7857273488970766,-1.7615038147692648,-1.7413968435787264,,11549,93,1.5,False,False,v1.1-frozen
C0154_T423,manual,0,C0154,C0154,423.0,0.8994340669363737,0.9987761411815882,-700315779075.0265,0.961929577961564,9247f4e4fbb0,1dab7e7ac807,5e1d50a6e395,0,True,0,51.27,2.8350100578162603,2.9493094634854233,155.71255238262577,0.011910533951906822,1.689790157965045e-13,fb8c4bf,2026-10-03T03:15:59+00:00,2.848962933763398,155.86368338754036,True,0.004389580467774862,3.25,2.9493094634854233,0.2331144173654871,5.0,9.72416591693559e-13,True,True,-2.3681561382837413,-2.2017493003021187,-2.123553571361635,-2.075911826746246,-2.0430651180001638,-1.9996722231551451,-1.9715685615618799,-1.9514770495287241,-1.9361955746698025,-1.9240687685618267,-1.9141439234224529,,11549,92,1.5,False,False,v1.1-frozen
C0155_T300,manual,0,C0155,C0155,300.0,1.1870046880096197,1.0696569677442311,-1361224655993.2827,1.0669355388730764,ddf9f684b4f9,1dab7e7ac807,5e1d50a6e395,0,True,0,37.478,4.77414326102089,1.9566587040508305,113.77264650676588,0.01802558022724567,8.025626420527696e-14,fb8c4bf,2026-10-03T03:14:07+00:00,4.785028029517784,113.66372270525372,True,0.004045925267485217,5.25,1.9566587040508305,0.34433789371200474,5.0,1.0890605396643277e-12,True,True,-10.425080815545144,-3.123117171820093,-2.3580548571638333,-2.1641415581370342,-2.0578198468030586,-1.934798203717998,-1.8615322015795457,-1.8111197293129895,-1.773558595999153,-1.7441107468340344,-1.7201889927863856,,9794,93,1.5,False,False,v1.1-frozen
C0155_T423,manual,0,C0155,C0155,423.0,1.1870046880096197,1.0696569677442311,-1361224655993.2827,1.0669355388730764,ddf9f684b4f9,1dab7e7ac807,5e1d50a6e395,0,True,0,43.759,4.535725948036957,2.7674947951474946,157.7637904286544,0.012688121108333127,1.6897901579650443e-13,fb8c4bf,2026-10-03T03:13:35+00:00,4.544431564514714,158.0358764360593,True,0.0047121323673229125,5.0,2.7674947951474946,0.24886245859734535,5.0,1.2728620331979854e-12,True,True,-7.12021889043646,-2.7296857657049043,-2.27164717458062,-2.142372005828631,-2.0747561295757944,-2.0008792953044563,-1.9593527829506237,-1.9318564352189518,-1.9119194065652592,-1.8966026846584252,-1.8843550018595938,,9794,92,1.5,False,False,v1.1-frozen
C0156_T300,manual,0,C0156,C0156,300.0,1.1417963348329068,0.9424885775893926,-1244083318859.3389,1.0387773156166076,20590699e235,1dab7e7ac807,5e1d50a6e395,0,True,0,41.734,4.175926590032242,1.9336906277351353,111.28013811481208,0.018230635908541237,8.025626420527695e-14,fb8c4bf,2026-10-03T03:12:55+00:00,4.191359020669876,112.14865380463857,True,0.003982808242698959,4.5,1.9336906277351353,0.349359309565289,5.0,1.1435600730247408e-12,True,True,-5.241840184695846,-2.501424449316143,-2.222748539252212,-2.0929323618785527,-2.0115211266561532,-1.909749071925718,-1.8458520862088112,-1.8006546879824459,-1.7663890036612515,-1.7391981823184859,-1.7169111084647006,,10145,92,1.5,False,False,v1.1-frozen
C0156_T423,manual,0,C0156,C0156,423.0,1.1417963348329068,0.9424885775893926,-1244083318859.3389,1.0387773156166076,20590699e235,1dab7e7ac807,5e1d50a6e395,0,True,0,45.958,3.9452452381123,2.7633998274975267,153.8661927921794,0.012704957674443964,1.6897901579650446e-13,fb8c4bf,2026-10-03T03:13:15+00:00,3.9520440358168063,154.4391802657701,True,0.004664084334465813,4.5,2.7633998274975267,0.24944281286731398,5.0,2.645584142370328e-12,True,True,-3.7462272981483453,-2.3677666470645966,-2.1807038858646415,-2.097101534880266,-2.0470905869040146,-1.9876758889245858,-1.9522081529162174,-1.9279561265630596,-1.9100101606225175,-1.8960267774287278,-1.8847278614152867,,10145,93,1.5,False,False,v1.1-frozen
C0157_T300,manual,0,C0157,C0157,300.0,0.8292142696678639,1.013395482674241,-817426892928.7792,0.9338225297629832,48fa1c755aa2,1dab7e7ac807,5e1d50a6e395,0,True,0,53.088,3.3785306106317825,2.115869646244688,112.83510184708202,0.016673847436324704,8.025626420527699e-14,fb8c4bf,2026-10-03T03:22:22+00:00,3.403282142332441,113.70659953388463,True,0.0036273092091024858,3.75,2.115869646244688,0.31811542297185386,5.0,9.017751823048314e-13,True,True,-2.6647596361651806,-2.30981782273276,-2.1632316750434204,-2.074556037151484,-2.012761583874455,-1.9295140541134985,-1.874267803204519,-1.8340089028284892,-1.802926609957089,-1.7779641765624727,-1.75733313007809,,11900,93,1.5,False,False,v1.1-frozen
C0157_T423,manual,0,C0157,C0157,423.0,0.8292142696678639,1.013395482674241,-817426892928.7792,0.9338225297629832,48fa1c755aa2,1dab7e7ac807,5e1d50a6e395,0,True,0,56.31,3.1458171217074096,3.051835765045995,156.2145260720753,0.011514549307398987,1.6897901579650446e-13,fb8c4bf,2026-10-03T03:15:42+00:00,3.1579608473830945,156.67297376038903,True,0.004129347151722088,3.5,3.051835765045995,0.22488440364474632,5.0,1.1150901361657019e-12,True,True,-2.486726448499154,-2.2504634039900457,-2.1555329120763833,-2.1009723930511113,-2.064527104779781,-2.0176343097836837,-1.9879316494274397,-1.9669828228373194,-1.951196056538211,-1.9387530561487485,-1.9286226341300168,,11900,93,1.5,False,False,v1.1-frozen
C0158_T300,manual,0,C0158,C0158,300.0,0.9941401582211256,0.8567604955285788,-1483856431208.551,1.100959037616849,1291a496754d,1dab7e7ac807,5e1d50a6e395,0,True,0,33.942,4.488555760574233,1.930050295183696,109.42260419603289,0.018260621763548205,8.025626420527696e-14,fb8c4bf,2026-10-03T03:09:27+00:00,4.491018207662047,109.5143428554568,True,0.004329589975651938,5.0,1.930050295183696,0.35048211433946314,5.0,1.2246106906310672e-12,True,True,-8.021261745457002,-2.6740441962567014,-2.2571440344359894,-2.103839756570011,-2.0143733587748702,-1.907753336540717,-1.8431607331668696,-1.7983694915127524,-1.7648455312847426,-1.7384844390754972,-1.71702503493348,,10964,92,1.5,False,False,v1.1-frozen
C0158_T423,manual,0,C0158,C0158,423.0,0.9941401582211256,0.8567604955285788,-1483856431208.551,1.100959037616849,1291a496754d,1dab7e7ac807,5e1d50a6e395,0,True,0,34.183,4.263553584691776,2.8224804407106645,151.06684671106862,0.01244008024685753,1.6897901579650446e-13,fb8c4bf,2026-10-03T03:09:39+00:00,4.267592360937278,151.2731990671179,True,0.005036450668320421,4.75,2.8224804407106645,0.2441376481406618,5.0,2.233044503187144e-12,True,True,-5.50996416063778,-2.4792326534722187,-2.2080878369335926,-2.1101535976336856,-2.0558389347338193,-1.9945345809188193,-1.9593087357260748,-1.9357146509063692,-1.9184823169555822,-1.9051768181456012,-1.8944985386169808,,10964,92,1.5,False,False,v1.1-frozen
C0159_T300,manual,0,C0159,C0159,300.0,1.0815579053014517,1.1874038908630609,-581556253135.2043,0.8217353295534849,945eecc35628,1dab7e7ac807,5e1d50a6e395,0,True,12,64.139,3.2653333221888783,2.1649043258444416,116.24448093380934,0.01630600018645983,8.025626420527698e-14,fb8c4bf,2026-10-03T03:13:22+00:00,3.272936819293457,116.34963906016482,True,0.003128549468234174,3.75,2.1649043258444416,0.30994198361497977,4.9052734375,9.648211049539945e-13,True,True,-2.6515629658263267,-2.3389689794488224,-2.1960149652473264,-2.1061522457937194,-2.042068279426181,-1.9538480640805511,-1.8941032683698955,-1.8499611150891424,-1.8155292130847527,-1.7876525570458117,-1.764460129425305,,10496,107,1.5,False,False,v1.1-frozen
C0159_T423,manual,0,C0159,C0159,423.0,1.0815579053014517,1.1874038908630609,-581556253135.2043,0.8217353295534849,945eecc35628,1dab7e7ac807,5e1d50a6e395,0,True,0,31.31,3.021609569318757,2.9495820263184083,161.50205457109777,0.01191133289537773,1.689790157965045e-13,fb8c4bf,2026-10-03T03:08:37+00:00,3.027850734614317,161.8830495984288,True,0.003826322802461861,3.5,2.9495820263184083,0.23287693965543957,5.0,2.99499827354824e-12,True,True,-2.4794700823736306,-2.262252604867752,-2.1654232508023945,-2.107304561076211,-2.0674816403341705,-2.015075595771139,-1.981214000985678,-1.9570276418560186,-1.9386362192254514,-1.924039637617294,-1.9120889485347181,,10496,92,1.5,False,False,v1.1-frozen
C0160_T300,manual,0,C0160,C0160,300.0,1.0791822891682386,0.9303420521318913,-758827797137.2008,0.9774698253721,9e59ebc59583,1dab7e7ac807,5e1d50a6e395,0,True,0,49.987,3.0215221105238363,1.940033277058356,111.1136333797218,0.018166847763218613,8.025626420527699e-14,fb8c4bf,2026-10-03T03:16:00+00:00,3.031761617588943,111.04421637729112,True,0.0038775526445208445,3.5,1.940033277058356,0.34866282102182283,5.0,7.148413805335707e-13,True,True,-2.455485135765331,-2.216675551349984,-2.0966751251257616,-2.019356846237758,-1.9636766393072005,-1.8865828103790083,-1.834205129162501,-1.7954577118081243,-1.7652149413761162,-1.7407204231490094,-1.7203361073578534,,10496,93,1.5,False,False,v1.1-frozen
C0160_T423,manual,0,C0160,C0160,423.0,1.0791822891682386,0.9303420521318913,-758827797137.2008,0.9774698253721,9e59ebc59583,1dab7e7ac807,5e1d50a6e395,0,True,0,41.661,2.7917322098496538,2.789640086829264,153.57685129543418,0.012585475502534598,1.6897901579650454e-13,fb8c4bf,2026-10-03T03:13:41+00:00,2.8018468538969965,153.8501915550835,True,0.0046094076018265585,3.25,2.789640086829264,0.24710684093309607,5.0,1.4857083268224945e-12,True,True,-2.338536475360191,-2.1779373263867057,-2.1009826468410373,-2.053658170604462,-2.020827830904701,-1.9771745212603877,-1.9487033388400405,-1.9282351522459684,-1.9125937186100115,-1.900130371357118,-1.8898930688049282,,10496,92,1.5,False,False,v1.1-frozen
C0161_T300,manual,0,C0161,C0161,300.0,0.9916055675595998,1.001226012408733,-1177678398787.975,1.0951208774000407,ab9cd96594ea,1dab7e7ac807,5e1d50a6e395,0,True,0,49.795,4.1734915578402285,1.949240700181788,112.39914752970847,0.018086635485837117,8.025626420527698e-14,fb8c4bf,2026-10-03T03:22:44+00:00,4.1890172589305426,112.81108903097736,True,0.004084248607833047,4.5,1.949240700181788,0.34643224238760567,5.0,1.9776525601463832e-12,True,True,-5.217396987988849,-2.491094427929269,-2.215106524490271,-2.0872366146998367,-2.007332117125073,-1.9078493098468026,-1.8456893154246765,-1.8018981110271446,-1.7688144512485335,-1.7426422140043996,-1.7212487026640917,,10964,93,1.5,False,False,v1.1-frozen
C0161_T423,manual,0,C0161,C0161,423.0,0.9916055675595998,1.001226012408733,-1177678398787.975,1.0951208774000407,ab9cd96594ea,1dab7e7ac807,5e1d50a6e395,0,True,0,56.594,3.939048916268778,2.8415550516689185,155.66163268932075,0.012358680358397293,1.6897901579650446e-13,fb8c4bf,2026-10-03T03:18:57+00:00,3.946386246577832,156.01438319863658,True,0.004674491952762684,4.5,2.8415550516689185,0.24228092976377755,5.0,2.095864427898661e-12,True,True,-3.7201244896327594,-2.364741125114199,-2.182132751073773,-2.1009744764185934,-2.0526153406057004,-1.9954132969202847,-1.9614417281767165,-1.938314052540676,-1.9212658876621402,-1.9080279000937352,-1.8973647663781703,,10964,93,1.5,False,False,v1.1-frozen
C0162_T300,manual,0,C0162,C0162,300.0,0.8315261088311673,0.8688097544014455,-530772481113.6722,0.8653854735195637,91157b41e19d,1dab7e7ac807,5e1d50a6e395,0,True,0,48.838,2.32792110589643,2.092405092738927,109.96321643984646,0.01685132755854269,8.025626420527696e-14,fb8c4bf,2026-10-03T03:16:04+00:00,2.353572050839949,110.82878864388147,True,0.003571745914866996,2.75,2.092405092738927,0.32265805722203167,5.0,1.716141509484913e-12,True,True,-2.307585405340251,-2.1654498128745456,-2.0785951667215086,-2.017762638567322,-1.9718285791761827,-1.9055976275320914,-1.8590502157781013,-1.8239066724866697,-1.7961024034397215,-1.7733658794431855,-1.7543101668621854,,11900,93,1.5,False,False,v1.1-frozen
C0162_T423,manual,0,C0162,C0162,423.0,0.8315261088311673,0.8688097544014455,-530772481113.6722,0.8653854735195637,91157b41e19d,1dab7e7ac807,5e1d50a6e395,0,True,0,51.211,2.1036221920095315,3.0240878173882115,151.7604716385097,0.011617027119131115,1.6897901579650443e-13,fb8c4bf,2026-10-03T03:16:51+00:00,2.1183948646422994,151.65741258539524,True,0.004242029444232684,2.5,3.0240878173882115,0.22727589687254726,5.0,1.049006367881411e-12,True,True,-2.246072688570672,-2.1541885138652135,-2.1009029168898254,-2.0651284441407753,-2.0390097172329766,-2.0027218054307094,-1.9781702211488565,-1.9601328726669875,-1.9461532650331586,-1.9349049968118026,-1.9256006116475097,,11900,91,1.5,False,False,v1.1-frozen
C0163_T300,manual,0,C0163,C0163,300.0,1.1439491935074328,1.1994760766625403,-1409643742255.8665,1.157305829226971,f92de86fa1b3,1dab7e7ac807,5e1d50a6e395,0,True,0,38.632,5.188386962688785,1.9430648457137054,116.10935895908314,0.018154451331344093,8.025626420527695e-14,fb8c4bf,2026-10-03T03:14:46+00:00,5.200709146543921,116.56457398186993,True,0.004094733311153327,5.75,1.9430648457137054,0.34644540142958047,5.0,8.653129697289106e-13,True,True,-13.09552105981267,-5.303890482493045,-2.496108693705402,-2.212538891512569,-2.0818152880054868,-1.9421318826391305,-1.863050487478934,-1.8100204603059327,-1.7711465333013265,-1.7410168719160768,-1.7167518267173456,,10145,92,1.5,False,False,v1.1-frozen
C0163_T423,manual,0,C0163,C0163,423.0,1.1439491935074328,1.1994760766625403,-1409643742255.8665,1.157305829226971,f92de86fa1b3,1dab7e7ac807,5e1d50a6e395,0,True,0,47.851,4.942816317996438,2.7785410133327537,161.48273615742647,0.012639199326708433,1.6897901579650446e-13,fb8c4bf,2026-10-03T03:14:23+00:00,4.949458135743043,161.77664329970798,True,0.004702543185233317,5.5,2.7785410133327537,0.2477156301440243,5.0,2.1658059554280235e-12,True,True,-9.597590772282315,-3.742125839698461,-2.365861624669643,-2.1772299263795145,-2.0930976778351598,-2.0084795927528614,-1.9634862763577443,-1.934535336559176,-1.9139192335516275,-1.8982804370509527,-1.8858938987865612,,10145,93,1.5,False,False,v1.1-frozen
C0164_T300,manual,0,C0164,C0164,300.0,1.176865066215396,0.8125970348715783,-1042410796508.193,1.1354190301150084,3e71ee64d06e,1dab7e7ac807,5e1d50a6e395,0,True,0,41.264,3.330867827839833,1.7836032847246448,108.44117210181558,0.01974082862385486,8.025626420527698e-14,fb8c4bf,2026-10-03T03:13:37+00:00,3.3554148562080464,109.29771926328924,True,0.004632775622480346,3.75,1.7836032847246448,0.38110644363245183,5.0,1.4313718656211928e-12,True,True,-2.538761405401471,-2.205860745030308,-2.0670633400451472,-1.9833398150202686,-1.925165761775089,-1.8469877691541117,-1.7951614409042158,-1.7573702889109217,-1.7281487659372277,-1.7046346217162855,-1.6851583357905844,,9911,93,1.5,False,False,v1.1-frozen
C0164_T423,manual,0,C0164,C0164,423.0,1.176865066215396,0.8125970348715783,-1042410796508.193,1.1354190301150084,3e71ee64d06e,1dab7e7ac807,5e1d50a6e395,0,True,0,42.524,3.110379509227634,2.642050274148566,149.56525070872806,0.013281651146739197,1.6897901579650446e-13,fb8c4bf,2026-10-03T03:13:58+00:00,3.1238262319820893,149.86411081400507,True,0.005205114873386835,3.5,2.642050274148566,0.26158315997798426,5.0,2.2577100171288713e-12,True,True,-2.3884305971364026,-2.1686100190190234,-2.0802373449373963,-2.0294436840781405,-1.9954667838133406,-1.9515905399847633,-1.9236202339627375,-1.9037594136185387,-1.888694514561073,-1.876747931041599,-1.866967024643191,,9911,93,1.5,False,False,v1.1-frozen
C0165_T300,manual,0,C0165,C0165,300.0,0.8894290115684271,1.1432374633848668,-898036126978.6954,0.8435497511178256,473cf1de3efe,1dab7e7ac807,5e1d50a6e395,0,True,11,90.04,3.8924220296566454,2.2432663768742245,115.41047598670318,0.01574179424167324,8.025626420527699e-14,fb8c4bf,2026-10-03T03:23:53+00:00,3.9161571169024922,116.12262483925862,True,0.0032153573230750063,4.25,2.2432663768742245,0.2986235977098204,4.861328125,2.1550776449426872e-12,True,True,-3.528904998751068,-2.485217087071753,-2.269123026433685,-2.153510292052615,-2.076946036721626,-1.977395979616117,-1.9130006323913185,-1.8667052205970367,-1.8312572186700924,-1.8029457684923211,-1.7796382670005504,,11432,106,1.5,False,False,v1.1-frozen
C0165_T423,manual,0,C0165,C0165,423.0,0.8894290115684271,1.1432374633848668,-898036126978.6954,0.8435497511178256,473cf1de3efe,1dab7e7ac807,5e1d50a6e395,0,True,0,47.857,3.653073962136428,3.10277085040269,160.2003222091486,0.011328626488628427,1.6897901579650449e-13,fb8c4bf,2026-10-03T03:16:30+00:00,3.6649057767124784,160.45545940638394,True,0.0037246948047864868,4.25,3.10277085040269,0.22087278076857814,5.0,1.4511378131930774e-12,True,True,-2.9564329679819474,-2.3688574467515395,-2.2215052789400564,-2.1462470430432714,-2.0986571308058033,-2.0399023394507867,-2.0038716028936436,-1.9789233114057718,-1.9603450637142645,-1.9458227419079301,-1.934070886608291,,11432,93,1.5,False,False,v1.1-frozen
C0166_T300,manual,0,C0166,C0166,300.0,0.9370214395225048,0.986603219807148,-1310444966889.918,1.023287480324507,a34e5c4d0394,1dab7e7ac807,5e1d50a6e395,0,True,0,34.582,4.44826036362699,2.0403740841426266,112.19040697228888,0.017287232077503496,8.025626420527698e-14,fb8c4bf,2026-10-03T03:10:02+00:00,4.459365102225399,112.58591950440511,True,0.003845535088070659,5.0,2.0403740841426266,0.3301747490427978,5.0,2.0836828602172476e-12,True,True,-7.54521734601977,-2.680625163784465,-2.2885097753967165,-2.1365827760577294,-2.046352559849049,-1.9374654467263495,-1.8708811560948366,-1.8244922588433299,-1.789684180083608,-1.7622745376513083,-1.739944253017131,,11315,92,1.5,False,False,v1.1-frozen
C0166_T423,manual,0,C0166,C0166,423.0,0.9370214395225048,0.986603219807148,-1310444966889.918,1.023287480324507,a34e5c4d0394,1dab7e7ac807,5e1d50a6e395,0,True,0,35.027,4.2148473894603145,2.9325592128174103,155.29411356522715,0.011978568019396025,1.6897901579650438e-13,fb8c4bf,2026-10-03T03:10:15+00:00,4.2193197579647315,155.7778365207716,True,0.0045354895282449445,4.75,2.9325592128174103,0.23443569227081779,5.0,2.0841418166336193e-12,True,True,-5.17457772579742,-2.4898597905305264,-2.2317075507520507,-2.133462057558477,-2.077986108300234,-2.0146637996397576,-1.978029105007505,-1.9534358759983539,-1.935465666081159,-1.9215950966750615,-1.9104709293613271,,11315,92,1.5,False,False,v1.1-frozen
C0167_T300,manual,0,C0167,C0167,300.0,1.0495851911604404,1.0575130708515643,-626091914251.4468,0.9055867791175842,0a1ebc43eaa3,1dab7e7ac807,5e1d50a6e395,0,True,0,34.894,3.049685815973799,2.0436048212206726,113.72727080173495,0.01725889008054663,8.025626420527699e-14,fb8c4bf,2026-10-03T03:13:57+00:00,3.0698454418573706,114.07367725714657,True,0.00352798622147007,3.5,2.0436048212206726,0.3297619053644914,5.0,8.324365502465625e-13,True,True,-2.506943968953531,-2.2591292889792625,-2.134765840357896,-2.0544379046031933,-1.9964471093870944,-1.9159336161214882,-1.8610916021501043,-1.820458036746354,-1.788713090781663,-1.7629871372067514,-1.7415707231575632,,10613,93,1.5,False,False,v1.1-frozen
C0167_T423,manual,0,C0167,C0167,423.0,1.0495851911604404,1.0575130708515643,-626091914251.4468,0.9055867791175842,0a1ebc43eaa3,1dab7e7ac807,5e1d50a6e395,0,True,0,31.374,2.8133364971403214,2.8771704395137463,157.59759809691582,0.012207030364233153,1.6897901579650446e-13,fb8c4bf,2026-10-03T03:09:08+00:00,2.8261756926643837,157.692198685169,True,0.004209611369168568,3.25,2.8771704395137463,0.23914876460036136,5.0,1.977433893632614e-12,True,True,-2.377038514857096,-2.207826361747282,-2.126492522869185,-2.0763488877745804,-2.041510168924994,-1.995144337287706,-1.9649032672712055,-1.9431780078097378,-1.9265921258253305,-1.9133899751450416,-1.9025568177549692,,10613,92,1.5,False,False,v1.1-frozen
C0168_T300,manual,0,C0168,C0168,300.0,1.0035598259419205,0.8857659310102463,-1340125712566.0776,0.8143350537866354,90461a02404d,1dab7e7ac807,5e1d50a6e395,0,True,0,49.265,4.259566889489656,2.1976786830763455,110.3898159550093,0.016059392463547078,8.025626420527695e-14,fb8c4bf,2026-10-03T03:16:49+00:00,4.264696977128727,110.355344216999,True,0.003340821722026175,4.75,2.1976786830763455,0.3057151654618412,5.0,1.1762966395363917e-12,True,True,-5.902753627276811,-2.619780315930371,-2.3124404952366993,-2.1729988166305376,-2.086000276214762,-1.977315832845296,-1.9089438154790428,-1.8604500911999808,-1.823589373154972,-1.794270888367412,-1.7701905430391698,,10847,92,1.5,False,False,v1.1-frozen
C0168_T423,manual,0,C0168,C0168,423.0,1.0035598259419205,0.8857659310102463,-1340125712566.0776,0.8143350537866354,90461a02404d,1dab7e7ac807,5e1d50a6e395,0,True,0,43.124,4.03293192049183,2.997910896932172,152.37434696512287,0.011718724058718582,1.6897901579650446e-13,fb8c4bf,2026-10-03T03:14:24+00:00,4.041996627760128,152.7118431527582,True,0.004139749416132325,4.5,2.997910896932172,0.22920897120569406,5.0,1.5963890842132852e-12,True,True,-4.161811299810916,-2.453209127219033,-2.241969695993305,-2.149828926674906,-2.0951433375413946,-2.030483888529552,-1.991999411903492,-1.9657140450241388,-1.9462703607822671,-1.931119671971843,-1.9188748355696719,,10847,92,1.5,False,False,v1.1-frozen
C0169_T300,manual,0,C0169,C0169,300.0,0.9160805698484182,1.1582031421363357,-719431374222.0402,1.1067907933145762,fb9315a04561,1dab7e7ac807,5e1d50a6e395,0,True,0,51.334,3.495199023049477,1.9605820272777492,115.39110507592343,0.01798436844735677,8.025626420527695e-14,fb8c4bf,2026-10-03T03:23:35+00:00,3.496198283867278,115.61428693562581,True,0.004028078870895235,4.0,1.9605820272777492,0.34420405564380596,5.0,9.858502902915234e-13,True,True,-2.7126701249437266,-2.288832245764246,-2.132598766531102,-2.0409450280100154,-1.978060146517675,-1.8944425213629816,-1.8395869743452125,-1.7999163474727666,-1.7694591260589734,-1.7451048085901928,-1.7250467390543194,,11432,90,1.5,False,False,v1.1-frozen
C0169_T423,manual,0,C0169,C0169,423.0,0.9160805698484182,1.1582031421363357,-719431374222.0402,1.1067907933145762,fb9315a04561,1dab7e7ac807,5e1d50a6e395,0,True,0,55.213,3.2519032595363786,2.8949675536718456,160.35314676875467,0.012133599760276441,1.6897901579650449e-13,fb8c4bf,2026-10-03T03:19:53+00:00,3.2524956709064536,160.7386927525023,True,0.004623524326407354,3.75,2.8949675536718456,0.23752393636485503,5.0,1.2303318551617857e-12,True,True,-2.508893702321406,-2.2351908982369353,-2.1344157408036133,-2.0781173373719026,-2.0410578579041587,-1.9939447177000855,-1.9644096438539922,-1.9437166132966153,-1.9281972080289744,-1.916010334822183,-1.906118288284637,,11432,92,1.5,False,False,v1.1-frozen
C0170_T300,manual,0,C0170,C0170,300.0,0.8574659548699857,0.9148503363132476,-1073002330958.8431,0.9271530576050282,ea5555c2afd0,1dab7e7ac807,5e1d50a6e395,0,True,0,47.991,3.711661618925063,2.104286312791975,110.83998190189759,0.016762462402407797,8.025626420527698e-14,fb8c4bf,2026-10-03T03:16:53+00:00,3.7203143782330166,111.39811335040606,True,0.0036168449009723897,4.25,2.104286312791975,0.3201867996117034,5.0,1.0800432495730205e-12,True,True,-3.0151042931844527,-2.376679523123567,-2.1937033969586137,-2.0916647947112303,-2.023199510213332,-1.9335646234080466,-1.8753638279648173,-1.8334543428212748,-1.8013338525492715,-1.7756621832459458,-1.7545160973222647,,11666,92,1.5,False,False,v1.1-frozen
C0170_T423,manual,0,C0170,C0170,423.0,0.8574659548699857,0.9148503363132476,-1073002330958.8431,0.9271530576050282,ea5555c2afd0,1dab7e7ac807,5e1d50a6e395,0,True,0,51.738,3.4829193736653936,3.019504360090046,153.1488735997132,0.011635636588438683,1.6897901579650454e-13,fb8c4bf,2026-10-03T03:17:43+00:00,3.4852431924396168,153.60355634633427,True,0.004353005837033273,4.0,3.019504360090046,0.22751246544550252,5.0,1.0481377864159785e-12,True,True,-2.691684875077822,-2.2922213138787,-2.1719392518255685,-2.1083484401347854,-2.0675787392873115,-2.0167428726186394,-1.9853073530914374,-1.9634189390590393,-1.9470495522111544,-1.934209851373105,-1.9237901997452154,,11666,92,1.5,False,False,v1.1-frozen
C0171_T300,manual,0,C0171,C0171,300.0,1.1699868865311145,1.040838410705328,-990457228384.912,1.0438781008124352,7f1101405f93,1dab7e7ac807,5e1d50a6e395,0,True,0,39.936,3.8421280357832837,1.9220231848785378,113.24441551369169,0.01834229517240529,8.025626420527698e-14,fb8c4bf,2026-10-03T03:15:26+00:00,3.8671790391057854,114.11215983981171,True,0.004021683886625835,4.25,1.9220231848785378,0.3513577433462987,5.0,1.379069884099832e-12,True,True,-3.315221667603033,-2.3835356404923815,-2.178505972016922,-2.0684766924592703,-1.9957060842640024,-1.901318587630899,-1.840418981748791,-1.7967021236626393,-1.7632537031763684,-1.7365463219732813,-1.714558034576345,,9911,93,1.5,False,False,v1.1-frozen
C0171_T423,manual,0,C0171,C0171,423.0,1.1699868865311145,1.040838410705328,-990457228384.912,1.0438781008124352,7f1101405f93,1dab7e7ac807,5e1d50a6e395,0,True,0,47.514,3.60699429847512,2.7468857179355393,156.92158962787994,0.012781452944378975,1.689790157965044e-13,fb8c4bf,2026-10-03T03:15:11+00:00,3.6205532663990745,156.92456579910353,True,0.0045925771167695684,4.0,2.7468857179355393,0.2509223540375062,5.0,1.140254557441267e-12,True,True,-2.824083759698149,-2.288962494366142,-2.1517765737887555,-2.0815463512689205,-2.037087096683285,-1.9820951200850017,-1.9482638480887602,-1.9247575768539598,-1.9071935655026795,-1.8934197745140944,-1.8822402059497332,,9911,91,1.5,False,False,v1.1-frozen
C0172_T300,manual,0,C0172,C0172,300.0,1.1029027592390777,0.9711379043757916,-623224036768.0789,1.0719912897795438,4c2e32abaa76,1dab7e7ac807,5e1d50a6e395,0,True,0,43.494,2.8089171214093724,1.8561850036900724,111.83016858411499,0.018979858721498002,8.025626420527698e-14,fb8c4bf,2026-10-03T03:14:21+00:00,2.83053623679535,112.41772632931013,True,0.00417993505897425,3.25,1.8561850036900724,0.3651105565969281,5.0,1.0209350468997922e-12,True,True,-2.358361670716372,-2.1607490850547473,-2.0541290121861526,-1.983571660560454,-1.9320434177163324,-1.859907099073378,-1.8104853918982122,-1.7737613503074763,-1.7450222786112906,-1.7217070246116863,-1.7022829513168594,,10262,93,1.5,False,False,v1.1-frozen
C0172_T423,manual,0,C0172,C0172,423.0,1.1029027592390777,0.9711379043757916,-623224036768.0789,1.0719912897795438,4c2e32abaa76,1dab7e7ac807,5e1d50a6e395,0,True,0,45.172,2.577437792938506,2.723308870826727,154.76155926210222,0.012889741926904359,1.6897901579650446e-13,fb8c4bf,2026-10-03T03:14:44+00:00,2.5906685039649187,154.69481055874945,True,0.00480726311423472,3.0,2.723308870826727,0.2533422716885627,5.0,1.085062595329589e-12,True,True,-2.272851170196319,-2.1422309648317053,-2.0751458228566726,-2.0326539747403087,-2.002683829888703,-1.9622809352341302,-1.9356348340043636,-1.916358000121759,-1.9015695477361152,-1.889755777824515,-1.8800351990762776,,10262,92,1.5,False,False,v1.1-frozen
C0173_T300,manual,0,C0173,C0173,300.0,0.8153688576072455,1.09709989130497,-1440265730954.7063,0.9553173232823612,82f2cd734853,1dab7e7ac807,5e1d50a6e395,0,True,11,92.955,5.032149236092318,2.2216638834543083,114.41668554439488,0.015895690317203684,8.025626420527696e-14,fb8c4bf,2026-10-03T03:25:26+00:00,5.046924643770033,114.47491523734232,True,0.0036204062971690446,5.5,2.2216638834543083,0.3014172439903081,4.9375,1.727304009629952e-12,True,True,-13.09552105981267,-4.19120038240675,-2.489204786021719,-2.2489627111501838,-2.128686136788862,-1.9956778378079238,-1.9188389540626845,-1.8668343942243846,-1.8285145140941397,-1.7987206068217243,-1.774678461108511,,12017,103,1.5,False,False,v1.1-frozen
C0173_T423,manual,0,C0173,C0173,423.0,0.8153688576072455,1.09709989130497,-1440265730954.7063,0.9553173232823612,82f2cd734853,1dab7e7ac807,5e1d50a6e395,0,True,0,56.219,4.793193268931306,3.1413187976717807,158.69239913792578,0.011191539840960232,1.6897901579650446e-13,fb8c4bf,2026-10-03T03:17:27+00:00,4.803423604161043,158.95338694774108,True,0.004249714831056517,5.25,3.1413187976717807,0.2179788287432168,5.0,1.40016470639992e-12,True,True,-8.71821984258692,-3.22782017298417,-2.372491129277716,-2.2124725569645065,-2.1360007202770115,-2.056694151665895,-2.013799953059427,-1.9860181963062482,-1.9661780296286402,-1.9511101548993761,-1.9391722737201709,,12017,92,1.5,False,False,v1.1-frozen
C0174_T300,manual,0,C0174,C0174,300.0,0.9614964418113232,0.8295275770127774,-852197711355.9843,1.1849574081599712,9c91a14e6045,1dab7e7ac807,5e1d50a6e395,0,True,0,30.253,2.938637710146882,1.8086974768384063,108.75607791640086,0.019467081640234214,8.025626420527694e-14,fb8c4bf,2026-10-03T03:10:32+00:00,2.951141754322249,109.46077658787745,True,0.004533965417959737,3.5,1.8086974768384063,0.37581954403450696,5.0,1.7360797163596434e-12,True,True,-2.35078240910697,-2.13635505195468,-2.0277541579411436,-1.9580164344203428,-1.9080275222755885,-1.8392363156729141,-1.7928222497214397,-1.7586689315932673,-1.732124225621251,-1.7106991497916986,-1.6929211984431483,,11081,92,1.5,False,False,v1.1-frozen
C0174_T423,manual,0,C0174,C0174,423.0,0.9614964418113232,0.8295275770127774,-852197711355.9843,1.1849574081599712,9c91a14e6045,1dab7e7ac807,5e1d50a6e395,0,True,0,29.316,2.715480077009945,2.75127146944018,150.0742547157758,0.012758217820488582,1.6897901579650446e-13,fb8c4bf,2026-10-03T03:10:44+00:00,2.71967550816966,150.50050724184212,True,0.005194368290648758,3.25,2.75127146944018,0.2508423743140498,5.0,1.28742768399151e-12,True,True,-2.27100111733307,-2.1328688894065815,-2.066446000139664,-2.025668254611687,-1.9974373786361044,-1.959990715265405,-1.9356303944013107,-1.9181521449348558,-1.9048181608314283,-1.8942099874317806,-1.8855095439020468,,11081,91,1.5,False,False,v1.1-frozen
C0175_T300,manual,0,C0175,C0175,300.0,1.0739627279341222,1.1019908666610718,-1207389598712.3252,0.8924520194530488,9cc91a884910,1dab7e7ac807,5e1d50a6e395,0,True,0,35.538,4.509480083667961,2.1488058584265772,114.58395980524915,0.016429253670086023,8.025626420527696e-14,fb8c4bf,2026-10-03T03:14:33+00:00,4.5143566576374985,114.70388410954946,True,0.0034184823396008293,5.0,2.1488058584265772,0.3121224696730317,5.0,7.785265487836313e-13,True,True,-7.978164848926152,-2.7887191537566838,-2.3550260873390934,-2.1916736501957743,-2.094558444720216,-1.9766831551593127,-1.904042911215522,-1.8531246330639604,-1.8147328346527751,-1.7843821647648925,-1.7595744948755285,,10496,92,1.5,False,False,v1.1-frozen
C0175_T423,manual,0,C0175,C0175,423.0,1.0739627279341222,1.1019908666610718,-1207389598712.3252,0.8924520194530488,9cc91a884910,1dab7e7ac807,5e1d50a6e395,0,True,0,27.406,4.269813658973231,2.9419398403090127,158.92063478704367,0.011942253757446598,1.689790157965044e-13,fb8c4bf,2026-10-03T03:09:36+00:00,4.275546552726228,159.25243708077252,True,0.00413041271963298,4.75,2.9419398403090127,0.23348134834291412,5.0,2.095048225568854e-12,True,True,-5.46041319860983,-2.5636698512212055,-2.272609493365661,-2.162641150889949,-2.100331851935284,-2.0288561237955793,-1.9872913667964458,-1.9592915698646487,-1.938779421645946,-1.9229137048601568,-1.9101663657271817,,10496,92,1.5,False,False,v1.1-frozen
C0176_T300,manual,0,C0176,C0176,300.0,1.0533011443912983,0.8454122599214315,-710333189927.0415,1.0008453719317911,b17af97433e4,1dab7e7ac807,5e1d50a6e395,0,True,0,46.212,2.6676941998974737,1.8926595505832806,109.30498666400528,0.01861255938892227,8.025626420527695e-14,fb8c4bf,2026-10-03T03:17:36+00:00,2.6849367315041737,110.48033187578599,True,0.004006455418378852,3.0,1.8926595505832806,0.358293047529779,5.0,1.3356749604263e-12,True,True,-2.326848297453888,-2.1502093344704987,-2.0509336416053565,-1.9841194089463068,-1.9348529659545082,-1.8652850645286405,-1.817244594928093,-1.7813525992415333,-1.7531492822547903,-1.7301939034914757,-1.7110182445254256,,10613,93,1.5,False,False,v1.1-frozen
C0176_T423,manual,0,C0176,C0176,423.0,1.0533011443912983,0.8454122599214315,-710333189927.0415,1.0008453719317911,b17af97433e4,1dab7e7ac807,5e1d50a6e395,0,True,0,40.704,2.44353109534676,2.7646800671724416,150.812831770025,0.012696958838978142,1.6897901579650446e-13,fb8c4bf,2026-10-03T03:15:05+00:00,2.4506729201612747,151.2946666018959,True,0.004662561545549969,3.0,2.7646800671724416,0.24955833663667362,5.0,2.373223581366881e-12,True,True,-2.251164451677477,-2.135351394382069,-2.073561388140104,-2.03373617389966,-2.0053524963954428,-1.9667190777507293,-1.9410096079367392,-1.922294005989614,-1.907868044296973,-1.8963002883047628,-1.8867524912936526,,10613,93,1.5,False,False,v1.1-frozen
C0177_T300,manual,0,C0177,C0177,300.0,0.9657303355634212,1.12297199703753,-1355083011090.7554,0.9218672811985016,9b6141fe39ea,1dab7e7ac807,5e1d50a6e395,0,True,12,93.364,4.897549023782664,2.1846285527543543,114.94423800495125,0.01616354447523016,8.0256264205277e-14,fb8c4bf,2026-10-03T03:25:09+00:00,4.920284357182667,116.04109035623678,True,0.0034818878987596287,5.25,2.1846285527543543,0.30665502547292794,4.8822021484375,1.214730614246146e-12,True,True,-11.440425906868041,-3.5364778063812166,-2.453777249504121,-2.2376100311578138,-2.1228641480023493,-1.9919753771803934,-1.9146600530531603,-1.8616679208432032,-1.8222830470475784,-1.7914633974450267,-1.7664661955303043,,11081,108,1.5,False,False,v1.1-frozen
C0177_T423,manual,0,C0177,C0177,423.0,0.9657303355634212,1.12297199703753,-1355083011090.7554,0.9218672811985016,9b6141fe39ea,1dab7e7ac807,5e1d50a6e395,0,True,0,58.638,4.659242891229428,3.0199955280164663,159.52042688574807,0.011636678632387548,1.6897901579650449e-13,fb8c4bf,2026-10-03T03:20:52+00:00,4.67014882718764,159.89576154822393,True,0.004006165339120243,5.25,3.0199955280164663,0.22715146008377302,5.0,1.5203645887907209e-12,True,True,-7.84574701083654,-2.9447535105968545,-2.3438192313509933,-2.197607734483755,-2.1235119599149477,-2.044012007589776,-1.9999326788037977,-1.9709866293532876,-1.9501237263113806,-1.9341709593305298,-1.9214640222247876,,11081,93,1.5,False,False,v1.1-frozen
C0178_T300,manual,0,C0178,C0178,300.0,0.807207327708602,0.9538249876350164,-939366821199.6556,1.1387140046805144,ca3dce2d0c11,1dab7e7ac807,5e1d50a6e395,0,True,0,49.511,3.4930704411093165,1.9575156923740116,111.40889717909408,0.018006589346685375,8.025626420527696e-14,fb8c4bf,2026-10-03T03:17:43+00:00,3.4945647184706394,111.51522328184794,True,0.004293688615850885,4.0,1.9575156923740116,0.34535927435529185,5.0,8.187692596188654e-13,True,True,-2.682097964320158,-2.2643934079477455,-2.112522035155289,-2.024285480834156,-1.964174337219698,-1.884810257105867,-1.8330868148103177,-1.795837899984984,-1.7673222762016643,-1.744568539717174,-1.7258591552958729,,11900,92,1.5,False,False,v1.1-frozen
C0178_T423,manual,0,C0178,C0178,423.0,0.807207327708602,0.9538249876350164,-939366821199.6556,1.1387140046805144,ca3dce2d0c11,1dab7e7ac807,5e1d50a6e395,0,True,0,54.167,3.2615764663113658,2.9589034122832474,154.14525875128916,0.011872384196237236,1.6897901579650446e-13,fb8c4bf,2026-10-03T03:18:38+00:00,3.2650106337648936,154.51460085351343,True,0.004898614913457687,3.75,2.9589034122832474,0.23232484036913,5.0,8.643988302914352e-13,True,True,-2.489378858447792,-2.2228102126042697,-2.1273486296252915,-2.0746865325263073,-2.0402811644630336,-1.996820323995915,-1.9697126971879508,-1.9507714256655289,-1.936588234773808,-1.9254620578529502,-1.9164376203602864,,11900,92,1.5,False,False,v1.1-frozen
C0179_T300,manual,0,C0179,C0179,300.0,1.119636706635356,1.0778399650007486,-1122139277867.973,0.8339041281491518,7ddf95e081be,1dab7e7ac807,5e1d50a6e395,0,True,0,42.839,4.2579476108300796,2.18375525872008,114.21475671420245,0.016168238817209572,8.025626420527695e-14,fb8c4bf,2026-10-03T03:16:09+00:00,4.262132389813467,114.36522591268039,True,0.0032407462532913524,4.75,2.18375525872008,0.3069646414077347,5.0,2.068529624074769e-12,True,True,-5.828758951588952,-2.6323268772080746,-2.3230222066399726,-2.1814755929106284,-2.092592439559737,-1.9808793237091025,-1.91024643362055,-1.8600149387682812,-1.8217768345336296,-1.7913372845848907,-1.7663241286765643,,10145,92,1.5,False,False,v1.1-frozen
C0179_T423,manual,0,C0179,C0179,423.0,1.119636706635356,1.0778399650007486,-1122139277867.973,0.8339041281491518,7ddf95e081be,1dab7e7ac807,5e1d50a6e395,0,True,0,45.172,4.019788612753062,2.94514864409753,158.2722804499478,0.011929173615624471,1.689790157965044e-13,fb8c4bf,2026-10-03T03:15:56+00:00,4.0256334610847375,158.63323252580187,True,0.003979863796421002,4.5,2.94514864409753,0.23323396019979462,5.0,2.8312228845849285e-12,True,True,-4.093132216932189,-2.463221201517883,-2.248735645230732,-2.1534749750409046,-2.09640912866887,-2.0284558265570465,-1.9878143763961873,-1.9600053935284496,-1.9394246005908033,-1.9233896407056008,-1.9104349919217163,,10145,92,1.5,False,False,v1.1-frozen
C0180_T300,manual,0,C0180,C0180,300.0,1.152346596866846,0.9100860629230738,-1489280914887.786,0.8620432682335377,860a186bd4c5,1dab7e7ac807,5e1d50a6e395,0,True,0,43.481,4.669543414260589,2.127733661885163,110.84073027515207,0.01658602934639493,8.025626420527696e-14,fb8c4bf,2026-10-03T03:15:04+00:00,4.687182005938926,111.53979389782376,True,0.003462809227123927,5.0,2.127733661885163,0.31583056387842645,5.0,8.38005012604448e-13,True,True,-9.58379855514504,-2.965187705783737,-2.384111490106705,-2.2025254128349796,-2.098959496767063,-1.976251302782631,-1.9017987337610178,-1.8499642118445587,-1.8110080917006273,-1.7802575705365924,-1.755137445638122,,10028,93,1.5,False,False,v1.1-frozen
C0180_T423,manual,0,C0180,C0180,423.0,1.152346596866846,0.9100860629230738,-1489280914887.786,0.8620432682335377,860a186bd4c5,1dab7e7ac807,5e1d50a6e395,0,True,0,45.99,4.4411971969171224,2.890348591248049,153.06482910881047,0.01215196434010853,1.6897901579650443e-13,fb8c4bf,2026-10-03T03:15:30+00:00,4.448999271601257,153.6737428577184,True,0.004181150307667985,5.0,2.890348591248049,0.23799710114292638,5.0,2.8576522560892696e-12,True,True,-6.582331521622491,-2.666359486092758,-2.287530121383088,-2.1646231163442975,-2.097957904644325,-2.0234522726054114,-1.9808324816287652,-1.9523087285093947,-1.9314653096418477,-1.915353513578846,-1.902404205116636,,10028,93,1.5,False,False,v1.1-frozen
C0181_T300,manual,0,C0181,C0181,300.0,0.864928662031889,1.034127127751708,-572256003506.4817,1.1668035134673118,6bbe649c9ddf,1dab7e7ac807,5e1d50a6e395,0,True,0,49.769,2.8470512693466046,1.8950076432419989,112.98584072315244,0.01859507843604015,8.025626420527699e-14,fb8c4bf,2026-10-03T03:26:16+00:00,2.871591987326584,113.7534046589449,True,0.004382468868921249,3.25,1.8950076432419989,0.3572484744427867,5.0,9.008436357982319e-13,True,True,-2.353283465377962,-2.1534388307828403,-2.048132156897229,-1.9793242351694063,-1.9295195491654287,-1.8604596980305426,-1.8136257692938864,-1.7790999179498095,-1.7522573599489957,-1.7306019854003258,-1.7126486069143698,,11666,93,1.5,False,False,v1.1-frozen
C0181_T423,manual,0,C0181,C0181,423.0,0.864928662031889,1.034127127751708,-572256003506.4817,1.1668035134673118,6bbe649c9ddf,1dab7e7ac807,5e1d50a6e395,0,True,0,59.162,2.612158261522604,2.876800938342482,156.5842708634193,0.012208394161400071,1.6897901579650443e-13,fb8c4bf,2026-10-03T03:18:26+00:00,2.625156309708108,156.7607629417392,True,0.004827767728993356,3.0,2.876800938342482,0.23921868488386056,5.0,1.5650871744709279e-12,True,True,-2.2786533219660496,-2.1499584576515525,-2.085470549671343,-2.0451805600703996,-2.01703311861428,-1.9794673187008607,-1.9549565924985473,-1.9373728605098288,-1.9239775492221236,-1.9133414574889982,-1.9046368237195228,,11666,91,1.5,False,False,v1.1-frozen
C0182_T300,manual,0,C0182,C0182,300.0,0.9109402265399694,0.8891996268182993,-1222225115634.501,0.9999591168016196,2ea2a66b2958,1dab7e7ac807,5e1d50a6e395,0,True,0,31.297,3.9808776892577264,2.0223400912445664,110.20967122356085,0.017434661465272068,8.025626420527698e-14,fb8c4bf,2026-10-03T03:11:04+00:00,3.9851032086936407,110.50172182651718,True,0.0039268324243517585,4.5,2.0223400912445664,0.33380990991709797,5.0,8.949879485744193e-13,True,True,-3.8922437113742063,-2.4301380591198654,-2.202963073464321,-2.0878350640361516,-2.0136148130701526,-1.9192421283524175,-1.8593248780559413,-1.816719957303862,-1.7843293428738183,-1.7585864810492131,-1.7374684644059746,,11432,92,1.5,False,False,v1.1-frozen
C0182_T423,manual,0,C0182,C0182,423.0,0.9109402265399694,0.8891996268182993,-1222225115634.501,0.9999591168016196,2ea2a66b2958,1dab7e7ac807,5e1d50a6e395,0,True,0,33.427,3.7537556597550785,2.929892356725221,152.22060239160984,0.011987997610548338,1.6897901579650446e-13,fb8c4bf,2026-10-03T03:11:18+00:00,3.7549856639464356,152.50825191253702,True,0.004655909993097164,4.25,2.929892356725221,0.2348080895857792,5.0,1.595481860272701e-12,True,True,-3.0931440644137997,-2.3256788492654508,-2.175685756221944,-2.1034870079609105,-2.059096905318926,-2.0054216737143435,-1.9729970358346116,-1.9507037837933765,-1.934161261043611,-1.9212533522901045,-1.9108170532909574,,11432,92,1.5,False,False,v1.1-frozen
C0183_T300,manual,0,C0183,C0183,300.0,1.0235224794596434,1.1667332854121923,-843221889808.774,1.07898826636374,1d32cb1a9aa0,1dab7e7ac807,5e1d50a6e395,0,True,0,35.627,3.803089506834623,1.956930684968775,115.57391420568707,0.018019674888416177,8.025626420527695e-14,fb8c4bf,2026-10-03T03:15:09+00:00,3.823102031454227,116.082778357811,True,0.004005779869551979,4.25,1.956930684968775,0.3446553743143374,5.0,1.635666639132981e-12,True,True,-3.2043516121319606,-2.373719728637623,-2.176012949592348,-2.0688169345178298,-1.9976712028445183,-1.9052545731135795,-1.8456420581136421,-1.8029074956506592,-1.7702673231906798,-1.7442530488420038,-1.7228743597718177,,10730,93,1.5,False,False,v1.1-frozen
C0183_T423,manual,0,C0183,C0183,423.0,1.0235224794596434,1.1667332854121923,-843221889808.774,1.07898826636374,1d32cb1a9aa0,1dab7e7ac807,5e1d50a6e395,0,True,0,29.816,3.5604220906935984,2.8353539724182544,160.63450795894772,0.012386632683221403,1.6897901579650449e-13,fb8c4bf,2026-10-03T03:10:06+00:00,3.572191991665099,160.8268029772496,True,0.0045849864286336,4.0,2.8353539724182544,0.2427077588715956,5.0,1.1743082012933947e-12,True,True,-2.7695843248474863,-2.2877480493980915,-2.156817108336045,-2.089070277065583,-2.046026032196552,-1.992716139851942,-1.9599474584667196,-1.9372271307044715,-1.9202926669517728,-1.9070467409085265,-1.8963227545132604,,10730,92,1.5,False,False,v1.1-frozen
C0184_T300,manual,0,C0184,C0184,300.0,1.0296316154301166,0.9884309340268372,-1127084138803.184,1.1878082565963268,4af294346508,1dab7e7ac807,5e1d50a6e395,0,True,0,48.495,4.017201747123982,1.861793895300998,112.05874264480342,0.018926407389564477,8.025626420527695e-14,fb8c4bf,2026-10-03T03:18:25+00:00,4.0252911707006716,111.92576179335644,True,0.0044876756284072394,4.5,1.861793895300998,0.36362119076676186,5.0,1.5898239852076604e-12,True,True,-4.104244943766147,-2.396577402565256,-2.1627150309084007,-2.0469505877666054,-1.9730433983523308,-1.8797984978900708,-1.8210129898477325,-1.7794141540996122,-1.7479034250252172,-1.7229318159866422,-1.7024942980390825,,10730,91,1.5,False,False,v1.1-frozen
C0184_T423,manual,0,C0184,C0184,423.0,1.0296316154301166,0.9884309340268372,-1127084138803.184,1.1878082565963268,4af294346508,1dab7e7ac807,5e1d50a6e395,0,True,0,42.786,3.783370152307253,2.762631904268864,155.16005045847047,0.012708438049539198,1.6897901579650446e-13,fb8c4bf,2026-10-03T03:15:48+00:00,3.7915239386816886,155.42717430158913,True,0.00509632480157818,4.25,2.762631904268864,0.2495234867430452,5.0,1.5854386744887161e-12,True,True,-3.15716012883441,-2.30058639804434,-2.147694613776009,-2.075463069630215,-2.031390268178338,-1.9783926680473822,-1.9465240202357876,-1.9246784814121534,-1.9085048068429695,-1.8959078238087803,-1.8857386342971394,,10730,92,1.5,False,False,v1.1-frozen
C0185_T300,manual,0,C0185,C0185,300.0,0.9421586535871028,1.0675500255078076,-811375323683.0234,0.8832442283630372,79cefd6fdac4,1dab7e7ac807,5e1d50a6e395,0,True,0,53.037,3.507252249105335,2.1348739672598587,113.9493371446123,0.016529339561587513,8.025626420527698e-14,fb8c4bf,2026-10-03T03:26:02+00:00,3.5110643840053855,114.06654476759037,True,0.003398506998914012,4.0,2.1348739672598587,0.31488871101266913,5.0,2.17910698757527e-12,True,True,-2.7874787577031084,-2.3573504723659644,-2.1954725061540303,-2.0994319404628796,-2.032991851292569,-1.9438402167410616,-1.8847733286108308,-1.8417282883296153,-1.8084740229078642,-1.7817444985452022,-1.7596323048286755,,11198,92,1.5,False,False,v1.1-frozen
C0185_T423,manual,0,C0185,C0185,423.0,0.9421586535871028,1.0675500255078076,-811375323683.0234,0.8832442283630372,79cefd6fdac4,1dab7e7ac807,5e1d50a6e395,0,True,0,53.888,3.269503198296046,2.9943599001585235,157.9192053805356,0.011733819217686554,1.6897901579650443e-13,fb8c4bf,2026-10-03T03:21:46+00:00,3.2752098819622373,158.27914512432594,True,0.00410399791875763,3.75,2.9943599001585235,0.22935452211052026,5.0,2.0558643598057534e-12,True,True,-2.565214885769546,-2.2779804658402325,-2.170071614371297,-2.109159302325864,-2.0687885749806147,-2.0171150803076405,-1.984492791244464,-1.9615142975363755,-1.9442047979763553,-1.9305606072195656,-1.9194484562639635,,11198,92,1.5,False,False,v1.1-frozen
C0186_T300,manual,0,C0186,C0186,300.0,0.8819754894822837,0.812466086819768,-1395182333886.6233,1.0507745575159788,1bffe6c260c5,1dab7e7ac807,5e1d50a6e395,0,True,0,48.636,4.152514703998898,1.9825792479864288,108.53375683794897,0.017777785467600324,8.025626420527699e-14,fb8c4bf,2026-10-03T03:18:32+00:00,4.174552554713288,109.6199556716404,True,0.00423414104942878,4.5,1.9825792479864288,0.3411671670008262,5.0,1.639827170359097e-12,True,True,-5.110925389001188,-2.4733424838586013,-2.2058374745996034,-2.081766322523329,-2.004496289434896,-1.9086564818904173,-1.8489524256244518,-1.8069440503692749,-1.7752197459223173,-1.750122338928269,-1.7296029867831983,,11549,93,1.5,False,False,v1.1-frozen
C0186_T423,manual,0,C0186,C0186,423.0,0.8819754894822837,0.812466086819768,-1395182333886.6233,1.0507745575159788,1bffe6c260c5,1dab7e7ac807,5e1d50a6e395,0,True,0,48.954,3.9336890768884007,2.917136126746553,149.66504754845568,0.012039022856092138,1.689790157965045e-13,fb8c4bf,2026-10-03T03:19:27+00:00,3.941852366677281,150.17312137762784,True,0.004746841512025657,4.5,2.917136126746553,0.23598191922131742,5.0,2.1021723531517882e-12,True,True,-3.688210259633971,-2.353968595728082,-2.17878916333587,-2.1015090932630685,-2.055692179488103,-2.00170676795757,-1.969717019780156,-1.9479446961524576,-1.9318874010374762,-1.919408761037381,-1.9093484009570485,,11549,93,1.5,False,False,v1.1-frozen
C0187_T300,manual,0,C0187,C0187,300.0,1.1945023339241745,1.1317967128008604,-539374730549.7527,0.9703787434846164,740e45bad5e3,1dab7e7ac807,5e1d50a6e395,0,True,0,40.914,3.0249217949124914,1.9489208363852277,115.05046110941441,0.01809176992507981,8.025626420527695e-14,fb8c4bf,2026-10-03T03:16:50+00:00,3.0362091817299968,114.96757673072977,True,0.0036795008753223875,3.5,1.9489208363852277,0.34626871067739723,5.0,9.478581114441553e-13,True,True,-2.4786081335810977,-2.2358436882786505,-2.11289491702123,-2.0331803140721254,-1.9755065943202381,-1.8952833149277142,-1.8405547899494916,-1.7999686797750332,-1.7682417375548616,-1.7425189438591064,-1.7210975056613853,,9794,93,1.5,False,False,v1.1-frozen
C0187_T423,manual,0,C0187,C0187,423.0,1.1945023339241745,1.1317967128008604,-539374730549.7527,0.9703787434846164,740e45bad5e3,1dab7e7ac807,5e1d50a6e395,0,True,0,43.14,2.783415014341524,2.756871409038307,159.70106987938826,0.012735830783737506,1.689790157965045e-13,fb8c4bf,2026-10-03T03:16:40+00:00,2.791868388692232,160.00063580041933,True,0.004364884586400858,3.25,2.756871409038307,0.24994440729601158,5.0,9.387855076647966e-13,True,True,-2.3548335209357143,-2.189113131121245,-2.108546587312025,-2.0586045436642912,-2.0237880003439024,-1.977306976802014,-1.9469055875476116,-1.9250255208733393,-1.9082996956664247,-1.894972719877862,-1.8840281034689053,,9794,92,1.5,False,False,v1.1-frozen
C0188_T300,manual,0,C0188,C0188,300.0,1.1272122241556644,0.8562278311699629,-906516121700.406,0.9485178716480732,c775522e7003,1dab7e7ac807,5e1d50a6e395,0,True,0,43.722,3.155112058581854,1.940933312108242,109.59097286898489,0.018156783263969547,8.025626420527699e-14,fb8c4bf,2026-10-03T03:15:48+00:00,3.1772221227328648,110.35240023869164,True,0.003844407282118262,3.5,1.940933312108242,0.34869062702123915,5.0,1.0649316711570917e-12,True,True,-2.512099324845485,-2.2383760171023535,-2.109117750809029,-2.0276613952663847,-1.9696739444130442,-1.8901014230271953,-1.8363941163420425,-1.796791342759331,-1.765932806701698,-1.740961090531385,-1.7201879235221385,,10145,93,1.5,False,False,v1.1-frozen
C0188_T423,manual,0,C0188,C0188,423.0,1.1272122241556644,0.8562278311699629,-906516121700.406,0.9485178716480732,c775522e7003,1dab7e7ac807,5e1d50a6e395,0,True,0,43.176,2.9331764612149294,2.7687394753401806,151.20470850067514,0.012679036736327934,1.6897901579650443e-13,fb8c4bf,2026-10-03T03:16:14+00:00,2.941665410890752,151.69100088664555,True,0.004494686523787794,3.5,2.7687394753401806,0.24911662317277952,5.0,2.4191177685878157e-12,True,True,-2.3746864216174335,-2.1895144545898866,-2.1059258217165397,-2.0557213109875243,-2.021329466924819,-1.976046147766609,-1.946721857036883,-1.9257106076856265,-1.9096793669531293,-1.8969137398287543,-1.8864296420398081,,10145,93,1.5,False,False,v1.1-frozen
C0189_T300,manual,0,C0189,C0189,300.0,0.8396968238055706,1.1755843508988617,-1028071270324.2898,1.0288640543818477,3361aa8d33ed,1dab7e7ac807,5e1d50a6e395,0,True,12,91.573,4.256903654456616,2.1030209608747517,115.79133312809375,0.01678146420903112,8.025626420527695e-14,fb8c4bf,2026-10-03T03:27:48+00:00,4.260411268987492,115.95219009505509,True,0.003774201241220599,4.75,2.1030209608747517,0.31945786058137116,4.931640625,9.621167022818182e-13,True,True,-5.83404009765845,-2.572548423403824,-2.268342802017696,-2.1328812545867737,-2.0491527637376863,-1.9455933177804858,-1.8812233440114092,-1.8360422644297418,-1.8020145963541945,-1.7751701489804879,-1.7532825771940095,,11783,107,1.5,False,False,v1.1-frozen
C0189_T423,manual,0,C0189,C0189,423.0,0.8396968238055706,1.1755843508988617,-1028071270324.2898,1.0288640543818477,3361aa8d33ed,1dab7e7ac807,5e1d50a6e395,0,True,0,56.12,4.012975240130848,3.0450548583939954,160.93041529590323,0.011541827379018271,1.6897901579650449e-13,fb8c4bf,2026-10-03T03:19:23+00:00,4.016761374412557,161.26902158389544,True,0.0043756649086521635,4.5,3.0450548583939954,0.22520738784189226,5.0,2.4275386901203882e-12,True,True,-4.0614110229429645,-2.426487229925919,-2.2251915691192767,-2.138474157404838,-2.0874207270858745,-2.0276080487445416,-1.9924160104519555,-1.9686266547216773,-1.9511937526305922,-1.937725425340165,-1.9269247472371707,,11783,92,1.5,False,False,v1.1-frozen
C0190_T300,manual,0,C0190,C0190,300.0,0.9873685445636512,0.9447183977812528,-678517197258.7705,0.811336075887084,4db9dafa655b,1dab7e7ac807,5e1d50a6e395,0,True,0,29.618,2.8858480899309225,2.136860002899203,111.62033710266017,0.016509119881676127,8.025626420527698e-14,fb8c4bf,2026-10-03T03:11:34+00:00,2.9108766784383167,112.4294335999959,True,0.003288434931251143,3.25,2.136860002899203,0.3151116593416032,5.0,1.859452076353421e-12,True,True,-2.474672450950962,-2.259822368192256,-2.1446940553767635,-2.0684329882415526,-2.012599649159882,-1.9341211896463273,-1.880075443559283,-1.8397391710961712,-1.8080576009011373,-1.7822760788098806,-1.7607412819550632,,10964,93,1.5,False,False,v1.1-frozen
C0190_T423,manual,0,C0190,C0190,423.0,0.9873685445636512,0.9447183977812528,-678517197258.7705,0.811336075887084,4db9dafa655b,1dab7e7ac807,5e1d50a6e395,0,True,0,32.096,2.6575865781114496,2.9653047878984555,154.2581904104604,0.011846174150240574,1.689790157965044e-13,fb8c4bf,2026-10-03T03:11:50+00:00,2.6693341203274144,154.4951526440762,True,0.003862548588462879,3.25,2.9653047878984555,0.2318677470571719,5.0,1.7922932606854383e-12,True,True,-2.3551000650088487,-2.2081139537269734,-2.1331596222061493,-2.085769383054382,-2.0523628677407784,-2.007331360591746,-1.977623585968631,-1.956121045332211,-1.939615532432763,-1.9264218870983705,-1.9155589076484933,,10964,93,1.5,False,False,v1.1-frozen
C0191_T300,manual,0,C0191,C0191,300.0,1.0998529504984618,1.023811598494649,-1259972607716.918,1.1159511629492045,1ad3cf6b3cf0,1dab7e7ac807,5e1d50a6e395,0,True,0,33.565,4.421066672932615,1.9152843306401441,112.8291035339115,0.018406691613090477,8.025626420527696e-14,fb8c4bf,2026-10-03T03:15:43+00:00,4.4368816119274,113.81635214767438,True,0.004139926777263969,4.75,1.9152843306401441,0.3525975726395387,5.0,6.446926326120206e-13,True,True,-7.301532153109116,-2.6338510659804384,-2.255082477391673,-2.105824277347324,-2.0167790242683084,-1.9090106042094541,-1.8429669644071671,-1.7968954940975743,-1.7622931110000273,-1.7350242638206088,-1.7127933159911923,,10379,93,1.5,False,False,v1.1-frozen
C0191_T423,manual,0,C0191,C0191,423.0,1.0998529504984618,1.023811598494649,-1259972607716.918,1.1159511629492045,1ad3cf6b3cf0,1dab7e7ac807,5e1d50a6e395,0,True,0,30.639,4.1852143840407585,2.770473606665696,156.3531259373123,0.012673559351349655,1.6897901579650446e-13,fb8c4bf,2026-10-03T03:10:37+00:00,4.192895884368427,156.69790835697373,True,0.004735271956280144,4.75,2.770473606665696,0.24869872522369396,5.0,2.380825773582344e-12,True,True,-5.00018589882007,-2.454212650042551,-2.2048465272158944,-2.1082843035981096,-2.0533915672982306,-1.9904016588168065,-1.9537860604784445,-1.9291281240613976,-1.9110679747962576,-1.8971013969901835,-1.8858822358180019,,10379,93,1.5,False,False,v1.1-frozen
C0192_T300,manual,0,C0192,C0192,300.0,1.094562317803502,0.9831174056977032,-643170030787.5872,0.8871530741453171,ce3fd741d07a,1dab7e7ac807,5e1d50a6e395,0,True,0,44.908,2.8990280854263184,2.0254863777278014,112.29134764461335,0.01740965258518281,8.025626420527694e-14,fb8c4bf,2026-10-03T03:19:10+00:00,2.9219325700911196,113.05121887619963,True,0.0034981133918352424,3.25,2.0254863777278014,0.33307777116024556,5.0,9.429241525383212e-13,True,True,-2.4517545461819856,-2.2346916883860684,-2.1193340806309164,-2.0431985665713173,-1.9875824213758464,-1.9095799789122168,-1.855976383271882,-1.8160303917981495,-1.784690833369774,-1.7592098952722988,-1.7379407611299915,,10379,93,1.5,False,False,v1.1-frozen
C0192_T423,manual,0,C0192,C0192,423.0,1.094562317803502,0.9831174056977032,-643170030787.5872,0.8871530741453171,ce3fd741d07a,1dab7e7ac807,5e1d50a6e395,0,True,0,44.255,2.6686243540769627,2.842799493424758,155.33799097295602,0.012352647407686216,1.6897901579650446e-13,fb8c4bf,2026-10-03T03:16:33+00:00,2.6788617859371158,155.87406829691187,True,0.00410484060414441,3.25,2.842799493424758,0.24223598002411365,5.0,1.1410882804624659e-12,True,True,-2.336888806634056,-2.1889340827403405,-2.1139731044016554,-2.066704102090933,-2.0334301882054753,-1.9886282556398789,-1.9590984218982987,-1.9377353334085465,-1.9213417599919353,-1.9082399548469458,-1.8974537148474138,,10379,93,1.5,False,False,v1.1-frozen
C0193_T300,manual,0,C0193,C0193,300.0,0.9820833448320628,1.0602666843682529,-1295289487577.9749,1.191718050092459,72ac53635503,1dab7e7ac807,5e1d50a6e395,0,True,0,55.048,4.588573993851211,1.9174695188711146,113.48555988079056,0.018385937627533783,8.025626420527696e-14,fb8c4bf,2026-10-03T03:26:58+00:00,4.612684574677953,114.30374887614458,True,0.004454620351811451,5.0,1.9174695188711146,0.35216993573982336,5.0,8.359944680957909e-13,True,True,-8.792427656585302,-2.7796899207194277,-2.277071160334788,-2.1122723233421925,-2.0183415266944116,-1.9078943620377964,-1.8416706205171076,-1.7960587357700453,-1.7621003357830904,-1.735514217517682,-1.713952386845288,,11081,93,1.5,False,False,v1.1-frozen
C0193_T423,manual,0,C0193,C0193,423.0,0.9820833448320628,1.0602666843682529,-1295289487577.9749,1.191718050092459,72ac53635503,1dab7e7ac807,5e1d50a6e395,0,True,0,59.106,4.351957104010656,2.8280820936366546,157.35660865872913,0.012417769031353937,1.689790157965045e-13,fb8c4bf,2026-10-03T03:22:45+00:00,4.365003880544958,157.33009878650995,True,0.004922759020696539,4.75,2.8280820936366546,0.24340847138661043,5.0,2.094806190332039e-12,True,True,-5.994564141555207,-2.5407655177075754,-2.2242604890461934,-2.1184862159997784,-2.061088940855748,-1.9972184540486548,-1.9609546156521152,-1.9368636344478543,-1.9193818956431619,-1.9059564222272987,-1.8952314791384872,,11081,91,1.5,False,False,v1.1-frozen
C0194_T300,manual,0,C0194,C0194,300.0,0.8406559497117997,0.8161316644400358,-878982056863.606,0.974287762120366,63336d46d846,1dab7e7ac807,5e1d50a6e395,0,True,0,47.131,2.9742053430301123,2.004518074337375,108.68753606598025,0.01758206153403045,8.025626420527699e-14,fb8c4bf,2026-10-03T03:19:19+00:00,2.979964653283738,109.00447978534721,True,0.003918952686707469,3.5,2.004518074337375,0.3375752858840029,5.0,1.2151542157146072e-12,True,True,-2.4269591369886907,-2.202598220509305,-2.089035185452591,-2.015963982839158,-1.963471591321092,-1.8910349829487696,-1.8420084320410102,-1.8058467829546214,-1.7776895161330497,-1.7549302043269248,-1.736023576434155,,11783,92,1.5,False,False,v1.1-frozen
C0194_T423,manual,0,C0194,C0194,423.0,0.8406559497117997,0.8161316644400358,-878982056863.606,0.974287762120366,63336d46d846,1dab7e7ac807,5e1d50a6e395,0,True,0,49.061,2.752148209493314,2.9565345741065268,149.87147728666966,0.011879604325799946,1.6897901579650449e-13,fb8c4bf,2026-10-03T03:20:16+00:00,2.7528735441139247,150.2339746197131,True,0.004668504696263239,3.25,2.9565345741065268,0.2327480140037147,5.0,1.3604273957357194e-12,True,True,-2.324997683281027,-2.177954211094206,-2.107466530585332,-2.0642461612109004,-2.0343477563135837,-1.9947208607245872,-1.9689623803372918,-1.9504904572966015,-1.9364031484739221,-1.9251980241682434,-1.9160090956377207,,11783,92,1.5,False,False,v1.1-frozen
C0195_T300,manual,0,C0195,C0195,300.0,1.1281771704554555,1.1405326921492815,-1055575063452.1244,1.0546841543167829,ed6bf78acb52,1dab7e7ac807,5e1d50a6e395,0,True,0,43.072,4.236977901844285,1.9631536380279158,115.12118990561437,0.017965453401001308,8.025626420527696e-14,fb8c4bf,2026-10-03T03:17:34+00:00,4.239776970212381,115.46290006616222,True,0.0038972550314031566,4.75,1.9631536380279158,0.34326203355499996,5.0,1.958543415366542e-12,True,True,-5.686870064035603,-2.5472017354493732,-2.2469508519634602,-2.111103447063058,-2.0265170456578026,-1.921175774334822,-1.8552283944541046,-1.8086814770911652,-1.7734608385791528,-1.7455618178654995,-1.7227315855952146,,10145,92,1.5,False,False,v1.1-frozen
C0195_T423,manual,0,C0195,C0195,423.0,1.1281771704554555,1.1405326921492815,-1055575063452.1244,1.0546841543167829,ed6bf78acb52,1dab7e7ac807,5e1d50a6e395,0,True,0,43.06,3.994779677232303,2.794309964485014,159.8858926440989,0.012567338224533223,1.6897901579650449e-13,fb8c4bf,2026-10-03T03:17:23+00:00,3.99543373038822,160.26730491545004,True,0.004563706955000357,4.5,2.794309964485014,0.24638270531579323,5.0,2.1312717828153606e-12,True,True,-3.975439560501273,-2.401064574927702,-2.199216797638772,-2.110706853575041,-2.0580922289007644,-1.995876506663763,-1.958913564809986,-1.9337392372190987,-1.91517598799104,-1.9007566966027503,-1.8891379122593959,,10145,91,1.5,False,False,v1.1-frozen
C0196_T300,manual,0,C0196,C0196,300.0,1.198594580963254,0.8723948646336794,-1422838944010.4363,1.026516790688038,cb5e4e95e200,1dab7e7ac807,5e1d50a6e395,0,True,0,42.85,4.394236050557228,1.9246393252560334,109.84454000527666,0.01831449017758791,8.025626420527698e-14,fb8c4bf,2026-10-03T03:16:32+00:00,4.417131560208981,110.90648544616411,True,0.004109427359078513,4.75,1.9246393252560334,0.351203451114471,5.0,1.1522910364926539e-12,True,True,-7.159851592555777,-2.6240033363132444,-2.258327708398021,-2.110459040677738,-2.021622668061078,-1.9135358556095117,-1.8469290042581388,-1.8002491669797493,-1.7650470265900138,-1.7372051663328811,-1.7144337142944879,,9794,93,1.5,False,False,v1.1-frozen
C0196_T423,manual,0,C0196,C0196,423.0,1.198594580963254,0.8723948646336794,-1422838944010.4363,1.026516790688038,cb5e4e95e200,1dab7e7ac807,5e1d50a6e395,0,True,0,44.54,4.170724451953532,2.7353370846970977,151.65590984545275,0.012833777108240886,1.6897901579650443e-13,fb8c4bf,2026-10-03T03:16:58+00:00,4.180296179163421,152.02999422613905,True,0.004680817254923531,4.75,2.7353370846970977,0.25215255092936295,5.0,2.9871265923114536e-12,True,True,-4.93732275043094,-2.446472606520324,-2.201817446003347,-2.105516927584103,-2.0504356371564723,-1.9868851360902624,-1.9497151708292049,-1.9245499496212362,-1.9060298060936243,-1.8916455076271594,-1.8800455527901776,,9794,93,1.5,False,False,v1.1-frozen
C0197_T300,manual,0,C0197,C0197,300.0,0.8860603902488947,1.1968189220875505,-511748392134.9049,0.9461715675890444,aa6181554c52,1dab7e7ac807,5e1d50a6e395,0,True,11,84.566,3.1122908393118256,2.093702352247032,116.2640537338654,0.016852418398096824,8.025626420527698e-14,fb8c4bf,2026-10-03T03:29:13+00:00,3.137587482809082,117.1084665063159,True,0.0035376404724375855,3.5,2.093702352247032,0.32125942527989737,4.955078125,1.8290214774178456e-12,True,True,-2.5327840953817233,-2.270447297381221,-2.143071244526445,-2.0618523053170303,-2.0036697366817786,-1.923499056163123,-1.86931162884616,-1.8294015523731084,-1.7983751660096687,-1.7733377671022144,-1.7525719892211158,,11549,106,1.5,False,False,v1.1-frozen
C0197_T423,manual,0,C0197,C0197,423.0,0.8860603902488947,1.1968189220875505,-511748392134.9049,0.9461715675890444,aa6181554c52,1dab7e7ac807,5e1d50a6e395,0,True,0,51.469,2.869430077524281,3.004782791259452,161.62858446794692,0.01169437125659641,1.6897901579650449e-13,fb8c4bf,2026-10-03T03:20:15+00:00,2.8828911675332938,161.57446123774173,True,0.004053145858825575,3.25,3.004782791259452,0.22843466032371282,5.0,3.0576351615730665e-12,True,True,-2.4007331583802998,-2.223918715314098,-2.141398642680813,-2.091213776029682,-2.056650905444689,-2.0110594468423346,-1.9816000895180013,-1.9605900088047283,-1.944647163403554,-1.932023122904085,-1.921712022104719,,11549,91,1.5,False,False,v1.1-frozen
C0198_T300,manual,0,C0198,C0198,300.0,0.9400007545948028,0.9269034165889024,-1162552900612.3542,1.1136040840297938,3e869880f904,1dab7e7ac807,5e1d50a6e395,0,True,0,31.883,3.9395819342917893,1.9288327439545059,110.87764720934645,0.01827233838408951,8.025626420527699e-14,fb8c4bf,2026-10-03T03:12:06+00:00,3.9521047768627744,111.39518271672844,True,0.004177337128529957,4.5,1.9288327439545059,0.350669864409949,5.0,1.1877152072877382e-12,True,True,-3.6762191374778745,-2.3845838516800897,-2.1673257614689776,-2.056243417393961,-1.9844812587925944,-1.893207797375954,-1.8353122254179577,-1.7941993489794843,-1.76298428860431,-1.7382058706922323,-1.717901284216289,,11198,92,1.5,False,False,v1.1-frozen
C0198_T423,manual,0,C0198,C0198,423.0,0.9400007545948028,0.9269034165889024,-1162552900612.3542,1.1136040840297938,3e869880f904,1dab7e7ac807,5e1d50a6e395,0,True,0,33.169,3.7097970069819364,2.851655989933109,153.32190402948186,0.012314365934789104,1.6897901579650446e-13,fb8c4bf,2026-10-03T03:12:24+00:00,3.7147436004510275,153.78402061768836,True,0.004842333261085605,4.25,2.851655989933109,0.2414885132499161,5.0,1.335615645858823e-12,True,True,-2.9793666324234804,-2.2949117192278554,-2.1532575276387385,-2.084406052485045,-2.041917964879227,-1.9904270595202285,-1.9592844122493212,-1.9378683112271982,-1.9219801507102285,-1.909587945019482,-1.8995736523607762,,11198,92,1.5,False,False,v1.1-frozen
C0199_T300,manual,0,C0199,C0199,300.0,1.0274667575955392,1.0040296625345946,-775936848483.9797,0.8089895632117987,fbbb5e643414,1dab7e7ac807,5e1d50a6e395,0,True,0,34.919,3.270948904081841,2.163142959813062,112.80897160665637,0.016313986639952024,8.025626420527696e-14,fb8c4bf,2026-10-03T03:16:18+00:00,3.2811797767767428,112.742850889475,True,0.003217725735260476,3.75,2.163142959813062,0.31073922799061005,5.0,1.3584201061080321e-12,True,True,-2.642862375469832,-2.3301547603583517,-2.1882750250590846,-2.0995236152308907,-2.036447420623697,-1.9498896479226828,-1.8914230305429316,-1.8482832757398475,-1.8146562421344994,-1.7874398976864196,-1.7647993542927245,,10730,92,1.5,False,False,v1.1-frozen
C0199_T423,manual,0,C0199,C0199,423.0,1.0274667575955392,1.0040296625345946,-775936848483.9797,0.8089895632117987,fbbb5e643414,1dab7e7ac807,5e1d50a6e395,0,True,0,29.514,3.0370504951808135,2.9665656874112316,156.10153074834955,0.011842108415028748,1.6897901579650443e-13,fb8c4bf,2026-10-03T03:11:07+00:00,3.046793100135785,156.3634058600637,True,0.003967071923591358,3.5,2.9665656874112316,0.23166345508201786,5.0,1.510284257057984e-12,True,True,-2.4714065303156083,-2.255122390493144,-2.160166275628994,-2.103585567083087,-2.0649805371491494,-2.014343212227292,-1.9816909410156087,-1.9583796236200242,-1.9406498183480325,-1.9265709672505384,-1.9150366647454256,,10730,92,1.5,False,False,v1.1-frozen
C0200_T300,manual,0,C0200,C0200,300.0,1.0194279450923205,0.8261301670223475,-1195163359865.546,0.9242136150598526,95d819fdaad1,1dab7e7ac807,5e1d50a6e395,0,True,0,47.514,3.741185748293757,2.019990886109278,108.96842211069935,0.01745252813140567,8.025626420527695e-14,fb8c4bf,2026-10-03T03:19:58+00:00,3.7432306361023526,109.0666651223402,True,0.0037858926747282307,4.25,2.019990886109278,0.334471199710374,5.0,1.8139332564574913e-12,True,True,-3.0590201468289315,-2.370134722491666,-2.1823221247187314,-2.0785103433669163,-2.009095728430404,-1.918358526894942,-1.8594242117391253,-1.8169214619470138,-1.7842823137898742,-1.7581416532898035,-1.736564379339888,,10847,92,1.5,False,False,v1.1-frozen
C0200_T423,manual,0,C0200,C0200,423.0,1.0194279450923205,0.8261301670223475,-1195163359865.546,0.9242136150598526,95d819fdaad1,1dab7e7ac807,5e1d50a6e395,0,True,0,43.606,3.518491381166997,2.8677533121789316,150.2539585190843,0.012244588181201181,1.6897901579650443e-13,fb8c4bf,2026-10-03T03:17:17+00:00,3.5240523588248567,150.48895609629298,True,0.004589047801470539,4.0,2.8677533121789316,0.24020305604072129,5.0,1.9474313536511872e-12,True,True,-2.7110561435347127,-2.2804853981528606,-2.1559816768177296,-2.090711140749533,-2.048979095400952,-1.9969633308197183,-1.964737153021349,-1.9422309697537936,-1.9253443982461322,-1.9120558167981037,-1.9012381171058153,,10847,92,1.5,False,False,v1.1-frozen
C0201_T300,manual,0,C0201,C0201,300.0,0.9068515066057444,1.1048510070890187,-870252897031.6052,1.0031926535069942,5ce52964648a,1dab7e7ac807,5e1d50a6e395,0,True,1,53.104,3.7255817112369014,2.0513042516146096,114.52591419727187,0.017196739104857823,8.025626420527698e-14,fb8c4bf,2026-10-03T03:27:51+00:00,3.7308962664379246,114.92910581655246,True,0.0037166318874930684,4.25,2.0513042516146096,0.3282577522040107,5.0,1.6794224001399657e-12,True,True,-3.0396704101718663,-2.37285659510989,-2.18712923199956,-2.0838355788032765,-2.014555119583249,-1.9238828038628435,-1.865062567421078,-1.822762655403423,-1.7903898822594002,-1.764553897454586,-1.7433016809892208,,11432,94,1.5,False,False,v1.1-frozen
C0201_T423,manual,0,C0201,C0201,423.0,0.9068515066057444,1.1048510070890187,-870252897031.6052,1.0031926535069942,5ce52964648a,1dab7e7ac807,5e1d50a6e395,0,True,0,53.965,3.4853499873172096,2.9607798138233723,158.8944853332832,0.01186610233109471,1.6897901579650449e-13,fb8c4bf,2026-10-03T03:23:40+00:00,3.4872747891179388,159.36731316591735,True,0.004372486938068073,4.0,2.9607798138233723,0.23203237502807997,5.0,1.0785018711434446e-12,True,True,-2.6986498496502462,-2.2905521400506816,-2.1680208611082565,-2.1031733594009294,-2.061565136531282,-2.0096773010643374,-1.9776235506520428,-1.9553426560306983,-1.938711726400479,-1.9256919107062904,-1.9151453924035786,,11432,92,1.5,False,False,v1.1-frozen
C0202_T300,manual,0,C0202,C0202,300.0,0.8670842677354813,0.9747794393450022,-1454407007433.474,0.8362506587058306,98db72c86eeb,1dab7e7ac807,5e1d50a6e395,0,True,12,95.211,4.765954058310498,2.285646606967807,112.17587700999675,0.015451389189449605,8.025626420527698e-14,fb8c4bf,2026-10-03T03:20:55+00:00,4.77401799479115,112.12054766836377,True,0.0033176170254435,5.25,2.285646606967807,0.2929698653936024,4.9913330078125,9.751084738091501e-13,True,True,-10.396744154560848,-3.1544732654537317,-2.432975953618914,-2.239388287411728,-2.1320042376522608,-2.0068402565487595,-1.9318599771409288,-1.88008153712777,-1.8414069231194163,-1.8110324683303947,-1.7863265319166435,,11666,108,1.5,False,False,v1.1-frozen
C0202_T423,manual,0,C0202,C0202,423.0,0.8670842677354813,0.9747794393450022,-1454407007433.474,0.8362506587058306,98db72c86eeb,1dab7e7ac807,5e1d50a6e395,0,True,0,52.682,4.533719044756627,3.139425259681608,155.14994063973697,0.011196658250629947,1.6897901579650449e-13,fb8c4bf,2026-10-03T03:21:09+00:00,4.542796020057393,155.46597384258098,True,0.004048029072999815,5.0,3.139425259681608,0.21827738316309114,5.0,1.91200886136512e-12,True,True,-7.132276557090113,-2.7772916048636853,-2.330863391442528,-2.20066775259278,-2.132089299262043,-2.0569558879008953,-2.014696015805959,-1.9867278237110675,-1.9664648408345766,-1.9509115773179815,-1.9384860813173674,,11666,92,1.5,False,False,v1.1-frozen
C0203_T300,manual,0,C0203,C0203,300.0,1.154507641494274,1.0944839086383582,-607099147513.5088,1.1410611134022477,649c3e9fdf99,1dab7e7ac807,5e1d50a6e395,0,True,0,40.295,3.079297044455645,1.8249791381227576,114.1769693042849,0.019305635095691838,8.025626420527695e-14,fb8c4bf,2026-10-03T03:18:14+00:00,3.102978507897162,114.82325306840436,True,0.0042846828532624405,3.5,1.8249791381227576,0.3711809490298774,5.0,1.90082508117528e-12,True,True,-2.4434850239580284,-2.191072485601913,-2.068372150815314,-1.9902987861537937,-1.9344829921479292,-1.857736834398808,-1.8059555603586903,-1.7678468146946675,-1.73822523944334,-1.7143159068595328,-1.6944762945327898,,10028,93,1.5,False,False,v1.1-frozen
C0203_T423,manual,0,C0203,C0203,423.0,1.154507641494274,1.0944839086383582,-607099147513.5088,1.1410611134022477,649c3e9fdf99,1dab7e7ac807,5e1d50a6e395,0,True,0,43.018,2.840691695733299,2.6854660754223922,158.4393796246301,0.013071098237652241,1.689790157965044e-13,fb8c4bf,2026-10-03T03:18:07+00:00,2.8538344269352343,158.48010098759323,True,0.004821890013205432,3.25,2.6854660754223922,0.25692556903667807,5.0,2.3718417432916972e-12,True,True,-2.3298446382040816,-2.1618691525531197,-2.083491161519981,-2.0358168319225407,-2.0029552512559574,-1.9595234530652892,-1.9313668721865533,-1.9112163570174272,-1.8958744304869672,-1.883687921331887,-1.8737051379869634,,10028,92,1.5,False,False,v1.1-frozen
C0204_T300,manual,0,C0204,C0204,300.0,1.1249250520020724,0.9185421641916036,-974363273940.9803,1.1628937378525734,a7c0b0871db8,1dab7e7ac807,5e1d50a6e395,0,True,0,43.319,3.4770853041389294,1.8094562359885578,110.65495504483403,0.019465363672693903,8.025626420527698e-14,fb8c4bf,2026-10-03T03:17:15+00:00,3.4818422914721388,110.9554102032504,True,0.004445109544659985,4.0,1.8094562359885578,0.37497144042080505,5.0,1.2528406798941188e-12,True,True,-2.6538834700058898,-2.242307582295687,-2.0894344193141374,-1.9998563198922616,-1.938470879523746,-1.8568944207580704,-1.8033368719726237,-1.7645336724370648,-1.7346735770022423,-1.7107374779171134,-1.69097447304306,,10145,92,1.5,False,False,v1.1-frozen
C0204_T423,manual,0,C0204,C0204,423.0,1.1249250520020724,0.9185421641916036,-974363273940.9803,1.1628937378525734,a7c0b0871db8,1dab7e7ac807,5e1d50a6e395,0,True,0,44.461,3.247779642580759,2.682496860534671,152.98334744206977,0.013084097282553673,1.6897901579650443e-13,fb8c4bf,2026-10-03T03:17:43+00:00,3.2480524865293505,153.34158641227035,True,0.005131603621479536,3.75,2.682496860534671,0.2573673432143289,5.0,1.3802165334829163e-12,True,True,-2.463119432046915,-2.1951071310152113,-2.096933010507195,-2.042158639778063,-2.006085365497798,-1.960115992215744,-1.9311604547303438,-1.9107659091048101,-1.89539017763367,-1.8832562354795552,-1.8733617843116173,,10145,92,1.5,False,False,v1.1-frozen
C0205_T300,manual,0,C0205,C0205,300.0,0.8124887082725764,1.0382694695144892,-1087173588573.9326,0.8581344522535801,4b791e8039e8,1dab7e7ac807,5e1d50a6e395,0,True,3,70.797,4.074779019809276,2.2539071885428332,113.40619749719782,0.015665881667048097,8.025626420527695e-14,fb8c4bf,2026-10-03T03:30:24+00:00,4.099706118016516,114.17959951345024,True,0.003367932019549163,4.5,2.2539071885428332,0.29738750292232274,5.0,8.523370410064184e-13,True,True,-4.463818646659299,-2.5369577547260596,-2.2852079535017946,-2.1604370618177633,-2.0803303831215554,-1.9785299543438741,-1.9138539272756427,-1.8678401534453388,-1.8328511339241356,-1.8050451582442055,-1.7822403485288956,,11900,99,1.5,False,False,v1.1-frozen
C0205_T423,manual,0,C0205,C0205,423.0,0.8124887082725764,1.0382694695144892,-1087173588573.9326,0.8581344522535801,4b791e8039e8,1dab7e7ac807,5e1d50a6e395,0,True,0,61.141,3.8400323613749965,3.159598944654302,157.05342562230985,0.011126238254583533,1.6897901579650449e-13,fb8c4bf,2026-10-03T03:21:16+00:00,3.854573748143752,157.21074470365227,True,0.0039976690458238175,4.25,3.159598944654302,0.2167831138698594,5.0,1.7266757354176684e-12,True,True,-3.3729481106583306,-2.4050252049160887,-2.2348338730572292,-2.154288345654556,-2.105051541369262,-2.045780659096716,-2.0101430059529055,-1.985737214918963,-1.9676901334943055,-1.9536516444182863,-1.9423321953067703,,11900,92,1.5,False,False,v1.1-frozen
C0206_T300,manual,0,C0206,C0206,300.0,0.9647689163684844,0.8824158933013678,-737516541033.9833,1.075078699365258,628b35dca115,1dab7e7ac807,5e1d50a6e395,0,True,0,30.477,2.830813591621851,1.8842134538150266,109.99191187822022,0.01869617488899979,8.025626420527696e-14,fb8c4bf,2026-10-03T03:12:37+00:00,2.855492713922312,110.83501238324267,True,0.0042916735400059,3.25,1.8842134538150266,0.35985710910506513,5.0,9.94399007581137e-13,True,True,-2.3557647223738756,-2.1571624007622607,-2.051510019266002,-1.9821471345132753,-1.9317619395916512,-1.8615927859841914,-1.8137515251193597,-1.778316408427467,-1.7506508826500216,-1.728247238090567,-1.709610153343467,,11081,93,1.5,False,False,v1.1-frozen
C0206_T423,manual,0,C0206,C0206,423.0,0.9647689163684844,0.8824158933013678,-737516541033.9833,1.075078699365258,628b35dca115,1dab7e7ac807,5e1d50a6e395,0,True,0,32.338,2.605432905563,2.8032429666064655,151.91804363539464,0.01252418166124065,1.6897901579650446e-13,fb8c4bf,2026-10-03T03:12:56+00:00,2.619155938896382,151.82792822650327,True,0.004866257653205308,3.0,2.8032429666064655,0.24594401504739102,5.0,2.594413354168911e-12,True,True,-2.274277649087875,-2.1448031272979424,-2.079421980652744,-2.0383818814063517,-2.0096015932736857,-1.9710067433681062,-1.9456716952181907,-1.9273976240810435,-1.913408005791871,-1.9022506416378266,-1.8930825482906073,,11081,91,1.5,False,False,v1.1-frozen
C0207_T300,manual,0,C0207,C0207,300.0,1.0523323848843575,1.161113888397813,-1327930408529.9373,0.9960501160472632,da99e57231c1,1dab7e7ac807,5e1d50a6e395,0,True,11,58.436,4.92132995392232,2.0850629105475127,115.57094273693625,0.01692860382189737,8.025626420527696e-14,fb8c4bf,2026-10-03T03:17:16+00:00,4.937566004686817,115.94603125498514,True,0.0036474909567625184,5.25,2.0850629105475127,0.3219047580543098,4.97265625,1.7785349660764912e-12,True,True,-11.676316168158468,-3.615107804315439,-2.436577905663728,-2.2167045767601077,-2.1013073823499675,-1.9704776254193537,-1.893533825037883,-1.84092568374177,-1.8018898477693661,-1.771378858633495,-1.7466534064494588,,10496,106,1.5,False,False,v1.1-frozen
C0207_T423,manual,0,C0207,C0207,423.0,1.0523323848843575,1.161113888397813,-1327930408529.9373,0.9960501160472632,da99e57231c1,1dab7e7ac807,5e1d50a6e395,0,True,0,30.74,4.678235606203554,2.911464641683852,160.51440940910155,0.012066726763249207,1.689790157965045e-13,fb8c4bf,2026-10-03T03:11:38+00:00,4.686914802223908,160.89636979952348,True,0.004249903685551006,5.25,2.911464641683852,0.23597103280602919,5.0,1.5565310316365523e-12,True,True,-7.949227374405472,-2.966015008232869,-2.329627405756042,-2.181456836311401,-2.1070794615266095,-2.027670750953105,-1.9837760263890556,-1.9549901229781603,-1.9342573897374653,-1.9184105212404317,-1.905790843668156,,10496,93,1.5,False,False,v1.1-frozen
C0208_T300,manual,0,C0208,C0208,300.0,1.069073174893856,0.8926426284015179,-825136544182.8966,1.1106998059898614,8056ab304a28,1dab7e7ac807,5e1d50a6e395,0,True,0,46.293,3.0609557395956557,1.8363644006262934,110.18041308447923,0.019180346064726822,8.025626420527696e-14,fb8c4bf,2026-10-03T03:20:44+00:00,3.0829767808741066,110.85322594290226,True,0.004404570192470951,3.5,1.8363644006262934,0.3694899065497154,5.0,9.136510992213687e-13,True,True,-2.424161174179341,-2.1790724670790627,-2.059700322919084,-1.9839046955961561,-1.9298263201724117,-1.8556128807348358,-1.8056095727250001,-1.7688248281970664,-1.7402305896221866,-1.717143561261008,-1.6979784489843355,,10496,93,1.5,False,False,v1.1-frozen
C0208_T423,manual,0,C0208,C0208,423.0,1.069073174893856,0.8926426284015179,-825136544182.8966,1.1106998059898614,8056ab304a28,1dab7e7ac807,5e1d50a6e395,0,True,0,43.313,2.834552090094264,2.721933510623855,152.19353929121272,0.012895480098071701,1.6897901579650443e-13,fb8c4bf,2026-10-03T03:18:00+00:00,2.848025729529549,152.20307791995447,True,0.00501692874009684,3.25,2.721933510623855,0.25355448519416995,5.0,1.1723540087007476e-12,True,True,-2.316765140163602,-2.1550565084006736,-2.0799659794301824,-2.034444418158075,-2.003129588030974,-1.9617945333558826,-1.9350028482973969,-1.9158155776228791,-1.9011917425526,-1.8895624844634638,-1.880025653891012,,10496,92,1.5,False,False,v1.1-frozen
C0209_T300,manual,0,C0209,C0209,300.0,0.956600496172905,1.163924840092659,-1234420479275.286,0.8182446327060462,3e03e515dcdf,1dab7e7ac807,5e1d50a6e395,0,True,13,103.771,4.725925006478681,2.312129028838924,115.83391582090741,0.015282221428370369,8.025626420527701e-14,fb8c4bf,2026-10-03T03:29:35+00:00,4.731582318020572,116.56111474418663,True,0.0030826507844810692,5.25,2.312129028838924,0.2888285269571004,4.828575134277344,1.7038679961296419e-12,True,True,-9.821287415533282,-3.0991559945369196,-2.4456407577030346,-2.2548404356205105,-2.1468463810685496,-2.0191407726973276,-1.9417482084421724,-1.8879507666909208,-1.847598268653862,-1.8158135119932266,-1.789905245185102,,11081,110,1.5,False,False,v1.1-frozen
C0209_T423,manual,0,C0209,C0209,423.0,0.956600496172905,1.163924840092659,-1234420479275.286,0.8182446327060462,3e03e515dcdf,1dab7e7ac807,5e1d50a6e395,0,True,0,55.939,4.483330152295363,3.1112864352409018,160.8169252880415,0.011298819425815726,1.6897901579650449e-13,fb8c4bf,2026-10-03T03:24:36+00:00,4.485677879952161,161.24785647567074,True,0.0037814514399971263,5.0,3.1112864352409018,0.22013723628273418,5.0,1.847402280772757e-12,True,True,-6.7160326871769005,-2.7530471314242058,-2.3397570718996055,-2.209041959175037,-2.1384554641011184,-2.0598253968260134,-2.0150663732473766,-1.9852720220376103,-1.963618161309681,-1.9469669320598344,-1.9336492379116312,,11081,92,1.5,False,False,v1.1-frozen
C0210_T300,manual,0,C0210,C0210,300.0,0.8167295400053263,0.9064965926110744,-588350017555.058,1.047786904871464,8aa265d1a33b,1dab7e7ac807,5e1d50a6e395,0,True,0,49.971,2.5544910832298426,1.9625577631133513,110.5224098466659,0.017956935297201566,8.025626420527698e-14,fb8c4bf,2026-10-03T03:21:45+00:00,2.5755288814684256,111.19908454083382,True,0.004134862149837857,3.0,1.9625577631133513,0.344833242455543,5.0,9.202979997586013e-13,True,True,-2.2986784555900974,-2.138496991983919,-2.0463951529261326,-1.9838944462439778,-1.937650598993933,-1.872266132897833,-1.8271534712410402,-1.7935217487442379,-1.7671632716836787,-1.7457677822058402,-1.7279434625229984,,12017,93,1.5,False,False,v1.1-frozen
C0210_T423,manual,0,C0210,C0210,423.0,0.8167295400053263,0.9064965926110744,-588350017555.058,1.047786904871464,8aa265d1a33b,1dab7e7ac807,5e1d50a6e395,0,True,0,52.293,2.327152840300337,2.9501125948941658,152.73682937061577,0.011906466128005543,1.6897901579650446e-13,fb8c4bf,2026-10-03T03:22:02+00:00,2.3406192789109537,152.62740022027344,True,0.004742563672900361,2.75,2.9501125948941658,0.23315009966851646,5.0,1.5041444728301532e-12,True,True,-2.2431957744617277,-2.1411241767261986,-2.085470378269566,-2.0493012932225327,-2.02343337380228,-1.988180536204544,-1.9647481189472509,-1.9477353807494755,-1.9346637924990377,-1.9242171191924629,-1.9156233664781142,,12017,92,1.5,False,False,v1.1-frozen
C0211_T300,manual,0,C0211,C0211,300.0,1.104256673529744,1.036789071559906,-1475109478458.7622,0.9310628212988376,54bd98452c7a,1dab7e7ac807,5e1d50a6e395,0,True,0,43.821,4.966151138483502,2.1147754207059357,113.31139639065024,0.01669119799360372,8.025626420527699e-14,fb8c4bf,2026-10-03T03:18:59+00:00,4.973738471661807,113.77520470364,True,0.0035508506582676777,5.5,2.1147754207059357,0.31736647525751227,5.0,1.2085592658010652e-12,True,True,-12.23138734840096,-3.8212386279450463,-2.4630691093251897,-2.2338384142357692,-2.115079414690177,-1.9811341716086608,-1.9025048172690544,-1.8487254437471061,-1.8087776169308436,-1.7775124911613973,-1.7521408785763826,,10262,92,1.5,False,False,v1.1-frozen
C0211_T423,manual,0,C0211,C0211,423.0,1.104256673529744,1.036789071559906,-1475109478458.7622,0.9310628212988376,54bd98452c7a,1dab7e7ac807,5e1d50a6e395,0,True,0,46.356,4.729954552899389,2.9053566273992995,156.9246716036896,0.01209111789247432,1.689790157965044e-13,fb8c4bf,2026-10-03T03:18:53+00:00,4.732637043743111,157.3882167263997,True,0.004291552234797151,5.25,2.9053566273992995,0.2365671410829295,5.0,1.1226540227725785e-12,True,True,-8.361018995327655,-3.068750493776292,-2.3450884570329498,-2.18913027972605,-2.1119253808701504,-2.030013434478694,-1.984854017053074,-1.9552355424083188,-1.9338801186868637,-1.917533544293165,-1.9044953127348998,,10262,92,1.5,False,False,v1.1-frozen
C0212_T300,manual,0,C0212,C0212,300.0,1.1744650259613991,0.950282511115074,-1107997941784.5603,0.9529702264815568,055b4ac9af6e,1dab7e7ac807,5e1d50a6e395,0,True,0,43.26,3.8851942427025925,1.9855117372912523,111.5360760913785,0.01775957064357153,8.025626420527699e-14,fb8c4bf,2026-10-03T03:17:59+00:00,3.9092934097815717,112.57244217036266,True,0.0037789032024831493,4.25,1.9855117372912523,0.3398056661570648,5.0,8.474127351498895e-13,True,True,-3.472229780929267,-2.4181777427418787,-2.2046631179908234,-2.091268890529251,-2.0165336764537884,-1.9197467862844766,-1.8572983752848693,-1.8124262111805503,-1.7780508246873707,-1.750567537959538,-1.7279118338898412,,9911,93,1.5,False,False,v1.1-frozen
C0212_T423,manual,0,C0212,C0212,423.0,1.1744650259613991,0.950282511115074,-1107997941784.5603,0.9529702264815568,055b4ac9af6e,1dab7e7ac807,5e1d50a6e395,0,True,0,43.155,3.65637146007824,2.7860923323057847,154.230828296258,0.012602408913104653,1.6897901579650446e-13,fb8c4bf,2026-10-03T03:18:27+00:00,3.667553213972062,154.5424957661623,True,0.004327644473923001,4.25,2.7860923323057847,0.24731901054306485,5.0,2.045746977353289e-12,True,True,-2.909489396835155,-2.3112768473769894,-2.166922079247403,-2.09387124551999,-2.0478402023435884,-1.9910589377589227,-1.9561664323793828,-1.9319165138153973,-1.913782175226713,-1.8995464328447003,-1.8879790565795909,,9911,93,1.5,False,False,v1.1-frozen
C0213_T300,manual,0,C0213,C0213,300.0,0.8619493365287781,1.080552154034376,-955491889268.16,1.069644771143794,9147f8953cd9,1dab7e7ac807,5e1d50a6e395,0,True,0,53.808,3.8577392490417166,2.020305816917132,113.98577353526306,0.017457299854488795,8.025626420527698e-14,fb8c4bf,2026-10-03T03:31:18+00:00,3.8826428335537173,115.0126229015801,True,0.0040242908944209,4.25,2.020305816917132,0.3336056883574927,5.0,1.1776441572394692e-12,True,True,-3.3664115954894682,-2.389339751408643,-2.1851255423438656,-2.0769776863479144,-2.0060279246290804,-1.9147656621771956,-1.8564063381557707,-1.8148057899779295,-1.7831621328495584,-1.7580229283841458,-1.7374177008984635,,11666,93,1.5,False,False,v1.1-frozen
C0213_T423,manual,0,C0213,C0213,423.0,0.8619493365287781,1.080552154034376,-955491889268.16,1.069644771143794,9147f8953cd9,1dab7e7ac807,5e1d50a6e395,0,True,0,52.795,3.6205217262313645,2.9684073257936237,158.09283136054552,0.011835859387900641,1.689790157965045e-13,fb8c4bf,2026-10-03T03:22:09+00:00,3.633536458327489,158.27836803162876,True,0.004499280246301489,4.0,2.9684073257936237,0.23141785570962173,5.0,2.8749243810977644e-12,True,True,-2.8469313724354994,-2.303061202571002,-2.169572722283985,-2.1023031736760367,-2.0601368446891217,-2.008498322609815,-1.9770646720948373,-1.9554037909418045,-1.939330003621017,-1.9268002029758844,-1.9166843692382651,,11666,91,1.5,False,False,v1.1-frozen
C0214_T300,manual,0,C0214,C0214,300.0,0.914308849349618,0.8489059150218964,-1367309428751.4688,0.8901047259569168,cf8aa64fb19f,1dab7e7ac807,5e1d50a6e395,0,True,0,30.765,4.210316330462365,2.12813895775113,109.50099815500813,0.01657590154725573,8.025626420527698e-14,fb8c4bf,2026-10-03T03:13:08+00:00,4.219428174493036,110.06025186151014,True,0.003578143998883248,4.75,2.12813895775113,0.31650002557308426,5.0,1.3601463705326111e-12,True,True,-5.521250856201309,-2.5597658516375588,-2.2715503584489047,-2.1389648989615453,-2.056198698627801,-1.953038137601524,-1.8883811726477218,-1.8426706320770645,-1.808019877401565,-1.780522841423914,-1.7579836625160472,,11432,92,1.5,False,False,v1.1-frozen
C0214_T423,manual,0,C0214,C0214,423.0,0.914308849349618,0.8489059150218964,-1367309428751.4688,0.8901047259569168,cf8aa64fb19f,1dab7e7ac807,5e1d50a6e395,0,True,0,34.542,3.9859682429746384,2.9971197115817048,151.05798425911667,0.011721087496925171,1.689790157965045e-13,fb8c4bf,2026-10-03T03:13:31+00:00,3.987926184804073,151.51979478695975,True,0.004367708485431452,4.5,2.9971197115817048,0.22935291676646968,5.0,2.038396474320799e-12,True,True,-3.932818667247369,-2.412540442161842,-2.2183486661388994,-2.1330175552309867,-2.082370743893682,-2.0225721277597035,-1.9870543788567607,-1.962837580509397,-1.9449508656457934,-1.931032092071938,-1.9197968671211965,,11432,92,1.5,False,False,v1.1-frozen
C0215_T300,manual,0,C0215,C0215,300.0,1.001792972162366,1.1202109716832638,-692277944646.7758,1.182611062377691,666800ad2004,1dab7e7ac807,5e1d50a6e395,0,True,0,35.362,3.3362505245325558,1.862474298911109,114.63210542829316,0.018920652157918574,8.025626420527696e-14,fb8c4bf,2026-10-03T03:17:52+00:00,3.360153760619736,115.3304410291347,True,0.004371236742088198,3.75,1.862474298911109,0.36336912618951867,5.0,1.991173327738862e-12,True,True,-2.567098329682213,-2.2304957222730026,-2.090159939929003,-2.0052733099768463,-1.9461975168920944,-1.8667929838817,-1.8142556537093961,-1.7760691208484367,-1.7466495712408374,-1.723063898393838,-1.7035988637665898,,10964,93,1.5,False,False,v1.1-frozen
C0215_T423,manual,0,C0215,C0215,423.0,1.001792972162366,1.1202109716832638,-692277944646.7758,1.182611062377691,666800ad2004,1dab7e7ac807,5e1d50a6e395,0,True,0,30.905,3.0962569129591184,2.778927737517224,159.1917047790774,0.012635228157002779,1.6897901579650449e-13,fb8c4bf,2026-10-03T03:12:09+00:00,3.1092662556835817,159.10552526666655,True,0.004846409848535519,3.5,2.778927737517224,0.24792875870980727,5.0,1.9604819606393764e-12,True,True,-2.413557315893551,-2.193535953887152,-2.10408651490413,-2.0524873621743662,-2.0179513497327624,-1.9734402621125215,-1.9452078063642688,-1.9252815636910023,-1.910259553528506,-1.8984169115254128,-1.8887743759041753,,10964,92,1.5,False,False,v1.1-frozen
C0216_T300,manual,0,C0216,C0216,300.0,1.0451108679175376,0.9480609759688378,-1275098165497.1838,1.097467378154397,7c1380254359,1dab7e7ac807,5e1d50a6e395,0,True,0,48.232,4.259058035992214,1.9232717588754822,111.34499994005331,0.018327493775392303,8.025626420527696e-14,fb8c4bf,2026-10-03T03:21:33+00:00,4.263666870628372,111.2655066734588,True,0.004236638200773981,4.75,1.9232717588754822,0.35143391923114786,5.0,1.9767761195601483e-12,True,True,-5.933914274985678,-2.527176918094274,-2.2227592703780745,-2.088508530907816,-2.0059512435963263,-1.9042143898986506,-1.8410858759970183,-1.7967565671949302,-1.7633226549053536,-1.7368969193222572,-1.7153059563990094,,10613,92,1.5,False,False,v1.1-frozen
C0216_T423,manual,0,C0216,C0216,423.0,1.0451108679175376,0.9480609759688378,-1275098165497.1838,1.097467378154397,7c1380254359,1dab7e7ac807,5e1d50a6e395,0,True,0,45.605,4.027924247284694,2.796682373709707,153.98730225244617,0.012554854450890962,1.6897901579650446e-13,fb8c4bf,2026-10-03T03:18:46+00:00,4.035252382043917,154.28173424485524,True,0.0049145118851598255,4.5,2.796682373709707,0.2463745131543505,5.0,1.6696413364947123e-12,True,True,-4.139788826378718,-2.38624851008868,-2.1845881983623308,-2.0989578695037023,-2.048776188958539,-1.9900514166548904,-1.9554218995795065,-1.9319179847964025,-1.9146160606338312,-1.9011883177213738,-1.8903735229817074,,10613,92,1.5,False,False,v1.1-frozen
C0217_T300,manual,0,C0217,C0217,300.0,0.9325403422117232,1.020908645540476,-661407967098.0573,0.9798168923705816,82162dc0f34a,1dab7e7ac807,5e1d50a6e395,0,True,0,50.775,3.0337168145633675,2.0088251954366356,112.91163589271791,0.017552434853669842,8.025626420527699e-14,fb8c4bf,2026-10-03T03:30:27+00:00,3.049056315982331,113.06431532764427,True,0.0037854173740826023,3.5,2.0088251954366356,0.3359847195240782,5.0,1.3665527043293935e-12,True,True,-2.4718633498793987,-2.2308395183450713,-2.1103920742093765,-2.0329591808240606,-1.977287106713134,-1.9003660376638833,-1.8482503384239868,-1.8097971912937816,-1.7798571385900848,-1.7556626301858502,-1.7355702492824023,,11315,93,1.5,False,False,v1.1-frozen
C0217_T423,manual,0,C0217,C0217,423.0,0.9325403422117232,1.020908645540476,-661407967098.0573,0.9798168923705816,82162dc0f34a,1dab7e7ac807,5e1d50a6e395,0,True,0,56.21,2.799018447430369,2.911876026703997,156.371028876361,0.012062412338351518,1.689790157965045e-13,fb8c4bf,2026-10-03T03:25:33+00:00,2.8100768689798676,156.60054781638632,True,0.004450255434699284,3.25,2.911876026703997,0.23622640489878466,5.0,2.754237482632073e-12,True,True,-2.3551398383950044,-2.1939939327908857,-2.1171349198446587,-2.0700082205809935,-2.0373973738383278,-1.994180225257155,-1.9661156161301132,-1.9460196249700574,-1.9307181181739184,-1.9185658298022275,-1.9086141069096383,,11315,92,1.5,False,False,v1.1-frozen
C0218_T300,manual,0,C0218,C0218,300.0,0.8912045422941447,0.8525434687733651,-1014875889755.7854,1.1596521452069282,2ed494ad549d,1dab7e7ac807,5e1d50a6e395,0,True,0,48.39,3.3826294439733946,1.8766106686416508,109.28666937069708,0.01877094376962683,8.025626420527699e-14,fb8c4bf,2026-10-03T03:22:34+00:00,3.4060111102739965,110.03527176942163,True,0.004561976975862733,3.75,1.8766106686416508,0.36141488314856146,5.0,8.246372334985708e-13,True,True,-2.5759295606415997,-2.221960846792214,-2.0811524351412096,-1.9975763656662802,-1.9400645894245403,-1.863508219523427,-1.813247019819182,-1.7768653786412523,-1.7489016852080141,-1.7265138912765183,-1.7080527080683163,,11432,93,1.5,False,False,v1.1-frozen
C0218_T423,manual,0,C0218,C0218,423.0,0.8912045422941447,0.8525434687733651,-1014875889755.7854,1.1596521452069282,2ed494ad549d,1dab7e7ac807,5e1d50a6e395,0,True,0,48.84,3.160108302358563,2.8399557413632093,150.8737694458193,0.012363581256721413,1.6897901579650449e-13,fb8c4bf,2026-10-03T03:22:51+00:00,3.170329758825,151.13931855210615,True,0.00491976772301372,3.5,2.8399557413632093,0.24264594707887543,5.0,1.992125165381073e-12,True,True,-2.4191387387987016,-2.1903194267205,-2.102327526811521,-2.0526728199372783,-2.0198353859094214,-1.9779068552702854,-1.9514872367779035,-1.932892829299783,-1.918890681018415,-1.9078557125196733,-1.8988703379560996,,11432,93,1.5,False,False,v1.1-frozen
C0219_T300,manual,0,C0219,C0219,300.0,1.1786342103034255,1.178145492821932,-925540270283.8182,0.8677327491343022,c2c187c11158,1dab7e7ac807,5e1d50a6e395,0,True,2,51.451,4.037058031974095,2.128561595631924,116.02140344700962,0.016585180796527644,8.025626420527695e-14,fb8c4bf,2026-10-03T03:19:50+00:00,4.053561562759095,116.08832567123572,True,0.0033126713857013134,4.5,2.128561595631924,0.31511642791154604,5.0,8.713273158544865e-13,True,True,-4.214810021577858,-2.5259688702288647,-2.278327688145972,-2.1522420703493976,-2.0701256121812013,-1.9643855055306216,-1.8963542197225542,-1.8475262570735007,-1.8101472029773822,-1.7802797898360074,-1.7556715566707146,,9911,95,1.5,False,False,v1.1-frozen
C0219_T423,manual,0,C0219,C0219,423.0,1.1786342103034255,1.178145492821932,-925540270283.8182,0.8677327491343022,c2c187c11158,1dab7e7ac807,5e1d50a6e395,0,True,0,42.466,3.794298452470277,2.8880111191447155,161.1811331819739,0.012163767586291344,1.6897901579650443e-13,fb8c4bf,2026-10-03T03:19:36+00:00,3.8048368366079224,161.41426593209053,True,0.003999376541212932,4.25,2.8880111191447155,0.23797530849492401,5.0,1.1865072336837517e-12,True,True,-3.251229036614216,-2.3899179170016867,-2.217998675246115,-2.133767353777891,-2.0813122424990254,-2.0171341475220914,-1.9779719813898629,-1.9508888994593483,-1.9307158669821511,-1.914931886534768,-1.9021422970681745,,9911,92,1.5,False,False,v1.1-frozen
C0220_T300,manual,0,C0220,C0220,300.0,1.148842562735081,0.8088292934000493,-558428979478.7765,0.8396401423960924,754d840fe4dc,1dab7e7ac807,5e1d50a6e395,0,True,0,41.108,2.2191264358372376,1.9805138934912303,108.71006643651387,0.01779320674028222,8.025626420527698e-14,fb8c4bf,2026-10-03T03:18:40+00:00,2.2264047763317905,109.13394205265891,True,0.0034961658095754872,2.75,1.9805138934912303,0.34186396111584455,5.0,1.7537940674938354e-12,True,True,-2.281036898317373,-2.1453530132466994,-2.0603300611652338,-1.9999127883732892,-1.9538274095354136,-1.8866586949194541,-1.838916888945743,-1.8025564684061095,-1.773583100875511,-1.7497457751253742,-1.7296607872820529,,10145,92,1.5,False,False,v1.1-frozen
C0220_T423,manual,0,C0220,C0220,423.0,1.148842562735081,0.8088292934000493,-558428979478.7765,0.8396401423960924,754d840fe4dc,1dab7e7ac807,5e1d50a6e395,0,True,0,40.237,1.997655014372248,2.784053449310257,149.8237948998232,0.012608803333767125,1.6897901579650449e-13,fb8c4bf,2026-10-03T03:19:07+00:00,1.9979822715588975,150.16806325028813,True,0.004361048129715996,2.5,2.784053449310257,0.24780442323226975,5.0,2.0811192146087724e-12,True,True,-2.2153721338644177,-2.1261223396956495,-2.0728794128298054,-2.036515777865088,-2.009640521040253,-1.971812322995723,-1.945865145070333,-1.9265993267286232,-1.9115366792087645,-1.8993261291448198,-1.8891593922265064,,10145,92,1.5,False,False,v1.1-frozen
C0221_T300,manual,0,C0221,C0221,300.0,0.8364243388175965,1.134408287703991,-1382018007338.047,1.1315099995583295,3dd86c05fd80,1dab7e7ac807,5e1d50a6e395,0,True,2,60.548,4.974800137593301,2.0577372589063176,114.92696373125133,0.017148053834535968,8.0256264205277e-14,fb8c4bf,2026-10-03T03:32:19+00:00,4.980020344217149,115.30296072312973,True,0.004075866190514513,5.5,2.0577372589063176,0.3267151512938654,5.0,8.540980422910849e-13,True,True,-12.23138734840096,-3.8608665871540215,-2.414270005212552,-2.1895173301612667,-2.075955762234662,-1.9503998177655375,-1.8781120449618491,-1.8293619359156346,-1.7935524961182567,-1.7657851617367952,-1.7434300141918189,,11900,96,1.5,False,False,v1.1-frozen
C0221_T423,manual,0,C0221,C0221,423.0,0.8364243388175965,1.134408287703991,-1382018007338.047,1.1315099995583295,3dd86c05fd80,1dab7e7ac807,5e1d50a6e395,0,True,0,54.907,4.732629318900301,3.0172373543761517,159.6353085121296,0.011647299897541874,1.6897901579650449e-13,fb8c4bf,2026-10-03T03:23:05+00:00,4.734788291294809,160.05558059940915,True,0.00464718546625778,5.25,3.0172373543761517,0.22737435914491444,5.0,1.5655947278685433e-12,True,True,-8.325825726834374,-3.053243356644202,-2.3210826417020374,-2.1749330444197046,-2.104485075014028,-2.031246957136816,-1.9916192294457256,-1.9659674205056223,-1.9476633716365659,-1.9337747420636764,-1.9227813979723045,,11900,92,1.5,False,False,v1.1-frozen
C0222_T300,manual,0,C0222,C0222,300.0,0.9902486953884364,0.9918235965073108,-794297147542.2383,0.9016769975423812,b88d88a071ee,1dab7e7ac807,5e1d50a6e395,0,True,0,29.785,3.2736796694396975,2.067687568136967,112.44203227148819,0.01705825349806245,8.025626420527699e-14,fb8c4bf,2026-10-03T03:13:38+00:00,3.2848400749308,112.29523472324732,True,0.0035476755009949032,3.75,2.067687568136967,0.3259092781696523,5.0,1.822165138666071e-12,True,True,-2.6065554306459773,-2.294311832236801,-2.154711943891058,-2.0680613976641933,-2.0068145787017553,-1.9232515181114178,-1.8671430425281872,-1.8259251825987366,-1.7939069443760454,-1.768065435945866,-1.7466191423373214,,10964,91,1.5,False,False,v1.1-frozen
C0222_T423,manual,0,C0222,C0222,423.0,0.9902486953884364,0.9918235965073108,-794297147542.2383,0.9016769975423812,b88d88a071ee,1dab7e7ac807,5e1d50a6e395,0,True,0,32.549,3.040251042572896,2.9199361214912027,155.588367265302,0.01202928157732192,1.689790157965044e-13,fb8c4bf,2026-10-03T03:14:04+00:00,3.050281159651872,155.86540990980603,True,0.004270195139536854,3.5,2.9199361214912027,0.2355548066093567,5.0,1.9641198955393416e-12,True,True,-2.444779452261707,-2.23262933077536,-2.1410368657940912,-2.086911192412243,-2.050174834544476,-2.0022263050784868,-1.971450911926206,-1.9495489701519297,-1.932930874804314,-1.9197603091789872,-1.9089878231247053,,10964,92,1.5,False,False,v1.1-frozen
C0223_T300,manual,0,C0223,C0223,300.0,1.0778306651860476,1.0646942988038064,-1142239796929.0615,1.0193786464631558,b3e0fd9bcf01,1dab7e7ac807,5e1d50a6e395,0,True,0,34.918,4.257137318319497,1.9973707891486494,113.73029162215553,0.017658574376545232,8.025626420527699e-14,fb8c4bf,2026-10-03T03:18:27+00:00,4.260806158894831,113.83482014173951,True,0.003865753748245518,4.75,1.9973707891486494,0.33732183425929113,5.0,1.9347390113082776e-12,True,True,-5.865952239711903,-2.562927260217533,-2.256446214307638,-2.1193160473596597,-2.034270900889016,-1.9286516008309345,-1.8626583970431787,-1.8161202660289952,-1.7809210494210732,-1.7530443610863906,-1.730234107362175,,10496,92,1.5,False,False,v1.1-frozen
C0223_T423,manual,0,C0223,C0223,423.0,1.0778306651860476,1.0646942988038064,-1142239796929.0615,1.0193786464631558,b3e0fd9bcf01,1dab7e7ac807,5e1d50a6e395,0,True,0,32.041,4.0191338838975765,2.836288370913765,157.68102662517435,0.01238228416741919,1.6897901579650443e-13,fb8c4bf,2026-10-03T03:12:41+00:00,4.0245310369530705,157.98504783569777,True,0.0045505847271208304,4.5,2.836288370913765,0.242653093513582,5.0,2.849257479918396e-12,True,True,-4.092487104051935,-2.412216053450218,-2.2061140217184163,-2.116882916065884,-2.064110833572203,-2.0019328474665925,-1.965085766788164,-1.940019153638908,-1.9215454054037502,-1.9071992333609145,-1.8956405080333367,,10496,92,1.5,False,False,v1.1-frozen
C0224_T300,manual,0,C0224,C0224,300.0,1.0864291463047266,0.8218566562980414,-1448417950421.5718,1.1751664496958254,39824f1def01,1dab7e7ac807,5e1d50a6e395,0,True,0,45.094,4.298658391134432,1.8314566554500076,108.59835456502076,0.019232249096165596,8.025626420527698e-14,fb8c4bf,2026-10-03T03:22:19+00:00,4.318098991893541,109.18293960425929,True,0.0047249515520878214,4.75,1.8314566554500076,0.3704400015158835,5.0,1.1181555726150705e-12,True,True,-6.349953557950968,-2.5100344301998354,-2.192418671479271,-2.0577763085021736,-1.9762902948461525,-1.8770634966883482,-1.8160431313962233,-1.773388711347305,-1.7412981485775614,-1.7159699246570967,-1.6952921038826725,,10379,93,1.5,False,False,v1.1-frozen
C0224_T423,manual,0,C0224,C0224,423.0,1.0864291463047266,0.8218566562980414,-1448417950421.5718,1.1751664496958254,39824f1def01,1dab7e7ac807,5e1d50a6e395,0,True,0,41.078,4.076980105710132,2.7120594557973607,149.85367255562144,0.012941881642021022,1.6897901579650446e-13,fb8c4bf,2026-10-03T03:19:28+00:00,4.090075201287771,149.88977615770017,True,0.005335685633393025,4.5,2.7120594557973607,0.25453122775119763,5.0,1.87873683496505e-12,True,True,-4.411092477721252,-2.3713367457119725,-2.163314092402454,-2.0785378188693646,-2.0296427731842965,-1.973014090916867,-1.9398351365414421,-1.9173659026892838,-1.900834658659724,-1.8880025762687336,-1.8776622002368932,,10379,92,1.5,False,False,v1.1-frozen
C0225_T300,manual,0,C0225,C0225,300.0,0.9990055847913026,1.147455543652177,-617025005631.1488,0.8959928587079048,7e6db89b02e4,1dab7e7ac807,5e1d50a6e395,0,True,12,90.598,3.2480708773039084,2.0982688990272353,115.42457468034006,0.016816255559101937,8.025626420527696e-14,fb8c4bf,2026-10-03T03:31:57+00:00,3.248509440496909,115.72124628879499,True,0.0033786821077654485,3.75,2.0982688990272353,0.3205017704430002,4.9990234375,1.789226847603053e-12,True,True,-2.6100304074484764,-2.3053665240507497,-2.1663136348612717,-2.07924645025243,-2.017381127882313,-1.9325878505053504,-1.875444644242232,-1.8333860128635737,-1.8006809023708727,-1.7742707012287482,-1.7523468000502642,,10964,107,1.5,False,False,v1.1-frozen
C0225_T423,manual,0,C0225,C0225,423.0,0.9990055847913026,1.147455543652177,-617025005631.1488,0.8959928587079048,7e6db89b02e4,1dab7e7ac807,5e1d50a6e395,0,True,0,52.547,3.0060355511136803,2.9416459946881304,160.26992114005455,0.01194264357565935,1.6897901579650443e-13,fb8c4bf,2026-10-03T03:26:26+00:00,3.0079598332554474,160.66029253161884,True,0.004069472032970707,3.5,2.9416459946881304,0.23359507774623303,5.0,1.655522547798948e-12,True,True,-2.4498969240493595,-2.2417520302102663,-2.1496226676348327,-2.094610678919676,-2.0570592957905984,-2.00783514819678,-1.9761531676904,-1.9535866852003332,-1.9364643492006228,-1.9228995288813868,-1.9118109581289433,,10964,92,1.5,False,False,v1.1-frozen
C0226_T300,manual,0,C0226,C0226,300.0,0.827835275232792,0.9790895756334066,-1216456986032.4265,1.063031842932105,1deca5579b5e,1dab7e7ac807,5e1d50a6e395,0,True,0,50.16,4.207811792925202,2.042433894153495,111.99512881927554,0.01726828271975918,8.0256264205277e-14,fb8c4bf,2026-10-03T03:23:24+00:00,4.216805709747199,112.54825814349468,True,0.003973580206370212,4.75,2.042433894153495,0.33000566047826524,5.0,1.1685190826847945e-12,True,True,-5.493358686473241,-2.517647968934711,-2.2330952327947307,-2.1040281923905604,-2.024069311417125,-1.9252108556503478,-1.8638261576399084,-1.8207640036513433,-1.7883362981743285,-1.7627508496019286,-1.7418842792119769,,11900,92,1.5,False,False,v1.1-frozen
C0226_T423,manual,0,C0226,C0226,423.0,0.827835275232792,0.9790895756334066,-1216456986032.4265,1.063031842932105,1deca5579b5e,1dab7e7ac807,5e1d50a6e395,0,True,0,58.362,3.9747703600315516,3.00370412750032,155.010791860405,0.011697392915142296,1.6897901579650443e-13,fb8c4bf,2026-10-03T03:23:50+00:00,3.977972491870917,155.4627937441455,True,0.004619715430212755,4.5,3.00370412750032,0.22864910443895395,5.0,1.884151933988703e-12,True,True,-3.880358471857367,-2.3876072342775605,-2.2010971719104595,-2.120085149575953,-2.0723245521377254,-2.016327390170243,-1.9833373762835838,-1.9609995051521016,-1.9446013987096433,-1.931910921906303,-1.9217179420179595,,11900,92,1.5,False,False,v1.1-frozen
C0227_T300,manual,0,C0227,C0227,300.0,1.140411901473999,1.0519404027611017,-845083512365.818,0.9580268416553736,3ca5dec9144a,1dab7e7ac807,5e1d50a6e395,0,True,0,42.348,3.53978337142719,1.9906811556432766,113.5589296558126,0.017715294729993468,8.025626420527696e-14,fb8c4bf,2026-10-03T03:20:33+00:00,3.5570543916002686,113.7605837395712,True,0.0037115374731512127,4.0,1.9906811556432766,0.338727518329315,5.0,7.224568165931089e-13,True,True,-2.7907220477975794,-2.33287425594501,-2.167471042758484,-2.070301230888353,-2.003387312927541,-1.913896755531149,-1.854737660787063,-1.8116636725044994,-1.778395254805584,-1.7516516178978352,-1.7295209457564442,,10145,93,1.5,False,False,v1.1-frozen
C0227_T423,manual,0,C0227,C0227,423.0,1.140411901473999,1.0519404027611017,-845083512365.818,0.9580268416553736,3ca5dec9144a,1dab7e7ac807,5e1d50a6e395,0,True,0,50.065,3.303434729610528,2.8043186554587103,157.35519894882455,0.012521791741200475,1.6897901579650449e-13,fb8c4bf,2026-10-03T03:20:27+00:00,3.31504514716321,157.57353096933102,True,0.004401135811530831,3.75,2.8043186554587103,0.24558121796757235,5.0,2.303611603684204e-12,True,True,-2.558685051104274,-2.2552087050587883,-2.144719892230321,-2.0828753774275266,-2.0420277098916784,-1.9898357523844854,-1.9568949903200905,-1.9336730086324923,-1.9161584754514138,-1.9023335235503889,-1.891058123647447,,10145,92,1.5,False,False,v1.1-frozen
C0228_T300,manual,0,C0228,C0228,300.0,1.182496029511094,0.9353036526590586,-727819562889.6356,0.9361629329621792,11587570f91f,1dab7e7ac807,5e1d50a6e395,0,True,0,42.722,2.96620696654486,1.9453462643751003,111.25508601086698,0.018118976351024184,8.025626420527695e-14,fb8c4bf,2026-10-03T03:19:23+00:00,2.9738074868833895,111.77742975364657,True,0.0036728300246463537,3.5,1.9453462643751003,0.3475397192189698,5.0,1.2969194661813467e-12,True,True,-2.449058216895161,-2.2202735744688686,-2.10207033369986,-2.0249825408882822,-1.969055712392684,-1.8910771676009495,-1.8377478961072253,-1.7981159647676657,-1.7670759050036038,-1.7418663418501237,-1.7208390927298702,,9911,92,1.5,False,False,v1.1-frozen
C0228_T423,manual,0,C0228,C0228,423.0,1.182496029511094,0.9353036526590586,-727819562889.6356,0.9361629329621792,11587570f91f,1dab7e7ac807,5e1d50a6e395,0,True,0,42.987,2.736112824513179,2.753524248122805,153.7840188023632,0.012749451858947462,1.6897901579650443e-13,fb8c4bf,2026-10-03T03:19:51+00:00,2.738007213795812,154.22929727632146,True,0.004461473016442658,3.25,2.753524248122805,0.25044720209303184,5.0,1.3303542866860007e-12,True,True,-2.332070967907801,-2.1766466837706537,-2.100057007711259,-2.05234003027659,-2.018973785830809,-1.9742828113176474,-1.944937611185627,-1.9237444527846939,-1.9074933279344841,-1.8945084865831026,-1.883818206635799,,9911,92,1.5,False,False,v1.1-frozen
C0229_T300,manual,0,C0229,C0229,300.0,0.8949323732405902,1.00817732475698,-1333690585568.5474,1.041118296980858,f1b6b42a0c7a,1dab7e7ac807,5e1d50a6e395,0,True,0,52.493,4.555938510483408,2.0538700947321864,112.60590870686971,0.017175498976852336,8.025626420527698e-14,fb8c4bf,2026-10-03T03:33:12+00:00,4.5770452165208795,113.24282578299538,True,0.004010401382742166,5.0,2.0538700947321864,0.3278248072378496,5.0,1.0462764567392978e-12,True,True,-8.506507537270755,-2.7785483690629182,-2.3100273235547477,-2.147348495100156,-2.053271560605433,-1.9415751405617556,-1.8740789307062018,-1.827368440195939,-1.7924760259229904,-1.7650906371070876,-1.74283763573869,,11549,93,1.5,False,False,v1.1-frozen
C0229_T423,manual,0,C0229,C0229,423.0,0.8949323732405902,1.00817732475698,-1333690585568.5474,1.041118296980858,f1b6b42a0c7a,1dab7e7ac807,5e1d50a6e395,0,True,0,53.513,4.322221624308174,2.9679860007687733,155.95079714836547,0.011837185800501346,1.6897901579650449e-13,fb8c4bf,2026-10-03T03:23:59+00:00,4.33527134671995,156.072248441385,True,0.004614630914078924,4.75,2.9679860007687733,0.23148368476749795,5.0,1.5155997032505065e-12,True,True,-5.817284682385408,-2.549998412648069,-2.248098658337737,-2.1428466364454977,-2.0850131717165294,-2.0201610687670994,-1.9831393461757296,-1.9584736339290092,-1.9405414295701462,-1.9267515355003457,-1.9157240745283173,,11549,92,1.5,False,False,v1.1-frozen
C0230_T300,manual,0,C0230,C0230,300.0,0.9285897120833396,0.8655933652073146,-999761542305.3503,0.8240755360573531,f4365958bddf,1dab7e7ac807,5e1d50a6e395,0,True,0,31.215,3.408783255031584,2.1533110826095077,109.9407577888899,0.016382458354877685,8.025626420527696e-14,fb8c4bf,2026-10-03T03:14:09+00:00,3.4310185408012654,110.63868858404635,True,0.0033863056167758943,3.75,2.1533110826095077,0.31278622692090235,5.0,8.849492319495944e-13,True,True,-2.708253115329288,-2.337141479695661,-2.1856210946925003,-2.0940881276910868,-2.0302569445693166,-1.9440522101821855,-1.8865939180004125,-1.8445331829397222,-1.8119190480181437,-1.7856209273712016,-1.763805394507813,,11315,93,1.5,False,False,v1.1-frozen
C0230_T423,manual,0,C0230,C0230,423.0,0.9285897120833396,0.8655933652073146,-999761542305.3503,0.8240755360573531,f4365958bddf,1dab7e7ac807,5e1d50a6e395,0,True,0,30.224,3.186232734838953,3.0048966618466175,151.72601592774072,0.011690785522686046,1.6897901579650449e-13,fb8c4bf,2026-10-03T03:14:34+00:00,3.1948067613777646,152.16267029639553,True,0.004046825081531481,3.75,3.0048966618466175,0.2287574152430782,5.0,1.2639767704714089e-12,True,True,-2.5131372753016765,-2.2611332695437305,-2.161137614213251,-2.1037896784903465,-2.0654708069016983,-2.016060840639053,-1.9846313605833608,-1.9623616897924503,-1.9455025547561229,-1.932156306912877,-1.9212460386110493,,11315,93,1.5,False,False,v1.1-frozen
C0231_T300,manual,0,C0231,C0231,300.0,1.0410262435674666,1.1911694165319204,-1065651078708.4698,1.103300191834569,cf44acef71eb,1dab7e7ac807,5e1d50a6e395,0,True,0,35.829,4.372751710825357,1.967052692241269,116.00926436721926,0.0179306767055707,8.025626420527698e-14,fb8c4bf,2026-10-03T03:19:03+00:00,4.396561315762376,116.69064379453376,True,0.00403930471700804,4.75,1.967052692241269,0.3425027191592846,5.0,1.9492294163253293e-12,True,True,-6.819615377632553,-2.6201908060861805,-2.264173337180626,-2.1180040204496247,-2.029675723679732,-1.9218549422680193,-1.855389818539251,-1.8089056071473242,-1.7739554539411209,-1.7464033198104079,-1.7239429730179632,,10613,93,1.5,False,False,v1.1-frozen
C0231_T423,manual,0,C0231,C0231,423.0,1.0410262435674666,1.1911694165319204,-1065651078708.4698,1.103300191834569,cf44acef71eb,1dab7e7ac807,5e1d50a6e395,0,True,0,30.293,4.129855645157913,2.83609284915694,161.29403117327968,0.012384015654829132,1.6897901579650449e-13,fb8c4bf,2026-10-03T03:13:12+00:00,4.14210633740859,161.328926889867,True,0.00448162624887539,4.5,2.83609284915694,0.24257802065333092,5.0,1.7189259566372541e-12,True,True,-4.665136528834167,-2.449462246546407,-2.2143091479849817,-2.119423105180933,-2.0647229222176766,-2.0014172579135545,-1.9644387648474708,-1.939505377862395,-1.9212469456334473,-1.9071385076623446,-1.8958176235831468,,10613,91,1.5,False,False,v1.1-frozen
C0232_T300,manual,0,C0232,C0232,300.0,1.0120760235935449,0.9632087845355272,-904715992510.3188,1.013496521860361,ddbe45005532,1dab7e7ac807,5e1d50a6e395,0,True,0,47.004,3.4459636819677684,1.9602897036028624,111.7318907911321,0.01798260635895258,8.025626420527695e-14,fb8c4bf,2026-10-03T03:23:06+00:00,3.457593714447411,112.17941777445795,True,0.0038456566079760244,4.0,1.9602897036028624,0.34471333212889405,5.0,6.952771691715043e-13,True,True,-2.678560345798353,-2.2869664633353524,-2.1345525329728434,-2.043854383013085,-1.9811533057341402,-1.89718324102331,-1.841685613874315,-1.8013137179138017,-1.7701635914204041,-1.7451473623648874,-1.7244653431884343,,10847,92,1.5,False,False,v1.1-frozen
C0232_T423,manual,0,C0232,C0232,423.0,1.0120760235935449,0.9632087845355272,-904715992510.3188,1.013496521860361,ddbe45005532,1dab7e7ac807,5e1d50a6e395,0,True,0,42.756,3.214021179918326,2.8357645384863024,154.58378223203684,0.01238295089593465,1.689790157965045e-13,fb8c4bf,2026-10-03T03:20:11+00:00,3.218608034771968,155.03821623226744,True,0.004564298537019302,3.75,2.8357645384863024,0.24287533589704777,5.0,2.6749564609989173e-12,True,True,-2.4868548087732725,-2.2274748676632496,-2.12833381150382,-2.0722172762690674,-2.03499114435445,-1.987299479832615,-1.957150023321092,-1.9358824435991826,-1.9198389142392722,-1.9071758492489106,-1.896850375658174,,10847,92,1.5,False,False,v1.1-frozen
C0233_T300,manual,0,C0233,C0233,300.0,0.9245549965649844,1.093504424020648,-1033777869306.5046,0.9091276183724404,112661fd42e7,1dab7e7ac807,5e1d50a6e395,0,True,14,104.093,4.083343563247151,2.1547875396950267,114.41426492532358,0.01638062666225158,8.025626420527696e-14,fb8c4bf,2026-10-03T03:33:42+00:00,4.10862031137367,115.08956901431321,True,0.003507930037432017,4.5,2.1547875396950267,0.3115766016199704,4.952503204345703,1.1629582552106362e-12,True,True,-4.523604122780688,-2.5244940896630395,-2.2695129048821796,-2.1437132991474557,-2.0630212980225804,-1.9604935231923797,-1.8953418731933396,-1.8489754668277463,-1.8137069043788014,-1.7856694877555777,-1.7626670550106338,,11315,113,1.5,False,False,v1.1-frozen
C0233_T423,manual,0,C0233,C0233,423.0,0.9245549965649844,1.093504424020648,-1033777869306.5046,0.9091276183724404,112661fd42e7,1dab7e7ac807,5e1d50a6e395,0,True,0,54.061,3.845479137563875,3.0201876099932616,158.6604228301488,0.011635016456112427,1.689790157965044e-13,fb8c4bf,2026-10-03T03:27:20+00:00,3.859713066215759,158.70006253467295,True,0.004112577439852847,4.25,3.0201876099932616,0.22723937349502912,5.0,1.2094159319006634e-12,True,True,-3.3883160382366913,-2.3929311398858824,-2.220060366888094,-2.1383360353669976,-2.0883500738607546,-2.0281097176667973,-1.9918379089996685,-1.966969562056497,-1.9485629836842202,-1.9342329981276796,-1.9226698959577404,,11315,92,1.5,False,False,v1.1-frozen
C0234_T300,manual,0,C0234,C0234,300.0,0.8519198432564736,0.8360769081860782,-633686709217.7272,1.1264595832675697,9fabd850a489,1dab7e7ac807,5e1d50a6e395,0,True,0,47.097,2.4544345976398843,1.871955911188432,108.95976515006834,0.018814318016492842,8.025626420527696e-14,fb8c4bf,2026-10-03T03:24:12+00:00,2.4640021569679202,109.47704911224598,True,0.004349711023168171,3.0,1.871955911188432,0.36265985245812327,5.0,1.1979812787218188e-12,True,True,-2.243808928916061,-2.0964728846860607,-2.010332852520614,-1.95149180324492,-1.9078046544586427,-1.8458586472395015,-1.8030134106308218,-1.7710193194522044,-1.7459124384319036,-1.7255115194138408,-1.708500505488824,,11783,92,1.5,False,False,v1.1-frozen
C0234_T423,manual,0,C0234,C0234,423.0,0.8519198432564736,0.8360769081860782,-633686709217.7272,1.1264595832675697,9fabd850a489,1dab7e7ac807,5e1d50a6e395,0,True,0,51.927,2.230798439577243,2.859110764569145,150.36923558150593,0.012281020722244917,1.6897901579650449e-13,fb8c4bf,2026-10-03T03:24:42+00:00,2.233230041495199,150.7322659035365,True,0.0050146412634951894,2.75,2.859110764569145,0.2410028949866771,5.0,1.4648295762236658e-12,True,True,-2.2057847924693137,-2.11347561854957,-2.062236477488922,-2.0286408496829615,-2.0044792421075286,-1.9713744044466124,-1.9492545798120946,-1.9331350609778295,-1.920714483139226,-1.9107655358319775,-1.9025660046478372,,11783,92,1.5,False,False,v1.1-frozen
C0235_T300,manual,0,C0235,C0235,300.0,1.1643986225128171,1.1073559861630202,-1300897110253.5725,0.8462592694908381,9e5f158825bb,1dab7e7ac807,5e1d50a6e395,0,True,14,81.113,4.743357833383712,2.1961388613017743,114.74962945557633,0.01608146492530595,8.025626420527695e-14,fb8c4bf,2026-10-03T03:21:54+00:00,4.744952206607431,115.09010302578093,True,0.003250539951370551,5.25,2.1961388613017743,0.3047885201758873,4.956823348999023,8.846929016634984e-13,True,True,-10.04297141761002,-3.117699718236143,-2.4312564199075877,-2.23729706639214,-2.128060260361141,-1.9991341219698597,-1.9210201509242746,-1.8666758590681074,-1.825864003543012,-1.7936743921548264,-1.7674001302561726,,10028,113,1.5,False,False,v1.1-frozen
C0235_T423,manual,0,C0235,C0235,423.0,1.1643986225128171,1.1073559861630202,-1300897110253.5725,0.8462592694908381,9e5f158825bb,1dab7e7ac807,5e1d50a6e395,0,True,0,45.019,4.503628592610872,2.9382760302298343,159.1615006595749,0.01195773321543261,1.6897901579650449e-13,fb8c4bf,2026-10-03T03:21:12+00:00,4.504826594612545,159.5903864750212,True,0.003989362597284753,5.0,2.9382760302298343,0.23370456564202757,5.0,1.1129949564602601e-12,True,True,-6.871887789577846,-2.755667122741652,-2.323247645108899,-2.189599251823753,-2.117714064840732,-2.0376896761254595,-1.9920696563820082,-1.9616301085394565,-1.9394503797655518,-1.9223511401914963,-1.9086414378044185,,10028,92,1.5,False,False,v1.1-frozen
C0236_T300,manual,0,C0236,C0236,300.0,1.1064827505499124,0.8797910820692778,-1183632929809.3916,0.8743953488767148,80deff88d9cb,1dab7e7ac807,5e1d50a6e395,0,True,0,43.588,3.872425385843033,2.0668925485684473,110.16805276864494,0.017064201650605324,8.025626420527696e-14,fb8c4bf,2026-10-03T03:20:07+00:00,3.898300633862702,110.94739971422307,True,0.003603147554986988,4.25,2.0668925485684473,0.3261147739474959,5.0,9.69129290706583e-13,True,True,-3.4318586331053087,-2.4347902002276465,-2.223311814849149,-2.1102156190869747,-2.035457657620317,-1.9383941940190401,-1.8756027235993973,-1.8303903963191979,-1.7956944392872047,-1.7679140253957284,-1.744984413056671,,10262,93,1.5,False,False,v1.1-frozen
C0236_T423,manual,0,C0236,C0236,423.0,1.1064827505499124,0.8797910820692778,-1183632929809.3916,0.8743953488767148,80deff88d9cb,1dab7e7ac807,5e1d50a6e395,0,True,0,43.566,3.6479979154988973,2.864287630167648,152.08347388081413,0.01226032931821376,1.6897901579650443e-13,fb8c4bf,2026-10-03T03:20:35+00:00,3.6603420725448825,152.33627189947697,True,0.004201475840586373,4.0,2.864287630167648,0.24038951541790796,5.0,1.088651738201385e-12,True,True,-2.903426506889665,-2.3230558058983477,-2.179557098811685,-2.10658513521373,-2.0605084076163442,-2.003571852336928,-1.9685203266011742,-1.944123394385984,-1.9258552457310938,-1.9114978643068206,-1.8998196378699082,,10262,93,1.5,False,False,v1.1-frozen
C0237_T300,manual,0,C0237,C0237,300.0,0.8190169412642718,1.1510931927710772,-750920077785.8496,1.1545460253953934,be1dee42cb81,1dab7e7ac807,5e1d50a6e395,0,True,1,58.3,3.5476975205639034,1.9762228867442924,115.21116442440483,0.017843398196255765,8.025626420527696e-14,fb8c4bf,2026-10-03T03:34:10+00:00,3.566270609739952,115.66958060058785,True,0.00421945158549567,4.0,1.9762228867442924,0.3413617255933877,5.0,8.80411815157044e-13,True,True,-2.7521740768334118,-2.2894462852433075,-2.1298602765343624,-2.0379619912610574,-1.9755471652889656,-1.8933081985018716,-1.8398123053444704,-1.8013493386489068,-1.7719489319011232,-1.7485224326201039,-1.7292851527978994,,12017,95,1.5,False,False,v1.1-frozen
C0237_T423,manual,0,C0237,C0237,423.0,0.8190169412642718,1.1510931927710772,-750920077785.8496,1.1545460253953934,be1dee42cb81,1dab7e7ac807,5e1d50a6e395,0,True,0,49.692,3.3055429472939064,2.9721075867482307,160.1073733053543,0.011821910522798056,1.6897901579650446e-13,fb8c4bf,2026-10-03T03:24:49+00:00,3.3166659080604464,160.3333775558663,True,0.0047276153489932676,3.75,2.9721075867482307,0.2310542794309356,5.0,1.5821261901466404e-12,True,True,-2.5322597871996764,-2.2405099358751395,-2.1390158770577026,-2.0834191711264514,-2.0472189830673986,-2.0016363432525575,-1.9733081747320553,-1.9535761461456669,-1.9388420411131513,-1.927312332045338,-1.9179811500280264,,12017,92,1.5,False,False,v1.1-frozen
C0238_T300,manual,0,C0238,C0238,300.0,0.9541391238570214,0.919446162506938,-1416514160111.5464,0.9872103076428176,433a4b2e9b0c,1dab7e7ac807,5e1d50a6e395,0,True,0,31.817,4.516726206475544,2.054417275826617,110.85692238878664,0.017168524842513945,8.025626420527698e-14,fb8c4bf,2026-10-03T03:14:41+00:00,4.524968770793336,110.77426854696282,True,0.003902597583426907,5.0,2.054417275826617,0.3279925039642809,5.0,1.1860948561240995e-12,True,True,-8.201896671702677,-2.7436929402544186,-2.307077191158183,-2.14790070581169,-2.0547682206029596,-1.9433371983288965,-1.875552169318385,-1.8284228251975632,-1.7930868212161362,-1.7652670187749304,-1.742600429707772,,11081,91,1.5,False,False,v1.1-frozen
C0238_T423,manual,0,C0238,C0238,423.0,0.9541391238570214,0.919446162506938,-1416514160111.5464,0.9872103076428176,433a4b2e9b0c,1dab7e7ac807,5e1d50a6e395,0,True,0,34.02,4.287628604613253,2.929737215652473,153.20939456949944,0.011989338337863817,1.6897901579650443e-13,fb8c4bf,2026-10-03T03:15:09+00:00,4.297067086868398,153.4413248987565,True,0.0046165346735805605,4.75,2.929737215652473,0.23474127000155542,5.0,1.2460841947808327e-12,True,True,-5.628863124683038,-2.5289484594800515,-2.2422251943389324,-2.138678813374569,-2.081136261345759,-2.0160824247317413,-1.9786714364757871,-1.9536153894636255,-1.935322412332509,-1.9212047838856154,-1.909880168717962,,11081,92,1.5,False,False,v1.1-frozen
C0239_T300,manual,0,C0239,C0239,300.0,1.0666731208562852,1.0497187722474337,-521948874928.05725,1.0916302759200334,472f225fc46b,1dab7e7ac807,5e1d50a6e395,0,True,0,35.647,2.7759129584030258,1.8648492116047835,113.36068361647888,0.018894225864469268,8.025626420527698e-14,fb8c4bf,2026-10-03T03:19:39+00:00,2.7874266259713423,113.35986098362628,True,0.004132404150728253,3.25,1.8648492116047835,0.3631516710977311,5.0,1.8121141094007554e-12,True,True,-2.351000027405851,-2.1585951380648325,-2.053637865475315,-1.9838532954364814,-1.9327602471134995,-1.8611009524656534,-1.8119537197357305,-1.7754266225752116,-1.746847436027191,-1.723670897326041,-1.7043715830547743,,10613,91,1.5,False,False,v1.1-frozen
C0239_T423,manual,0,C0239,C0239,423.0,1.0666731208562852,1.0497187722474337,-521948874928.05725,1.0916302759200334,472f225fc46b,1dab7e7ac807,5e1d50a6e395,0,True,0,31.843,2.538587359597292,2.746736630498993,157.17121138824947,0.012781299052296743,1.6897901579650446e-13,fb8c4bf,2026-10-03T03:13:44+00:00,2.5477493007308207,157.43763073043726,True,0.0047731005566302295,3.0,2.746736630498993,0.2510322861993915,5.0,1.4209165120326837e-12,True,True,-2.2698966323200427,-2.1430491147916775,-2.0771289787442457,-2.0351605407446636,-2.0054807246987107,-1.9653982693814154,-1.938942916219755,-1.9198075551667801,-1.9051362690804605,-1.8934250035662819,-1.883796690185612,,10613,92,1.5,False,False,v1.1-frozen
C0240_T300,manual,0,C0240,C0240,300.0,1.062313288450241,0.9055151768028736,-1020773429423.5706,0.8015953999012709,dcaa2f49ac84,1dab7e7ac807,5e1d50a6e395,0,True,0,46.454,3.574082401551289,2.1553521865507954,110.81952536900674,0.01637048655291988,8.025626420527699e-14,fb8c4bf,2026-10-03T03:23:53+00:00,3.599583868182575,111.57080084528847,True,0.003321460200212395,4.0,2.1553521865507954,0.31212135743692976,5.0,8.445692062375443e-13,True,True,-2.866901676189464,-2.385835757716622,-2.215130276117078,-2.11510986002556,-2.0462520948367398,-1.954057864634236,-1.892955365015571,-1.8483397069194942,-1.813785826325554,-1.785938412579014,-1.7628413814752393,,10613,93,1.5,False,False,v1.1-frozen
C0240_T423,manual,0,C0240,C0240,423.0,1.062313288450241,0.9055151768028736,-1020773429423.5706,0.8015953999012709,dcaa2f49ac84,1dab7e7ac807,5e1d50a6e395,0,True,0,40.663,3.347425952674678,2.9423102736854885,153.01928184807346,0.011938062107223178,1.6897901579650446e-13,fb8c4bf,2026-10-03T03:20:52+00:00,3.362508778396865,152.9431957512861,True,0.004044997014919809,3.75,2.9423102736854885,0.23374180020200802,5.0,1.946490990430922e-12,True,True,-2.6144156974591675,-2.290648407023422,-2.1750656993454607,-2.110696650879946,-2.068268608830056,-2.0141000445124484,-1.9798919735844205,-1.9557415466520145,-1.9374949516631867,-1.9230661660412494,-1.9112775356880183,,10613,91,1.5,False,False,v1.1-frozen
C0241_T300,manual,0,C0241,C0241,300.0,0.9748838141560554,1.0252225890755653,-915767031721.7708,1.1194419581443071,d4b80a3cbf5d,1dab7e7ac807,5e1d50a6e395,0,True,0,50.042,3.6238406849642275,1.9138974236225583,112.85417774577766,0.018415830377972408,8.025626420527694e-14,fb8c4bf,2026-10-03T03:34:32+00:00,3.647801327074703,113.54995551262004,True,0.004233827482726599,4.0,1.9138974236225583,0.35329181057976566,5.0,8.298916057686417e-13,True,True,-2.8407727461709547,-2.3026906216955303,-2.132526835972555,-2.0360972280699494,-1.9710038498029714,-1.8855037399991337,-1.8299218379184388,-1.7899120092132674,-1.759272927916058,-1.7348086938364515,-1.7146763170242347,,11081,93,1.5,False,False,v1.1-frozen
C0241_T423,manual,0,C0241,C0241,423.0,0.9748838141560554,1.0252225890755653,-915767031721.7708,1.1194419581443071,d4b80a3cbf5d,1dab7e7ac807,5e1d50a6e395,0,True,0,61.067,3.389990497586229,2.8255881139674814,156.38091909008455,0.01242778281977932,1.6897901579650454e-13,fb8c4bf,2026-10-03T03:28:21+00:00,3.4017703766730314,156.8068741353139,True,0.004664625762032925,3.75,2.8255881139674814,0.24372425721836063,5.0,2.1196281347772155e-12,True,True,-2.5793866326486885,-2.240639705400201,-2.13048175867529,-2.0711004192100395,-2.0326773951102224,-1.9844411557853734,-1.9544682177353403,-1.9335518901725068,-1.9178934727047734,-1.9056063448116203,-1.8956342978263874,,11081,93,1.5,False,False,v1.1-frozen
C0242_T300,manual,0,C0242,C0242,300.0,0.8021571625024081,0.895150301605463,-1253712958656.2517,0.9395081900060176,3033a058a748,1dab7e7ac807,5e1d50a6e395,0,True,0,49.838,4.0738414096511395,2.136301534278358,110.41121554030131,0.016514070726751595,8.025626420527699e-14,fb8c4bf,2026-10-03T03:25:02+00:00,4.098560326317452,111.25981141537366,True,0.003791165269261514,4.5,2.136301534278358,0.31513034759159037,5.0,1.2021643855002003e-12,True,True,-4.477712221467577,-2.489548293389332,-2.2413137772370604,-2.120044847362793,-2.042908640812651,-1.9457349921150087,-1.8844771777515759,-1.8411011448973282,-1.808220203806103,-1.7821458597321036,-1.7607947148809278,,12017,93,1.5,False,False,v1.1-frozen
C0242_T423,manual,0,C0242,C0242,423.0,0.8021571625024081,0.895150301605463,-1253712958656.2517,0.9395081900060176,3033a058a748,1dab7e7ac807,5e1d50a6e395,0,True,0,55.926,3.8476742753496085,3.0807652104775762,152.509019188815,0.011406537612769243,1.6897901579650446e-13,fb8c4bf,2026-10-03T03:25:38+00:00,3.862082665385671,152.40326888379408,True,0.004421555508617422,4.25,3.0807652104775762,0.222774567264371,5.0,2.5953557177344065e-12,True,True,-3.372924554742467,-2.3698920742490697,-2.2055575791745166,-2.129284472717748,-2.0831218939226055,-2.0279694273857243,-1.9949839873206408,-1.9724455375571288,-1.9557946827889299,-1.9428461631071507,-1.9324055862123726,,12017,91,1.5,False,False,v1.1-frozen
C0243_T300,manual,0,C0243,C0243,300.0,1.114727494493127,1.1738681718707085,-686729915440.0825,1.0316236644983292,3ae15f6c6852,1dab7e7ac807,5e1d50a6e395,0,True,0,40.02,3.4608516652859036,1.9479476955734247,115.7469292025135,0.01810202228735973,8.0256264205277e-14,fb8c4bf,2026-10-03T03:22:35+00:00,3.4691958718012104,116.32590774371876,True,0.0037616501511101258,4.0,1.9479476955734247,0.3463149195433423,5.0,9.642555308907175e-13,True,True,-2.70528177229422,-2.301194044972955,-2.144868988548233,-2.0516077476029246,-1.986955652508635,-1.9001147489012558,-1.8425693761810804,-1.8006485815979403,-1.7682788479956557,-1.7422729047340766,-1.7207685226695402,,10262,92,1.5,False,False,v1.1-frozen
C0243_T423,manual,0,C0243,C0243,423.0,1.114727494493127,1.1738681718707085,-686729915440.0825,1.0316236644983292,3ae15f6c6852,1dab7e7ac807,5e1d50a6e395,0,True,0,46.673,3.2169806917133927,2.78826646956087,160.89512078032996,0.012593982457484493,1.6897901579650446e-13,fb8c4bf,2026-10-03T03:21:59+00:00,3.221097736560966,161.1265962632582,True,0.004427610065372127,3.75,2.78826646956087,0.24697909207509647,5.0,1.2374753999289112e-12,True,True,-2.50422152646289,-2.2361666828258864,-2.132809371109963,-2.0739820392498456,-2.0348205920087645,-1.9845101210029028,-1.9526508022306364,-1.930169100410834,-1.913213568930864,-1.899836915974641,-1.8889355019667673,,10262,91,1.5,False,False,v1.1-frozen
C0244_T300,manual,0,C0244,C0244,300.0,1.157017603516579,0.8388871029019356,-803841502405.7031,1.0597338166087866,14b579a7132e,1dab7e7ac807,5e1d50a6e395,0,True,0,43.138,2.8597443892554146,1.825068117036532,109.07460877657549,0.019296324413380098,8.025626420527696e-14,fb8c4bf,2026-10-03T03:20:51+00:00,2.885171728748093,109.76674904987827,True,0.004316414675605169,3.25,1.825068117036532,0.37206904147173686,5.0,9.545246537623342e-13,True,True,-2.3601908786305,-2.154979912071694,-2.046559871843993,-1.975496719304373,-1.9238802210110448,-1.8519247539496342,-1.8027630840099427,-1.7662654219709066,-1.7377047786705195,-1.7145254080392958,-1.6952029906054586,,10028,93,1.5,False,False,v1.1-frozen
C0244_T423,manual,0,C0244,C0244,423.0,1.157017603516579,0.8388871029019356,-803841502405.7031,1.0597338166087866,14b579a7132e,1dab7e7ac807,5e1d50a6e395,0,True,0,41.304,2.6377987647107797,2.6773016750805274,150.49531157117423,0.013108186460115445,1.6897901579650446e-13,fb8c4bf,2026-10-03T03:21:16+00:00,2.650153953029659,150.960503962066,True,0.004852831572489663,3.0,2.6773016750805274,0.2580022313896785,5.0,2.4339414895395932e-12,True,True,-2.2710101920142285,-2.1354724199561357,-2.0674167121094085,-2.0247403722550743,-1.9947988974736033,-1.954579614071034,-1.9280995861635992,-1.908939410195736,-1.8942262264108185,-1.8824573895338423,-1.8727601747111275,,10028,93,1.5,False,False,v1.1-frozen
C0245_T300,manual,0,C0245,C0245,300.0,0.869435827434063,1.1175819404423235,-1136571140959.859,0.9676694128662348,42a9a3c393aa,1dab7e7ac807,5e1d50a6e395,0,True,13,99.365,4.374649753306762,2.142252827919845,114.79246415630273,0.016476630210463444,8.025626420527699e-14,fb8c4bf,2026-10-03T03:35:50+00:00,4.399283806728736,115.48327618793496,True,0.003653887647743441,4.75,2.142252827919845,0.31337501253153005,4.96624755859375,1.1607663447465079e-12,True,True,-6.83906825236115,-2.660177113988118,-2.305630524477076,-2.158771662687488,-2.0697539421851276,-1.9608502363472622,-1.8935945410170798,-1.846505330761591,-1.811074997987617,-1.783131605178089,-1.7603461400037765,,11666,111,1.5,False,False,v1.1-frozen
C0245_T423,manual,0,C0245,C0245,423.0,0.869435827434063,1.1175819404423235,-1136571140959.859,0.9676694128662348,42a9a3c393aa,1dab7e7ac807,5e1d50a6e395,0,True,0,47.926,4.135947134724241,3.0482987149916383,159.29628219558967,0.011529185405847308,1.6897901579650449e-13,fb8c4bf,2026-10-03T03:25:37+00:00,4.148526380428343,159.5727323949747,True,0.004143149642346711,4.5,3.0482987149916383,0.2250031027131798,5.0,3.063671484511963e-12,True,True,-4.698417902298531,-2.4831311507451588,-2.247269214879944,-2.151744855973608,-2.0966470894402365,-2.032909807171961,-1.995719588505558,-1.9706711747640544,-1.9523472280254,-1.9382013766812893,-1.9268601960424976,,11666,93,1.5,False,False,v1.1-frozen
C0246_T300,manual,0,C0246,C0246,300.0,0.9046739239245654,0.9617291674017906,-532878151163.45886,1.1975994028151034,118db68ee117,1dab7e7ac807,5e1d50a6e395,0,True,0,32.529,2.5665598642217384,1.8348681552735437,111.52232589626936,0.019195609832670213,8.025626420527696e-14,fb8c4bf,2026-10-03T03:15:14+00:00,2.5889264698970975,112.15700574181486,True,0.0045723444728194024,3.0,1.8348681552735437,0.36982373065449303,5.0,8.659118038887394e-13,True,True,-2.2628613328217786,-2.1027550551479535,-2.0114490655670987,-1.949765910990253,-1.9042676922251676,-1.8401440802439524,-1.7960461959399425,-1.763249792186671,-1.7375933518968067,-1.716798086059913,-1.6994942129171633,,11549,93,1.5,False,False,v1.1-frozen
C0246_T423,manual,0,C0246,C0246,423.0,0.9046739239245654,0.9617291674017906,-532878151163.45886,1.1975994028151034,118db68ee117,1dab7e7ac807,5e1d50a6e395,0,True,0,33.556,2.335603913360173,2.8063142414805595,154.3343889589207,0.012511428846597028,1.6897901579650443e-13,fb8c4bf,2026-10-03T03:15:42+00:00,2.348709562999125,154.40746327924143,True,0.005078479360801575,2.75,2.8063142414805595,0.24558097606561335,5.0,1.7150740912665962e-12,True,True,-2.2173755970468396,-2.115981836949711,-2.061019838535409,-2.0253976568104,-1.9999617069440536,-1.9653478682847783,-1.9423715966595583,-1.9257063590248804,-1.9129117354402778,-1.9026930896065517,-1.8942916797050207,,11549,92,1.5,False,False,v1.1-frozen
C0247_T300,manual,0,C0247,C0247,300.0,1.017091954126954,1.0814596094191071,-1403632094152.2715,0.87970320135355,600b8f911d29,1dab7e7ac807,5e1d50a6e395,0,True,12,65.578,4.9125130537768715,2.2074271664107683,114.22914588442734,0.01599814190076457,8.025626420527695e-14,fb8c4bf,2026-10-03T03:20:45+00:00,4.933826984200602,114.8444097139676,True,0.0033562696674047533,5.25,2.2074271664107683,0.3033483468492613,4.9503173828125,2.170469400532846e-12,True,True,-11.676316168158468,-3.6010593796409593,-2.4704252644661087,-2.2503769452720004,-2.1337535362579194,-2.000633445883463,-1.9218595647828778,-1.8677669175242104,-1.8274943489312678,-1.7959304554131472,-1.770293206738515,,10847,109,1.5,False,False,v1.1-frozen
C0247_T423,manual,0,C0247,C0247,423.0,1.017091954126954,1.0814596094191071,-1403632094152.2715,0.87970320135355,600b8f911d29,1dab7e7ac807,5e1d50a6e395,0,True,0,32.077,4.677295094380288,3.0074992036228214,158.32760025857206,0.011684395059983884,1.6897901579650443e-13,fb8c4bf,2026-10-03T03:14:16+00:00,4.686562405630398,158.8527611382773,True,0.0039770975626956615,5.25,3.0074992036228214,0.2281551756339177,5.0,7.815378969928089e-13,True,True,-7.982338610750018,-2.9808327779907016,-2.3534308317474544,-2.203202745058719,-2.127166028976772,-2.045538826434548,-2.0002118164924845,-1.9703977727496742,-1.9488753107023737,-1.9323937675603091,-1.9192474509368076,,10847,93,1.5,False,False,v1.1-frozen
C0248_T300,manual,0,C0248,C0248,300.0,1.0360072314739228,0.8594682037830353,-562524504959.5833,0.9902184408158065,cf647b0c33ff,1dab7e7ac807,5e1d50a6e395,0,True,0,43.772,2.364500273032208,1.8962479891933557,109.59719523555044,0.018577313964230558,8.025626420527695e-14,fb8c4bf,2026-10-03T03:24:37+00:00,2.390119689176101,110.25277681852647,True,0.004032673265131383,2.75,1.8962479891933557,0.357616637620929,5.0,1.315129601764448e-12,True,True,-2.265146393573043,-2.120727664251342,-2.0335079356407295,-1.9727954439519024,-1.9271275600981947,-1.861504419441198,-1.815511586172628,-1.7808376563029444,-1.753425615604344,-1.731017079085181,-1.7122371280968327,,10613,93,1.5,False,False,v1.1-frozen
C0248_T423,manual,0,C0248,C0248,423.0,1.0360072314739228,0.8594682037830353,-562524504959.5833,0.9902184408158065,cf647b0c33ff,1dab7e7ac807,5e1d50a6e395,0,True,0,37.816,2.1412329514537918,2.7747480062390246,151.2724348615619,0.012651280565410346,1.6897901579650446e-13,fb8c4bf,2026-10-03T03:21:30+00:00,2.15361509298712,151.5545128489279,True,0.004584277264032503,2.5,2.7747480062390246,0.248615772903553,5.0,1.530219329828678e-12,True,True,-2.210704829165266,-2.1173857258867352,-2.063790664277859,-2.0279629179635723,-2.0018598082949515,-1.9656346129955384,-1.9411270261922318,-1.9231083336483175,-1.909127993588569,-1.8978655128799382,-1.8885378241663364,,10613,93,1.5,False,False,v1.1-frozen
C0249_T300,manual,0,C0249,C0249,300.0,0.9484799101948738,1.1838662646710874,-1497059232555.3298,1.0824790615588429,19db3e8dc68e,1dab7e7ac807,5e1d50a6e395,0,True,11,86.564,5.358443267412044,2.077665752162611,115.897458428182,0.016989100584213067,8.025626420527699e-14,fb8c4bf,2026-10-03T03:35:59+00:00,5.3830410409210865,116.52251644518574,True,0.003986526845921135,5.75,2.077665752162611,0.32302128717032896,4.9375,1.2073743579969495e-12,True,True,-13.09552105981267,-6.696072422505527,-2.616941632362994,-2.2690771999999364,-2.124752576088031,-1.9764223288759482,-1.894365465346456,-1.8399615222032568,-1.8003641678366975,-1.7698296123995034,-1.745334655723649,,11198,105,1.5,False,False,v1.1-frozen
C0249_T423,manual,0,C0249,C0249,423.0,0.9484799101948738,1.1838662646710874,-1497059232555.3298,1.0824790615588429,19db3e8dc68e,1dab7e7ac807,5e1d50a6e395,0,True,0,57.361,5.11574377369209,2.9611839135262232,161.10638083710492,0.01186624703335234,1.6897901579650446e-13,fb8c4bf,2026-10-03T03:29:19+00:00,5.128728879892189,161.01771333976654,True,0.004457078902155322,5.5,2.9611839135262232,0.23180748399742684,5.0,8.538264637405215e-13,True,True,-10.70068139986157,-4.588219486420735,-2.4502285780215365,-2.2209151451025635,-2.1277448366437706,-2.037948565701186,-1.9915272446577257,-1.962092244215217,-1.941329249779051,-1.9256866146952598,-1.9133625998911654,,11198,91,1.5,False,False,v1.1-frozen
C0250_T300,manual,0,C0250,C0250,300.0,0.8774134147912265,0.9397320479154588,-834528344683.3491,0.8530335865914822,f0e4c55b3553,1dab7e7ac807,5e1d50a6e395,0,True,0,46.212,3.232613298700308,2.151478664347556,111.4598054115945,0.016398128802665585,8.0256264205277e-14,fb8c4bf,2026-10-03T03:25:48+00:00,3.2366953115336905,111.81935458013503,True,0.0033732599739915133,3.75,2.151478664347556,0.3128593909668287,5.0,7.960047551658356e-13,True,True,-2.5984247586923024,-2.30188246570967,-2.165999076105071,-2.08107719629539,-2.0208641461103816,-1.938522479633407,-1.8831383920399487,-1.8424141360082804,-1.8107612671249254,-1.785205706649929,-1.7639923958157642,,11549,92,1.5,False,False,v1.1-frozen
C0250_T423,manual,0,C0250,C0250,423.0,0.8774134147912265,0.9397320479154588,-834528344683.3491,0.8530335865914822,f0e4c55b3553,1dab7e7ac807,5e1d50a6e395,0,True,0,51.393,3.002493346393201,3.038228472002042,154.04528272947104,0.011564571241993466,1.689790157965045e-13,fb8c4bf,2026-10-03T03:26:30+00:00,3.0033438318023205,154.4057629753398,True,0.00412796469128771,3.5,3.038228472002042,0.2260460404338191,5.0,1.5387226484116063e-12,True,True,-2.442403887481432,-2.2411144075432334,-2.152612470702612,-2.1000221827632553,-2.064238862188335,-2.0174548611841354,-1.9873930291316078,-1.96598853966914,-1.9497447584758647,-1.936870464120175,-1.926341047454319,,11549,92,1.5,False,False,v1.1-frozen
C0251_T300,manual,0,C0251,C0251,300.0,1.1898862812668085,1.016884272545576,-1228965479880.5713,1.1695631235837936,431b0b326046,1dab7e7ac807,5e1d50a6e395,0,True,0,37.251,4.326799404693849,1.8456650956886083,112.64114291826476,0.01909406273280529,8.025626420527696e-14,fb8c4bf,2026-10-03T03:23:12+00:00,4.350308976757678,113.27467171683215,True,0.004458940696019879,4.75,1.8456650956886083,0.3665435578768413,5.0,1.3787514778786659e-12,True,True,-6.507345378600864,-2.5528607112796915,-2.2193216905400175,-2.0788873004778274,-1.9936219997057891,-1.8893336152946303,-1.8249506274353853,-1.7798600030612868,-1.7459076104497153,-1.7191016549110334,-1.6972169924672433,,9794,93,1.5,False,False,v1.1-frozen
C0251_T423,manual,0,C0251,C0251,423.0,1.1898862812668085,1.016884272545576,-1228965479880.5713,1.1695631235837936,431b0b326046,1dab7e7ac807,5e1d50a6e395,0,True,0,45.683,4.092612357593958,2.6881736949466353,156.07614193836616,0.013058320069136157,1.6897901579650443e-13,fb8c4bf,2026-10-03T03:22:45+00:00,4.105791008010487,156.0868605741853,True,0.005000715931188893,4.5,2.6881736949466353,0.25662415182731646,5.0,2.21807262664879e-12,True,True,-4.480687258053978,-2.399467542306789,-2.1789507421252816,-2.0886451028350494,-2.036329625553909,-1.9755280869718306,-1.9398370739671695,-1.9156657519093405,-1.8978944672651643,-1.8841126907203671,-1.8730177963807528,,9794,92,1.5,False,False,v1.1-frozen
C0252_T300,manual,0,C0252,C0252,300.0,1.1321763902902604,0.9959693275392056,-1346076835878.1934,1.147673263773322,c271cdd3d8b4,1dab7e7ac807,5e1d50a6e395,0,True,0,46.015,4.546363182425828,1.884896636158831,112.26307569026473,0.01870028354169965,8.025626420527698e-14,fb8c4bf,2026-10-03T03:21:37+00:00,4.564919793368566,112.78775006481723,True,0.004395082462673566,5.0,1.884896636158831,0.3585787290124705,5.0,1.3176100628570443e-12,True,True,-8.450914160802334,-2.734863709154941,-2.2701233404913577,-2.108516940866636,-2.0150414195578072,-1.9040083852331136,-1.8368471043565426,-1.7903123594837775,-1.7555060149463337,-1.7281518084548386,-1.70589460961511,,10145,93,1.5,False,False,v1.1-frozen
C0252_T423,manual,0,C0252,C0252,423.0,1.1321763902902604,0.9959693275392056,-1346076835878.1934,1.147673263773322,c271cdd3d8b4,1dab7e7ac807,5e1d50a6e395,0,True,0,47.62,4.31300986856019,2.7364061279489413,155.4564698993568,0.012829889842700053,1.6897901579650443e-13,fb8c4bf,2026-10-03T03:22:04+00:00,4.325023824228384,155.62825222495647,True,0.005002690417432493,4.75,2.7364061279489413,0.2519356136493375,5.0,1.262715269460355e-12,True,True,-5.774201934018156,-2.513627197542776,-2.2137871820788058,-2.108942338560613,-2.051181459965603,-1.9861868093056236,-1.948918034665816,-1.9239905135640445,-1.9058050975402856,-1.8917770724569412,-1.8805277752274348,,10145,92,1.5,False,False,v1.1-frozen
C0253_T300,manual,0,C0253,C0253,300.0,0.8446920797228814,1.0730987071990967,-717386296018.9581,0.8311947975307703,b68f590ab5b1,1dab7e7ac807,5e1d50a6e395,0,True,11,91.47,3.3065485373630614,2.227936326054471,114.13356947500353,0.015845136358708156,8.025626420527698e-14,fb8c4bf,2026-10-03T03:37:22+00:00,3.328595407277212,114.5810785966006,True,0.0032452800248253875,3.75,2.227936326054471,0.30117645232635554,4.939697265625,1.0664528962591539e-12,True,True,-2.6635544778308864,-2.3388638132466495,-2.19554447129923,-2.1067916666101993,-2.044102793514611,-1.9586125528596061,-1.9012463745264285,-1.8591373243991804,-1.8264558427948778,-1.8001040190435957,-1.7782554366886094,,11783,106,1.5,False,False,v1.1-frozen
C0253_T423,manual,0,C0253,C0253,423.0,0.8446920797228814,1.0730987071990967,-717386296018.9581,0.8311947975307703,b68f590ab5b1,1dab7e7ac807,5e1d50a6e395,0,True,0,47.399,3.0696793372711317,3.1185490757546517,158.1745499754409,0.011271001489222656,1.6897901579650449e-13,fb8c4bf,2026-10-03T03:26:25+00:00,3.083388299307898,158.25378315213356,True,0.0039039550395398807,3.5,3.1185490757546517,0.21979860049594868,5.0,2.288959203421816e-12,True,True,-2.490524565161471,-2.269378833001122,-2.1747125224715127,-2.118945002599188,-2.081176090284613,-2.0320113330352716,-2.0005642087260807,-1.978255345837805,-1.9613778999173967,-1.9480374928341884,-1.9371527013362524,,11783,92,1.5,False,False,v1.1-frozen
C0254_T300,manual,0,C0254,C0254,300.0,0.9782700199633836,0.8031824819743634,-1114170106127.8582,1.010636518150568,9d7daae622ce,1dab7e7ac807,5e1d50a6e395,0,True,0,30.82,3.4782398511334636,1.938257964064091,108.36687544758871,0.01817859292916807,8.025626420527695e-14,fb8c4bf,2026-10-03T03:15:45+00:00,3.4830342439451965,108.57509013599098,True,0.004092808633847344,4.0,1.938257964064091,0.3495225374559964,5.0,9.454956418083596e-13,True,True,-2.683934931493846,-2.2745706780441908,-2.1213101013806863,-2.0314148657943254,-1.9697826049136236,-1.8878064568507724,-1.8339038449434195,-1.7947871310527064,-1.7646395910729546,-1.740439735346563,-1.7204346763004128,,11081,92,1.5,False,False,v1.1-frozen
C0254_T423,manual,0,C0254,C0254,423.0,0.9782700199633836,0.8031824819743634,-1114170106127.8582,1.010636518150568,9d7daae622ce,1dab7e7ac807,5e1d50a6e395,0,True,0,32.06,3.2571071800724933,2.8309134637411,149.40703047619962,0.012402043735402064,1.6897901579650446e-13,fb8c4bf,2026-10-03T03:16:15+00:00,3.25939794582669,149.64621458554163,True,0.004863958237204759,3.75,2.8309134637411,0.24351910096964657,5.0,1.156630347054488e-12,True,True,-2.4878122455840574,-2.218569691530569,-2.1201087963725143,-2.0652804829688542,-2.029218884955471,-1.9833056338506603,-1.9543915873784807,-1.9340173756845533,-1.918646333139517,-1.9065067414610655,-1.8966000674814292,,11081,92,1.5,False,False,v1.1-frozen
C0255_T300,manual,0,C0255,C0255,300.0,1.0907858971506357,1.1276033788919448,-945382923819.1248,0.9183262541890144,36c4785de568,1dab7e7ac807,5e1d50a6e395,0,True,5,46.645,3.9609840402450835,2.083596331531784,115.04143896870156,0.01693638871245373,8.025626420527698e-14,fb8c4bf,2026-10-03T03:21:32+00:00,3.9697034898248016,115.74781042385874,True,0.00343074700744983,4.5,2.083596331531784,0.3225612911791367,5.0,7.899843973424581e-13,True,True,-3.799029268952043,-2.4745630049909026,-2.2454289605524447,-2.1260912420863662,-2.0478832024882943,-1.9469161882004071,-1.8819232380782855,-1.8353037175275049,-1.7996458192784406,-1.7711791872432254,-1.7477454190899204,,10379,100,1.5,False,False,v1.1-frozen
C0255_T423,manual,0,C0255,C0255,423.0,1.0907858971506357,1.1276033788919448,-945382923819.1248,0.9183262541890144,36c4785de568,1dab7e7ac807,5e1d50a6e395,0,True,0,30.02,3.7198741023872404,2.890333606985488,159.64863702114096,0.012153246746359616,1.6897901579650443e-13,fb8c4bf,2026-10-03T03:14:46+00:00,3.723831949972311,159.99158567634075,True,0.004141926276022659,4.25,2.890333606985488,0.23786863949082884,5.0,9.09210207122868e-13,True,True,-3.059981303552082,-2.3547972516924602,-2.1981933099898185,-2.120099359215004,-2.0711812780896244,-2.011136627014776,-1.97443101864777,-1.949031821455807,-1.93011063990171,-1.9153076845624313,-1.9033158685352995,,10379,91,1.5,False,False,v1.1-frozen
C0256_T300,manual,0,C0256,C0256,300.0,1.0921106349676848,0.8040580667555333,-613950738683.3429,1.104194064438343,06b5989640d4,1dab7e7ac807,5e1d50a6e395,0,True,0,45.2,2.313284119524778,1.7824969900239187,108.28169107187985,0.019749066789608326,8.025626420527699e-14,fb8c4bf,2026-10-03T03:25:22+00:00,2.3359546696386086,108.93277454531558,True,0.00452829456002657,2.75,1.7824969900239187,0.3817622939948493,5.0,1.0385013780728553e-12,True,True,-2.21164726443344,-2.0745494628213224,-1.9915690019194774,-1.9338234292596743,-1.8904191849666179,-1.8281141045410148,-1.784495780008167,-1.7516366610103629,-1.7256720533159846,-1.7044534214400033,-1.686674203719297,,10379,93,1.5,False,False,v1.1-frozen
C0256_T423,manual,0,C0256,C0256,423.0,1.0921106349676848,0.8040580667555333,-613950738683.3429,1.104194064438343,06b5989640d4,1dab7e7ac807,5e1d50a6e395,0,True,0,37.066,2.0931798802523955,2.670555438471858,149.3291442667979,0.013140245438107137,1.6897901579650443e-13,fb8c4bf,2026-10-03T03:22:07+00:00,2.1069547633654806,149.3860786060186,True,0.005156149687790823,2.5,2.670555438471858,0.25876682714254307,5.0,1.0013882324902277e-12,True,True,-2.174557745535012,-2.0875584610464295,-2.037414288491006,-2.0038345795419144,-1.979338904356847,-1.9452949618444006,-1.922223272258805,-1.9052355424082013,-1.892038818534383,-1.8813965227960183,-1.8725747301750382,,10379,91,1.5,False,False,v1.1-frozen
C0257_T300,manual,0,C0257,C0257,300.0,0.9796811606734992,1.1269240602850914,-1445636578835.5469,0.8247748114168645,2454d5eab901,1dab7e7ac807,5e1d50a6e395,0,True,12,93.263,5.126150403823464,2.3182708647542616,115.1342815427685,0.015243268310546999,8.025626420527696e-14,fb8c4bf,2026-10-03T03:37:33+00:00,5.151631206668406,115.85735346268677,True,0.0031879927034918214,5.5,2.3182708647542616,0.2879037728165321,4.84521484375,1.0715445247094733e-12,True,True,-13.09552105981267,-4.812107094031241,-2.5786739731284865,-2.3101686265907575,-2.1787999307979447,-2.0338442650491055,-1.9497226635663931,-1.8924654802484682,-1.8500528045326432,-1.8169219058929407,-1.7900753928480033,,11081,108,1.5,False,False,v1.1-frozen
C0257_T423,manual,0,C0257,C0257,423.0,0.9796811606734992,1.1269240602850914,-1445636578835.5469,0.8247748114168645,2454d5eab901,1dab7e7ac807,5e1d50a6e395,0,True,0,57.552,4.8874031146819785,3.1024010047370894,159.76806398509024,0.011330990832846171,1.6897901579650446e-13,fb8c4bf,2026-10-03T03:30:17+00:00,4.900593837349997,159.886145308624,True,0.0037445318534442165,5.25,3.1024010047370894,0.22078301999667885,5.0,2.4289597993059887e-12,True,True,-9.270445091135164,-3.541293987477415,-2.4306291314861355,-2.245026609748664,-2.1576039831111675,-2.0670688834660726,-2.017960522842677,-1.9860383921822995,-1.9631620997405184,-1.945732111811557,-1.9318810478749548,,11081,93,1.5,False,False,v1.1-frozen
C0258_T300,manual,0,C0258,C0258,300.0,0.8444545082747936,0.9968393333256244,-845853653736.4125,1.0420120630413294,1901e3428b98,1dab7e7ac807,5e1d50a6e395,0,True,0,50.051,3.393270309789083,2.01119873523323,112.37782371086891,0.017531880401615095,8.025626420527696e-14,fb8c4bf,2026-10-03T03:26:39+00:00,3.4160474209185296,112.8674092035824,True,0.003973056115372287,3.75,2.01119873523323,0.33557669820335595,5.0,8.492718355855588e-13,True,True,-2.6372864026749463,-2.2755320821347635,-2.1299860332297293,-2.042848016944869,-1.9825171807860584,-1.9017461775808633,-1.8484612037379873,-1.8097893677471446,-1.7800220989815148,-1.7561715006632856,-1.7364962799003756,,11783,93,1.5,False,False,v1.1-frozen
C0258_T423,manual,0,C0258,C0258,423.0,0.8444545082747936,0.9968393333256244,-845853653736.4125,1.0420120630413294,1901e3428b98,1dab7e7ac807,5e1d50a6e395,0,True,0,53.932,3.161797194395999,2.969497844195903,155.59066350706098,0.011830606258662286,1.689790157965045e-13,fb8c4bf,2026-10-03T03:27:24+00:00,3.1721215532056997,156.1068534535498,True,0.0043980618565146005,3.75,2.969497844195903,0.23143190032961375,5.0,1.9497160699068547e-12,True,True,-2.4646707100835648,-2.2277116140257522,-2.1348812790188,-2.0820639125331484,-2.0469836183471584,-2.0020650055792344,-1.9737293104556852,-1.9537945414836413,-1.938797885374183,-1.9269929994088186,-1.9173921094266224,,11783,93,1.5,False,False,v1.1-frozen
C0259_T300,manual,0,C0259,C0259,300.0,1.1320248402655124,1.072423060238361,-1217636136338.1147,0.936862101778388,bb822a89d1c6,1dab7e7ac807,5e1d50a6e395,0,True,0,36.773,4.457359758333486,2.073389588770409,113.97244832555164,0.017019872406106314,8.025626420527698e-14,fb8c4bf,2026-10-03T03:23:49+00:00,4.466825902014723,114.82800663504244,True,0.0035314589096750214,5.0,2.073389588770409,0.3241244839157065,5.0,8.642687260307369e-13,True,True,-7.551991218289187,-2.7244505401560914,-2.3237030660325884,-2.1664746969835624,-2.072187411377601,-1.957244932398039,-1.8862304119722995,-1.8363924610801088,-1.7987878005764102,-1.7690437000406003,-1.7447215244347813,,10145,92,1.5,False,False,v1.1-frozen
C0259_T423,manual,0,C0259,C0259,423.0,1.1320248402655124,1.072423060238361,-1217636136338.1147,0.936862101778388,bb822a89d1c6,1dab7e7ac807,5e1d50a6e395,0,True,0,41.572,4.219154552553932,2.866272089366117,158.02510132721258,0.01225442008838739,1.6897901579650443e-13,fb8c4bf,2026-10-03T03:23:27+00:00,4.223188118176965,158.38044193447064,True,0.004262026008894506,4.75,2.866272089366117,0.23994524332834158,5.0,9.52588702363144e-13,True,True,-5.174684914262537,-2.5191847970722945,-2.2493449886430144,-2.1443176819916974,-2.084286896450164,-2.0150415642111343,-1.9746003737129418,-1.9472857194182034,-1.927237370164826,-1.9117072358906806,-1.8992142538845744,,10145,91,1.5,False,False,v1.1-frozen
C0260_T300,manual,0,C0260,C0260,300.0,1.1897446494549513,0.9406007692217828,-1334747727029.0256,0.958694788813591,73013d6ecdeb,1dab7e7ac807,5e1d50a6e395,0,True,0,42.468,4.384680055062164,2.0033465219485698,111.34214255677688,0.01760483861242952,8.025626420527699e-14,fb8c4bf,2026-10-03T03:22:20+00:00,4.408811962719059,112.4638351453362,True,0.0038109216906085934,4.75,2.0033465219485698,0.33644867597580497,5.0,8.907732949696434e-13,True,True,-7.015241937636315,-2.6487142455378687,-2.287017545085462,-2.137873443839178,-2.0474904392641835,-1.936732780651943,-1.8680690929753574,-1.8197788013366933,-1.7832800106558735,-1.7543679518521083,-1.7306948804912858,,9794,93,1.5,False,False,v1.1-frozen
C0260_T423,manual,0,C0260,C0260,423.0,1.1897446494549513,0.9406007692217828,-1334747727029.0256,0.958694788813591,73013d6ecdeb,1dab7e7ac807,5e1d50a6e395,0,True,0,44.385,4.156449703280968,2.7936649688635122,153.90506138506166,0.012568884163760598,1.6897901579650443e-13,fb8c4bf,2026-10-03T03:22:49+00:00,4.1676081258364315,154.38419245652335,True,0.004360080648214996,4.75,2.7936649688635122,0.24658298794156794,5.0,1.2826234215349008e-12,True,True,-4.837244955917414,-2.4660789632135334,-2.2214155695057403,-2.1229541763116835,-2.066125702731372,-2.000147991730521,-1.961393191258178,-1.935106879562842,-1.9157458881711247,-1.9007032762545149,-1.8885709106346433,,9794,93,1.5,False,False,v1.1-frozen
C0261_T300,manual,0,C0261,C0261,300.0,0.8771628733724356,1.0162102915346622,-728711839765.3103,1.0638958178460598,21f977cf9b5d,1dab7e7ac807,5e1d50a6e395,0,True,0,49.847,3.1725753473422733,1.9711640165514208,112.7346953535583,0.017884241210167958,8.025626420527698e-14,fb8c4bf,2026-10-03T03:38:12+00:00,3.188409410137567,113.79504488268466,True,0.003964209536078652,3.5,1.9711640165514208,0.34273525219349577,5.0,1.4020833554808139e-12,True,True,-2.503530029783958,-2.228721768392625,-2.101302194154192,-2.021697722496579,-1.9653902948053497,-1.888711378065265,-1.837429140824211,-1.7999114795689313,-1.770879258157756,-1.7475294813035316,-1.7282124773758525,,11549,93,1.5,False,False,v1.1-frozen
C0261_T423,manual,0,C0261,C0261,423.0,0.8771628733724356,1.0162102915346622,-728711839765.3103,1.0638958178460598,21f977cf9b5d,1dab7e7ac807,5e1d50a6e395,0,True,0,49.913,2.9373038875602235,2.9204491185520216,156.16165781403785,0.012027454719416329,1.6897901579650454e-13,fb8c4bf,2026-10-03T03:27:15+00:00,2.944913133886377,156.64216510704375,True,0.004519910913242327,3.5,2.9204491185520216,0.23549399864257142,5.0,1.6236625182372318e-12,True,True,-2.3771026247886655,-2.1960229718621074,-2.115589657972785,-2.0677229250742575,-2.0351630094533384,-1.9926523636423714,-1.9654042160140217,-1.9460539303080704,-1.931406729866568,-1.9198262694405421,-1.910376999708351,,11549,93,1.5,False,False,v1.1-frozen
C0262_T300,manual,0,C0262,C0262,300.0,0.94990096911788,0.8603450790047646,-1062747702002.5254,0.896660890057683,5d5a0fcad519,1dab7e7ac807,5e1d50a6e395,0,True,0,31.725,3.535723797595823,2.0706591272943315,109.7289848936882,0.017029897391391484,8.025626420527701e-14,fb8c4bf,2026-10-03T03:16:17+00:00,3.552304465242092,110.00908125752883,True,0.003684098109324973,4.0,2.0706591272943315,0.32586282226300367,5.0,1.4377210702354892e-12,True,True,-2.785269670442054,-2.335276770796838,-2.1726723783607604,-2.077606076300764,-2.012401499284667,-1.9255341451718846,-1.8682939298247758,-1.8266877107266266,-1.794582708751648,-1.7687879687424326,-1.7474493501312103,,11198,93,1.5,False,False,v1.1-frozen
C0262_T423,manual,0,C0262,C0262,423.0,0.94990096911788,0.8603450790047646,-1062747702002.5254,0.896660890057683,5d5a0fcad519,1dab7e7ac807,5e1d50a6e395,0,True,0,32.392,3.3113333999769705,2.9378068866868357,151.43704805317938,0.011955373176382926,1.6897901579650443e-13,fb8c4bf,2026-10-03T03:16:47+00:00,3.324333870701969,151.41408633108955,True,0.004433286255511228,3.75,2.9378068866868357,0.2342101300873674,5.0,2.8115195671977456e-12,True,True,-2.5581057100199764,-2.259634972188124,-2.152782451455994,-2.093508373269106,-2.054577552932358,-2.0050666420295498,-1.9739243642038165,-1.9520023115549,-1.9354778803716004,-1.922436863219102,-1.9118009203857467,,11198,92,1.5,False,False,v1.1-frozen
C0263_T300,manual,0,C0263,C0263,300.0,1.0373189993202687,1.183185274153948,-996809407137.3344,1.176030508801341,d1408f09d1a2,1dab7e7ac807,5e1d50a6e395,0,True,0,34.141,4.192225207506651,1.9047463563468048,115.77932663937452,0.01850967131785128,8.025626420527698e-14,fb8c4bf,2026-10-03T03:22:06+00:00,4.203773624409658,116.54639926953824,True,0.004153036488722548,4.75,1.9047463563468048,0.35442292771569567,5.0,1.3729093585827593e-12,True,True,-5.339145075849822,-2.492586342740205,-2.209480960914734,-2.0798396524668066,-1.9990688354863546,-1.8986900280441117,-1.83608405324818,-1.792051657332387,-1.7588379975819128,-1.7326012930845278,-1.7111838113306792,,10613,92,1.5,False,False,v1.1-frozen
C0263_T423,manual,0,C0263,C0263,423.0,1.0373189993202687,1.183185274153948,-996809407137.3344,1.176030508801341,d1408f09d1a2,1dab7e7ac807,5e1d50a6e395,0,True,0,29.498,3.947435533647118,2.794603223208186,161.0313769282441,0.012565956319528308,1.689790157965044e-13,fb8c4bf,2026-10-03T03:15:16+00:00,3.953550357647789,161.4230139477668,True,0.004736237936364971,4.5,2.794603223208186,0.24636939143946962,5.0,2.384796168249157e-12,True,True,-3.760954258474659,-2.365613581147878,-2.1789421822783512,-2.096364641653691,-2.0472251288418852,-1.989166945246261,-1.9547454512656528,-1.9313547553901458,-1.9141446384674026,-1.9008044542668083,-1.890076577355174,,10613,92,1.5,False,False,v1.1-frozen
C0264_T300,manual,0,C0264,C0264,300.0,1.0157801639288664,0.9610351949930191,-1033127991482.6156,1.0907663241028789,fa490c047187,1dab7e7ac807,5e1d50a6e395,0,True,0,46.337,3.732868228745598,1.9133400619113128,111.60209600831594,0.01842001187798332,8.025626420527696e-14,fb8c4bf,2026-10-03T03:26:09+00:00,3.7365202070247823,111.89595932002983,True,0.0041574015054620045,4.25,1.9133400619113128,0.35352053567697067,5.0,1.7751840009861136e-12,True,True,-3.017075269225293,-2.3312269087089272,-2.1465887233230947,-2.0449406663176073,-1.9771724058700608,-1.8889313255949671,-1.8319129229063735,-1.7909840719011783,-1.7596847516074692,-1.7347100940880869,-1.7141632592541982,,10847,92,1.5,False,False,v1.1-frozen
C0264_T423,manual,0,C0264,C0264,423.0,1.0157801639288664,0.9610351949930191,-1033127991482.6156,1.0907663241028789,fa490c047187,1dab7e7ac807,5e1d50a6e395,0,True,0,44.831,3.5009375676177927,2.8026761044072948,154.4315801096271,0.012527998305172794,1.689790157965044e-13,fb8c4bf,2026-10-03T03:22:52+00:00,3.5012406747262435,154.8222042683729,True,0.004843781850869442,4.0,2.8026761044072948,0.24585259194495687,5.0,1.3156555329857041e-12,True,True,-2.6747577910273903,-2.2572687166477077,-2.1367027206324916,-2.0735987240616294,-2.0333147623822354,-1.9832279915222049,-1.9523139245279226,-1.930806267562036,-1.9147277709650228,-1.902118314038858,-1.8918859900153482,,10847,92,1.5,False,False,v1.1-frozen
C0265_T300,manual,0,C0265,C0265,300.0,0.9032528426498176,1.0823479406535623,-903408912010.4908,0.9865423835814,15839b39020a,1dab7e7ac807,5e1d50a6e395,0,True,0,50.275,3.7489869223810928,2.065138601230359,114.10887658394653,0.017082258739609488,8.025626420527696e-14,fb8c4bf,2026-10-03T03:38:23+00:00,3.7492089716901016,114.28199605671952,True,0.0037119347616557438,4.25,2.065138601230359,0.3259963324576093,5.0,1.961609192996683e-12,True,True,-3.088345566789166,-2.3829282925835167,-2.193749938882394,-2.089182409778781,-2.0192248190769533,-1.9278226281753335,-1.8685956672568946,-1.8260237128258519,-1.7934494990827683,-1.7674547042974287,-1.74607198512807,,11549,92,1.5,False,False,v1.1-frozen
C0265_T423,manual,0,C0265,C0265,423.0,0.9032528426498176,1.0823479406535623,-903408912010.4908,0.9865423835814,15839b39020a,1dab7e7ac807,5e1d50a6e395,0,True,0,56.618,3.510094062464246,2.971515083292477,158.24672011495755,0.011823463042254739,1.6897901579650449e-13,fb8c4bf,2026-10-03T03:31:14+00:00,3.513171337195426,158.63834618847883,True,0.004375003897166423,4.0,2.971515083292477,0.23117369734353585,5.0,2.203462077884754e-12,True,True,-2.7251995219984044,-2.2971602067476447,-2.1720697777170233,-2.1062917997250414,-2.0642100020632435,-2.0118421653220686,-1.9795402666339443,-1.9571025287937776,-1.9403602288418011,-1.9272553018079261,-1.9166404582396575,,11549,92,1.5,False,False,v1.1-frozen
C0266_T300,manual,0,C0266,C0266,300.0,0.869686346501112,0.8382016658782959,-1304095157422.1252,1.153681990876794,2573b3d6cbed,1dab7e7ac807,5e1d50a6e395,0,True,0,49.406,4.014340923126623,1.9156727731620025,108.97518903083414,0.018392938117312144,8.025626420527699e-14,fb8c4bf,2026-10-03T03:27:28+00:00,4.021425690879907,108.9145959327218,True,0.0045470230047569265,4.5,1.9156727731620025,0.35359688689487,5.0,1.340867450892067e-12,True,True,-4.088479108633242,-2.389256024027651,-2.1595740500086795,-2.0467189528358554,-1.9751026885405387,-1.8852751217702517,-1.8289337158596424,-1.7891840872320974,-1.7591322146443162,-1.7353488903261078,-1.7159037774899515,,11666,93,1.5,False,False,v1.1-frozen
C0266_T423,manual,0,C0266,C0266,423.0,0.869686346501112,0.8382016658782959,-1304095157422.1252,1.153681990876794,2573b3d6cbed,1dab7e7ac807,5e1d50a6e395,0,True,0,52.124,3.790581051510708,2.880995211387971,150.37415814015742,0.012189072312761144,1.689790157965045e-13,fb8c4bf,2026-10-03T03:28:17+00:00,3.8002259992573313,150.59778831628523,True,0.0051770044652075424,4.25,2.880995211387971,0.23903484274073072,5.0,2.52491359617015e-12,True,True,-3.162822539761332,-2.2996097439639263,-2.151743930251556,-2.0827905181518362,-2.0410333208729634,-1.9911328920591893,-1.9612746939332197,-1.9408606913474542,-1.9257703577202194,-1.9140293464554454,-1.9045584983595276,,11666,92,1.5,False,False,v1.1-frozen
C0267_T300,manual,0,C0267,C0267,300.0,1.157159212976694,1.1184636436402795,-636351773515.3436,0.8737273421138525,5a7f7f651233,1dab7e7ac807,5e1d50a6e395,0,True,0,35.617,3.2260081321396448,2.0659745626591115,114.91614948150198,0.01707733651942293,8.025626420527698e-14,fb8c4bf,2026-10-03T03:24:25+00:00,3.231514081889551,115.28017498891063,True,0.0033152616867428613,3.75,2.0659745626591115,0.3256633826972407,5.0,1.028578887755497e-12,True,True,-2.6030449609309003,-2.3043614089849074,-2.1656265210006476,-2.0781266207865823,-2.0156642263527695,-1.929644322122246,-1.8713860669913769,-1.8283425514086538,-1.7947662909516506,-1.7675798634548672,-1.7449586512003805,,10028,92,1.5,False,False,v1.1-frozen
C0267_T423,manual,0,C0267,C0267,423.0,1.157159212976694,1.1184636436402795,-636351773515.3436,0.8737273421138525,5a7f7f651233,1dab7e7ac807,5e1d50a6e395,0,True,0,41.937,2.985480972458027,2.8503179506431207,159.45176856376568,0.012321923646660977,1.6897901579650438e-13,fb8c4bf,2026-10-03T03:24:09+00:00,2.9874891213296353,159.9154542224303,True,0.004048561724059578,3.5,2.8503179506431207,0.24139809366353046,5.0,2.0545215823688833e-12,True,True,-2.4421634314621734,-2.2356861013559493,-2.142694432597495,-2.086703878508006,-2.0482756938341926,-1.997623339823243,-1.964835036512971,-1.941378199873106,-1.9235161383938997,-1.9093214866590311,-1.8976863883258777,,10028,92,1.5,False,False,v1.1-frozen
C0268_T300,manual,0,C0268,C0268,300.0,1.1148790221661329,0.8944631986320019,-753463133238.256,0.8455600172281266,562386b02d8e,1dab7e7ac807,5e1d50a6e395,0,True,0,43.698,2.9168968813189364,2.0446513263484754,110.52145564698435,0.017245507833161068,8.025626420527696e-14,fb8c4bf,2026-10-03T03:23:04+00:00,2.9379746741523203,111.37032858059537,True,0.003421383976260289,3.25,2.0446513263484754,0.330086119243,5.0,1.6246631872350561e-12,True,True,-2.463158251883366,-2.2425285655696636,-2.1259852693020695,-2.049260690416027,-1.9932802188540109,-1.9148068573711234,-1.8608644654992434,-1.820633448719296,-1.7890388980387575,-1.7633240123205243,-1.7418377540797942,,10262,93,1.5,False,False,v1.1-frozen
C0268_T423,manual,0,C0268,C0268,423.0,1.1148790221661329,0.8944631986320019,-753463133238.256,0.8455600172281266,562386b02d8e,1dab7e7ac807,5e1d50a6e395,0,True,0,45.411,2.6930414003264533,2.8446252127794693,152.6238793927015,0.012343922912213636,1.6897901579650449e-13,fb8c4bf,2026-10-03T03:23:35+00:00,2.7006794539021723,153.03689150071963,True,0.004144744200182803,3.25,2.8446252127794693,0.24216625311059312,5.0,1.6585799658506378e-12,True,True,-2.342775691017311,-2.191872943851202,-2.115991861362168,-2.06829214950919,-2.0347632661008697,-1.989644904620551,-1.9598947782649896,-1.9383496366979491,-1.9217950633376375,-1.9085467991050489,-1.897625554681613,,10262,93,1.5,False,False,v1.1-frozen
C0269_T300,manual,0,C0269,C0269,300.0,0.802394711598754,1.1747511595487594,-1186953112483.025,1.125565733760595,e26a4285714e,1dab7e7ac807,5e1d50a6e395,0,True,14,110.103,4.615082089680213,2.066175263318434,115.67708807058163,0.017078543123581397,8.025626420527699e-14,fb8c4bf,2026-10-03T03:40:02+00:00,4.63924136313366,116.63705389397127,True,0.004099230039687536,5.0,2.066175263318434,0.32534791466966706,4.960668563842773,1.5597413424301828e-12,True,True,-8.927827027834462,-2.842813592411047,-2.3158495473444987,-2.1477714290830114,-2.0524715716281015,-1.9407781596554592,-1.8740236900124296,-1.8281765397531011,-1.794133989241989,-1.7675491793364337,-1.7460397082831078,,12017,114,1.5,False,False,v1.1-frozen
C0269_T423,manual,0,C0269,C0269,423.0,0.802394711598754,1.1747511595487594,-1186953112483.025,1.125565733760595,e26a4285714e,1dab7e7ac807,5e1d50a6e395,0,True,0,49.127,4.37284586296142,3.050083801905225,160.80986575846234,0.011523376570215462,1.6897901579650438e-13,fb8c4bf,2026-10-03T03:28:04+00:00,4.385415910193025,160.9446169901242,True,0.004506997433007877,4.75,3.050083801905225,0.2247821607578776,5.0,1.3287949191889405e-12,True,True,-6.076994209450648,-2.5859605108751036,-2.258756553852699,-2.151193906525169,-2.0931874243613904,-2.0290095178406764,-1.9928099681066136,-1.9688949389830765,-1.9516253611076522,-1.9384202456570854,-1.9279122499391539,,12017,91,1.5,False,False,v1.1-frozen
C0270_T300,manual,0,C0270,C0270,300.0,0.9734726510941982,0.904822876304388,-520519789308.3096,0.9084284741431476,b18a003cd97d,1dab7e7ac807,5e1d50a6e395,0,True,0,29.666,2.4010205642421654,2.001572798874765,110.66921198542207,0.0176103919469214,8.025626420527698e-14,fb8c4bf,2026-10-03T03:16:47+00:00,2.423713451025342,111.61758190249182,True,0.0036425832887558257,2.75,2.001572798874765,0.3377897954318558,5.0,6.706414937274197e-13,True,True,-2.3077691490416874,-2.15807975318845,-2.067823357994717,-2.0049820329158887,-1.9576855743195927,-1.8896672103777012,-1.8419549298237965,-1.8059648134925148,-1.7775025694812328,-1.754230978019612,-1.7347258312260965,,11081,93,1.5,False,False,v1.1-frozen
C0270_T423,manual,0,C0270,C0270,423.0,0.9734726510941982,0.904822876304388,-520519789308.3096,0.9084284741431476,b18a003cd97d,1dab7e7ac807,5e1d50a6e395,0,True,0,32.848,2.1756012195534473,2.8785465819753178,152.8291616929094,0.012199324945104551,1.6897901579650443e-13,fb8c4bf,2026-10-03T03:17:21+00:00,2.1850664370202355,153.40138216939303,True,0.004239229667803587,2.75,2.8785465819753178,0.2392398038903998,5.0,1.1272953057139823e-12,True,True,-2.2410921468550487,-2.143073314549749,-2.0869100387987096,-2.049408371625116,-2.0221091155377238,-1.9842651414102361,-1.9586980343118614,-1.9399239992374657,-1.9253739676225632,-1.913664200532411,-1.9039745632942928,,11081,93,1.5,False,False,v1.1-frozen
C0271_T300,manual,0,C0271,C0271,300.0,1.0609885282814502,1.026109629869461,-1415986414067.4473,1.0126027803868056,25476ad76fb6,1dab7e7ac807,5e1d50a6e395,0,True,0,35.064,4.7949294622276195,2.0342679068430076,112.97731989954207,0.017342543478671396,8.025626420527699e-14,fb8c4bf,2026-10-03T03:22:42+00:00,4.8135244800344665,113.36823341927493,True,0.003913088064673475,5.25,2.0342679068430076,0.3308004458779784,5.0,1.5864432106062428e-12,True,True,-10.660175884783557,-3.1841538495761084,-2.3794260890659857,-2.1826290481745265,-2.0753877457564553,-1.9517549154208726,-1.8783204896184065,-1.8278660209212818,-1.7903099368308595,-1.7608872080278883,-1.7369997169447469,,10613,93,1.5,False,False,v1.1-frozen
C0271_T423,manual,0,C0271,C0271,423.0,1.0609885282814502,1.026109629869461,-1415986414067.4473,1.0126027803868056,25476ad76fb6,1dab7e7ac807,5e1d50a6e395,0,True,0,31.127,4.56002759506637,2.8687630171456524,156.5041177070181,0.012243410372340831,1.6897901579650446e-13,fb8c4bf,2026-10-03T03:15:47+00:00,4.572190680765274,156.6639704096575,True,0.004571104459915866,5.0,2.8687630171456524,0.23978058217220108,5.0,2.535419178537269e-12,True,True,-7.292881103724436,-2.7669498379003254,-2.288810612363724,-2.157726144468917,-2.0896979890512233,-2.015764699338949,-1.9743840495350475,-1.9470544015932494,-1.9272735929156322,-1.9120975936618243,-1.8999758537760907,,10613,92,1.5,False,False,v1.1-frozen
C0272_T300,manual,0,C0272,C0272,300.0,1.066031215339899,0.9201399441808462,-916764060035.348,0.8807678539305925,5730851daacd,1dab7e7ac807,5e1d50a6e395,0,True,0,46.047,3.3656902551984147,2.052906228929855,111.00121973092713,0.017178575928374445,8.025626420527698e-14,fb8c4bf,2026-10-03T03:26:55+00:00,3.3918399962411248,111.91574293156815,True,0.0035789985374916075,3.75,2.052906228929855,0.32850852443505796,5.0,1.3567276071377012e-12,True,True,-2.6620608135900636,-2.3106557306517725,-2.1626980849433277,-2.0724587116164015,-2.0092117355652666,-1.9234451055285402,-1.8660908317284899,-1.82402682397191,-1.7913695751749827,-1.7650128412080919,-1.7431330746440135,,10613,93,1.5,False,False,v1.1-frozen
C0272_T423,manual,0,C0272,C0272,423.0,1.066031215339899,0.9201399441808462,-916764060035.348,0.8807678539305925,5730851daacd,1dab7e7ac807,5e1d50a6e395,0,True,0,40.722,3.1385503107267394,2.8720768684317997,153.3492157794879,0.01222738702731069,1.6897901579650446e-13,fb8c4bf,2026-10-03T03:23:33+00:00,3.1515735060148464,153.5857101725352,True,0.004181193559525409,3.5,2.8720768684317997,0.23970888355183437,5.0,9.68953750987108e-13,True,True,-2.4791863653882484,-2.239914796583027,-2.142010137595396,-2.085201037685,-2.0469909939064395,-1.9974429976233201,-1.9657746593822596,-1.9432704992979462,-1.9261999682042357,-1.912666341071982,-1.9015898575549988,,10613,93,1.5,False,False,v1.1-frozen
C0273_T300,manual,0,C0273,C0273,300.0,0.9536076538264752,1.0488302502781153,-1021725752390.9211,1.198078833147883,5315840f67d7,1dab7e7ac807,5e1d50a6e395,0,True,0,47.523,3.92659618865825,1.8887127045303207,113.24526260738543,0.018660079971424624,8.0256264205277e-14,fb8c4bf,2026-10-03T03:39:11+00:00,3.941044829339779,113.51133840410532,True,0.00432467687450409,4.25,1.8887127045303207,0.35810880289290825,5.0,9.116801847672395e-13,True,True,-3.615773116352081,-2.368968676558286,-2.1543637488925884,-2.0443143570904123,-1.9731348335182493,-1.8825695447791655,-1.8251584891642172,-1.7844379850723726,-1.7535624402377854,-1.7290864993315338,-1.7090554907138025,,11198,92,1.5,False,False,v1.1-frozen
C0273_T423,manual,0,C0273,C0273,423.0,0.9536076538264752,1.0488302502781153,-1021725752390.9211,1.198078833147883,5315840f67d7,1dab7e7ac807,5e1d50a6e395,0,True,0,58.446,3.6890892177612247,2.8215196854013445,157.03803918249315,0.0124458885621004,1.6897901579650449e-13,fb8c4bf,2026-10-03T03:32:13+00:00,3.6961526044961186,157.3728381114613,True,0.004862381032439344,4.25,2.8215196854013445,0.24405655751545816,5.0,1.534337883387669e-12,True,True,-2.9390628177491056,-2.2855452740878373,-2.1462945910341285,-2.0782291991657624,-2.036128622804618,-1.985049887388733,-1.954160391160031,-1.9329402712372001,-1.917218760794959,-1.9049740919166727,-1.895092989026893,,11198,93,1.5,False,False,v1.1-frozen
C0274_T300,manual,0,C0274,C0274,300.0,0.8199373450130225,0.8804767098277808,-683886644430.4585,0.968734148144722,70538d9e975f,1dab7e7ac807,5e1d50a6e395,0,True,0,48.291,2.709591776536909,2.0239439547294706,110.06881982951123,0.01741699469104175,8.025626420527698e-14,fb8c4bf,2026-10-03T03:28:17+00:00,2.718570722516757,110.6157061257056,True,0.00378386923603952,3.25,2.0239439547294706,0.33395169544413805,5.0,1.275923623860492e-12,True,True,-2.3582213088313306,-2.1774499529747864,-2.077175570921867,-2.0101469942020214,-1.9609543143469932,-1.8918423802891526,-1.8443801291220123,-1.8090780802611302,-1.7814437718104084,-1.759026780539374,-1.7403571351506641,,12017,92,1.5,False,False,v1.1-frozen
C0274_T423,manual,0,C0274,C0274,423.0,0.8199373450130225,0.8804767098277808,-683886644430.4585,0.968734148144722,70538d9e975f,1dab7e7ac807,5e1d50a6e395,0,True,0,52.47,2.4830398167697134,2.987959164448025,151.98471739152424,0.011756654689003646,1.689790157965045e-13,fb8c4bf,2026-10-03T03:29:10+00:00,2.4853150125776207,152.44468357662666,True,0.004505190597041173,3.0,2.987959164448025,0.23010257377569707,5.0,2.116529375159863e-12,True,True,-2.281271746864969,-2.1639445072428622,-2.10230629126083,-2.062936842466078,-2.0350609367304795,-1.9973895261971704,-1.9725164790236578,-1.9545233040180012,-1.9407276226476609,-1.9297162375105459,-1.9206648069553813,,12017,92,1.5,False,False,v1.1-frozen
C0275_T300,manual,0,C0275,C0275,300.0,1.1075139712542297,1.1502116803079845,-1250700769945.979,1.0602133296430112,b03b2a6a63a9,1dab7e7ac807,5e1d50a6e395,0,True,0,39.948,4.71208478522962,1.9944636904834079,115.3041069934111,0.01768830714237305,8.025626420527699e-14,fb8c4bf,2026-10-03T03:25:05+00:00,4.720097689007449,115.98981939358477,True,0.003869071086947393,5.25,1.9944636904834079,0.33739617605149697,5.0,1.5691858892134919e-12,True,True,-9.778005338235397,-3.003315034976622,-2.3509484077490415,-2.1658214463688323,-2.062351828352077,-1.9413991978115512,-1.8689063793837044,-1.8188914510030245,-1.7815806255287268,-1.752313729210456,-1.7285355566903153,,10262,92,1.5,False,False,v1.1-frozen
C0275_T423,manual,0,C0275,C0275,423.0,1.1075139712542297,1.1502116803079845,-1250700769945.979,1.0602133296430112,b03b2a6a63a9,1dab7e7ac807,5e1d50a6e395,0,True,0,45.153,4.469331348465894,2.8254362770305987,160.16482361036543,0.012430518318372963,1.6897901579650446e-13,fb8c4bf,2026-10-03T03:24:55+00:00,4.473126686134135,160.69313648545102,True,0.0045301541514626495,5.0,2.8254362770305987,0.2435066822817871,5.0,2.073197520627048e-12,True,True,-6.667116791920967,-2.6715256532358382,-2.269777071779841,-2.1467002302897873,-2.0810671126358034,-2.008595968446349,-1.9676059827420151,-1.9404056515122095,-1.9206708885365928,-1.905510762097205,-1.8933934212183414,,10262,91,1.5,False,False,v1.1-frozen
C0276_T300,manual,0,C0276,C0276,300.0,1.1654183991253375,0.836763820424676,-1133436824195.087,1.0321207854896783,5be5fa92bdb8,1dab7e7ac807,5e1d50a6e395,0,True,0,42.343,3.619794232208754,1.8789803245164614,109.06839286353531,0.01875031976835989,8.025626420527695e-14,fb8c4bf,2026-10-03T03:23:47+00:00,3.644904842954946,109.79153880625236,True,0.004216965008467663,4.0,1.8789803245164614,0.36065780631672734,5.0,1.7036206436388516e-12,True,True,-2.834557411857907,-2.302224428446846,-2.13122637429742,-2.033994959964022,-1.9682055723474037,-1.8814908541883093,-1.8248297035560626,-1.783835265642893,-1.7522909276010115,-1.7269913214055954,-1.706085777389466,,10028,93,1.5,False,False,v1.1-frozen
C0276_T423,manual,0,C0276,C0276,423.0,1.1654183991253375,0.836763820424676,-1133436824195.087,1.0321207854896783,5be5fa92bdb8,1dab7e7ac807,5e1d50a6e395,0,True,0,42.322,3.3981676853371554,2.712858652230211,150.49174978487235,0.01293815539093427,1.6897901579650446e-13,fb8c4bf,2026-10-03T03:24:17+00:00,3.4098455834445693,151.06962386376256,True,0.004741755073999147,3.75,2.712858652230211,0.2544441372819868,5.0,2.1843607700323558e-12,True,True,-2.5754977515256585,-2.231681905217811,-2.1196105162088283,-2.0590513206621814,-2.019759927347403,-1.9702164323766553,-1.939228041009784,-1.9174619549750211,-1.9010667447715752,-1.888127637163684,-1.8775708729955793,,10028,93,1.5,False,False,v1.1-frozen
C0277_T300,manual,0,C0277,C0277,300.0,0.8528547428548336,1.1064728077501058,-801120247691.8698,0.9405919637531042,5dae974f760f,1dab7e7ac807,5e1d50a6e395,0,True,0,53.348,3.572624950460686,2.126338349677869,114.6193960059837,0.016595678460417113,8.025626420527695e-14,fb8c4bf,2026-10-03T03:40:56+00:00,3.5966631269614804,115.29125176669442,True,0.00359234821249746,4.0,2.126338349677869,0.3161502423413412,5.0,9.50356241813898e-13,True,True,-2.8389489355416773,-2.3572655152514366,-2.1900172377869116,-2.092860425623029,-2.026393239500596,-1.9380806794767809,-1.8801036183175064,-1.8381210757496953,-1.8058455321517528,-1.7800049881729836,-1.758698963196526,,11783,93,1.5,False,False,v1.1-frozen
C0277_T423,manual,0,C0277,C0277,423.0,0.8528547428548336,1.1064728077501058,-801120247691.8698,0.9405919637531042,5dae974f760f,1dab7e7ac807,5e1d50a6e395,0,True,0,48.509,3.3338239310985065,3.046692744810663,159.0119766899236,0.011534676501087584,1.6897901579650449e-13,fb8c4bf,2026-10-03T03:28:53+00:00,3.3476830740249053,159.01128133297937,True,0.0041863328323344245,3.75,3.046692744810663,0.22518586226675893,5.0,1.5290031936554486e-12,True,True,-2.5950225386291126,-2.2823051571451334,-2.1721991712815503,-2.1113873683479167,-2.0715637262940367,-2.0211244664277603,-1.989587888893423,-1.9675201419977562,-1.9509797681063648,-1.9379945810963055,-1.927455195903513,,11783,92,1.5,False,False,v1.1-frozen
C0278_T300,manual,0,C0278,C0278,300.0,0.9240120824426412,0.963901275768876,-1404462292790.4128,1.1199389711022376,5b938994d818,1dab7e7ac807,5e1d50a6e395,0,True,0,31.887,4.598463960940319,1.973216887224667,111.6304033124853,0.017868764819225495,8.025626420527699e-14,fb8c4bf,2026-10-03T03:17:19+00:00,4.623423016957923,112.27999665878963,True,0.00432215256736561,5.0,1.973216887224667,0.3420509663228862,5.0,1.8125225154662548e-12,True,True,-8.95395803317466,-2.8006760051267023,-2.2913588591284797,-2.125568147359564,-2.0312811720836508,-1.9205806790034414,-1.8542553755795919,-1.808573114219494,-1.7745518367281432,-1.74790546712136,-1.7262853436626413,,11315,93,1.5,False,False,v1.1-frozen
C0278_T423,manual,0,C0278,C0278,423.0,0.9240120824426412,0.963901275768876,-1404462292790.4128,1.1199389711022376,5b938994d818,1dab7e7ac807,5e1d50a6e395,0,True,0,35.905,4.367961496798216,2.8942350730885504,154.47116743070865,0.012135556948164787,1.6897901579650446e-13,fb8c4bf,2026-10-03T03:17:57+00:00,4.38103496956846,154.73953268034947,True,0.004810957125568127,4.75,2.8942350730885504,0.23770096531828322,5.0,1.8216539272717367e-12,True,True,-6.123648646888555,-2.5568564581267514,-2.2345533101398667,-2.128173195189221,-2.0706898544078696,-2.006902358713604,-1.970748445353032,-1.946742420233682,-1.9293219769489485,-1.9159402874025706,-1.905246686965669,,11315,93,1.5,False,False,v1.1-frozen
C0279_T300,manual,0,C0279,C0279,300.0,1.0114486139267682,1.0926175739616155,-533997192047.5364,0.8026790656149387,89e9ea238817,1dab7e7ac807,5e1d50a6e395,0,True,8,61.088,2.932662349361643,2.1745306429362365,114.52916611730524,0.01623056697167355,8.025626420527696e-14,fb8c4bf,2026-10-03T03:23:43+00:00,2.948005789337745,115.10520393983326,True,0.0030659898957831385,3.25,2.1745306429362365,0.3089076009605777,5.0,1.0368430428622835e-12,True,True,-2.50869922317792,-2.2839474734801954,-2.164629794856421,-2.0857274518160964,-2.0279720412053432,-1.9467766037387442,-1.8908487685354964,-1.8491092264398867,-1.8163319064860999,-1.7896663089865577,-1.7674003565517218,,10847,107,1.5,False,False,v1.1-frozen
C0279_T423,manual,0,C0279,C0279,423.0,1.0114486139267682,1.0926175739616155,-533997192047.5364,0.8026790656149387,89e9ea238817,1dab7e7ac807,5e1d50a6e395,0,True,0,28.502,2.6938221801579774,2.984542465795869,158.78950504023976,0.011771990317619685,1.6897901579650446e-13,fb8c4bf,2026-10-03T03:16:16+00:00,2.7014304076445583,159.247712375774,True,0.003758313628306223,3.25,2.984542465795869,0.23014615401998204,5.0,1.0349707202372826e-12,True,True,-2.3810673395064264,-2.2254559704471166,-2.1464534618569457,-2.0965479895147596,-2.0613825626240234,-2.014011919560565,-1.982800215076981,-1.9602419728682259,-1.9429516466650831,-1.9291501037764762,-1.9178013866175283,,10847,93,1.5,False,False,v1.1-frozen
C0280_T300,manual,0,C0280,C0280,300.0,1.0416536785662174,0.8647179711610079,-1499542234465.4795,0.917242457345128,dad5e841c7bc,1dab7e7ac807,5e1d50a6e395,0,True,0,46.962,4.559625382680769,2.0795669499698266,109.80717577942423,0.016962271436613812,8.0256264205277e-14,fb8c4bf,2026-10-03T03:27:43+00:00,4.582354834785202,110.4956286868215,True,0.003777414116813124,5.0,2.0795669499698266,0.323923824391234,5.0,9.177745369237655e-13,True,True,-8.636479696442084,-2.8031553909519196,-2.3322696789276085,-2.1665394236475857,-2.0701577235649222,-1.9550388297397963,-1.8849565853082668,-1.8361371143327636,-1.7994557447313289,-1.7705159913284432,-1.7468899462664833,,10613,93,1.5,False,False,v1.1-frozen
C0280_T423,manual,0,C0280,C0280,423.0,1.0416536785662174,0.8647179711610079,-1499542234465.4795,0.917242457345128,dad5e841c7bc,1dab7e7ac807,5e1d50a6e395,0,True,0,38.594,4.33528565356871,2.9011549501281646,151.53386817453506,0.01210596877181367,1.6897901579650446e-13,fb8c4bf,2026-10-03T03:24:12+00:00,4.349635402605828,151.52750956359628,True,0.004494814901521557,4.75,2.9011549501281646,0.23719716918159245,5.0,2.410273670162279e-12,True,True,-5.938344820554036,-2.5663688046330875,-2.2547566614680963,-2.1452883055836565,-2.0848330725006896,-2.016645788071872,-1.9774291923770184,-1.9511239999982344,-1.9318815196797252,-1.9170004507147682,-1.9050389883470829,,10613,92,1.5,False,False,v1.1-frozen
C0281_T300,manual,0,C0281,C0281,300.0,0.9291326515376568,1.191848925873637,-565904793329.5369,1.010139374062419,87f0aca2eb71,1dab7e7ac807,5e1d50a6e395,0,True,14,93.466,3.22350411413589,2.0217824809201317,116.09721726818734,0.01744576970066837,8.025626420527696e-14,fb8c4bf,2026-10-03T03:40:45+00:00,3.229222747737945,116.77401639727525,True,0.0036758660727592603,3.75,2.0217824809201317,0.3332478338099005,4.975844860076904,1.3839908535217668e-12,True,True,-2.5611464182026458,-2.266724700757162,-2.1323464126166316,-2.048489169420958,-1.9891093491545957,-1.908084380301722,-1.8537694270093756,-1.813967440404978,-1.7831315102824605,-1.7583098648871915,-1.7377618838536188,,11315,113,1.5,False,False,v1.1-frozen
C0281_T423,manual,0,C0281,C0281,423.0,0.9291326515376568,1.191848925873637,-565904793329.5369,1.010139374062419,87f0aca2eb71,1dab7e7ac807,5e1d50a6e395,0,True,0,54.933,2.978774786993395,2.9292942004270808,161.4014626676349,0.01199280606501665,1.6897901579650449e-13,fb8c4bf,2026-10-03T03:33:08+00:00,2.9814926886505284,161.93122951601256,True,0.004309017884415692,3.5,2.9292942004270808,0.23460253803355707,5.0,1.7514896280317767e-12,True,True,-2.416829985445801,-2.2198369252288113,-2.132866588010097,-2.0811131212549046,-2.045890156365017,-1.999878696798241,-1.970382734324832,-1.949442458876389,-1.9335991217936113,-1.9210791892138115,-1.9108680809950045,,11315,92,1.5,False,False,v1.1-frozen
C0282_T300,manual,0,C0282,C0282,300.0,0.8939974989742041,0.9344334561377764,-1227596440352.4995,0.8301111072301866,1711cd9b4361,1dab7e7ac807,5e1d50a6e395,0,True,0,47.228,4.130123368638164,2.2259513146306884,111.37375750375489,0.01585779785649749,8.025626420527699e-14,fb8c4bf,2026-10-03T03:29:05+00:00,4.155602695295812,112.60311488918728,True,0.0033622767858695122,4.5,2.2259513146306884,0.30160034888965265,5.0,1.4638929570822613e-12,True,True,-4.870242119383611,-2.5589315530598626,-2.292088068698516,-2.162965527131289,-2.080737516559859,-1.9767266809251263,-1.9107863694241474,-1.8638714820143072,-1.8281663943074458,-1.799757122514866,-1.7764263648896028,,11549,93,1.5,False,False,v1.1-frozen
C0282_T423,manual,0,C0282,C0282,423.0,0.8939974989742041,0.9344334561377764,-1227596440352.4995,0.8301111072301866,1711cd9b4361,1dab7e7ac807,5e1d50a6e395,0,True,0,54.097,3.902382121268134,3.078911508086862,153.8945862329042,0.011413624909775438,1.689790157965045e-13,fb8c4bf,2026-10-03T03:30:04+00:00,3.914540362529495,154.3957115635819,True,0.003929464190671295,4.25,3.078911508086862,0.22287361535799227,5.0,1.2409760719034324e-12,True,True,-3.5821598745177705,-2.415446680840579,-2.233527389375755,-2.149435043512294,-2.0984700613129044,-2.0374116316212865,-2.0007677672487905,-1.975659389718801,-1.9570659132138641,-1.9425764039345488,-1.9308710204677482,,11549,93,1.5,False,False,v1.1-frozen
C0283_T300,manual,0,C0283,C0283,300.0,1.181476278230548,1.008852780982852,-833940485492.3486,1.1471762262284757,15b1f38e1d28,1dab7e7ac807,5e1d50a6e395,0,True,0,36.315,3.38982496221799,1.8152713648418273,112.5052390261122,0.019406891498777206,8.025626420527695e-14,fb8c4bf,2026-10-03T03:25:42+00:00,3.412449372081322,113.52625230167479,True,0.00433119284371665,3.75,1.8152713648418273,0.37336737298749545,5.0,1.209816968827937e-12,True,True,-2.6015022339408533,-2.237464971599193,-2.0910040109769663,-2.0031640713726273,-1.9422319195349205,-1.8604433092474906,-1.8063064578345607,-1.7668976618105319,-1.7364790980587401,-1.712044022212919,-1.6918381725633291,,9911,93,1.5,False,False,v1.1-frozen
C0283_T423,manual,0,C0283,C0283,423.0,1.181476278230548,1.008852780982852,-833940485492.3486,1.1471762262284757,15b1f38e1d28,1dab7e7ac807,5e1d50a6e395,0,True,0,44.987,3.157461325020406,2.667621055600275,155.85174092721354,0.013157394143706981,1.6897901579650446e-13,fb8c4bf,2026-10-03T03:25:40+00:00,3.1677771536158947,156.02540305973056,True,0.00478260894602326,3.75,2.667621055600275,0.258758266119629,5.0,1.7511096491122078e-12,True,True,-2.4311330627145784,-2.1908817023535265,-2.0962332949496245,-2.042104488090361,-2.0059922630236673,-1.9594987943585847,-1.9299778125980478,-1.9090946271248197,-1.893309047383772,-1.8808301153626603,-1.870641999035091,,9911,93,1.5,False,False,v1.1-frozen
C0284_T300,manual,0,C0284,C0284,300.0,1.139380706101656,0.978221045061946,-716676308773.458,1.169083670154214,a78a5df6dbcd,1dab7e7ac807,5e1d50a6e395,0,True,0,44.914,3.0386856532366995,1.7921753678328087,111.87422458423057,0.01965194077791472,8.025626420527696e-14,fb8c4bf,2026-10-03T03:24:32+00:00,3.0551263432575655,112.30916847421723,True,0.004479283235101252,3.5,1.7921753678328087,0.37868087247483945,5.0,1.672973004207221e-12,True,True,-2.4076356275199267,-2.1672340893519366,-2.048934007464799,-1.9734815220773996,-1.9195109794176555,-1.8452979587637688,-1.7952278501105687,-1.7583756278649019,-1.7297254672776183,-1.706594553302919,-1.687395625960365,,10145,93,1.5,False,False,v1.1-frozen
C0284_T423,manual,0,C0284,C0284,423.0,1.139380706101656,0.978221045061946,-716676308773.458,1.169083670154214,a78a5df6dbcd,1dab7e7ac807,5e1d50a6e395,0,True,0,45.27,2.8062638881171753,2.6655946945928757,154.86539079825585,0.013166748078826786,1.6897901579650436e-13,fb8c4bf,2026-10-03T03:25:03+00:00,2.8176239012405517,155.03968861306234,True,0.005091962385228527,3.25,2.6655946945928757,0.2590256778094872,5.0,2.676770515171112e-12,True,True,-2.3049046939502262,-2.146292552507733,-2.071696526243656,-2.0262143951289806,-1.994824510418897,-1.9532835642549833,-1.9263099597744597,-1.9069783743395305,-1.8922410356976416,-1.8805214737709801,-1.8709116530941925,,10145,92,1.5,False,False,v1.1-frozen
C0285_T300,manual,0,C0285,C0285,300.0,0.8269148968160153,1.052614574506879,-1344829812645.912,0.8519689109176398,817d03f76e66,1dab7e7ac807,5e1d50a6e395,0,True,14,109.476,4.7103821676790085,2.301051952046196,113.69633338156105,0.015350956154204032,8.025626420527699e-14,fb8c4bf,2026-10-03T03:42:46+00:00,4.7195332876754446,113.98219391015385,True,0.0032356604844376267,5.25,2.301051952046196,0.2907078448113942,4.898037910461426,9.624680595050267e-13,True,True,-9.80243854052496,-3.0512960779960836,-2.42035655108272,-2.234803327909111,-2.130229038419588,-2.0073194786271507,-1.9333320545231039,-1.8821510010101088,-1.8439028631226102,-1.813864568749523,-1.7894397946608667,,11900,113,1.5,False,False,v1.1-frozen
C0285_T423,manual,0,C0285,C0285,423.0,0.8269148968160153,1.052614574506879,-1344829812645.912,0.8519689109176398,817d03f76e66,1dab7e7ac807,5e1d50a6e395,0,True,0,55.92,4.4735568702024855,3.1821281108145723,157.50082568378787,0.011048758677681882,1.689790157965045e-13,fb8c4bf,2026-10-03T03:29:49+00:00,4.477185684956463,158.03488557599988,True,0.0039362779603118216,5.0,3.1821281108145723,0.21511626908216502,5.0,2.8540874479151088e-12,True,True,-6.712600061513932,-2.723014285696364,-2.325278561302212,-2.20108382004696,-2.1345830653303715,-2.0610710298073136,-2.0195119682549323,-1.9919646551217984,-1.9720026021452337,-1.9566865119983872,-1.9444588706261634,,11900,92,1.5,False,False,v1.1-frozen
C0286_T300,manual,0,C0286,C0286,300.0,0.9995370801538228,0.8209795903414489,-948641087859.869,1.0819995239377025,b5eb236b1bc4,1dab7e7ac807,5e1d50a6e395,0,True,0,30.373,3.1406236090872137,1.8666048321592215,108.66416370730481,0.01886945033486989,8.025626420527698e-14,fb8c4bf,2026-10-03T03:17:49+00:00,3.1636996659570884,109.19293292451538,True,0.004362031279690043,3.5,1.8666048321592215,0.3635739582026492,5.0,7.719588857035831e-13,True,True,-2.457690894004235,-2.1926081115806877,-2.068765369426985,-1.9913795881522824,-1.93665339956474,-1.8621002501491963,-1.8121623763906247,-1.7755468640018914,-1.7471426858332575,-1.7242407506040014,-1.705247932729096,,10964,93,1.5,False,False,v1.1-frozen
C0286_T423,manual,0,C0286,C0286,423.0,0.9995370801538228,0.8209795903414489,-948641087859.869,1.0819995239377025,b5eb236b1bc4,1dab7e7ac807,5e1d50a6e395,0,True,0,30.661,2.9206038521651894,2.771757325833771,149.89435492593296,0.012664649500913526,1.689790157965044e-13,fb8c4bf,2026-10-03T03:18:28+00:00,2.930059599649982,150.36152133009827,True,0.004831567954968238,3.5,2.771757325833771,0.248915233800675,5.0,8.412735541730363e-13,True,True,-2.339959373163766,-2.1654882766007533,-2.0878295021817395,-2.0415734031970367,-2.0100650973459415,-1.968809850631424,-1.9422408040140733,-1.9232796080401462,-1.9088587599352151,-1.8974068249753298,-1.8880244494763716,,10964,93,1.5,False,False,v1.1-frozen
C0287_T300,manual,0,C0287,C0287,300.0,1.0870710771530867,1.148136343434453,-1116775120608.5083,0.9891536809504032,133acd1ef858,1dab7e7ac807,5e1d50a6e395,0,True,0,35.753,4.398787573967599,2.0447906667869873,115.32933172618264,0.01725628710673576,8.025626420527696e-14,fb8c4bf,2026-10-03T03:24:19+00:00,4.421070240999554,116.39458108771584,True,0.0036812510517640197,4.75,2.0447906667869873,0.3288001164978249,5.0,1.0667164996977387e-12,True,True,-7.042647054470529,-2.67113206318854,-2.301064084575913,-2.1500416327540077,-2.058638402519167,-1.9466974976572402,-1.8773921121483343,-1.8287435098072489,-1.7920529824880078,-1.7630526421386026,-1.7393578121442748,,10379,93,1.5,False,False,v1.1-frozen
C0287_T423,manual,0,C0287,C0287,423.0,1.0870710771530867,1.148136343434453,-1116775120608.5083,0.9891536809504032,133acd1ef858,1dab7e7ac807,5e1d50a6e395,0,True,0,27.314,4.159197834774386,2.8672505097467904,160.15586516217218,0.012250618389727352,1.6897901579650446e-13,fb8c4bf,2026-10-03T03:16:44+00:00,4.169791580934885,160.58596015877248,True,0.004210806500975196,4.75,2.8672505097467904,0.2398249340662217,5.0,1.8153530035633233e-12,True,True,-4.824995196801878,-2.4847362457216744,-2.236433069913674,-2.136523256708048,-2.078854407163682,-2.0119686630254723,-1.9727913535094999,-1.9463132534599008,-1.9268835073080937,-1.9118419883224822,-1.8997517873623264,,10379,93,1.5,False,False,v1.1-frozen
C0288_T300,manual,0,C0288,C0288,300.0,1.0768002089112998,0.991148891299963,-1294047262519.598,0.8085161767899991,de9492606518,1dab7e7ac807,5e1d50a6e395,0,True,0,48.164,4.4394745550221915,2.223251696566865,112.55235022467292,0.015881874273096192,8.025626420527698e-14,fb8c4bf,2026-10-03T03:28:31+00:00,4.453462782978446,113.34866995936221,True,0.0031554755401652927,4.75,2.223251696566865,0.3014655082257324,5.0,2.3002424348257866e-12,True,True,-7.407975446560052,-2.7506592271235744,-2.3620975144044483,-2.204963347862155,-2.109794641705611,-1.9928796930729689,-1.920129231364239,-1.8688144013764887,-1.8299428449512183,-1.7990982463402365,-1.7738088092886815,,10496,92,1.5,False,False,v1.1-frozen
C0288_T423,manual,0,C0288,C0288,423.0,1.0768002089112998,0.991148891299963,-1294047262519.598,0.8085161767899991,de9492606518,1dab7e7ac807,5e1d50a6e395,0,True,0,42.914,4.206326669346218,2.9865333406997454,155.7004389047495,0.01176460036264329,1.6897901579650446e-13,fb8c4bf,2026-10-03T03:24:55+00:00,4.21234665361263,156.15820080957087,True,0.003918182376685553,4.75,2.9865333406997454,0.2299417238087766,5.0,2.225264075324769e-12,True,True,-5.103415648305254,-2.5421525121641015,-2.2753973185648584,-2.1690853844206095,-2.107781012726875,-2.036606897637996,-1.9948078610247877,-1.9664719833722768,-1.9456157088923207,-1.9294228209951103,-1.9163715070017404,,10496,93,1.5,False,False,v1.1-frozen
C0289_T300,manual,0,C0289,C0289,300.0,0.9893275301903486,1.0655652701854703,-642462934367.3586,1.1125455707311631,b0e3636a3b86,1dab7e7ac807,5e1d50a6e395,0,True,0,45.843,3.092026209914898,1.8940958469782656,113.6567184866798,0.018605988531919228,8.025626420527698e-14,fb8c4bf,2026-10-03T03:41:31+00:00,3.1166556631695066,114.63530415961343,True,0.004200136603115559,3.5,1.8940958469782656,0.3572089083849639,5.0,1.1243367087180191e-12,True,True,-2.4567879035071662,-2.20272212957142,-2.0802074348989437,-2.002571550053551,-1.9472256718931593,-1.8713512326169817,-1.8203158212363681,-1.7828440712417035,-1.7537734451935223,-1.730347251062881,-1.71093658428153,,10964,93,1.5,False,False,v1.1-frozen
C0289_T423,manual,0,C0289,C0289,423.0,0.9893275301903486,1.0655652701854703,-642462934367.3586,1.1125455707311631,b0e3636a3b86,1dab7e7ac807,5e1d50a6e395,0,True,0,57.88,2.85531592430089,2.804645291458775,157.61886748379206,0.012519845067656788,1.6897901579650446e-13,fb8c4bf,2026-10-03T03:34:06+00:00,2.8686070602593636,157.5155179711857,True,0.004707990526623391,3.25,2.804645291458775,0.24561447835724445,5.0,1.2646940786287253e-12,True,True,-2.3428326603826437,-2.174948436685754,-2.097408430635552,-2.0505041155672035,-2.018296330186312,-1.9758961152601342,-1.948520562273348,-1.9289897321550225,-1.9141573059762393,-1.902401045460897,-1.892789076768361,,10964,90,1.5,False,False,v1.1-frozen
C0290_T300,manual,0,C0290,C0290,300.0,0.8369565732777119,0.8081490091979504,-1058175279758.8706,0.9456980746239424,cf829e2e9235,1dab7e7ac807,5e1d50a6e395,0,True,0,49.248,3.3661285358555735,2.0483839589509905,108.54587024848705,0.017209817447091158,8.025626420527699e-14,fb8c4bf,2026-10-03T03:29:54+00:00,3.3920813147407913,109.21301310436127,True,0.003934055317586728,3.75,2.0483839589509905,0.32995084795717394,5.0,8.707357751491784e-13,True,True,-2.6244381534105243,-2.2776002955828845,-2.134816630484764,-2.0489449081818094,-1.9893628059266353,-1.9093958343082218,-1.8564600248437257,-1.8179116976712666,-1.7881446182206866,-1.7642237364209263,-1.7444372687068836,,11900,93,1.5,False,False,v1.1-frozen
C0290_T423,manual,0,C0290,C0290,423.0,0.8369565732777119,0.8081490091979504,-1058175279758.8706,0.9456980746239424,cf829e2e9235,1dab7e7ac807,5e1d50a6e395,0,True,0,53.881,3.146522885857939,2.9889048798625044,149.64744252508333,0.011752098952154393,1.6897901579650446e-13,fb8c4bf,2026-10-03T03:30:58+00:00,3.158748752194777,149.98167501972216,True,0.004482348145329508,3.5,2.9889048798625044,0.23011639814516055,5.0,7.431251794476346e-13,True,True,-2.4555688086376923,-2.2260385498362942,-2.1351723609771875,-2.083330453634708,-2.048834554307274,-2.004545353321529,-1.9764928023714714,-1.9566757898704161,-1.9417089938652128,-1.929884560462039,-1.920235581712498,,11900,93,1.5,False,False,v1.1-frozen
C0291_T300,manual,0,C0291,C0291,300.0,1.1494837068021295,1.135282930731773,-882237330079.0786,1.0254581708461046,8365b47c5b30,1dab7e7ac807,5e1d50a6e395,0,True,0,39.665,3.823238314240805,1.9572713610182482,115.05267821443287,0.018017543834785578,8.025626420527695e-14,fb8c4bf,2026-10-03T03:26:22+00:00,3.846809756512165,115.62659590669865,True,0.0038776042256170942,4.25,1.9572713610182482,0.34448749584220534,5.0,1.1523942077676318e-12,True,True,-3.2686442681248646,-2.392363422425123,-2.189413435684486,-2.079443956458987,-2.0063574219686817,-1.9111859258130601,-1.8495917853296224,-1.8053064365064826,-1.771394279607311,-1.7443044126745235,-1.7219963135346983,,10145,93,1.5,False,False,v1.1-frozen
C0291_T423,manual,0,C0291,C0291,423.0,1.1494837068021295,1.135282930731773,-882237330079.0786,1.0254581708461046,8365b47c5b30,1dab7e7ac807,5e1d50a6e395,0,True,0,45.511,3.5826567517542784,2.7808966586602972,159.75117999267198,0.012627158740857276,1.6897901579650449e-13,fb8c4bf,2026-10-03T03:26:26+00:00,3.596011794832753,159.91770568717345,True,0.0044738992658402785,4.0,2.7808966586602972,0.24765043759781924,5.0,1.7941181810731617e-12,True,True,-2.805365982728623,-2.296624270734714,-2.160206431454251,-2.089594033899657,-2.0446602764506743,-1.9888793260119437,-1.9544852446853203,-1.9305716320033377,-1.9127030046065272,-1.8986943598154364,-1.8873289531147535,,10145,92,1.5,False,False,v1.1-frozen
C0292_T300,manual,0,C0292,C0292,300.0,1.1792623843997716,0.8518618941307068,-515125789679.5869,1.0535942174494266,f03418381b46,1dab7e7ac807,5e1d50a6e395,0,True,0,41.535,2.2300464072878774,1.7987089783736012,109.3647818052717,0.019575444422402662,8.025626420527698e-14,fb8c4bf,2026-10-03T03:25:14+00:00,2.234368320053868,109.59754267605653,True,0.004192552398369943,2.75,1.7987089783736012,0.3778696219718651,5.0,6.478879932547699e-13,True,True,-2.2160043023077813,-2.0832666768918777,-2.0011062371570647,-1.9432092743449585,-1.8993302138035646,-1.8358418782536259,-1.7910702074227522,-1.7571794692705645,-1.730306907657752,-1.708288369346334,-1.6898002402159014,,9911,92,1.5,False,False,v1.1-frozen
C0292_T423,manual,0,C0292,C0292,423.0,1.1792623843997716,0.8518618941307068,-515125789679.5869,1.0535942174494266,f03418381b46,1dab7e7ac807,5e1d50a6e395,0,True,0,40.668,2.005385968152888,2.650238462780357,150.93684731176694,0.013240897305796293,1.6897901579650449e-13,fb8c4bf,2026-10-03T03:25:44+00:00,2.0071096827642423,151.21425251369402,True,0.004963384889855803,2.5,2.650238462780357,0.26074796264050487,5.0,1.1483767771247957e-12,True,True,-2.174465673770619,-2.0892981197370584,-2.0390435131649602,-2.004949871348265,-1.9798714613932074,-1.9447482902881073,-1.920781788931238,-1.9030579087877235,-1.8892466837518826,-1.878082582739881,-1.8688107022092824,,9911,92,1.5,False,False,v1.1-frozen
C0293_T300,manual,0,C0293,C0293,300.0,0.8917466949671508,1.1790218077600003,-1425317147746.682,0.9737845733761789,f427252de195,1dab7e7ac807,5e1d50a6e395,0,True,13,100.659,5.190488597770101,2.1909697338971394,115.91584009882783,0.016119021197810442,8.025626420527699e-14,fb8c4bf,2026-10-03T03:44:27+00:00,5.20322932606683,116.43076550996834,True,0.0035175702393646724,5.75,2.1909697338971394,0.3055477711715824,4.87542724609375,1.453733610630066e-12,True,True,-13.09552105981267,-5.296844413050461,-2.556481250183274,-2.272805467833761,-2.1406285914290493,-1.9985360281773834,-1.9177356565330175,-1.8634307231058684,-1.8235731731715379,-1.792661333579064,-1.767759704554606,,11432,110,1.5,False,False,v1.1-frozen
C0293_T423,manual,0,C0293,C0293,423.0,0.8917466949671508,1.1790218077600003,-1425317147746.682,0.9737845733761789,f427252de195,1dab7e7ac807,5e1d50a6e395,0,True,0,51.074,4.946574783235771,3.0708298625129493,161.06283052745752,0.01144651220880703,1.6897901579650446e-13,fb8c4bf,2026-10-03T03:30:41+00:00,4.953268678742486,161.65965697876317,True,0.004151883174198322,5.5,3.0708298625129493,0.22315244528510855,5.0,1.642518297033315e-12,True,True,-9.618554492060483,-3.7633941137008127,-2.4155391261098846,-2.225190346643875,-2.1396501792489246,-2.0534109998925585,-2.0075664047024624,-1.9781130181844615,-1.957177849366868,-1.9413268241727535,-1.9287949255913779,,11432,93,1.5,False,False,v1.1-frozen
C0294_T300,manual,0,C0294,C0294,300.0,0.9316062070429324,0.9473875552415848,-775351880118.2509,1.1906281974166633,15f5559bdfbf,1dab7e7ac807,5e1d50a6e395,0,True,0,30.175,3.090716310955341,1.8469932596585226,111.23527108375197,0.019071753962722603,8.025626420527699e-14,fb8c4bf,2026-10-03T03:18:20+00:00,3.1151939763435847,111.90917220849639,True,0.004573021757506644,3.5,1.8469932596585226,0.3671826533116968,5.0,2.1275970948671875e-12,True,True,-2.422564927472419,-2.1725175392933824,-2.053366527104741,-1.9784519242924008,-1.925346562368099,-1.852955704235507,-1.8045235735443559,-1.7690883822484913,-1.7416661312028558,-1.7196093645678538,-1.701359976557174,,11315,93,1.5,False,False,v1.1-frozen
C0294_T423,manual,0,C0294,C0294,423.0,0.9316062070429324,0.9473875552415848,-775351880118.2509,1.1906281974166633,15f5559bdfbf,1dab7e7ac807,5e1d50a6e395,0,True,0,32.821,2.861059734329117,2.7993677415716616,153.87703205427522,0.012542213969058101,1.689790157965044e-13,fb8c4bf,2026-10-03T03:19:01+00:00,2.8741239991955045,153.90788390974058,True,0.005037103892491379,3.25,2.7993677415716616,0.24621257849369418,5.0,9.403762490922674e-13,True,True,-2.3202909398396763,-2.1579881167859525,-2.0841972030533342,-2.039920813634721,-2.009667839530461,-1.9700103932761766,-1.9444936755600957,-1.9263236315451768,-1.912540981130588,-1.9016257944721204,-1.8927071787721714,,11315,91,1.5,False,False,v1.1-frozen
C0295_T300,manual,0,C0295,C0295,300.0,1.0440903298556805,1.0217779509723186,-1161188659258.1868,0.8866499695926905,dd52b025c563,1dab7e7ac807,5e1d50a6e395,0,True,1,37.045,4.203389490191285,2.12816890510032,113.04693990329562,0.016583087386718126,8.025626420527698e-14,fb8c4bf,2026-10-03T03:24:56+00:00,4.213954378242248,113.31886485282506,True,0.003393008648413787,4.75,2.12816890510032,0.31570435158753035,5.0,1.3564190125723367e-12,True,True,-5.415526838857484,-2.5781268083025095,-2.288825671949062,-2.153687213131269,-2.068519757915054,-1.9614442227662725,-1.8938340814876944,-1.8458302632237664,-1.8093424951065822,-1.7803346106861537,-1.7565256418950368,,10613,94,1.5,False,False,v1.1-frozen
C0295_T423,manual,0,C0295,C0295,423.0,1.0440903298556805,1.0217779509723186,-1161188659258.1868,0.8866499695926905,dd52b025c563,1dab7e7ac807,5e1d50a6e395,0,True,0,28.715,3.9682290357476395,2.937931026557142,156.51523075900698,0.01195731613217816,1.6897901579650443e-13,fb8c4bf,2026-10-03T03:17:13+00:00,3.972489882145683,157.07420837220752,True,0.004140059231694131,4.5,2.937931026557142,0.23393205600261607,5.0,2.0030761474539197e-12,True,True,-3.8547353112851863,-2.425374691995635,-2.2273463488657166,-2.1382423409505527,-2.084717793980205,-2.02093321429582,-1.9827888330996264,-1.956698387002573,-1.937397540818333,-1.9223662885571373,-1.9102278903907817,,10613,91,1.5,False,False,v1.1-frozen
C0296_T300,manual,0,C0296,C0296,300.0,1.0028134878724813,0.8497866526246072,-867528751492.5002,0.9965532802045344,c4e1df31c4cf,1dab7e7ac807,5e1d50a6e395,0,True,0,49.789,3.0445923286942698,1.9319192298246344,109.39035680070852,0.018238705688115003,8.025626420527698e-14,fb8c4bf,2026-10-03T03:29:21+00:00,3.0635560574383174,109.80990165433812,True,0.00406100775549596,3.5,1.9319192298246344,0.3505944286926078,5.0,1.0287031643185784e-12,True,True,-2.4483703314585923,-2.206274222463263,-2.0867400009982475,-2.0103966715671455,-1.9557265030034883,-1.8804246101723983,-1.8294996027408474,-1.7919349182980226,-1.7626726253339111,-1.7390059846728567,-1.7193321645020747,,10964,93,1.5,False,False,v1.1-frozen
C0296_T423,manual,0,C0296,C0296,423.0,1.0028134878724813,0.8497866526246072,-867528751492.5002,0.9965532802045344,c4e1df31c4cf,1dab7e7ac807,5e1d50a6e395,0,True,0,40.139,2.82096457227243,2.815609565382324,150.94789755777887,0.012469338231337418,1.689790157965044e-13,fb8c4bf,2026-10-03T03:25:36+00:00,2.8343415010502433,150.91823565645157,True,0.004765139997561766,3.25,2.815609565382324,0.24484769301904205,5.0,1.525503654641772e-12,True,True,-2.334347405929181,-2.1733381144665405,-2.097727563464939,-2.051677355965893,-2.0199145340232443,-1.9778874592625573,-1.9505852822750822,-1.931000611402667,-1.916054703791225,-1.9041565946453376,-1.8943902915683493,,10964,92,1.5,False,False,v1.1-frozen
C0297_T300,manual,0,C0297,C0297,300.0,0.915242962166667,1.1195245929062367,-1192024244926.87,1.0761686116456983,202277250754,1dab7e7ac807,5e1d50a6e395,0,True,0,48.197,4.502203545015864,2.033150450728133,114.71869650005372,0.017351570417729476,8.025626420527699e-14,fb8c4bf,2026-10-03T03:42:20+00:00,4.503358035134099,114.88591826504057,True,0.003972650765231219,5.0,2.033150450728133,0.33103497683033745,5.0,9.544157211633807e-13,True,True,-7.947077272796146,-2.724588606984264,-2.2964274680376233,-2.1391566170294056,-2.046933645264478,-1.9365038720922645,-1.869394264901215,-1.822833110412157,-1.788009191368657,-1.7606612129255736,-1.7384328875841648,,11432,92,1.5,False,False,v1.1-frozen
C0297_T423,manual,0,C0297,C0297,423.0,0.915242962166667,1.1195245929062367,-1192024244926.87,1.0761686116456983,202277250754,1dab7e7ac807,5e1d50a6e395,0,True,0,56.001,4.261023851477516,2.9459051033603445,159.23612941584253,0.011926026769239859,1.6897901579650446e-13,fb8c4bf,2026-10-03T03:35:03+00:00,4.264269207927018,159.59786976228474,True,0.004589301849905968,4.75,2.9459051033603445,0.23319663844093835,5.0,1.2653858787063941e-12,True,True,-5.421606541225282,-2.517078966226296,-2.239684242224208,-2.1379559731875366,-2.0811782559844096,-2.0168884214977383,-1.9799531906774932,-1.9552792882820198,-1.9373204815527396,-1.923504220168872,-1.9124550148580857,,11432,92,1.5,False,False,v1.1-frozen
C0298_T300,manual,0,C0298,C0298,300.0,0.8614071615040303,0.9511717841029168,-608221079222.8579,0.8586375337094069,b218a8692f44,1dab7e7ac807,5e1d50a6e395,0,True,0,46.651,2.737981032735238,2.127559194156423,111.68230701401171,0.01657957353603714,8.025626420527699e-14,fb8c4bf,2026-10-03T03:30:41+00:00,2.7408143571230057,111.99832746144955,True,0.003385498410016074,3.25,2.127559194156423,0.3166560139728431,5.0,8.198031700587202e-13,True,True,-2.4136752297813486,-2.2249596479369687,-2.119740611398807,-2.0490288456512635,-1.9968968369828706,-1.923275562031266,-1.872440735757112,-1.8344781488176556,-1.8046686890247765,-1.7804266446740324,-1.7601950563290631,,11666,92,1.5,False,False,v1.1-frozen
C0298_T423,manual,0,C0298,C0298,423.0,0.8614071615040303,0.9511717841029168,-608221079222.8579,0.8586375337094069,b218a8692f44,1dab7e7ac807,5e1d50a6e395,0,True,0,54.463,2.5071619896321407,3.0324233341469085,154.38241008601472,0.011586441505128687,1.6897901579650449e-13,fb8c4bf,2026-10-03T03:31:53+00:00,2.5095162477745943,154.72087111798754,True,0.0041295298190418455,3.0,3.0324233341469085,0.2265069895444765,5.0,1.179816661034394e-12,True,True,-2.31748897446821,-2.191490664850271,-2.1248331173119896,-2.0820513860857948,-2.0516565565082545,-2.0104463818872502,-1.983155328275346,-1.963374440400715,-1.9481864608008448,-1.9360499265889162,-1.9260638390561833,,11666,92,1.5,False,False,v1.1-frozen
C0299_T300,manual,0,C0299,C0299,300.0,1.1738368295133117,1.07985914722085,-1455242004245.5195,1.163983567431569,daf8b9c30be9,1dab7e7ac807,5e1d50a6e395,0,True,0,40.72,5.011188998618758,1.9016406925721454,113.87351568368787,0.018542144401259005,8.025626420527695e-14,fb8c4bf,2026-10-03T03:27:03+00:00,5.016637183802228,113.92508558857428,True,0.004330917685230593,5.5,1.9016406925721454,0.3547497595461169,5.0,1.0363983976580116e-12,True,True,-13.09552105981267,-4.066058990042405,-2.407891919811714,-2.172344831005904,-2.0545299281567186,-1.924427857658884,-1.8493302998963144,-1.7984965877305779,-1.761013210048961,-1.7318400410772217,-1.708270494474186,,9911,92,1.5,False,False,v1.1-frozen
C0299_T423,manual,0,C0299,C0299,423.0,1.1738368295133117,1.07985914722085,-1455242004245.5195,1.163983567431569,daf8b9c30be9,1dab7e7ac807,5e1d50a6e395,0,True,0,44.589,4.771951573248256,2.735706790814548,157.98854994215216,0.012834371936089925,1.6897901579650446e-13,fb8c4bf,2026-10-03T03:27:11+00:00,4.77777678323764,158.30631134021965,True,0.004959710390745308,5.25,2.735706790814548,0.25186867792837875,5.0,2.5196164597434635e-12,True,True,-8.622730376941032,-3.1385844064846964,-2.3053933778253355,-2.149171646757983,-2.0743461785195376,-1.9964573197588564,-1.9540948231291129,-1.926513378832076,-1.9067217991627259,-1.891625379144025,-1.8796175776471078,,9911,92,1.5,False,False,v1.1-frozen
C0300_T300,manual,0,C0300,C0300,300.0,1.1036155071109532,0.9073841936886312,-1088130709715.1876,1.142119602113962,cef879906287,1dab7e7ac807,5e1d50a6e395,0,True,0,43.149,3.711420077923246,1.8379339565602584,110.44667394251474,0.01916688788864718,8.025626420527698e-14,fb8c4bf,2026-10-03T03:25:57+00:00,3.7194661985960353,110.93406078448365,True,0.004361462222179308,4.25,1.8379339565602584,0.36886793410350827,5.0,1.1826397509808247e-12,True,True,-2.956631503775431,-2.3027817573998046,-2.1220207156078246,-2.0222563222714385,-1.9557132203570629,-1.8690520432288085,-1.8130369886205306,-1.7728085691504418,-1.7420263859531335,-1.7174483974249382,-1.697214489108786,,10262,92,1.5,False,False,v1.1-frozen
C0300_T423,manual,0,C0300,C0300,423.0,1.1036155071109532,0.9073841936886312,-1088130709715.1876,1.142119602113962,cef879906287,1dab7e7ac807,5e1d50a6e395,0,True,0,46.321,3.4828318958215805,2.710739804281137,152.64520083126308,0.012948851821835283,1.689790157965045e-13,fb8c4bf,2026-10-03T03:26:31+00:00,3.484993007601882,153.0114473597579,True,0.0050607945649549825,4.0,2.710739804281137,0.25458240844607294,5.0,1.984555152644864e-12,True,True,-2.6370291678015083,-2.235374300042288,-2.117874710886633,-2.0562058180641056,-2.0167765279402676,-1.9676638561807331,-1.9372808687155842,-1.9160982286625545,-1.9002325736109236,-1.887768738883743,-1.8776390325926473,,10262,92,1.5,False,False,v1.1-frozen
C0301_T300,manual,0,C0301,C0301,300.0,0.8161972831934691,1.0360973551869392,-975363193079.8292,0.8367240205407143,a4be825f8fad,1dab7e7ac807,5e1d50a6e395,0,True,11,90.528,3.8119960386770706,2.2600645263435535,113.39870803161611,0.015622766429872183,8.025626420527698e-14,fb8c4bf,2026-10-03T03:45:58+00:00,3.835168601077149,114.11662615597973,True,0.0032928415237496447,4.25,2.2600645263435535,0.29662805749830623,4.939697265625,1.5007178220035954e-12,True,True,-3.271286140291382,-2.4540641007932105,-2.2533734340871403,-2.1435567076568636,-2.070276810571682,-1.9745772411727058,-1.9125063170518428,-1.8678276304415706,-1.8335944766603127,-1.8062420601611686,-1.7837182562628215,,12017,106,1.5,False,False,v1.1-frozen
C0301_T423,manual,0,C0301,C0301,423.0,0.8161972831934691,1.0360973551869392,-975363193079.8292,0.8367240205407143,a4be825f8fad,1dab7e7ac807,5e1d50a6e395,0,True,0,55.377,3.577261582781643,3.1601597637584034,157.02799269514355,0.01112408122989973,1.6897901579650443e-13,fb8c4bf,2026-10-03T03:31:36+00:00,3.591476061185895,157.0642967210122,True,0.003948382307506478,4.0,3.1601597637584034,0.21676374066720522,5.0,1.064558163843543e-12,True,True,-2.8375676526702365,-2.3485065619119005,-2.213450440634881,-2.143219483228734,-2.098498850559236,-2.0430297353024427,-2.008895868640692,-1.985213509288747,-1.9675538620621467,-1.9537358485054315,-1.9425455728606145,,12017,92,1.5,False,False,v1.1-frozen
C0302_T300,manual,0,C0302,C0302,300.0,0.9575216390192508,0.8935250319540501,-1324913421645.7605,1.0042512502521277,7fde762ae162,1dab7e7ac807,5e1d50a6e395,0,True,0,31.945,4.230962231097624,2.0149774886110823,110.30630389060248,0.017499075400316172,8.025626420527696e-14,fb8c4bf,2026-10-03T03:18:52+00:00,4.2351610740798575,110.59010261233892,True,0.003943222377998748,4.75,2.0149774886110823,0.3349473293826117,5.0,9.715631077433784e-13,True,True,-5.700672486638939,-2.53581064805045,-2.2415866705685508,-2.109003598136137,-2.026905087314544,-1.925246591534514,-1.861917162110973,-1.8173343736017846,-1.7836477243867552,-1.7569848975507794,-1.7351760892800792,,11081,92,1.5,False,False,v1.1-frozen
C0302_T423,manual,0,C0302,C0302,423.0,0.9575216390192508,0.8935250319540501,-1324913421645.7605,1.0042512502521277,7fde762ae162,1dab7e7ac807,5e1d50a6e395,0,True,0,32.26,4.003545101851997,2.8995103800053776,152.36877845677,0.012112703019627361,1.6897901579650449e-13,fb8c4bf,2026-10-03T03:19:33+00:00,4.004705053526051,152.7658421379652,True,0.004679736853050507,4.5,2.8995103800053776,0.23735023201160635,5.0,2.033089412699513e-12,True,True,-4.017410865509039,-2.3946588048852777,-2.1987286632768326,-2.1141374194237272,-2.0642836930812085,-2.0057309995576147,-1.9711097778387021,-1.9475745193695897,-1.930230522946772,-1.916758930720128,-1.9059016418123371,,11081,92,1.5,False,False,v1.1-frozen
C0303_T300,manual,0,C0303,C0303,300.0,1.070103608816862,1.163237176835537,-734670379199.0876,0.924687084928155,ed87adb54e67,1dab7e7ac807,5e1d50a6e395,0,True,1,37.471,3.554548322543538,2.0646002488026483,115.6720438030432,0.01708964762024328,8.025626420527696e-14,fb8c4bf,2026-10-03T03:25:34+00:00,3.5755195152658654,116.07257094720569,True,0.003513968978004618,4.0,2.0646002488026483,0.3257823614116574,5.0,7.274545549273981e-13,True,True,-2.8283547140516565,-2.3588557016319234,-2.1906927836597223,-2.0918908593997463,-2.0237976059237277,-1.9326436441788164,-1.8723425504492976,-1.8284299062890277,-1.7945186726724989,-1.7672668921161054,-1.744724914955838,,10496,95,1.5,False,False,v1.1-frozen
C0303_T423,manual,0,C0303,C0303,423.0,1.070103608816862,1.163237176835537,-734670379199.0876,0.924687084928155,ed87adb54e67,1dab7e7ac807,5e1d50a6e395,0,True,0,27.128,3.312597023459997,2.8864970199974183,160.68562395554076,0.012169145674615122,1.6897901579650446e-13,fb8c4bf,2026-10-03T03:17:40+00:00,3.325136122596375,160.7929482310455,True,0.004158469592011595,3.75,2.8864970199974183,0.23821166976182345,5.0,1.0202498568201435e-12,True,True,-2.5867578218340337,-2.27622264742358,-2.1630754618812147,-2.099673873463033,-2.0577767258921265,-2.0042490597799976,-1.970497224272663,-1.9467365134280017,-1.9288428452630193,-1.914739910005267,-1.9032543265258706,,10496,92,1.5,False,False,v1.1-frozen
C0304_T300,manual,0,C0304,C0304,300.0,1.0524846993386745,0.8815349649637938,-1237735923379.6597,1.181917878612876,a5a75213b1d2,1dab7e7ac807,5e1d50a6e395,0,True,0,48.576,3.9836800312902865,1.8360502777247434,109.86863035992178,0.01918559870012512,8.025626420527699e-14,fb8c4bf,2026-10-03T03:30:10+00:00,3.987067674329551,110.08507730038386,True,0.004556123666058519,4.5,1.8360502777247434,0.3693456397429841,5.0,1.3796067653404738e-12,True,True,-3.9042181533218394,-2.372954050815072,-2.1473968023179255,-2.0345730630003236,-1.9623452581400496,-1.871068959108629,-1.813432977506745,-1.7725891650237005,-1.7416080897096822,-1.7170246437889027,-1.6968807447713887,,10496,92,1.5,False,False,v1.1-frozen
C0304_T423,manual,0,C0304,C0304,423.0,1.0524846993386745,0.8815349649637938,-1237735923379.6597,1.181917878612876,a5a75213b1d2,1dab7e7ac807,5e1d50a6e395,0,True,0,38.63,3.7568735052931297,2.7308986736197576,151.77508116761695,0.012853796194972067,1.6897901579650443e-13,fb8c4bf,2026-10-03T03:26:14+00:00,3.7589822103852897,152.10064974856886,True,0.00522585705252234,4.25,2.7308986736197576,0.25265685904646557,5.0,1.3546643394029945e-12,True,True,-3.072660567172379,-2.2831864803459396,-2.136219339200885,-2.06625081627518,-2.0234292444688022,-1.9717979593723522,-1.9406559300733852,-1.9192515719133627,-1.9033668127042664,-1.8909685903833529,-1.8809409249249305,,10496,92,1.5,False,False,v1.1-frozen
C0305_T300,manual,0,C0305,C0305,300.0,0.9650057263672353,1.1618000764399767,-827676768414.6761,0.8892170403152705,3af0ec38756c,1dab7e7ac807,5e1d50a6e395,0,True,12,87.275,3.7709349547927387,2.1528311481712312,115.70978243055585,0.016396318092338446,8.0256264205277e-14,fb8c4bf,2026-10-03T03:43:47+00:00,3.780822963129447,115.68350226626889,True,0.0033648745368311376,4.25,2.1528311481712312,0.31178202574708663,4.9173583984375,1.2525823000182422e-12,True,True,-3.167431833995939,-2.4296156645120197,-2.23374317466174,-2.124963268229087,-2.0518303338582955,-1.9557244714160962,-1.8930604661257402,-1.8478099590855137,-1.8130624696358646,-1.7852536648610686,-1.7623242751830075,,11081,107,1.5,False,False,v1.1-frozen
C0305_T423,manual,0,C0305,C0305,423.0,0.9650057263672353,1.1618000764399767,-827676768414.6761,0.8892170403152705,3af0ec38756c,1dab7e7ac807,5e1d50a6e395,0,True,0,57.55,3.528205007678965,2.9978296276796073,160.6596865088552,0.011721329243229774,1.6897901579650446e-13,fb8c4bf,2026-10-03T03:36:00+00:00,3.5358171081995113,160.97276854636476,True,0.004036262010239729,4.0,2.9978296276796073,0.22897192064334312,5.0,1.1517371599067784e-12,True,True,-2.777889717992671,-2.328035798957599,-2.1952342514050547,-2.124878331485244,-2.079636112117284,-2.0230616019656074,-1.9880100469358832,-1.9635928904152793,-1.9453362909235306,-1.9310231348823037,-1.9194141031825542,,11081,92,1.5,False,False,v1.1-frozen
C0306_T300,manual,0,C0306,C0306,300.0,0.8110783319920302,0.9176530819386244,-1474586470983.9224,1.0689516700804234,c1cd4c071b9a,1dab7e7ac807,5e1d50a6e395,0,True,0,51.258,4.638553076152241,2.0570575220043694,110.73996575446398,0.017146029819571078,8.025626420527699e-14,fb8c4bf,2026-10-03T03:31:33+00:00,4.661742530206388,111.85836728194964,True,0.004155309968615771,5.0,2.0570575220043694,0.32762387670736237,5.0,1.463002503361622e-12,True,True,-9.365001785940642,-2.8635758763421735,-2.313945813617459,-2.1441458611842283,-2.04874286994418,-1.9376083378784392,-1.8714195971574508,-1.8259871068595315,-1.7922300498979522,-1.765836425304029,-1.7444511802811395,,11900,93,1.5,False,False,v1.1-frozen
C0306_T423,manual,0,C0306,C0306,423.0,0.8110783319920302,0.9176530819386244,-1474586470983.9224,1.0689516700804234,c1cd4c071b9a,1dab7e7ac807,5e1d50a6e395,0,True,0,57.231,4.411825215257324,3.023835665322183,153.08019908654657,0.011619828592890678,1.6897901579650446e-13,fb8c4bf,2026-10-03T03:32:51+00:00,4.422130771094012,153.41815848126672,True,0.004551964691578044,4.75,3.023835665322183,0.22710301886304723,5.0,1.1120193307845305e-12,True,True,-6.415748480885161,-2.5975834911506386,-2.253758085472608,-2.145363608879658,-2.0876276988991673,-2.024190678087011,-1.9885150966935585,-1.9649340012777754,-1.9478745708842258,-1.9348002782891291,-1.924371387881086,,11900,93,1.5,False,False,v1.1-frozen
C0307_T300,manual,0,C0307,C0307,300.0,1.1235995527356863,1.0389626670628789,-586923763155.9373,0.9520826235413552,9cde0f33d777,1dab7e7ac807,5e1d50a6e395,0,True,0,39.567,2.906399451798191,1.9644832226430846,113.3026533308108,0.017946467476262183,8.025626420527698e-14,fb8c4bf,2026-10-03T03:27:43+00:00,2.928154734182351,114.11020095670888,True,0.0036447710614746077,3.25,1.9644832226430846,0.34374767925040084,5.0,1.5107785818626936e-12,True,True,-2.4359733549048816,-2.217943096398117,-2.1027857882491996,-2.0270045661561964,-1.9717564168948887,-1.894435123027244,-1.8414231959196532,-1.8019913208168068,-1.7711026531849683,-1.7460210237734444,-1.7251086544037204,,10145,93,1.5,False,False,v1.1-frozen
C0307_T423,manual,0,C0307,C0307,423.0,1.1235995527356863,1.0389626670628789,-586923763155.9373,0.9520826235413552,9cde0f33d777,1dab7e7ac807,5e1d50a6e395,0,True,0,48.131,2.6731566074249993,2.7913073967007107,156.97647206439646,0.012579084581189236,1.6897901579650449e-13,fb8c4bf,2026-10-03T03:27:59+00:00,2.6826163834509558,157.52527194207127,True,0.004252535280744223,3.25,2.7913073967007107,0.24683691921585316,5.0,1.5131628589015733e-12,True,True,-2.3259775026157232,-2.1781957626121,-2.1036838157137003,-2.0568074900592928,-2.023860153357299,-1.979568311565098,-1.9504251491540083,-1.9293712902667055,-1.9132342816414314,-1.9003509626907242,-1.8897544008964653,,10145,93,1.5,False,False,v1.1-frozen
C0308_T300,manual,0,C0308,C0308,300.0,1.1531966380774974,0.9738916475325824,-954187639988.9587,0.930192730948329,bf37ac4594d0,1dab7e7ac807,5e1d50a6e395,0,True,0,42.037,3.593701190435114,2.001744338792268,112.03591322122897,0.017616576784648157,8.025626420527695e-14,fb8c4bf,2026-10-03T03:26:40+00:00,3.6196378948168975,112.7641810699328,True,0.0037073459959753893,4.0,2.001744338792268,0.33695923513333637,5.0,8.631351926594033e-13,True,True,-2.8513525839532905,-2.3475498786780875,-2.175958767327342,-2.0764872095985023,-2.008408853564915,-1.917763593782748,-1.8580203051096884,-1.8145754167737962,-1.7810367039958201,-1.7540784788963257,-1.731767976291172,,10028,93,1.5,False,False,v1.1-frozen
C0308_T423,manual,0,C0308,C0308,423.0,1.1531966380774974,0.9738916475325824,-954187639988.9587,0.930192730948329,bf37ac4594d0,1dab7e7ac807,5e1d50a6e395,0,True,0,44.328,3.3628139018919083,2.8048968201537146,155.01936131221717,0.012518621108379384,1.689790157965044e-13,fb8c4bf,2026-10-03T03:27:15+00:00,3.3768560054633077,155.1120224559429,True,0.0043376760083908925,3.75,2.8048968201537146,0.24559377636735674,5.0,1.0036173281324778e-12,True,True,-2.595466865817597,-2.263716306710711,-2.1487422414862567,-2.0853014084509294,-2.043687223737806,-1.9907786059713868,-1.9574947870071155,-1.9340601459719684,-1.9163913913344128,-1.9024435048317656,-1.8910643503408295,,10028,91,1.5,False,False,v1.1-frozen
C0309_T300,manual,0,C0309,C0309,300.0,0.8656624473631382,1.0951754342764617,-1107352802529.9312,1.047112937644124,65440b0797c8,1dab7e7ac807,5e1d50a6e395,0,True,0,51.086,4.249072703146368,2.060757374440602,114.28920630857309,0.01711987947684376,8.025626420527699e-14,fb8c4bf,2026-10-03T03:46:49+00:00,4.249270876218662,114.49673008177818,True,0.003888689946187351,4.75,2.060757374440602,0.3265506034777781,5.0,1.0516211054099585e-12,True,True,-5.795531258605198,-2.5550495713862564,-2.254327575822803,-2.120206139997134,-2.037345121448319,-1.934934708782813,-1.8713156568437859,-1.8266674415610469,-1.7930370470282724,-1.7664992970610818,-1.744854847375921,,11666,92,1.5,False,False,v1.1-frozen
C0309_T423,manual,0,C0309,C0309,423.0,0.8656624473631382,1.0951754342764617,-1107352802529.9312,1.047112937644124,65440b0797c8,1dab7e7ac807,5e1d50a6e395,0,True,0,50.318,4.009297205253775,2.994786210859751,158.54075041643168,0.011732916397169174,1.6897901579650449e-13,fb8c4bf,2026-10-03T03:32:27+00:00,4.0121020986621705,158.90924380354653,True,0.004514111400762283,4.5,2.994786210859751,0.22924830935754642,5.0,2.032365358345466e-12,True,True,-4.044503629335814,-2.4126207869223437,-2.2139328092839063,-2.128448027389847,-2.078154674162215,-2.0192450813291587,-1.9845694023584297,-1.961109496440594,-1.9439014850890806,-1.930594023880108,-1.9199124611286624,,11666,92,1.5,False,False,v1.1-frozen
C0310_T300,manual,0,C0310,C0310,300.0,0.9071028124541044,0.8252479542046786,-694940177723.7654,0.8173744343221188,cc1a25ae9c37,1dab7e7ac807,5e1d50a6e395,0,True,0,31.806,2.5856375579231483,2.1105502865412293,109.09942904596682,0.016706893219387748,8.025626420527696e-14,fb8c4bf,2026-10-03T03:19:24+00:00,2.612337596748857,109.82385977481896,True,0.003467648582562541,3.0,2.1105502865412293,0.31987210063418714,5.0,8.185693730347057e-13,True,True,-2.373244896437782,-2.2039437903996477,-2.1058139728123892,-2.03873255751852,-1.9887720256216261,-1.9175422671715456,-1.8679087174486975,-1.8305997843834274,-1.801152839706652,-1.777104303136007,-1.756962265898576,,11432,93,1.5,False,False,v1.1-frozen
C0310_T423,manual,0,C0310,C0310,423.0,0.9071028124541044,0.8252479542046786,-694940177723.7654,0.8173744343221188,cc1a25ae9c37,1dab7e7ac807,5e1d50a6e395,0,True,0,30.314,2.3644101909433486,2.9849616143159263,150.40107214156572,0.011767184019378853,1.6897901579650443e-13,fb8c4bf,2026-10-03T03:20:04+00:00,2.3792247642208415,150.61857160139624,True,0.004167869285521,2.75,2.9849616143159263,0.23045850656676242,5.0,9.985293841774379e-13,True,True,-2.285592922983788,-2.1732765731016768,-2.1115822367961328,-2.07125022812726,-2.04226072244828,-2.002509195227579,-1.9758887243616865,-1.9564360241106824,-1.9414036140002,-1.929327454842703,-1.9193461886959216,,11432,93,1.5,False,False,v1.1-frozen
C0311_T300,manual,0,C0311,C0311,300.0,1.0195688154548406,1.1055388610810042,-1370502737350.762,1.110025730729103,bce8821ecb7e,1dab7e7ac807,5e1d50a6e395,0,True,0,36.163,4.878266861576094,1.9859743101724563,114.4118986541649,0.01776134172989712,8.025626420527695e-14,fb8c4bf,2026-10-03T03:26:11+00:00,4.901786806448049,115.14730425911468,True,0.004123529172947744,5.25,1.9859743101724563,0.3390917225498701,5.0,9.348523464013953e-13,True,True,-11.366198969198747,-3.4365162973087315,-2.38281196977585,-2.1735541433640733,-2.063358295131289,-1.938723838912268,-1.8657365248824846,-1.816010538132591,-1.779217173388502,-1.7505242297803603,-1.7273156589140481,,10847,93,1.5,False,False,v1.1-frozen
C0311_T423,manual,0,C0311,C0311,423.0,1.0195688154548406,1.1055388610810042,-1370502737350.762,1.110025730729103,bce8821ecb7e,1dab7e7ac807,5e1d50a6e395,0,True,0,28.936,4.639911081561058,2.8580681984034944,158.8148099683222,0.01228936024058615,1.6897901579650446e-13,fb8c4bf,2026-10-03T03:18:09+00:00,4.651627386866642,159.06500519156518,True,0.004552090532254376,5.0,2.8580681984034944,0.24066203226418634,5.0,1.8643168159120312e-12,True,True,-7.758818194835306,-2.8709953887542805,-2.2932189043519644,-2.155180684015128,-2.085822481966787,-2.011881923376774,-1.971089231431318,-1.9443736998548584,-1.9251512892051172,-1.91047072502364,-1.8987881659138968,,10847,93,1.5,False,False,v1.1-frozen
C0312_T300,manual,0,C0312,C0312,300.0,1.027325912564993,0.9275783125311136,-662303075194.3589,1.0200526382774115,149d844a35a7,1dab7e7ac807,5e1d50a6e395,0,True,0,47.406,2.786322328761928,1.909921854199979,110.99646589647905,0.01844901792401824,8.025626420527695e-14,fb8c4bf,2026-10-03T03:30:58+00:00,2.802576033760971,111.37841014779126,True,0.00403362084610486,3.25,1.909921854199979,0.3545675135128572,5.0,1.1482756715757632e-12,True,True,-2.3642544611240086,-2.170370995497113,-2.0649264661843865,-1.9949278229858012,-1.9437180711317734,-1.8719160436907616,-1.822653492927091,-1.7860124995065472,-1.7573181874251824,-1.7340267472031028,-1.7146144291507777,,10730,93,1.5,False,False,v1.1-frozen
C0312_T423,manual,0,C0312,C0312,423.0,1.027325912564993,0.9275783125311136,-662303075194.3589,1.0200526382774115,149d844a35a7,1dab7e7ac807,5e1d50a6e395,0,True,0,40.925,2.5573366369604913,2.791492016115912,153.41165860470906,0.012576960877732518,1.6897901579650443e-13,fb8c4bf,2026-10-03T03:26:56+00:00,2.5693618298383365,153.5901098137098,True,0.00472128868047175,3.0,2.791492016115912,0.2469642472767778,5.0,1.873782290190956e-12,True,True,-2.278276306766945,-2.150273724658431,-2.0841179552337787,-2.0421098835679503,-2.0124416648825325,-1.972402353596154,-1.9459718751602388,-1.9268401031192868,-1.9121571392849526,-1.900424290010485,-1.8907682600126932,,10730,92,1.5,False,False,v1.1-frozen
C0313_T300,manual,0,C0313,C0313,300.0,0.9397494740784168,1.0031588818877937,-1276160045526.922,0.902547112479806,058d0e12e328,1dab7e7ac807,5e1d50a6e395,0,True,0,50.309,4.420926741459296,2.1585386840078966,112.66874103511593,0.016351332547660382,8.0256264205277e-14,fb8c4bf,2026-10-03T03:44:38+00:00,4.437992244159406,113.57761622196183,True,0.003482420284468596,4.75,2.1585386840078966,0.3111285051596642,5.0,1.3790631162809507e-12,True,True,-7.264793260951842,-2.7025026344598806,-2.325329959275283,-2.1731525650918684,-2.0814490482725927,-1.9695077796860925,-1.9003651184601948,-1.851880855124442,-1.8153308073664711,-1.7864468488438239,-1.7628486013977849,,11198,93,1.5,False,False,v1.1-frozen
C0313_T423,manual,0,C0313,C0313,423.0,0.9397494740784168,1.0031588818877937,-1276160045526.922,0.902547112479806,058d0e12e328,1dab7e7ac807,5e1d50a6e395,0,True,0,63.387,4.186826483330533,3.0109071614159637,155.93346866964131,0.01166992965854427,1.6897901579650443e-13,fb8c4bf,2026-10-03T03:37:04+00:00,4.194979400360294,156.39268381130867,True,0.0041173944919024145,4.75,3.0109071614159637,0.22803634342433426,5.0,2.1180730208564017e-12,True,True,-4.99718349691073,-2.509124391798224,-2.2555534417212417,-2.155292106852674,-2.097840400139984,-2.031568493252156,-1.992909191740405,-1.9668335745272256,-1.9477196832102062,-1.9329317616922597,-1.9210498845875037,,11198,93,1.5,False,False,v1.1-frozen
C0314_T300,manual,0,C0314,C0314,300.0,0.8874822359532119,0.873074958100915,-922585303895.1754,1.132184097915888,cb6894c17110,1dab7e7ac807,5e1d50a6e395,0,True,0,47.36,3.231449983472249,1.893341729349373,109.73915686308389,0.018607111680868545,8.025626420527699e-14,fb8c4bf,2026-10-03T03:32:20+00:00,3.235361125980914,109.91121920512347,True,0.00437429247851834,3.75,1.893341729349373,0.3580215717927878,5.0,1.1501985748201551e-12,True,True,-2.4947535903227833,-2.2038943532851647,-2.07502959486359,-1.9960001661480835,-1.9407012693496997,-1.8660956731969192,-1.8165809578621477,-1.7805120936927388,-1.752673678322449,-1.7303210357038594,-1.7118489160411448,,11549,92,1.5,False,False,v1.1-frozen
C0314_T423,manual,0,C0314,C0314,423.0,0.8874822359532119,0.873074958100915,-922585303895.1754,1.132184097915888,cb6894c17110,1dab7e7ac807,5e1d50a6e395,0,True,0,54.18,3.005269932182719,2.8543271972957633,151.55380191029832,0.012302058283354173,1.689790157965045e-13,fb8c4bf,2026-10-03T03:33:45+00:00,3.0069308683210934,151.92393507637948,True,0.005035031571036517,3.5,2.8543271972957633,0.24135240920305404,5.0,2.607285336065085e-12,True,True,-2.368131605701074,-2.178837687590401,-2.0986315780255955,-2.051803918493954,-2.0202785468724724,-1.979445676594727,-1.953419945447644,-1.9349829109505723,-1.9210412331873499,-1.91002221975422,-1.9010309396031317,,11549,92,1.5,False,False,v1.1-frozen
C0315_T300,manual,0,C0315,C0315,300.0,1.1999056097120049,1.1959440883249044,-1011967774480.5812,0.8405103638768197,56e5af793bb5,1dab7e7ac807,5e1d50a6e395,0,True,14,78.835,4.281033374626048,2.1766183237974532,116.37996353280012,0.01622472573531895,8.025626420527696e-14,fb8c4bf,2026-10-03T03:29:02+00:00,4.295548451422252,116.28860769421135,True,0.00320699662311218,4.75,2.1766183237974532,0.3076123028578324,4.910560607910156,1.949698810887921e-12,True,True,-5.9886681269497615,-2.652738722876697,-2.3332115939805753,-2.1884984778698287,-2.097751623640709,-1.983665876987335,-1.9114736512883312,-1.8601003296454044,-1.820976275745455,-1.7898226358307854,-1.764217787502339,,9677,111,1.5,False,False,v1.1-frozen
C0315_T423,manual,0,C0315,C0315,423.0,1.1999056097120049,1.1959440883249044,-1011967774480.5812,0.8405103638768197,56e5af793bb5,1dab7e7ac807,5e1d50a6e395,0,True,0,45.391,4.03741244810781,2.9138595660715216,161.71359443651156,0.012057377606987975,1.6897901579650449e-13,fb8c4bf,2026-10-03T03:28:45+00:00,4.04688898417361,162.06696219066063,True,0.0039013142242903796,4.5,2.9138595660715216,0.2357113843226219,5.0,2.507215871675449e-12,True,True,-4.17557319713856,-2.4776871445337036,-2.2553082187276434,-2.1568468548596305,-2.0978459311871958,-2.0275325636019326,-1.9854527139448055,-1.9566555957836884,-1.9353460755735674,-1.9187471378555534,-1.9053403391818076,,9677,92,1.5,False,False,v1.1-frozen
C0316_T300,manual,0,C0316,C0316,300.0,1.1295026950538158,0.8168134298175573,-1379231897182.7627,0.8686204593628646,7b9f6fa78197,1dab7e7ac807,5e1d50a6e395,0,True,0,44.341,4.142618671860855,2.0643890892947914,108.84660142323865,0.01708324848872214,8.025626420527698e-14,fb8c4bf,2026-10-03T03:27:24+00:00,4.16667044028172,110.16690101788606,True,0.0036488319016522983,4.5,2.0643890892947914,0.3267068236301213,5.0,1.5105130461838743e-12,True,True,-4.997596862590579,-2.5294687988497864,-2.258596098946252,-2.1290716555545304,-2.0470116949132273,-1.9435393662016867,-1.8780099184780676,-1.8313497536575594,-1.7957825997648713,-1.7674295419267756,-1.7440982958434113,,10145,93,1.5,False,False,v1.1-frozen
C0316_T423,manual,0,C0316,C0316,423.0,1.1295026950538158,0.8168134298175573,-1379231897182.7627,0.8686204593628646,7b9f6fa78197,1dab7e7ac807,5e1d50a6e395,0,True,0,42.37,3.922818605320022,2.8518454679251484,150.0391798444811,0.012312772918510883,1.6897901579650446e-13,fb8c4bf,2026-10-03T03:27:58+00:00,3.9327785056891673,150.48531381240937,True,0.0042928124495481826,4.5,2.8518454679251484,0.24154544901426167,5.0,8.877308610433232e-13,True,True,-3.651103527960384,-2.386361646233437,-2.2013699149090806,-2.1169348366247793,-2.065972579863956,-2.0049769784525133,-1.9682965389750073,-1.9430725660520638,-1.9243181508825353,-1.9096441300423788,-1.8977435803384266,,10145,93,1.5,False,False,v1.1-frozen
C0317_T300,manual,0,C0317,C0317,300.0,0.8420663513243198,1.1396565679460764,-555351881310.3438,1.1603453535586596,be5d91c6e90e,1dab7e7ac807,5e1d50a6e395,0,True,0,52.574,3.066438112745212,1.9358289208078314,115.00547752514944,0.01821014682729475,8.025626420527694e-14,fb8c4bf,2026-10-03T03:47:42+00:00,3.0885355092231808,115.54981886875449,True,0.004260473745292925,3.5,1.9358289208078314,0.34901929428814843,5.0,1.6342241520894454e-12,True,True,-2.4413649277057936,-2.1961006465947333,-2.077225721726949,-2.0019133318175792,-1.9482947454440835,-1.874967321343494,-1.825818962854083,-1.7898536066480961,-1.7620378910513221,-1.7396865525012453,-1.721214822135317,,11783,93,1.5,False,False,v1.1-frozen
C0317_T423,manual,0,C0317,C0317,423.0,0.8420663513243198,1.1396565679460764,-555351881310.3438,1.1603453535586596,be5d91c6e90e,1dab7e7ac807,5e1d50a6e395,0,True,0,50.149,2.8251674792395693,2.9256344549574167,159.75505608497932,0.012007503544103015,1.6897901579650443e-13,fb8c4bf,2026-10-03T03:33:18+00:00,2.8377501699655534,159.84398066035666,True,0.004748140417318001,3.25,2.9256344549574167,0.23493875691055083,5.0,2.0410897421911032e-12,True,True,-2.338420511003847,-2.1790789236044636,-2.105199229312234,-2.0605318518305986,-2.029905816739444,-1.9896943633956246,-1.9638321007135402,-1.9454495995175811,-1.9315379680858866,-1.9205472765037697,-1.9115882415370409,,11783,92,1.5,False,False,v1.1-frozen
C0318_T300,manual,0,C0318,C0318,300.0,0.981846560165286,0.9837906356900932,-1143423685804.0095,0.9807045184075832,97e23e84b916,1dab7e7ac807,5e1d50a6e395,0,True,0,32.615,4.055459791281398,2.0373397432195106,112.18862825077835,0.017311777197250435,8.025626420527699e-14,fb8c4bf,2026-10-03T03:19:57+00:00,4.076773555580082,112.78752895414324,True,0.0038466906383660578,4.5,2.0373397432195106,0.3307901402847498,5.0,1.5964536120144119e-12,True,True,-4.3479545641057635,-2.475511083817877,-2.229137923717252,-2.1071916765373055,-2.0290658903276424,-1.9300101830324758,-1.867201749607366,-1.8225594124879079,-1.7886256091122408,-1.7616583459119806,-1.7395364948345358,,11081,93,1.5,False,False,v1.1-frozen
C0318_T423,manual,0,C0318,C0318,423.0,0.981846560165286,0.9837906356900932,-1143423685804.0095,0.9807045184075832,97e23e84b916,1dab7e7ac807,5e1d50a6e395,0,True,0,32.721,3.8233328721434674,2.9051698215791357,155.2212364213783,0.012090243180266448,1.689790157965045e-13,fb8c4bf,2026-10-03T03:20:37+00:00,3.8367111249110324,155.33732110989706,True,0.0045018959899345064,4.25,2.9051698215791357,0.2367664376956087,5.0,2.285489692881743e-12,True,True,-3.299344160202406,-2.3554974026025457,-2.19036223701046,-2.112329384719503,-2.064648151848201,-2.007215955582208,-1.9726220967361716,-1.9488790526324733,-1.93128256972631,-1.917564963755796,-1.906481765176212,,11081,92,1.5,False,False,v1.1-frozen
C0319_T300,manual,0,C0319,C0319,300.0,1.094410028681159,1.0593971882015467,-795070120133.4596,1.0981605023145675,119db6a42ebe,1dab7e7ac807,5e1d50a6e395,0,True,0,32.013,3.433251017507097,1.8842846655154941,113.54754870773642,0.018703810708930867,8.025626420527696e-14,fb8c4bf,2026-10-03T03:26:43+00:00,3.4469139011354915,113.93917137956822,True,0.004011541092962831,3.75,1.8842846655154941,0.3589588327739138,5.0,1.2304270694465398e-12,True,True,-2.6521798412022037,-2.2660999673385187,-2.1150115968458953,-2.0249448421988996,-1.9626271676281843,-1.8791353044047816,-1.8239591609653503,-1.7838394936519533,-1.7529015072811207,-1.728069901417628,-1.7075516321454411,,10379,92,1.5,False,False,v1.1-frozen
C0319_T423,manual,0,C0319,C0319,423.0,1.094410028681159,1.0593971882015467,-795070120133.4596,1.0981605023145675,119db6a42ebe,1dab7e7ac807,5e1d50a6e395,0,True,0,28.627,3.1953437400058524,2.750011150206382,157.44419841569035,0.012766691243438894,1.6897901579650449e-13,fb8c4bf,2026-10-03T03:18:38+00:00,3.2019287351250783,157.87717768162958,True,0.004672913777273795,3.75,2.750011150206382,0.2506674398307171,5.0,2.5154472873647897e-12,True,True,-2.4669377427850634,-2.212525417361603,-2.11434508637924,-2.0585677832078906,-2.021491726277167,-1.9739202184992146,-1.9438190505566928,-1.9225813233442597,-1.9065622016533443,-1.8939216447030276,-1.8836177414584296,,10379,93,1.5,False,False,v1.1-frozen
C0320_T300,manual,0,C0320,C0320,300.0,1.0985282126814129,0.9438422407954932,-1178267312236.1304,0.9048875156790018,c6255a0ef56a,1dab7e7ac807,5e1d50a6e395,0,True,0,50.049,4.0361241701189705,2.062822466470329,111.47036654090647,0.017100280237045608,8.025626420527699e-14,fb8c4bf,2026-10-03T03:31:48+00:00,4.052629041342944,111.7363347782978,True,0.0036290558870023196,4.5,2.062822466470329,0.3264913662696112,5.0,1.2442618724866205e-12,True,True,-4.218944455920534,-2.4888214986087083,-2.2448326974049237,-2.122046646677869,-2.0427396543174483,-1.9414338887930416,-1.8767203733524684,-1.8304708402528986,-1.7951607216189347,-1.766996772391163,-1.7438206134553802,,10379,93,1.5,False,False,v1.1-frozen
C0320_T423,manual,0,C0320,C0320,423.0,1.0985282126814129,0.9438422407954932,-1178267312236.1304,0.9048875156790018,c6255a0ef56a,1dab7e7ac807,5e1d50a6e395,0,True,0,43.132,3.806307288117144,2.8674281681150053,154.10305010737113,0.012247842053552064,1.689790157965044e-13,fb8c4bf,2026-10-03T03:27:39+00:00,3.8186066589514427,154.14789984943923,True,0.004369060190883211,4.25,2.8674281681150053,0.24002652669195618,5.0,1.1857708967071384e-12,True,True,-3.254308936952728,-2.361488093425569,-2.195257267485919,-2.1153807667795896,-2.0661514542552766,-2.006401840748885,-1.9701462318281031,-1.9451293214594207,-1.9265090068606365,-1.9119404228742198,-1.9001322405615926,,10379,92,1.5,False,False,v1.1-frozen
C0321_T300,manual,0,C0321,C0321,300.0,0.9859574038535356,1.0244933966547252,-760195745155.2152,1.0223936196416616,c41f87c48408,1dab7e7ac807,5e1d50a6e395,0,True,0,51.556,3.2696090299654146,1.9648977681537951,112.93838141123925,0.0179418831882387,8.025626420527699e-14,fb8c4bf,2026-10-03T03:45:30+00:00,3.278882372487871,112.80508202855688,True,0.003915063135244928,3.75,1.9648977681537951,0.3437559233096783,5.0,9.538806933186834e-13,True,True,-2.56570639126302,-2.2562059424473855,-2.1192921905241557,-2.0348144670336676,-1.9753643651450148,-1.8946425883993327,-1.840722472108244,-1.8012700445680947,-1.7707215767897289,-1.7461319751527091,-1.7257707774236277,,11081,93,1.5,False,False,v1.1-frozen
C0321_T423,manual,0,C0321,C0321,423.0,0.9859574038535356,1.0244933966547252,-760195745155.2152,1.0223936196416616,c41f87c48408,1dab7e7ac807,5e1d50a6e395,0,True,0,60.187,3.0339374768481937,2.8536873960825986,156.45788551273043,0.01230630972512074,1.6897901579650443e-13,fb8c4bf,2026-10-03T03:38:05+00:00,3.042501199236962,156.70580541676736,True,0.004585331950308974,3.5,2.8536873960825986,0.24123756879042701,5.0,1.8353716067358503e-12,True,True,-2.415511258699777,-2.2088366539614226,-2.120541560705141,-2.0686455765174587,-2.033546705295812,-1.9878954883719029,-1.9586982955827013,-1.937974572871948,-1.9222843819777604,-1.9098721587898289,-1.8997364452910526,,11081,92,1.5,False,False,v1.1-frozen
C0322_T300,manual,0,C0322,C0322,300.0,0.8399343952536583,0.8553583975881338,-1406262421980.5002,0.8428505703806878,d234f59145bd,1dab7e7ac807,5e1d50a6e395,0,True,0,50.356,4.322189389002851,2.2242606524667345,109.7085015835626,0.015866987198052112,8.025626420527699e-14,fb8c4bf,2026-10-03T03:33:11+00:00,4.347360187792702,110.35990306941824,True,0.0035084141897564064,4.75,2.2242606524667345,0.30213994823954676,5.0,1.0095561539524844e-12,True,True,-6.474127580732586,-2.641905312633091,-2.3129048261048877,-2.170793645920578,-2.0837491034563387,-1.9765402070619182,-1.9099094396210625,-1.86301634672689,-1.8275728083550116,-1.799505528662662,-1.7765360252068263,,11783,93,1.5,False,False,v1.1-frozen
C0322_T423,manual,0,C0322,C0322,423.0,0.8399343952536583,0.8553583975881338,-1406262421980.5002,0.8428505703806878,d234f59145bd,1dab7e7ac807,5e1d50a6e395,0,True,0,51.952,4.098730618176641,3.1091296809091,151.33611687343674,0.01130286379840994,1.6897901579650443e-13,fb8c4bf,2026-10-03T03:34:37+00:00,4.113680427749359,151.342816723138,True,0.0042042164947763095,4.5,3.1091296809091,0.22070588320648177,5.0,2.149725220057744e-12,True,True,-4.514199729345646,-2.470749801196888,-2.2487246873030715,-2.1565549211334085,-2.1029788767940762,-2.040631286972487,-2.004012578774796,-1.9792058861543762,-1.960962692909606,-1.9468115056960764,-1.9354167657548151,,11783,91,1.5,False,False,v1.1-frozen
C0323_T300,manual,0,C0323,C0323,300.0,1.1273637741804123,1.1762575183063744,-528290593065.3214,1.1345252521336078,af06fe65aefc,1dab7e7ac807,5e1d50a6e395,0,True,0,38.782,3.09033465408401,1.8484261666186,115.69875697282184,0.019064866182432878,8.025626420527698e-14,fb8c4bf,2026-10-03T03:29:41+00:00,3.114536801419734,116.44435841081646,True,0.004185559760094393,3.5,1.8484261666186,0.3660775690890112,5.0,8.057929323790347e-13,True,True,-2.4573266035028927,-2.2013429094879373,-2.0773213567491324,-1.9984476036215055,-1.942063762997513,-1.8645408937601728,-1.8122467514748475,-1.7737741881887263,-1.7438825806008904,-1.7197662387215429,-1.6997639736680252,,10145,93,1.5,False,False,v1.1-frozen
C0323_T423,manual,0,C0323,C0323,423.0,1.1273637741804123,1.1762575183063744,-528290593065.3214,1.1345252521336078,af06fe65aefc,1dab7e7ac807,5e1d50a6e395,0,True,0,44.711,2.847589232485278,2.7140248158152196,160.85665838345952,0.012935204243514178,1.6897901579650449e-13,fb8c4bf,2026-10-03T03:29:30+00:00,2.8606756202110026,160.79190611923318,True,0.004690096851134079,3.25,2.7140248158152196,0.2540577463251019,5.0,1.3540800910809162e-12,True,True,-2.340659102473023,-2.170055096571235,-2.090540395748784,-2.04219276494242,-2.0088790881774443,-1.9648782895631387,-1.9363830337629362,-1.9160128137408141,-1.9005203518928901,-1.8882267094962681,-1.8781655422594639,,10145,92,1.5,False,False,v1.1-frozen
C0324_T300,manual,0,C0324,C0324,300.0,1.1946439657360317,0.8115952674299479,-895432233810.4248,1.1564418662339448,f01684d01782,1dab7e7ac807,5e1d50a6e395,0,True,0,38.624,2.987026977002892,1.7506901356350697,108.40018592169342,0.020107500115622744,8.025626420527695e-14,fb8c4bf,2026-10-03T03:28:03+00:00,2.9897601719624998,108.47379032919812,True,0.00461212380951458,3.5,1.7506901356350697,0.3886978894210145,5.0,6.563517090940607e-13,True,True,-2.369098034200917,-2.141914121966131,-2.028309791838003,-1.9555585262268256,-1.9034222438646535,-1.8315935101313219,-1.7830120462852528,-1.747169274548641,-1.719239688140084,-1.6966419201281273,-1.6778481081231553,,9794,92,1.5,False,False,v1.1-frozen
C0324_T423,manual,0,C0324,C0324,423.0,1.1946439657360317,0.8115952674299479,-895432233810.4248,1.1564418662339448,f01684d01782,1dab7e7ac807,5e1d50a6e395,0,True,0,41.076,2.7652370815231597,2.6123342730531482,149.50184863396072,0.013431424796930777,1.689790157965044e-13,fb8c4bf,2026-10-03T03:28:39+00:00,2.7696828630091126,149.8280037303751,True,0.005340431553634024,3.25,2.6123342730531482,0.26468649184613974,5.0,1.9191311456628117e-12,True,True,-2.2761991742686982,-2.1270617295981498,-2.056095058190445,-2.0126263961688577,-1.9825328959355797,-1.9425584701524607,-1.9164786335643,-1.8977072145444533,-1.8833415197466936,-1.8718779152074023,-1.8624488654733544,,9794,92,1.5,False,False,v1.1-frozen
C0325_T300,manual,0,C0325,C0325,300.0,0.8822260309010744,1.1324716474860907,-1039151608012.6168,0.8647175382822753,4b5df95db3d8,1dab7e7ac807,5e1d50a6e395,0,True,12,98.001,4.194675924413958,2.2388795943060984,115.19550220152797,0.0157730245454993,8.025626420527698e-14,fb8c4bf,2026-10-03T03:49:21+00:00,4.207138565695488,116.0893798545456,True,0.0032082704931392274,4.75,2.2388795943060984,0.29916273650171227,4.8876953125,1.180076469163539e-12,True,True,-5.3177056558895766,-2.5949599012941236,-2.308967328093101,-2.174507338847674,-2.089568268117841,-1.9826556183807464,-1.9151531470787626,-1.8672744112309527,-1.83093248860504,-1.802085020845241,-1.7784450101558438,,11549,107,1.5,False,False,v1.1-frozen
C0325_T423,manual,0,C0325,C0325,423.0,0.8822260309010744,1.1324716474860907,-1039151608012.6168,0.8647175382822753,4b5df95db3d8,1dab7e7ac807,5e1d50a6e395,0,True,0,50.596,3.953525776085905,3.104699388960618,159.859384496279,0.011321783096756122,1.689790157965045e-13,fb8c4bf,2026-10-03T03:34:09+00:00,3.9596995884013677,160.47304568430454,True,0.0038885260151653722,4.5,3.104699388960618,0.22071631615951257,5.0,2.0139058580721497e-12,True,True,-3.7950377280744245,-2.4434876034708433,-2.2485130666068884,-2.1601265948603805,-2.106929487126359,-2.043538418885861,-2.0057038369070295,-1.9798976875923842,-1.9608643089283202,-1.9460851696054844,-1.9341841028811615,,11549,93,1.5,False,False,v1.1-frozen
C0326_T300,manual,0,C0326,C0326,300.0,0.9407375946640968,0.9875561568886042,-627337853424.2511,1.0942568063735962,e905389739b5,1dab7e7ac807,5e1d50a6e395,0,True,0,31.857,2.859431757915359,1.9020118748885946,112.13635860235071,0.018526302196283616,8.025626420527698e-14,fb8c4bf,2026-10-03T03:20:29+00:00,2.884346493661715,113.03206884748562,True,0.004206910269181351,3.25,1.9020118748885946,0.355971328675187,5.0,1.7374154219393518e-12,True,True,-2.371712975170122,-2.167646418160563,-2.0599092270810013,-1.9893496107185733,-1.9381637341908948,-1.8669825279544794,-1.8185382092341502,-1.7827162024565042,-1.754791996933692,-1.7322112561268073,-1.713451578210147,,11198,93,1.5,False,False,v1.1-frozen
C0326_T423,manual,0,C0326,C0326,423.0,0.9407375946640968,0.9875561568886042,-627337853424.2511,1.0942568063735962,e905389739b5,1dab7e7ac807,5e1d50a6e395,0,True,0,33.898,2.6276651695379503,2.832849027744927,155.2507014357476,0.01239551342018142,1.6897901579650449e-13,fb8c4bf,2026-10-03T03:21:11+00:00,2.64035288608322,155.57624594801322,True,0.004685931396766652,3.0,2.832849027744927,0.24314972511101696,5.0,1.1644990527415189e-12,True,True,-2.2870966669930795,-2.1537383149813105,-2.086784066804721,-2.044866672764963,-2.0155261199208994,-1.9762697107634495,-1.9505747765930832,-1.9320894626300642,-1.9179714319932366,-1.9067354801156984,-1.8975203711327713,,11198,93,1.5,False,False,v1.1-frozen
C0327_T300,manual,0,C0327,C0327,300.0,1.0283198475837707,1.068230062350631,-1311156015843.153,0.9768017821013928,230b186ecf90,1dab7e7ac807,5e1d50a6e395,0,True,0,35.106,4.660913918663798,2.078284186883241,113.83909594572006,0.01697947331007378,8.025626420527696e-14,fb8c4bf,2026-10-03T03:27:18+00:00,4.679117697771284,114.47010383926559,True,0.0036871671082893075,5.0,2.078284186883241,0.32339564500821233,5.0,8.804684412111463e-13,True,True,-9.375338609339979,-2.9344251956287275,-2.359063071072403,-2.1805064766535263,-2.0790187409623755,-1.9592574756899352,-1.8869916270352785,-1.8369394218958393,-1.7995011407250303,-1.7700757853568623,-1.7461316426045144,,10730,93,1.5,False,False,v1.1-frozen
C0327_T423,manual,0,C0327,C0327,423.0,1.0283198475837707,1.068230062350631,-1311156015843.153,0.9768017821013928,230b186ecf90,1dab7e7ac807,5e1d50a6e395,0,True,0,27.891,4.42279623414779,2.9144166943377643,157.84280911563243,0.0120535734284899,1.689790157965045e-13,fb8c4bf,2026-10-03T03:19:06+00:00,4.432186957848917,158.3770338893552,True,0.004261972210256048,5.0,2.9144166943377643,0.2358345237271375,5.0,1.3354439082347014e-12,True,True,-6.406801614821088,-2.6426559599262682,-2.2764918883752157,-2.15763917150254,-2.093319458233851,-2.021689200643163,-1.9809308083223396,-1.95379542481249,-1.9340650185082588,-1.918884182117405,-1.9067353794141464,,10730,93,1.5,False,False,v1.1-frozen
C0328_T300,manual,0,C0328,C0328,300.0,1.024834269657731,0.8898911196738482,-722444438375.5326,0.8931199315935373,489b275c86ae,1dab7e7ac807,5e1d50a6e395,0,True,0,50.43,2.8301387969145133,2.016611036691586,110.367316469689,0.017481433278359118,8.025626420527699e-14,fb8c4bf,2026-10-03T03:32:39+00:00,2.855752424340742,111.21933970421183,True,0.0036644610958472264,3.25,2.016611036691586,0.3350444938355643,5.0,9.041914161430076e-13,True,True,-2.416823978746058,-2.213594495423627,-2.103662996726731,-2.0307178978963614,-1.9773095414119963,-1.9022888119147823,-1.85067887218963,-1.8121950514277787,-1.781989724692524,-1.7574229630423375,-1.7369116037032752,,10730,93,1.5,False,False,v1.1-frozen
C0328_T423,manual,0,C0328,C0328,423.0,1.024834269657731,0.8898911196738482,-722444438375.5326,0.8931199315935373,489b275c86ae,1dab7e7ac807,5e1d50a6e395,0,True,0,41.669,2.6044445957982454,2.8637648524596866,152.3856804708531,0.012261825736579048,1.6897901579650446e-13,fb8c4bf,2026-10-03T03:28:21+00:00,2.6189976959229346,152.3538357181608,True,0.004343661024352336,3.0,2.8637648524596866,0.24051591280452433,5.0,1.3958499582103124e-12,True,True,-2.3130523078029617,-2.176391642181671,-2.1061721603713552,-2.0616618694873665,-2.030243177323931,-1.9878369484577456,-1.9598222387142161,-1.9395218306713575,-1.9239237284140438,-1.9114448602997895,-1.9011629315658778,,10730,91,1.5,False,False,v1.1-frozen
C0329_T300,manual,0,C0329,C0329,300.0,0.9123613078147174,1.165845526382327,-1342968190088.8682,1.185821348056197,ada5e50cef8f,1dab7e7ac807,5e1d50a6e395,0,True,0,51.564,4.95461316051266,1.9859271481392815,115.47807239289831,0.017762208755230557,8.025626420527699e-14,fb8c4bf,2026-10-03T03:46:22+00:00,4.963758742862119,115.99633088508021,True,0.004194702498567097,5.5,1.9859271481392815,0.3390654651779089,5.0,1.5310650318805574e-12,True,True,-11.961111738440817,-3.7556495700414843,-2.3926845272694837,-2.1716572351426495,-2.0592368914384456,-1.934526515989808,-1.8625578477016502,-1.8139594148305072,-1.7782289170459256,-1.7505030300797157,-1.7281677956797628,,11432,92,1.5,False,False,v1.1-frozen
C0329_T423,manual,0,C0329,C0329,423.0,0.9123613078147174,1.165845526382327,-1342968190088.8682,1.185821348056197,ada5e50cef8f,1dab7e7ac807,5e1d50a6e395,0,True,0,58.357,4.710694410537677,2.9187173412827363,160.49448873451922,0.012036685753832656,1.6897901579650443e-13,fb8c4bf,2026-10-03T03:39:03+00:00,4.715322417655454,161.00397863729398,True,0.004750024210742635,5.25,2.9187173412827363,0.23540546505462445,5.0,3.1708115317466696e-12,True,True,-8.17007439945909,-2.999057207392097,-2.3038929063898137,-2.160101656066362,-2.090235757392871,-2.017240880513903,-1.977587707327623,-1.9518575834869072,-1.9334662983410982,-1.9194930776101198,-1.908420895902838,,11432,92,1.5,False,False,v1.1-frozen
C0330_T300,manual,0,C0330,C0330,300.0,0.86467814296484,0.910773979499936,-989504052326.0833,0.955985341966152,65f3653e6856,1dab7e7ac807,5e1d50a6e395,0,True,0,49.229,3.5044670700380487,2.0610985522549847,110.71666181136797,0.017109315199347292,8.025626420527698e-14,fb8c4bf,2026-10-03T03:34:01+00:00,3.5068826587062265,110.6882623857356,True,0.0037794678173457266,4.0,2.0610985522549847,0.3273087417556272,5.0,1.5351346032583817e-12,True,True,-2.7421229027261353,-2.315895198586039,-2.1584002098391375,-2.0660139756657943,-2.0026203920706562,-1.9182475287766099,-1.8627750159801093,-1.8225527035804991,-1.79158944039834,-1.7667673727555928,-1.7462756382362468,,11666,92,1.5,False,False,v1.1-frozen
C0330_T423,manual,0,C0330,C0330,423.0,0.86467814296484,0.910773979499936,-989504052326.0833,0.955985341966152,65f3653e6856,1dab7e7ac807,5e1d50a6e395,0,True,0,52.386,3.275990087524295,2.9850155214064396,152.97438469459667,0.011768674187436105,1.6897901579650454e-13,fb8c4bf,2026-10-03T03:35:30+00:00,3.2832316489459803,153.2114535032839,True,0.00449872870437676,3.75,2.9850155214064396,0.23027732414760343,5.0,9.986941829076557e-13,True,True,-2.531437680823072,-2.251467486520774,-2.1494857352727355,-2.092727517350331,-2.0554261505752973,-2.00802047260951,-1.9782612873349128,-1.9573621631857823,-1.9416464924111911,-1.9292724603097184,-1.9192026752894678,,11666,92,1.5,False,False,v1.1-frozen
C0331_T300,manual,0,C0331,C0331,300.0,1.1522049874067306,1.0332448523491622,-1072006118483.8414,1.0728553362190725,178a75a7ac75,1dab7e7ac807,5e1d50a6e395,0,True,0,38.567,4.011740662792816,1.911805850687221,113.05458067226904,0.018439380379986603,8.025626420527694e-14,fb8c4bf,2026-10-03T03:30:20+00:00,4.017554430392716,113.02275767196024,True,0.004082376346782022,4.5,1.911805850687221,0.35332155167580875,5.0,1.947276221199921e-12,True,True,-4.068735882766529,-2.431083321314301,-2.1944433524289226,-2.0754301988337156,-1.9987227673867074,-1.9010547490949072,-1.8389301595326228,-1.7946953362742017,-1.761031064353017,-1.734253676670345,-1.7122710793211657,,10028,92,1.5,False,False,v1.1-frozen
C0331_T423,manual,0,C0331,C0331,423.0,1.1522049874067306,1.0332448523491622,-1072006118483.8414,1.0728553362190725,178a75a7ac75,1dab7e7ac807,5e1d50a6e395,0,True,0,46.152,3.775423745620587,2.746701744004932,156.6723537082776,0.012782276160834069,1.6897901579650443e-13,fb8c4bf,2026-10-03T03:30:16+00:00,3.782180316675093,156.93122211541544,True,0.0047626413314811305,4.25,2.746701744004932,0.25094331467768155,5.0,1.0201431713263709e-12,True,True,-3.1548574882518685,-2.3213304913017305,-2.162984290105348,-2.086818026832002,-2.039894534537495,-1.9830030079425514,-1.948541293004975,-1.924804686083995,-1.907168017861303,-1.8933918037620565,-1.882243177342711,,10028,92,1.5,False,False,v1.1-frozen
C0332_T300,manual,0,C0332,C0332,300.0,1.11948517896235,0.9545111369341612,-1439147513359.7852,1.0447719383984804,8cbec9b58cdf,1dab7e7ac807,5e1d50a6e395,0,True,0,42.402,4.6603942891951355,1.9654257379427509,111.51361466401066,0.017941254262148747,8.025626420527699e-14,fb8c4bf,2026-10-03T03:28:46+00:00,4.678469531298189,112.52631999868868,True,0.004026820259278056,5.0,1.9654257379427509,0.34322963993328764,5.0,7.959898461286494e-13,True,True,-9.50083644379985,-2.901574103071519,-2.3237145542152726,-2.1469992555417288,-2.047203582673514,-1.93007375765115,-1.8596963585396404,-1.8110531519886657,-1.774704660382671,-1.746147198968118,-1.7229106940553593,,10145,93,1.5,False,False,v1.1-frozen
C0332_T423,manual,0,C0332,C0332,423.0,1.11948517896235,0.9545111369341612,-1439147513359.7852,1.0447719383984804,8cbec9b58cdf,1dab7e7ac807,5e1d50a6e395,0,True,0,46.899,4.4289404260094,2.7951813725542087,154.24432186385474,0.012562147637183503,1.6897901579650446e-13,fb8c4bf,2026-10-03T03:29:27+00:00,4.437540757117823,154.60403457056827,True,0.004618079892643963,5.0,2.7951813725542087,0.24644321372923397,5.0,2.7478481182645126e-12,True,True,-6.504269880470573,-2.6155195211799938,-2.2488078626305836,-2.1323534951213294,-2.069787919606482,-2.0004042847064625,-1.9609970721669323,-1.934754262115612,-1.9156527402160095,-1.9009361068372679,-1.8891422204700727,,10145,93,1.5,False,False,v1.1-frozen
C0333_T300,manual,0,C0333,C0333,300.0,0.806969778612256,1.0769590754061935,-622392992489.0399,0.9278522979468108,774a3c37615f,1dab7e7ac807,5e1d50a6e395,0,True,0,54.852,3.086924451311552,2.1300568863250944,114.08053360967062,0.01656493968278291,8.0256264205277e-14,fb8c4bf,2026-10-03T03:50:16+00:00,3.1123730168532227,114.8017345157042,True,0.00356949998970933,3.5,2.1300568863250944,0.31578690796073405,5.0,2.157078801892123e-12,True,True,-2.5194767025954024,-2.2657494734405517,-2.1415043663520894,-2.0621848588601006,-2.0053693837905344,-1.9271308106214564,-1.8742938226304944,-1.8354038014500507,-1.8051855690630692,-1.780810141157345,-1.76060028461267,,11900,93,1.5,False,False,v1.1-frozen
C0333_T423,manual,0,C0333,C0333,423.0,0.806969778612256,1.0769590754061935,-622392992489.0399,0.9278522979468108,774a3c37615f,1dab7e7ac807,5e1d50a6e395,0,True,0,55.487,2.84996741127892,3.081030423824425,158.14782153772245,0.011407085822539745,1.6897901579650446e-13,fb8c4bf,2026-10-03T03:35:04+00:00,2.8641551647204047,158.06177830179436,True,0.004143384827403292,3.25,3.081030423824425,0.222591943324019,5.0,1.8307773147101822e-12,True,True,-2.3931370347621823,-2.2234462527578684,-2.1440306742710233,-2.0957456335497295,-2.062511115574016,-2.018703115474123,-1.9904136698729986,-1.9702441367897645,-1.954941428894239,-1.9428252909752883,-1.9329296516608936,,11900,92,1.5,False,False,v1.1-frozen
C0334_T300,manual,0,C0334,C0334,300.0,0.9671414986252784,0.8461055140942335,-1210110067389.9055,1.1076845467090606,07205083c165,1dab7e7ac807,5e1d50a6e395,0,True,0,31.472,3.8209268484046843,1.8985792774887202,109.18382077844646,0.018557375650744255,8.025626420527698e-14,fb8c4bf,2026-10-03T03:21:00+00:00,3.8445589612694726,110.00107759711419,True,0.004454172303809755,4.25,1.8985792774887202,0.35687985646695003,5.0,2.011434710882483e-12,True,True,-3.218372367798507,-2.3380624531594942,-2.1423070975098777,-2.0382635891621916,-1.970048035829196,-1.882374656618038,-1.8262985724003977,-1.786271801064716,-1.7557678963725285,-1.7314834408858277,-1.711536255736724,,11081,93,1.5,False,False,v1.1-frozen
C0334_T423,manual,0,C0334,C0334,423.0,0.9671414986252784,0.8461055140942335,-1210110067389.9055,1.1076845467090606,07205083c165,1dab7e7ac807,5e1d50a6e395,0,True,0,29.863,3.597879508695413,2.812586587344315,150.71153943821426,0.01248293177307476,1.6897901579650449e-13,fb8c4bf,2026-10-03T03:21:41+00:00,3.6116069205925094,150.7035871142529,True,0.005036211271475669,4.0,2.812586587344315,0.24509191459814472,5.0,1.5606533894241602e-12,True,True,-2.772100639418134,-2.2622101782665283,-2.13544370100309,-2.071515573854113,-2.0314231841844337,-1.9822307229283667,-1.9521650313891477,-1.9313504444409566,-1.9158328546684633,-1.9036834031682461,-1.8938347548166912,,11081,91,1.5,False,False,v1.1-frozen
C0335_T300,manual,0,C0335,C0335,300.0,1.0546259045600892,1.122082858160138,-855332911014.5569,0.8150342099368573,948d0b00eb0d,1dab7e7ac807,5e1d50a6e395,0,True,12,59.469,3.748040498311631,2.20225761220963,115.07707365052045,0.01603228152548096,8.025626420527699e-14,fb8c4bf,2026-10-03T03:28:18+00:00,3.748504088395784,115.3621325682207,True,0.0031304284820245594,4.25,2.20225761220963,0.3044162400563445,4.931640625,1.4418427110472927e-12,True,True,-3.1379031657463,-2.4481717719557063,-2.253626017341269,-2.1440638625422026,-2.069832535087263,-1.971564970514683,-1.9070219318002601,-1.8601634321652138,-1.8240272929823231,-1.7950046695722415,-1.7710021825906237,,10613,107,1.5,False,False,v1.1-frozen
C0335_T423,manual,0,C0335,C0335,423.0,1.0546259045600892,1.122082858160138,-855332911014.5569,0.8150342099368573,948d0b00eb0d,1dab7e7ac807,5e1d50a6e395,0,True,0,28.263,3.5076090666465607,2.9854513444851403,159.62336340057414,0.011769369021009005,1.6897901579650449e-13,fb8c4bf,2026-10-03T03:19:34+00:00,3.5100717998376587,160.078163049313,True,0.00385383926704941,4.0,2.9854513444851403,0.22997110991573208,5.0,2.2602106346913887e-12,True,True,-2.7720794866509615,-2.338060539330157,-2.203963338451343,-2.1318710341946567,-2.085127555807777,-2.026235591771747,-1.9894857841998994,-1.9637552754915517,-1.9444400131653545,-1.929246819912684,-1.9168889781024296,,10613,92,1.5,False,False,v1.1-frozen
C0336_T300,manual,0,C0336,C0336,300.0,1.0746046334505082,0.8288358934223652,-1352417093701.6606,1.078508847951889,c48998d7fda3,1dab7e7ac807,5e1d50a6e395,0,True,0,48.562,4.101662704235454,1.8926472392702705,108.84930845789087,0.018616298752219998,8.025626420527696e-14,fb8c4bf,2026-10-03T03:33:28+00:00,4.127169544877337,109.68847303189233,True,0.004393846585734271,4.5,1.8926472392702705,0.3579222768085306,5.0,1.0060786734066126e-12,True,True,-4.704045935354255,-2.4416652141603787,-2.1863589846232867,-2.0644246810375178,-1.9875752361753023,-1.8913646708251513,-1.8309465174101855,-1.7882130758521693,-1.7558159355986704,-1.7301066601575363,-1.7090322238913644,,10496,93,1.5,False,False,v1.1-frozen
C0336_T423,manual,0,C0336,C0336,423.0,1.0746046334505082,0.8288358934223652,-1352417093701.6606,1.078508847951889,c48998d7fda3,1dab7e7ac807,5e1d50a6e395,0,True,0,39.736,3.8803091617059953,2.758325421333289,150.15291421728315,0.012726539823839398,1.6897901579650446e-13,fb8c4bf,2026-10-03T03:29:01+00:00,3.8930917910466856,150.29983487004705,True,0.004932115214175747,4.25,2.758325421333289,0.25009455184504714,5.0,1.414289166156295e-12,True,True,-3.468953913012173,-2.3274615749140235,-2.1586406203618864,-2.081822343626295,-2.0356321238480732,-1.9805850393507285,-1.9476385788598445,-1.9250677865155497,-1.9083401949608334,-1.895289659164985,-1.8847335518191797,,10496,93,1.5,False,False,v1.1-frozen
C0337_T300,manual,0,C0337,C0337,300.0,0.9620279118418692,1.1028784349560738,-707135958597.064,0.998894476145506,68aa562206c4,1dab7e7ac807,5e1d50a6e395,0,True,0,54.156,3.3411747994420886,2.0109505695004932,114.48760324272256,0.017537283324573362,8.025626420527699e-14,fb8c4bf,2026-10-03T03:47:16+00:00,3.366323579092335,115.30429285349297,True,0.003798484395428045,3.75,2.0109505695004932,0.3352747977094878,5.0,9.913181386878023e-13,True,True,-2.624899887763443,-2.285020076250382,-2.1410036499106577,-2.053136176117729,-1.991613289059667,-1.90839174016654,-1.8529696692556905,-1.812495535312431,-1.781200091004782,-1.756037681695499,-1.735221945835785,,11081,93,1.5,False,False,v1.1-frozen
C0337_T423,manual,0,C0337,C0337,423.0,0.9620279118418692,1.1028784349560738,-707135958597.064,0.998894476145506,68aa562206c4,1dab7e7ac807,5e1d50a6e395,0,True,0,58.478,3.102652567789897,2.9005292826084554,158.83616870524799,0.012110027301076461,1.6897901579650446e-13,fb8c4bf,2026-10-03T03:40:02+00:00,3.1164118999352315,158.83217800275196,True,0.004356121217718509,3.5,2.9005292826084554,0.23709836805653367,5.0,1.6202924988491506e-12,True,True,-2.456575556893911,-2.2295685687305844,-2.1357924569506483,-2.081294071500329,-2.0446543888595055,-1.9972431487942246,-1.9670628423193883,-1.9457110472983725,-1.9295856734964068,-1.916854877774083,-1.9064764435958754,,11081,92,1.5,False,False,v1.1-frozen
C0338_T300,manual,0,C0338,C0338,300.0,0.8144484538584948,0.9704501785337925,-1123447233811.021,1.1663239885121583,0411bdd6ceb0,1dab7e7ac807,5e1d50a6e395,0,True,0,51.187,3.9627872184041952,1.961309044890488,111.72369978599272,0.01797385771061955,8.025626420527699e-14,fb8c4bf,2026-10-03T03:34:52+00:00,3.970466380087011,112.20361282978585,True,0.004306923349990001,4.5,1.961309044890488,0.3444755887322072,5.0,9.419166835389348e-13,True,True,-3.7921799912186436,-2.385216065202846,-2.165857288821325,-2.0554200433946956,-1.9846287887218208,-1.895236215052082,-1.8389425199129548,-1.7991831799715248,-1.7691280317123617,-1.745358700707989,-1.7259436590468513,,12017,92,1.5,False,False,v1.1-frozen
C0338_T423,manual,0,C0338,C0338,423.0,0.8144484538584948,0.9704501785337925,-1123447233811.021,1.1663239885121583,0411bdd6ceb0,1dab7e7ac807,5e1d50a6e395,0,True,0,52.511,3.7300830502216016,2.957999449853704,154.62398170730617,0.011876314212265275,1.6897901579650443e-13,fb8c4bf,2026-10-03T03:36:23+00:00,3.7325502433933835,155.04951999089045,True,0.0048976711697365565,4.25,2.957999449853704,0.2323621833134935,5.0,1.9812992780345157e-12,True,True,-3.0232727016507437,-2.3010779094141536,-2.160261838709059,-2.0928912524472514,-2.0516671937883277,-2.0020940681430726,-1.9723434456527569,-1.952003241558958,-1.9369847791689723,-1.9253183207722067,-1.915923964362015,,12017,92,1.5,False,False,v1.1-frozen
C0339_T300,manual,0,C0339,C0339,300.0,1.1018715385347604,1.097982357442379,-940015905536.7112,0.8609785210341215,b189eb4c26f6,1dab7e7ac807,5e1d50a6e395,0,True,0,37.474,3.88015832427648,2.13415655895115,114.55571343975113,0.01653865316355441,8.025626420527696e-14,fb8c4bf,2026-10-03T03:30:57+00:00,3.905090306962651,115.27711450814115,True,0.003334828064666324,4.25,2.13415655895115,0.31460423617955013,5.0,9.449125509819467e-13,True,True,-3.478821085604067,-2.4671451946209304,-2.251926229840899,-2.1361053078889185,-2.0591491742966057,-1.9587455578738269,-1.893546619555226,-1.8465216993987275,-1.8104127812903728,-1.7814998604093806,-1.7576418413794836,,10262,93,1.5,False,False,v1.1-frozen
C0339_T423,manual,0,C0339,C0339,423.0,1.1018715385347604,1.097982357442379,-940015905536.7112,0.8609785210341215,b189eb4c26f6,1dab7e7ac807,5e1d50a6e395,0,True,0,42.262,3.642872726122206,2.918820469648649,158.85168915875093,0.012035516030552659,1.6897901579650446e-13,fb8c4bf,2026-10-03T03:30:59+00:00,3.6554825410649947,159.01250950193136,True,0.0038867249846380584,4.0,2.918820469648649,0.2354632441458472,5.0,1.5487486344882393e-12,True,True,-2.928693045736885,-2.3494494900886966,-2.201363799091978,-2.125188212688473,-2.0767906180676907,-2.016734273282375,-1.9796927233279364,-1.9539224581623174,-1.9346530238497188,-1.9195352843322806,-1.9072612121661274,,10262,93,1.5,False,False,v1.1-frozen
C0340_T300,manual,0,C0340,C0340,300.0,1.1689671099185943,0.9141639962792396,-572782963514.328,0.8328203663229943,31aa942712f2,1dab7e7ac807,5e1d50a6e395,0,True,0,41.489,2.556159192117526,2.0285764124130923,110.94669080774533,0.017381029530878916,8.025626420527695e-14,fb8c4bf,2026-10-03T03:29:28+00:00,2.5784643788093224,111.52678761589662,True,0.003425474149189396,3.0,2.0285764124130923,0.3328036458226603,5.0,1.000046299131303e-12,True,True,-2.3682084444619105,-2.199407526210093,-2.10012321283867,-2.031643198351162,-1.980320535537771,-1.9066818601374997,-1.855051247823848,-1.8160713866618778,-1.7852026372353593,-1.7599245025514905,-1.7387039683822794,,9911,93,1.5,False,False,v1.1-frozen
C0340_T423,manual,0,C0340,C0340,423.0,1.1689671099185943,0.9141639962792396,-572782963514.328,0.8328203663229943,31aa942712f2,1dab7e7ac807,5e1d50a6e395,0,True,0,42.486,2.328662409173643,2.8134924644160857,153.24499750820502,0.0124795060836526,1.6897901579650443e-13,fb8c4bf,2026-10-03T03:30:09+00:00,2.343092436857305,153.39336595855195,True,0.0041781817985006315,2.75,2.8134924644160857,0.24493991489061837,5.0,1.1311203709785111e-12,True,True,-2.2760696385358554,-2.161737776840243,-2.0977609813552394,-2.0554757014260034,-2.024856058047945,-1.9825648121298665,-1.9540500519829263,-1.9331158647653888,-1.91688158183493,-1.903802602905919,-1.892966082838209,,9911,92,1.5,False,False,v1.1-frozen
C0341_T300,manual,0,C0341,C0341,300.0,0.8565310552716255,1.0417191095650196,-1490710883401.3342,1.138216895610094,3acb97a2a1d3,1dab7e7ac807,5e1d50a6e395,0,True,0,51.343,5.000319084733384,2.0280711260401887,113.16979431153906,0.01739378503132914,8.025626420527699e-14,fb8c4bf,2026-10-03T03:51:07+00:00,5.000488629195429,113.25278974562013,True,0.004221809732737027,5.5,2.0280711260401887,0.33198702968715416,5.0,8.477368113046779e-13,True,True,-13.09552105981267,-4.001856733739638,-2.412818863149972,-2.183456608989457,-2.069016764177454,-1.943338708315293,-1.8712938543772932,-1.8227962822213464,-1.787200237170059,-1.7596059016457701,-1.737390098316508,,11666,92,1.5,False,False,v1.1-frozen
C0341_T423,manual,0,C0341,C0341,423.0,0.8565310552716255,1.0417191095650196,-1490710883401.3342,1.138216895610094,3acb97a2a1d3,1dab7e7ac807,5e1d50a6e395,0,True,0,58.884,4.763367382951358,2.9788156808376174,156.85224400643793,0.011795196158989144,1.6897901579650456e-13,fb8c4bf,2026-10-03T03:36:04+00:00,4.76722305180898,157.19535287654085,True,0.004814895794303719,5.25,2.9788156808376174,0.23053926796959345,5.0,2.786424872971594e-12,True,True,-8.597354260755035,-3.1166179357141233,-2.318122087209402,-2.1691344105171924,-2.0982978455166537,-2.0251716356906404,-1.9857595979960516,-1.9602766828587344,-1.942095126396235,-1.9282948322215245,-1.9173656694147712,,11666,92,1.5,False,False,v1.1-frozen
C0342_T300,manual,0,C0342,C0342,300.0,0.9166234839707612,0.8850728675723076,-839902530424.2969,0.9207836035639048,89127c33b58d,1dab7e7ac807,5e1d50a6e395,0,True,0,31.446,3.0867343541376737,2.042330333731087,110.23109580122093,0.01726311582052225,8.025626420527698e-14,fb8c4bf,2026-10-03T03:21:32+00:00,3.1126783829020495,111.28100104625493,True,0.0037565882204028166,3.5,2.042330333731087,0.33065856952275785,5.0,1.1614468405460757e-12,True,True,-2.4982647342296493,-2.2448502680628977,-2.1211728816386493,-2.0424015052453823,-1.9860473321786758,-1.9084674879549217,-1.85602175568284,-1.8173472095885916,-1.7872301888883426,-1.7628808157161755,-1.7426468916156042,,11432,93,1.5,False,False,v1.1-frozen
C0342_T423,manual,0,C0342,C0342,423.0,0.9166234839707612,0.8850728675723076,-839902530424.2969,0.9207836035639048,89127c33b58d,1dab7e7ac807,5e1d50a6e395,0,True,0,32.633,2.8614172919722707,2.9377644409440533,152.19387946620822,0.011955640482290725,1.6897901579650446e-13,fb8c4bf,2026-10-03T03:22:14+00:00,2.875699869879547,152.3321971153595,True,0.004394643530703948,3.25,2.9377644409440533,0.23420609268636594,5.0,2.7065290095667206e-12,True,True,-2.371499325664462,-2.2015761387559167,-2.122622028538828,-2.0747365939703424,-2.04179236887081,-1.998315061235907,-1.9701491973574792,-1.9499894402763376,-1.9346329255979198,-1.922427153092848,-1.9124219777194271,,11432,91,1.5,False,False,v1.1-frozen
C0343_T300,manual,0,C0343,C0343,300.0,1.004187235608697,1.1590924717485904,-1219681214541.1968,1.0003483470529315,b2042872404f,1dab7e7ac807,5e1d50a6e395,0,True,12,64.408,4.665171197135448,2.080529618339552,115.53271456100123,0.016963332157738813,8.025626420527696e-14,fb8c4bf,2026-10-03T03:29:23+00:00,4.682443109811305,116.23567120959922,True,0.003673116385453893,5.0,2.080529618339552,0.3228278074456871,4.9442291259765625,1.1356762170939956e-12,True,True,-9.338616742992699,-2.9425815628923235,-2.3603689453793084,-2.181186229150677,-2.0794801002435115,-1.9595505324367826,-1.8872493341988386,-1.8372221996334683,-1.7998406160227645,-1.7704888339438858,-1.7466269301965849,,10847,109,1.5,False,False,v1.1-frozen
C0343_T423,manual,0,C0343,C0343,423.0,1.004187235608697,1.1590924717485904,-1219681214541.1968,1.0003483470529315,b2042872404f,1dab7e7ac807,5e1d50a6e395,0,True,0,29.606,4.42216812022026,2.930663169537131,160.48406268820293,0.01198804176706425,1.6897901579650443e-13,fb8c4bf,2026-10-03T03:20:04+00:00,4.431466812295972,160.76191897729942,True,0.004233752834853903,5.0,2.930663169537131,0.2343968572272696,5.0,1.0870679356678181e-12,True,True,-6.3688857392494675,-2.6466222334220744,-2.2793105605664863,-2.160160688527372,-2.095698038468207,-2.0239484915674226,-1.9831702206366786,-1.9560596688538863,-1.9363757316759542,-1.9212517526154544,-1.9091643149553235,,10847,93,1.5,False,False,v1.1-frozen
C0344_T300,manual,0,C0344,C0344,300.0,1.0489577561616898,0.987479567527771,-810195141471.9224,1.1164482951164243,23981d6d7c7a,1dab7e7ac807,5e1d50a6e395,0,True,0,49.228,3.2838613449470664,1.8668962291113276,112.10318040708556,0.01887326037670262,8.025626420527696e-14,fb8c4bf,2026-10-03T03:34:18+00:00,3.29806907852378,112.33853759853152,True,0.004282096056680165,3.75,1.8668962291113276,0.362784630865962,5.0,1.1510383462399103e-12,True,True,-2.539851865194268,-2.2258455147301155,-2.089524975639808,-2.006070411644744,-1.9476217499530128,-1.868609246623483,-1.8160376913210854,-1.7776659192905278,-1.7480027599690577,-1.7241530684996587,-1.704420829908558,,10613,93,1.5,False,False,v1.1-frozen
C0344_T423,manual,0,C0344,C0344,423.0,1.0489577561616898,0.987479567527771,-810195141471.9224,1.1164482951164243,23981d6d7c7a,1dab7e7ac807,5e1d50a6e395,0,True,0,43.833,3.0502162274068727,2.755320825168869,155.21292533022446,0.012741514560024153,1.6897901579650446e-13,fb8c4bf,2026-10-03T03:29:45+00:00,3.0610470785499975,155.38117653720894,True,0.004914132478403793,3.5,2.755320825168869,0.2502505111386139,5.0,1.0505138425820348e-12,True,True,-2.3946589196589367,-2.187012051356809,-2.0999236196187696,-2.0491072188870176,-2.014870426344604,-1.9704692696581618,-1.9421277146571245,-1.922027477997906,-1.9068137268816416,-1.8947789451587689,-1.8849507350231296,,10613,92,1.5,False,False,v1.1-frozen
C0345_T300,manual,0,C0345,C0345,300.0,0.9364785000681876,1.0568314634263516,-1126315111294.389,0.8124198608100415,47d2b332eac4,1dab7e7ac807,5e1d50a6e395,0,True,12,92.624,4.217617281424301,2.267601303505467,113.83998002738527,0.01557401318701761,8.025626420527695e-14,fb8c4bf,2026-10-03T03:48:49+00:00,4.225261393559883,114.22445948325776,True,0.0031238039111459717,4.75,2.267601303505467,0.2953155498462632,4.8953857421875,1.7880499333411786e-12,True,True,-5.503569800267732,-2.619802847265228,-2.325879626407919,-2.1885683887318272,-2.1019023795488763,-1.992743727641763,-1.9236951166203666,-1.8746165921230602,-1.837287472490512,-1.8075994619086162,-1.7832275014880143,,11315,108,1.5,False,False,v1.1-frozen
C0345_T423,manual,0,C0345,C0345,423.0,0.9364785000681876,1.0568314634263516,-1126315111294.389,0.8124198608100415,47d2b332eac4,1dab7e7ac807,5e1d50a6e395,0,True,0,63.436,3.980659284152842,3.0874560190636156,157.71079905582408,0.011383743918184358,1.689790157965045e-13,fb8c4bf,2026-10-03T03:41:06+00:00,3.9833918145788383,158.11081762123402,True,0.0038560170908368357,4.5,3.0874560190636156,0.22207358910170075,5.0,2.007427307818709e-12,True,True,-3.912329030488772,-2.4588327466968654,-2.2562699428672346,-2.164984823302413,-2.1101013748599518,-2.0446756831716937,-2.0055649192408,-1.978836071920813,-1.9590827222355187,-1.9437148824397903,-1.9313171103705244,,11315,92,1.5,False,False,v1.1-frozen
C0346_T300,manual,0,C0346,C0346,300.0,0.8903638858348132,0.8134662777185441,-542157156392.9319,1.029361103847623,7b36933db4f1,1dab7e7ac807,5e1d50a6e395,0,True,0,44.591,2.1810082305963503,1.9024155814515102,108.56604525854485,0.018514452132573384,8.025626420527696e-14,fb8c4bf,2026-10-03T03:35:37+00:00,2.19567118717107,109.33928967096362,True,0.00409601730384445,2.5,1.9024155814515102,0.3567514830483133,5.0,1.3623553835850798e-12,True,True,-2.216304336143592,-2.0898233087720794,-2.0112896205473003,-1.9559445157506203,-1.9140339448019705,-1.853494492824409,-1.810906149385587,-1.778743376914233,-1.7532966982804352,-1.7324891347795712,-1.7150513990578924,,11432,92,1.5,False,False,v1.1-frozen
C0346_T423,manual,0,C0346,C0346,423.0,0.8903638858348132,0.8134662777185441,-542157156392.9319,1.029361103847623,7b36933db4f1,1dab7e7ac807,5e1d50a6e395,0,True,0,45.269,1.9591144899237352,2.8531562825814034,149.70120438023326,0.012305864440818586,1.6897901579650446e-13,fb8c4bf,2026-10-03T03:37:09+00:00,1.9643250763255087,150.17409503561197,True,0.004763849231054412,2.5,2.8531562825814034,0.2415823592174503,5.0,2.050028075263638e-12,True,True,-2.184802445252617,-2.1056166349690284,-2.058829457597399,-2.027114169189558,-2.003818132371589,-1.971266105164698,-1.949124665273215,-1.9327997386742661,-1.92011455420118,-1.9098878733312603,-1.9014157540540422,,11432,92,1.5,False,False,v1.1-frozen
C0347_T300,manual,0,C0347,C0347,300.0,1.1778848174959422,1.1425641052424909,-1398255509324.3718,0.949601573869586,84a1bda49577,1dab7e7ac807,5e1d50a6e395,0,True,15,83.529,5.043699169190552,2.0995759336578925,115.26627406240131,0.016814900433855487,8.025626420527696e-14,fb8c4bf,2026-10-03T03:32:21+00:00,5.061951859210055,115.60691248097487,True,0.0036151779305097723,5.5,2.0995759336578925,0.31934946388571794,4.992516934871674,8.386312477792757e-13,True,True,-13.09552105981267,-4.261813273379191,-2.4947328427431312,-2.2471623067617776,-2.1225647833191674,-1.983639519569734,-1.902597056026845,-1.8473259043986496,-1.806342008622365,-1.7743056999315738,-1.7483327185750794,,9911,117,1.5,False,False,v1.1-frozen
C0347_T423,manual,0,C0347,C0347,423.0,1.1778848174959422,1.1425641052424909,-1398255509324.3718,0.949601573869586,84a1bda49577,1dab7e7ac807,5e1d50a6e395,0,True,0,41.677,4.802531758792948,2.870114002533236,160.04978037838157,0.012239505671947006,1.6897901579650443e-13,fb8c4bf,2026-10-03T03:31:41+00:00,4.813937266158328,160.2853296613702,True,0.004282772811948603,5.25,2.870114002533236,0.23946355749571596,5.0,1.0413298326010873e-12,True,True,-8.738552170616712,-3.2577194366902695,-2.3666121733440555,-2.1971179109543137,-2.115156530532428,-2.0291464139827884,-1.9820560449347113,-1.9512831494614686,-1.9291488304488669,-1.91223612208269,-1.8987649103546915,,9911,92,1.5,False,False,v1.1-frozen
C0348_T300,manual,0,C0348,C0348,300.0,1.144980388879776,0.8696807645261289,-1031022321432.8289,0.9714434072375298,8d286d116bdc,1dab7e7ac807,5e1d50a6e395,0,True,0,42.331,3.483894807575939,1.9358645457329906,109.83932193333534,0.018205555800806177,8.025626420527695e-14,fb8c4bf,2026-10-03T03:30:10+00:00,3.487502951140373,110.08015796161341,True,0.0038922869461312654,4.0,1.9358645457329906,0.3494655791493243,5.0,1.2754891299712193e-12,True,True,-2.7108607427931823,-2.295060193495525,-2.137917022968775,-2.0450444346004617,-1.9810086342432522,-1.8953344385622486,-1.8386741010756726,-1.7973903852916413,-1.765476127096196,-1.7397960578704639,-1.718524552570168,,10145,92,1.5,False,False,v1.1-frozen
C0348_T423,manual,0,C0348,C0348,423.0,1.144980388879776,0.8696807645261289,-1031022321432.8289,0.9714434072375298,8d286d116bdc,1dab7e7ac807,5e1d50a6e395,0,True,0,44.823,3.258113686358971,2.759753077938553,151.62204470374286,0.012720379833986842,1.6897901579650443e-13,fb8c4bf,2026-10-03T03:30:55+00:00,3.2607024094611523,151.90824712377292,True,0.004684737866128975,3.75,2.759753077938553,0.2499175230490401,5.0,1.4705822188552699e-12,True,True,-2.5047011006921966,-2.2272467459953345,-2.1239904539373713,-2.0659585678698322,-2.027562622656878,-1.978407552911523,-1.9472959453598524,-1.9253002641872516,-1.9086647161596737,-1.8954999203431373,-1.884737901414879,,10145,92,1.5,False,False,v1.1-frozen
C0349_T300,manual,0,C0349,C0349,300.0,0.8324464872479439,1.1988013327121734,-909420560114.0856,1.0512539990246297,a75283fe2286,1dab7e7ac807,5e1d50a6e395,0,True,12,98.967,4.033369408372138,2.0783579056590065,116.1868077171263,0.016978188775666595,8.025626420527699e-14,fb8c4bf,2026-10-03T03:52:47+00:00,4.047268015312493,116.2213985102416,True,0.0038531216130964106,4.5,2.0783579056590065,0.3234787785639282,4.952056884765625,1.70279905063908e-12,True,True,-4.195755544119234,-2.465523545957067,-2.2258120254640352,-2.1065924325036143,-2.030161066165743,-1.9333686331471058,-1.8721911340720785,-1.8288741605987384,-1.7960758173412001,-1.770108641930069,-1.7488826234981736,,11900,107,1.5,False,False,v1.1-frozen
C0349_T423,manual,0,C0349,C0349,423.0,0.8324464872479439,1.1988013327121734,-909420560114.0856,1.0512539990246297,a75283fe2286,1dab7e7ac807,5e1d50a6e395,0,True,0,56.249,3.7881933374607373,3.0342036417040994,161.57430383594829,0.01158278142766766,1.689790157965045e-13,fb8c4bf,2026-10-03T03:37:00+00:00,3.7972483852147967,161.86308347948085,True,0.004420961836324182,4.25,3.0342036417040994,0.22604472001971262,5.0,1.1938370324930123e-12,True,True,-3.2101715603470127,-2.356420978028635,-2.19833947813765,-2.123114074366243,-2.0770978141430128,-2.02175370229031,-1.98855459718195,-1.9658804527622915,-1.9491596955495212,-1.936187138912566,-1.925753137541411,,11900,92,1.5,False,False,v1.1-frozen
C0350_T300,manual,0,C0350,C0350,300.0,0.9910740721970795,0.9312166385352612,-1259081452153.623,0.8843090001493693,363718b4cbf8,1dab7e7ac807,5e1d50a6e395,0,True,0,29.959,4.191711591924563,2.126871103002329,111.2407589667016,0.016589547888579616,8.025626420527696e-14,fb8c4bf,2026-10-03T03:22:02+00:00,4.204855528338939,111.65584917052051,True,0.003449813800986913,4.5,2.126871103002329,0.31628052801476836,5.0,8.083475295378451e-13,True,True,-5.3443615451759445,-2.5633734080508193,-2.279103295666681,-2.1460977630680653,-2.062389004535996,-1.9573474877689778,-1.8911420900926212,-1.8441845654564666,-1.8085136684299232,-1.7801654495495145,-1.756903102026339,,10964,92,1.5,False,False,v1.1-frozen
C0350_T423,manual,0,C0350,C0350,423.0,0.9910740721970795,0.9312166385352612,-1259081452153.623,0.8843090001493693,363718b4cbf8,1dab7e7ac807,5e1d50a6e395,0,True,0,33.268,3.962043582143272,2.9587637578242036,153.72201639753,0.011872798381098814,1.6897901579650449e-13,fb8c4bf,2026-10-03T03:22:47+00:00,3.9671429666905906,154.23475963423482,True,0.004216031385906984,4.5,2.9587637578242036,0.23233122683716628,5.0,1.213727693486405e-12,True,True,-3.8247836280084795,-2.414847530936304,-2.2214151004270994,-2.1346525032955004,-2.0826623474844927,-2.020834353695343,-1.9839117056076947,-1.958667701976211,-1.9399930640662182,-1.925446907141912,-1.9136973814404383,,10964,92,1.5,False,False,v1.1-frozen
C0351_T300,manual,0,C0351,C0351,300.0,1.0785403583198785,1.000545784831047,-677459031343.4601,1.1882878061383964,eda4ac2ced03,1dab7e7ac807,5e1d50a6e395,0,True,0,32.697,3.0055847069856343,1.800839745346839,112.29398587766003,0.019558186430076657,8.025626420527696e-14,fb8c4bf,2026-10-03T03:29:56+00:00,3.0084352822292635,112.2819944602107,True,0.004467381783283628,3.5,1.800839745346839,0.37678345709983624,5.0,9.068813408563692e-13,True,True,-2.392626729543285,-2.160648816648606,-2.04507816933597,-1.9710768080036853,-1.918052736132544,-1.8450688892811182,-1.7958124793450314,-1.7595670342488978,-1.7314004856383014,-1.7086714184607927,-1.6898159727745883,,10496,92,1.5,False,False,v1.1-frozen
C0351_T423,manual,0,C0351,C0351,423.0,1.0785403583198785,1.000545784831047,-677459031343.4601,1.1882878061383964,eda4ac2ced03,1dab7e7ac807,5e1d50a6e395,0,True,0,29.014,2.771002115415164,2.696676834945862,155.5658799071381,0.013016273328237545,1.6897901579650449e-13,fb8c4bf,2026-10-03T03:20:34+00:00,2.7766580750176333,155.80263243062308,True,0.005092615363308743,3.25,2.696676834945862,0.2559176706932512,5.0,1.4361289935038712e-12,True,True,-2.2967187735937062,-2.144566189161646,-2.0721818719531284,-2.027866468088015,-1.9972232591153416,-1.9566238007750225,-1.9302509168476258,-1.9113544535670204,-1.8969561600712719,-1.8855133402418365,-1.8761366828017643,,10496,92,1.5,False,False,v1.1-frozen
C0352_T300,manual,0,C0352,C0352,300.0,1.0825883615761995,0.8574346285313368,-983637063764.0356,1.0077921103686094,839a7cd15df2,1dab7e7ac807,5e1d50a6e395,0,True,0,47.651,3.334753616195649,1.9129645055117939,109.54231858671871,0.018419562461903842,8.025626420527695e-14,fb8c4bf,2026-10-03T03:35:06+00:00,3.3601255324266566,110.19694354064636,True,0.004113594379903961,3.75,1.9129645055117939,0.35403328492534775,5.0,1.8435872954588555e-12,True,True,-2.5881569813244676,-2.2524075602587876,-2.1106702812116978,-2.0245790381725204,-1.964480841420366,-1.8833590218390368,-1.829368319478089,-1.789903810073532,-1.7593405476147042,-1.7347206902432761,-1.714313581741358,,10496,93,1.5,False,False,v1.1-frozen
C0352_T423,manual,0,C0352,C0352,423.0,1.0825883615761995,0.8574346285313368,-983637063764.0356,1.0077921103686094,839a7cd15df2,1dab7e7ac807,5e1d50a6e395,0,True,0,41.311,3.111177469427596,2.7679551046371036,151.20328483254286,0.012682593155686518,1.6897901579650443e-13,fb8c4bf,2026-10-03T03:30:27+00:00,3.1250701565159553,151.28371970836864,True,0.004739685654514985,3.5,2.7679551046371036,0.24919263828569785,5.0,2.066011585439037e-12,True,True,-2.425412265245811,-2.2009064137790877,-2.109411233765384,-2.0565267057851466,-2.02104938379647,-1.9751477596193148,-1.9458588927154834,-1.9250616348058034,-1.909291797682299,-1.896791939036024,-1.8865629639239923,,10496,93,1.5,False,False,v1.1-frozen
C0353_T300,manual,0,C0353,C0353,300.0,0.9950613234192132,1.1865353990346192,-1081809908151.6266,0.9148961532860994,68087e336584,1dab7e7ac807,5e1d50a6e395,0,True,12,93.252,4.415582342097798,2.1592215772949896,116.11396021499776,0.016351530139834123,8.025626420527696e-14,fb8c4bf,2026-10-03T03:50:23+00:00,4.433280089295033,117.05835729213032,True,0.003387712349823886,4.75,2.1592215772949896,0.3104763404244918,4.86407470703125,9.375277247244962e-13,True,True,-7.126216940750274,-2.711230488743355,-2.334487561274201,-2.1810513072011823,-2.0880844261756075,-1.9740408653906578,-1.9033126974422325,-1.8536115249974239,-1.816101747719573,-1.7864416007900652,-1.7622019160624234,,10964,109,1.5,False,False,v1.1-frozen
C0353_T423,manual,0,C0353,C0353,423.0,0.9950613234192132,1.1865353990346192,-1081809908151.6266,0.9148961532860994,68087e336584,1dab7e7ac807,5e1d50a6e395,0,True,0,59.779,4.171517005870635,2.9885743386779144,161.3285406457874,0.011757993824802011,1.6897901579650449e-13,fb8c4bf,2026-10-03T03:42:06+00:00,4.181183542906475,161.69763977550355,True,0.003969609927378897,4.75,2.9885743386779144,0.22963610721451932,5.0,2.5557947741990314e-12,True,True,-4.88278735419026,-2.5163040394372134,-2.2622244059119208,-2.159901857760183,-2.1007938635469823,-2.032214651946968,-1.9920561530596563,-1.9649337677610934,-1.9450479715225024,-1.929666772234632,-1.9173139905756156,,10964,93,1.5,False,False,v1.1-frozen
C0354_T300,manual,0,C0354,C0354,300.0,0.8286820352077484,0.9431694339960812,-743860136717.5579,1.1448291473090648,f05ba9799306,1dab7e7ac807,5e1d50a6e395,0,True,0,49.585,3.010552820925248,1.9180864593344413,111.18149519685538,0.01837134375897097,8.025626420527698e-14,fb8c4bf,2026-10-03T03:36:27+00:00,3.0158377796697997,111.06595731547353,True,0.004357724116335317,3.5,1.9180864593344413,0.35297841688311227,5.0,1.361761223443909e-12,True,True,-2.4049317392802623,-2.1751041123132366,-2.061484995336725,-1.9891328809598012,-1.9375115257060536,-1.8667947854487847,-1.8193110835150532,-1.7845081241318304,-1.757550923511333,-1.7358590763690667,-1.7179091428064714,,11900,92,1.5,False,False,v1.1-frozen
C0354_T423,manual,0,C0354,C0354,423.0,0.8286820352077484,0.9431694339960812,-743860136717.5579,1.1448291473090648,f05ba9799306,1dab7e7ac807,5e1d50a6e395,0,True,0,53.339,2.7796719216082195,2.914142660225874,153.80234550123868,0.012052668413269692,1.689790157965044e-13,fb8c4bf,2026-10-03T03:38:02+00:00,2.7872968760389503,153.95132805133366,True,0.004958712499135089,3.25,2.914142660225874,0.23609511680781572,5.0,1.4249589598769798e-12,True,True,-2.3129261944626878,-2.164678063400304,-2.0950110884216495,-2.052688508690537,-2.023588670932207,-1.9852669308331643,-1.960532832987842,-1.9428978156514163,-1.9295152348247901,-1.9189167913576954,-1.9102588813706565,,11900,92,1.5,False,False,v1.1-frozen
C0355_T300,manual,0,C0355,C0355,300.0,1.1411551907658577,1.012518360093236,-1317676733247.9358,0.8277645945549011,45dc0315534e,1dab7e7ac807,5e1d50a6e395,0,True,0,41.683,4.547000830940716,2.191549455648572,112.95233175001162,0.016111031360076678,8.025626420527696e-14,fb8c4bf,2026-10-03T03:33:03+00:00,4.5668938642089385,113.34687118045683,True,0.0033041096639997245,5.0,2.191549455648572,0.3058574989254337,5.0,9.444641249634067e-13,True,True,-8.363930674488365,-2.8405225206753277,-2.3797778618007115,-2.211124462090033,-2.1113769658618007,-1.9905103540339903,-1.9159944947056968,-1.863682448101202,-1.8241695733978303,-1.7928766569952406,-1.7672549288647417,,10145,93,1.5,False,False,v1.1-frozen
C0355_T423,manual,0,C0355,C0355,423.0,1.1411551907658577,1.012518360093236,-1317676733247.9358,0.8277645945549011,45dc0315534e,1dab7e7ac807,5e1d50a6e395,0,True,0,46.035,4.313412306857523,2.940476497761868,156.3297700654197,0.011947703118375,1.6897901579650446e-13,fb8c4bf,2026-10-03T03:32:27+00:00,4.326662351667437,156.52107424437844,True,0.004034696439020159,4.75,2.940476497761868,0.23364780542513633,5.0,1.68522505241199e-12,True,True,-5.738539614875279,-2.59774213933046,-2.2863926677648414,-2.171501044212265,-2.1067678518623865,-2.032681637995541,-1.9896053487597882,-1.9605525184303707,-1.93923405912785,-1.9227155774684288,-1.9094203510264696,,10145,92,1.5,False,False,v1.1-frozen
C0356_T300,manual,0,C0356,C0356,300.0,1.1863765139132738,0.9994556177407504,-1200535161420.703,0.8558777566999197,8d00538c9b60,1dab7e7ac807,5e1d50a6e395,0,True,0,40.826,4.239794512414772,2.1191173050526597,112.64996860596288,0.016654534469102845,8.025626420527695e-14,fb8c4bf,2026-10-03T03:30:52+00:00,4.2422070488044445,112.98066566152288,True,0.003366868135418457,4.75,2.1191173050526597,0.31698862774112735,5.0,1.7528658737282183e-12,True,True,-5.709698371106203,-2.6050849719755056,-2.30235693577346,-2.1629612071583817,-2.075364548583143,-1.9652766046414147,-1.8956799486130187,-1.8461790518705261,-1.808485571751957,-1.7784675022898513,-1.7537896460369415,,9794,92,1.5,False,False,v1.1-frozen
C0356_T423,manual,0,C0356,C0356,423.0,1.1863765139132738,0.9994556177407504,-1200535161420.703,0.8558777566999197,8d00538c9b60,1dab7e7ac807,5e1d50a6e395,0,True,0,43.737,4.006066668870452,2.8743013729370586,155.8939192078551,0.01221994846121336,1.689790157965044e-13,fb8c4bf,2026-10-03T03:31:39+00:00,4.0080563683633725,156.29152467855846,True,0.004146396876149675,4.5,2.8743013729370586,0.23930257363830243,5.0,1.251792935062695e-12,True,True,-4.028698800137483,-2.4412991258880745,-2.2318395233701795,-2.1386006781358895,-2.08272228278259,-2.0161465019805136,-1.9762835497003977,-1.948969306387155,-1.928725369265818,-1.9129306257675924,-1.9001530807034006,,9794,92,1.5,False,False,v1.1-frozen
C0357_T300,manual,0,C0357,C0357,300.0,0.8988919142633677,1.0687816064804792,-860971015878.0217,1.1729934636503458,40eedb95b71c,1dab7e7ac807,5e1d50a6e395,0,True,0,50.885,3.602989955746502,1.9152034374031708,113.65298488604748,0.01840391410820963,8.025626420527696e-14,fb8c4bf,2026-10-03T03:53:38+00:00,3.627424440336438,114.57543360219103,True,0.004367477090629428,4.0,1.9152034374031708,0.3529852516430089,5.0,7.417261249642593e-13,True,True,-2.8040589334616457,-2.2883885122693046,-2.1223915773874644,-2.028201114277671,-1.9646512015379216,-1.881300904860989,-1.8272412093308554,-1.788413214690802,-1.758739509735362,-1.7350898022719254,-1.7156604092003114,,11549,93,1.5,False,False,v1.1-frozen
C0357_T423,manual,0,C0357,C0357,423.0,0.8988919142633677,1.0687816064804792,-860971015878.0217,1.1729934636503458,40eedb95b71c,1dab7e7ac807,5e1d50a6e395,0,True,0,51.111,3.36614568218894,2.871683533612939,157.6519789771843,0.012230464169789922,1.6897901579650443e-13,fb8c4bf,2026-10-03T03:37:52+00:00,3.378935856230024,157.79585302851828,True,0.0047999742479373775,3.75,2.871683533612939,0.23960524077054646,5.0,2.483580526185404e-12,True,True,-2.5575128162926752,-2.2350996847493856,-2.1289719143898305,-2.071688765748593,-2.0346340005398176,-1.9881696655575232,-1.9593559336505555,-1.9392902771118257,-1.924298721645114,-1.9125570603346806,-1.9030445258843178,,11549,91,1.5,False,False,v1.1-frozen
C0358_T300,manual,0,C0358,C0358,300.0,0.9277826458215712,0.8011976558715106,-1464667850174.0098,0.993062699586153,9294602cc01b,1dab7e7ac807,5e1d50a6e395,0,True,0,31.897,4.285857259490883,2.0138680357065226,108.33543469264362,0.017504620006871467,8.025626420527696e-14,fb8c4bf,2026-10-03T03:22:34+00:00,4.302316181349773,108.71660961550356,True,0.004107194617153159,4.75,2.0138680357065226,0.3355913996670653,5.0,1.4563674906180886e-12,True,True,-6.213546282962881,-2.5559977657072728,-2.2430968516679504,-2.107461859638623,-2.0246657627242546,-1.9231626075597692,-1.8603798297131084,-1.816334093707952,-1.7831141081700572,-1.756847312531631,-1.7353746554863574,,11315,93,1.5,False,False,v1.1-frozen
C0358_T423,manual,0,C0358,C0358,423.0,0.9277826458215712,0.8011976558715106,-1464667850174.0098,0.993062699586153,9294602cc01b,1dab7e7ac807,5e1d50a6e395,0,True,0,31.761,4.065569112175916,2.910625424111,149.35054665280546,0.012065595572606525,1.6897901579650438e-13,fb8c4bf,2026-10-03T03:23:20+00:00,4.078655464873829,149.36822645564797,True,0.004825876548611813,4.5,2.910625424111,0.2365412564035878,5.0,2.8610518658720297e-12,True,True,-4.343722643604124,-2.407172078208248,-2.1997831492452833,-2.1137409009808072,-2.0638159802075067,-2.0057916207679405,-1.9717244077122367,-1.948635490516011,-1.9316429278831269,-1.9184512359174213,-1.9078208609821181,,11315,92,1.5,False,False,v1.1-frozen
C0359_T300,manual,0,C0359,C0359,300.0,1.0402982398867606,1.1303213607519864,-600748414173.7223,1.0859091207385063,5312b32131eb,1dab7e7ac807,5e1d50a6e395,0,True,0,33.685,3.1555813972542954,1.9075106724645925,114.89951316491232,0.018478748063496937,8.0256264205277e-14,fb8c4bf,2026-10-03T03:30:30+00:00,3.173910467219339,115.38022596600106,True,0.0039820608835308986,3.5,1.9075106724645925,0.3543390006351218,5.0,9.127626483395764e-13,True,True,-2.4972887520644234,-2.22445082115662,-2.0961117423578686,-2.0153272912225946,-1.9578920787594793,-1.8792783860524735,-1.8264446240895522,-1.7876616155967933,-1.7575744389329029,-1.733327455601449,-1.713234454871714,,10613,93,1.5,False,False,v1.1-frozen
C0359_T423,manual,0,C0359,C0359,423.0,1.0402982398867606,1.1303213607519864,-600748414173.7223,1.0859091207385063,5312b32131eb,1dab7e7ac807,5e1d50a6e395,0,True,0,28.054,2.9137956691764084,2.791045906859285,159.55703940151977,0.012580884850221703,1.6897901579650443e-13,fb8c4bf,2026-10-03T03:21:02+00:00,2.923634540066492,159.7584316908799,True,0.004476297866962962,3.5,2.791045906859285,0.24679842588588619,5.0,1.3306300505888657e-12,True,True,-2.369353644793307,-2.1874542819288307,-2.1050727980479906,-2.055567376669385,-2.021683360519481,-1.9771871469871207,-1.948514476896893,-1.928081067998556,-1.9125741045450304,-1.900288812622521,-1.890247242957144,,10613,93,1.5,False,False,v1.1-frozen
C0360_T300,manual,0,C0360,C0360,300.0,1.0065506685525178,0.9020189497619868,-1432118426077.068,1.194169057533145,f800704ef6b2,1dab7e7ac807,5e1d50a6e395,0,True,0,50.056,4.491435750442786,1.873021802050128,110.28428709540383,0.018812553962064552,8.025626420527699e-14,fb8c4bf,2026-10-03T03:35:56+00:00,4.4932357859880225,110.38711054386685,True,0.004572189575416853,5.0,1.873021802050128,0.361499930007919,5.0,1.0955871626583402e-12,True,True,-8.028668373084885,-2.6570785750418926,-2.2376675757793296,-2.0852916357577906,-1.996724597528822,-1.8915341594060062,-1.8280272409752105,-1.7841045845836367,-1.7513009073079888,-1.7255522413268918,-1.704623264026191,,10847,92,1.5,False,False,v1.1-frozen
C0360_T423,manual,0,C0360,C0360,423.0,1.0065506685525178,0.9020189497619868,-1432118426077.068,1.194169057533145,f800704ef6b2,1dab7e7ac807,5e1d50a6e395,0,True,0,45.05,4.263260213656535,2.779584201780239,152.422418049861,0.012630953652537087,1.6897901579650446e-13,fb8c4bf,2026-10-03T03:31:12+00:00,4.267112733619398,152.65746930548752,True,0.005215074067635285,4.75,2.779584201780239,0.24800708495925988,5.0,2.214096171316297e-12,True,True,-5.501117099624371,-2.4661214215649165,-2.1962611368029545,-2.0995904774771614,-2.0461356283534555,-1.9859409150936278,-1.9514320840732442,-1.928360320029839,-1.911536041843531,-1.8985638584391986,-1.8881662743621297,,10847,92,1.5,False,False,v1.1-frozen
C0361_T300,manual,0,C0361,C0361,300.0,0.919121477380395,1.0295481618493796,-506371330469.8467,0.876859037950635,f7e06d7ae547,1dab7e7ac807,5e1d50a6e395,0,True,0,47.697,2.704920348170139,2.097540549072173,113.21529155257431,0.01681688478585286,8.025626420527698e-14,fb8c4bf,2026-10-03T03:51:11+00:00,2.715191672328882,113.4796298755662,True,0.003341509644998645,3.25,2.097540549072173,0.321151846146313,5.0,8.132923757870044e-13,True,True,-2.4049980329012146,-2.219874803972431,-2.1154369665451056,-2.044831063503945,-1.9925833280315843,-1.9185505657735504,-1.8672853561251779,-1.8289361029857834,-1.7987895880333442,-1.7742544512025527,-1.7537665424128361,,11432,92,1.5,False,False,v1.1-frozen
C0361_T423,manual,0,C0361,C0361,423.0,0.919121477380395,1.0295481618493796,-506371330469.8467,0.876859037950635,f7e06d7ae547,1dab7e7ac807,5e1d50a6e395,0,True,0,60.781,2.469345237803307,2.979408478852243,156.77615248465727,0.011791370954209653,1.6897901579650443e-13,fb8c4bf,2026-10-03T03:43:07+00:00,2.4734788592936576,157.3344995921271,True,0.004064487359700218,3.0,2.979408478852243,0.23064417538236306,5.0,3.0868447550109367e-12,True,True,-2.3107250512379567,-2.1865132579079187,-2.1198882250407114,-2.076823723425679,-2.0460954182743207,-2.0042765817649646,-1.9764981808095206,-1.956330395463735,-1.9408298855509951,-1.928435697599218,-1.918233169442175,,11432,91,1.5,False,False,v1.1-frozen
C0362_T300,manual,0,C0362,C0362,300.0,0.8542070329189301,0.8971206489950418,-1168906062841.4155,1.0563037626445293,d33868f0824d,1dab7e7ac807,5e1d50a6e395,0,True,0,49.147,3.873563300112824,1.998564933278542,110.32950021602194,0.017639552944406573,8.025626420527698e-14,fb8c4bf,2026-10-03T03:37:17+00:00,3.8981745250576196,111.33473612370415,True,0.0041698117904999,4.25,1.998564933278542,0.3380169686393703,5.0,1.5630749476144234e-12,True,True,-3.409438503424333,-2.379052256132097,-2.173934937492897,-2.066504455776712,-1.996460945384181,-1.9068108321547985,-1.8496814741564382,-1.8090116427512688,-1.7780857901811304,-1.7535124257936332,-1.7333623168694152,,11783,93,1.5,False,False,v1.1-frozen
C0362_T423,manual,0,C0362,C0362,423.0,0.8542070329189301,0.8971206489950418,-1168906062841.4155,1.0563037626445293,d33868f0824d,1dab7e7ac807,5e1d50a6e395,0,True,0,53.612,3.6478747071956663,2.950160261845975,152.4325302146403,0.011906514664213207,1.689790157965045e-13,fb8c4bf,2026-10-03T03:38:56+00:00,3.659462244473659,152.65314168114165,True,0.004625064822846341,4.0,2.950160261845975,0.2331151991810612,5.0,1.1165842556115635e-12,True,True,-2.8687685391146265,-2.2941228808840197,-2.1609636868156685,-2.0948278030505953,-2.053657891462583,-2.003470497962133,-1.9729909838786386,-1.9519884992969407,-1.9363897488619009,-1.9242153488129086,-1.9143733216928287,,11783,93,1.5,False,False,v1.1-frozen
C0363_T300,manual,0,C0363,C0363,300.0,1.166777653992176,1.1711661364883184,-765681295655.6677,0.9648251473903656,b5ebcd385146,1dab7e7ac807,5e1d50a6e395,0,True,0,39.719,3.640357043971895,2.0021104920305737,115.77648439179688,0.017618842676767877,8.025626420527698e-14,fb8c4bf,2026-10-03T03:33:43+00:00,3.6634936617816214,116.81725034261336,True,0.003607290887195104,4.0,2.0021104920305737,0.33632360946401013,5.0,1.3683003597909263e-12,True,True,-2.920956924397058,-2.3650378873079947,-2.1864987813878125,-2.0839654578560913,-2.0140229887096024,-1.921107670383624,-1.8599997905967107,-1.8156432075579008,-1.7814579478930654,-1.754022622348535,-1.7313497490938574,,9911,93,1.5,False,False,v1.1-frozen
C0363_T423,manual,0,C0363,C0363,423.0,1.166777653992176,1.1711661364883184,-765681295655.6677,0.9648251473903656,b5ebcd385146,1dab7e7ac807,5e1d50a6e395,0,True,0,41.841,3.3992119790819983,2.805461753226808,160.86048603715076,0.012517805366756802,1.6897901579650443e-13,fb8c4bf,2026-10-03T03:33:10+00:00,3.4107369663053824,161.13313857438848,True,0.004125036785849996,4.0,2.805461753226808,0.24536079172471972,5.0,1.0183243137618092e-12,True,True,-2.6360135921131764,-2.2780258683218575,-2.157489029594555,-2.091400835083495,-2.0481756681687786,-1.9933708568224067,-1.959008302790201,-1.9348873425334037,-1.916751810667556,-1.9024718053630594,-1.890848482494912,,9911,93,1.5,False,False,v1.1-frozen
C0364_T300,manual,0,C0364,C0364,300.0,1.1119989771395922,0.8409061666578055,-648539954796.4335,0.9429382976144552,5bddf5d39084,1dab7e7ac807,5e1d50a6e395,0,True,0,41.899,2.515327814890603,1.9145589998247032,109.26060993978398,0.01840180417478921,8.025626420527696e-14,fb8c4bf,2026-10-03T03:31:34+00:00,2.5230963601583487,109.02146523687972,True,0.003870609334383803,3.0,1.9145589998247032,0.354001283322314,5.0,1.5816167286963063e-12,True,True,-2.3082066621856265,-2.1477884017325306,-2.053653858906248,-1.9889678259331935,-1.9406563359621292,-1.8716243157382702,-1.8234387538763217,-1.7871809884474277,-1.75854241020164,-1.7351395952109263,-1.7155274372626035,,10262,92,1.5,False,False,v1.1-frozen
C0364_T423,manual,0,C0364,C0364,423.0,1.1119989771395922,0.8409061666578055,-648539954796.4335,0.9429382976144552,5bddf5d39084,1dab7e7ac807,5e1d50a6e395,0,True,0,42.784,2.291528539161658,2.754840171408367,150.73472645313285,0.01274191565519285,1.6897901579650443e-13,fb8c4bf,2026-10-03T03:32:22+00:00,2.301824198763638,150.8858627120141,True,0.0046582769937599695,2.75,2.754840171408367,0.25048545687206447,5.0,2.4983566063529575e-12,True,True,-2.23634841564121,-2.1307833973864385,-2.0719228136716294,-2.033135315142835,-2.005110102324601,-1.966484327228613,-1.9404896597968309,-1.9214276210107681,-1.9066571875577365,-1.89476527404644,-1.8849179439326207,,10262,92,1.5,False,False,v1.1-frozen
C0365_T300,manual,0,C0365,C0365,300.0,0.8244169119745494,1.1149289045482873,-1286017172969.8777,1.0344680670648814,aac17ce27a26,1dab7e7ac807,5e1d50a6e395,0,True,12,98.764,4.712127541958019,2.1236069971785674,114.66397154093943,0.016620597415413937,8.025626420527699e-14,fb8c4bf,2026-10-03T03:55:17+00:00,4.720232118519066,115.4510027747413,True,0.0037716543464101607,5.25,2.1236069971785674,0.3161834740438024,4.979248046875,1.7408203112109685e-12,True,True,-9.806178616348928,-3.0078588316865167,-2.361960284603813,-2.179802933843486,-2.078556227756132,-1.9609425930608047,-1.8909400575169346,-1.8429041511364985,-1.8072295482740024,-1.7793533698687145,-1.756781730457173,,11900,107,1.5,False,False,v1.1-frozen
C0365_T423,manual,0,C0365,C0365,423.0,0.8244169119745494,1.1149289045482873,-1286017172969.8777,1.0344680670648814,aac17ce27a26,1dab7e7ac807,5e1d50a6e395,0,True,0,53.158,4.471300886827791,3.0688499235534326,159.14166995703204,0.011453050587107482,1.6897901579650449e-13,fb8c4bf,2026-10-03T03:38:45+00:00,4.474925600344663,159.65944870119654,True,0.004388634407926349,5.0,3.0688499235534326,0.22339515374071398,5.0,2.397572489903679e-12,True,True,-6.692266816684847,-2.6805948959071477,-2.2870571418098957,-2.1684193232670204,-2.1057330149449855,-2.03712849942003,-1.9986801323555472,-1.9733402766011752,-1.9550572446351246,-1.9410788210367151,-1.9299525839163283,,11900,92,1.5,False,False,v1.1-frozen
C0366_T300,manual,0,C0366,C0366,300.0,0.951842799782753,0.958281883224845,-889229518361.3896,0.8050255961716175,bde488855cff,1dab7e7ac807,5e1d50a6e395,0,True,0,31.436,3.410928919515233,2.193506184692446,111.89382706400397,0.016088829936812654,8.025626420527698e-14,fb8c4bf,2026-10-03T03:23:06+00:00,3.4328994962900765,112.70986878006461,True,0.003217408569890669,3.75,2.193506184692446,0.3063970843637988,5.0,9.367003700466725e-13,True,True,-2.7299363064180038,-2.3566892737513534,-2.2032527050350375,-2.110098993125053,-2.044906302254692,-1.9565641403391243,-1.8975087601834573,-1.854206272178076,-1.8205950684291905,-1.7934755389005366,-1.7709691907651846,,11198,93,1.5,False,False,v1.1-frozen
C0366_T423,manual,0,C0366,C0366,423.0,0.951842799782753,0.958281883224845,-889229518361.3896,0.8050255961716175,bde488855cff,1dab7e7ac807,5e1d50a6e395,0,True,0,32.89,3.182658738619749,3.0234362590201678,154.68102407393414,0.011620896586105763,1.6897901579650446e-13,fb8c4bf,2026-10-03T03:23:53+00:00,3.1916977934562327,155.30431787236176,True,0.003868038666699799,3.75,3.0234362590201678,0.2271673470141291,5.0,2.0901389569680774e-12,True,True,-2.5302391387385645,-2.2750577910750827,-2.1724572013336734,-2.1132386598449138,-2.073522723925133,-2.0221638621818285,-1.9894338929990174,-1.966229664968401,-1.9486630966209677,-1.934760363565576,-1.923399237572643,,11198,93,1.5,False,False,v1.1-frozen
C0367_T300,manual,0,C0367,C0367,300.0,1.064260546863079,1.0858338359743356,-1049230022355.914,1.1222860798239709,dccced653551,1dab7e7ac807,5e1d50a6e395,0,True,0,35.183,4.085016630554403,1.9139538874970903,114.04980694398515,0.01841932166667357,8.025626420527694e-14,fb8c4bf,2026-10-03T03:31:05+00:00,4.109223926272722,114.70458970820685,True,0.004222548457717655,4.5,1.9139538874970903,0.3528548755376172,5.0,6.959346293688995e-13,True,True,-4.555983938831383,-2.45175744901305,-2.1985841657679757,-2.0759102883337226,-1.9979826377985233,-1.8998373701196531,-1.837980861398296,-1.794198012356216,-1.7610232973022757,-1.7347263677246794,-1.7131996007475943,,10613,93,1.5,False,False,v1.1-frozen
C0367_T423,manual,0,C0367,C0367,423.0,1.064260546863079,1.0858338359743356,-1049230022355.914,1.1222860798239709,dccced653551,1dab7e7ac807,5e1d50a6e395,0,True,0,27.512,3.847026132602042,2.7856281929995657,158.22752056090138,0.012605396280754258,1.6897901579650443e-13,fb8c4bf,2026-10-03T03:21:30+00:00,3.860305801481473,158.24356455766986,True,0.004747857069792426,4.25,2.7856281929995657,0.2472698475357901,5.0,1.0370714703666906e-12,True,True,-3.370320055605226,-2.3375833252338127,-2.1695957430145727,-2.0915396838758613,-2.044173507322556,-1.9874126099191936,-1.9533717220159053,-1.9300757405140823,-1.9128487749803116,-1.8994434966880824,-1.8886292214055782,,10613,92,1.5,False,False,v1.1-frozen
C0368_T300,manual,0,C0368,C0368,300.0,1.0569008603692054,0.9667568974196912,-548176764510.5719,0.9841952867805958,17bed5f48806,1dab7e7ac807,5e1d50a6e395,0,True,0,48.268,2.628268203135218,1.9294206189049865,111.83395747372693,0.018265587915356683,8.025626420527696e-14,fb8c4bf,2026-10-03T03:36:45+00:00,2.6527893987969517,112.83694761398021,True,0.0038643982466736136,3.0,1.9294206189049865,0.3506900448310392,5.0,9.010720605499269e-13,True,True,-2.3382108090491736,-2.164400787934203,-2.0651119808271017,-1.9977059503722194,-1.9477320091035761,-1.8768268816220148,-1.827676061006106,-1.7908812216390102,-1.7619375324740885,-1.7383663445697182,-1.718671057169153,,10613,93,1.5,False,False,v1.1-frozen
C0368_T423,manual,0,C0368,C0368,423.0,1.0569008603692054,0.9667568974196912,-548176764510.5719,0.9841952867805958,17bed5f48806,1dab7e7ac807,5e1d50a6e395,0,True,0,40.85,2.398257602600341,2.792407894826755,154.7185647041025,0.012573223963485265,1.6897901579650449e-13,fb8c4bf,2026-10-03T03:31:53+00:00,2.410004380234193,155.07485125395092,True,0.004375842286481259,2.75,2.792407894826755,0.2468401906102595,5.0,1.8046689429451185e-12,True,True,-2.2602039664840605,-2.1452172089018444,-2.082753583190739,-2.042130799849889,-2.013028874376511,-1.9732598184430565,-1.9467267982722052,-1.9273964431279023,-1.9124966651829143,-1.9005533484058104,-1.8907007753664258,,10613,93,1.5,False,False,v1.1-frozen
C0369_T300,manual,0,C0369,C0369,300.0,0.9693801164627076,1.0892246335744855,-1388360202312.4695,1.0884198054671288,829e9be784df,1dab7e7ac807,5e1d50a6e395,0,True,0,49.038,4.8814912892514055,2.0188869059182846,114.12362858801384,0.017473973026323485,8.025626420527696e-14,fb8c4bf,2026-10-03T03:52:00+00:00,4.904892333081764,115.17265951105094,True,0.004061383781327534,5.25,2.0188869059182846,0.3333712676398114,5.0,7.563976723216499e-13,True,True,-11.383636779340657,-3.450425861350377,-2.389805879506818,-2.1802665317585372,-2.070038171775746,-1.9454695333019019,-1.8725761771301446,-1.8229400409495147,-1.7862280424874715,-1.7576083390218717,-1.7344660290619651,,11081,93,1.5,False,False,v1.1-frozen
C0369_T423,manual,0,C0369,C0369,423.0,0.9693801164627076,1.0892246335744855,-1388360202312.4695,1.0884198054671288,829e9be784df,1dab7e7ac807,5e1d50a6e395,0,True,0,59.543,4.644139417567343,2.905355994984323,158.32947788578645,0.012090952309464878,1.689790157965044e-13,fb8c4bf,2026-10-03T03:44:07+00:00,4.655662451044856,158.61162454004295,True,0.004488630492206786,5.0,2.905355994984323,0.2365935928600696,5.0,1.0916857695608684e-12,True,True,-7.794076295676033,-2.8806664485789066,-2.2993586412190252,-2.161307998873559,-2.092074332981131,-2.018378755283543,-1.977778950964696,-1.9512155177970083,-1.932116743636654,-1.9175394918226112,-1.9059452022160392,,11081,93,1.5,False,False,v1.1-frozen
C0370_T300,manual,0,C0370,C0370,300.0,0.8045571837574244,0.8341523312032223,-788932006806.1351,0.8713800486177207,20858e7651be,1dab7e7ac807,5e1d50a6e395,0,True,0,49.155,2.825547445709149,2.1159532796044087,109.21877554399528,0.016665428847836672,8.025626420527699e-14,fb8c4bf,2026-10-03T03:38:06+00:00,2.851011873928358,110.08878814443335,True,0.0036353655291980445,3.25,2.1159532796044087,0.31893133828536757,5.0,1.0243854375868722e-12,True,True,-2.419636307302965,-2.219936151139579,-2.1124343754100496,-2.041408156757374,-1.9895877184923982,-1.917087628297809,-1.8674252327518368,-1.830516228406623,-1.8016258322340521,-1.778183506254714,-1.7586515328630594,,12017,93,1.5,False,False,v1.1-frozen
C0370_T423,manual,0,C0370,C0370,423.0,0.8045571837574244,0.8341523312032223,-788932006806.1351,0.8713800486177207,20858e7651be,1dab7e7ac807,5e1d50a6e395,0,True,0,49.172,2.603557722319412,3.0584636322131864,150.62438510772552,0.011487463651998493,1.6897901579650443e-13,fb8c4bf,2026-10-03T03:39:46+00:00,2.6183484786696583,150.54405064318877,True,0.004311239082613689,3.0,3.0584636322131864,0.22462973267553496,5.0,2.8216390324237096e-12,True,True,-2.321733547676138,-2.1899633403496095,-2.1228571967006324,-2.080583351568735,-2.050880838969447,-2.0109875603507255,-1.9847671346186027,-1.96583998531941,-1.951342716192869,-1.939775849774403,-1.9302682280586212,,12017,91,1.5,False,False,v1.1-frozen
C0371_T300,manual,0,C0371,C0371,300.0,1.117036252096295,1.1101098954677582,-1151514987461.269,1.1513356450945138,496b33315958,1dab7e7ac807,5e1d50a6e395,0,True,0,39.339,4.378589327702197,1.8962264211201478,114.46274203526852,0.018591975754636874,8.025626420527698e-14,fb8c4bf,2026-10-03T03:34:23+00:00,4.401873202635026,115.06269585419338,True,0.004255598594335521,4.75,1.8962264211201478,0.3560858437252714,5.0,1.6113106414788986e-12,True,True,-6.914081450677567,-2.602625488605004,-2.2440313999908317,-2.0982866751739557,-2.0105714855775325,-1.9038308203779126,-1.838182537725596,-1.7923170310589007,-1.7578463705868157,-1.730674455642726,-1.7085216857293828,,10262,93,1.5,False,False,v1.1-frozen
C0371_T423,manual,0,C0371,C0371,423.0,1.117036252096295,1.1101098954677582,-1151514987461.269,1.1513356450945138,496b33315958,1dab7e7ac807,5e1d50a6e395,0,True,0,43.964,4.139929643293002,2.7526900955541347,158.896495387308,0.012755418049613693,1.6897901579650443e-13,fb8c4bf,2026-10-03T03:33:54+00:00,4.1514780582558,159.14332507023266,True,0.004670718787419443,4.5,2.7526900955541347,0.25029973337718386,5.0,2.564349221034892e-12,True,True,-4.731856493433824,-2.434203852369702,-2.198040355560398,-2.1038469876463477,-2.049764414192705,-1.9873103288040732,-1.9508565211469078,-1.9262666690812518,-1.9082446990926965,-1.894305303132971,-1.8831088056813017,,10262,93,1.5,False,False,v1.1-frozen
C0372_T300,manual,0,C0372,C0372,300.0,1.1624391660094262,0.8779154568910599,-1268747879192.2332,1.1294747464358807,c25c0e92b209,1dab7e7ac807,5e1d50a6e395,0,True,0,42.559,4.047550187706171,1.839812896623013,109.8358989409074,0.019148277918843704,8.025626420527695e-14,fb8c4bf,2026-10-03T03:32:17+00:00,4.066733082711915,110.3284720049572,True,0.00449158698661113,4.5,1.839812896623013,0.368399832052944,5.0,1.4393013550217532e-12,True,True,-4.309182009194267,-2.4100698632571467,-2.1678489003377623,-2.0491979352848975,-1.9736899242474786,-1.8785197666185705,-1.818463514129921,-1.7758804539286877,-1.743550354595132,-1.7178702777774966,-1.69680614668644,,10028,93,1.5,False,False,v1.1-frozen
C0372_T423,manual,0,C0372,C0372,423.0,1.1624391660094262,0.8779154568910599,-1268747879192.2332,1.1294747464358807,c25c0e92b209,1dab7e7ac807,5e1d50a6e395,0,True,0,44.585,3.8219094215797895,2.689523907689041,151.7265491733689,0.013050202377131285,1.689790157965044e-13,fb8c4bf,2026-10-03T03:33:07+00:00,3.8347950596518925,151.6541703260418,True,0.005135920414609011,4.25,2.689523907689041,0.2566647161158792,5.0,1.4707852991069359e-12,True,True,-3.265280883881423,-2.304893177288001,-2.1447664408484712,-2.0699622200897974,-2.02447651692142,-1.9698270562697995,-1.9369177512447793,-1.9142992416906108,-1.8975034468722338,-1.8843827534145978,-1.87376019868368,,10028,92,1.5,False,False,v1.1-frozen
C0373_T300,manual,0,C0373,C0373,300.0,0.8749730676412583,1.1538957707583903,-671668303199.1124,0.8494695961475373,b8a63cdd67f4,1dab7e7ac807,5e1d50a6e395,0,True,14,102.342,3.391799155294699,2.2122184386070307,115.60290563115483,0.01595886961532987,8.025626420527696e-14,fb8c4bf,2026-10-03T03:57:00+00:00,3.41555044784229,116.67236734492914,True,0.0032266995622544795,3.75,2.2122184386070307,0.3031892380187473,4.877464294433594,9.752323075079406e-13,True,True,-2.7187431135590856,-2.3548911627340954,-2.2034227464689295,-2.111091493668979,-2.0463566278575755,-1.958576034364092,-1.8999401944116951,-1.8570176829370448,-1.8237687054563003,-1.796997873462135,-1.7748270129381702,,11549,113,1.5,False,False,v1.1-frozen
C0373_T423,manual,0,C0373,C0373,423.0,0.8749730676412583,1.1538957707583903,-671668303199.1124,0.8494695961475373,b8a63cdd67f4,1dab7e7ac807,5e1d50a6e395,0,True,0,49.724,3.151887189814112,3.09089660183727,160.47969953311247,0.011371512631208038,1.6897901579650446e-13,fb8c4bf,2026-10-03T03:39:35+00:00,3.1637844388868257,160.7735547823137,True,0.0037273181407738395,3.5,3.09089660183727,0.22178641788202946,5.0,1.277173074834665e-12,True,True,-2.5267193688165395,-2.280126165891069,-2.17922958001304,-2.1206719173007613,-2.081315004919408,-2.030400994658293,-1.9980073869132624,-1.9751044362390802,-1.9578192871437903,-1.9441817619004058,-1.9330708255777265,,11549,93,1.5,False,False,v1.1-frozen
C0374_T300,manual,0,C0374,C0374,300.0,0.9022830311208964,0.9230429768562316,-1005593561567.3662,1.016511584445834,3a67a8bad4cb,1dab7e7ac807,5e1d50a6e395,0,True,0,31.681,3.5700247939301497,1.9983347848440367,110.89871498048586,0.017641873639150537,8.025626420527698e-14,fb8c4bf,2026-10-03T03:23:38+00:00,3.5937855401993155,111.62391762583323,True,0.00403145480882078,4.0,1.9983347848440367,0.3380223624247181,5.0,6.743806901798877e-13,True,True,-2.7914805441518826,-2.3116537326138844,-2.147657554722476,-2.053243176080913,-1.9890485803412006,-1.904237810642645,-1.84881932826912,-1.8087872152785136,-1.7780497943758595,-1.753455292904148,-1.733180754140752,,11549,93,1.5,False,False,v1.1-frozen
C0374_T423,manual,0,C0374,C0374,423.0,0.9022830311208964,0.9230429768562316,-1005593561567.3662,1.016511584445834,3a67a8bad4cb,1dab7e7ac807,5e1d50a6e395,0,True,0,34.581,3.3418727208075265,2.919596442310164,153.29198585615234,0.012030096512343479,1.6897901579650438e-13,fb8c4bf,2026-10-03T03:24:27+00:00,3.35583864487243,153.10549279623265,True,0.004644175588102444,3.75,2.919596442310164,0.23565222934933736,5.0,1.532075191036261e-12,True,True,-2.5573946464713773,-2.2476243771015745,-2.14154028899598,-2.083571173865684,-2.0458190298446697,-1.9981801770311394,-1.9684439044748394,-1.947629034634008,-1.9320101332187982,-1.9197308884864166,-1.9097495605474324,,11549,92,1.5,False,False,v1.1-frozen
C0375_T300,manual,0,C0375,C0375,300.0,1.0148167449980974,1.0454879723489283,-930912578478.4556,0.912338237836957,081acdf5678e,1dab7e7ac807,5e1d50a6e395,0,True,0,36.744,3.727106095538373,2.0853569961067,113.48515173879281,0.016918425441826465,8.025626420527695e-14,fb8c4bf,2026-10-03T03:31:42+00:00,3.7322970712741594,113.94798068919177,True,0.0034865684737072373,4.25,2.0853569961067,0.3226714689940304,5.0,1.2142679036399019e-12,True,True,-3.061502212380198,-2.397536719976367,-2.2090243880840377,-2.10338046817441,-2.0321478991235726,-1.93837745540264,-1.8771542922781161,-1.8328996450536215,-1.7988855968336068,-1.7716400581850607,-1.749156514975663,,10847,92,1.5,False,False,v1.1-frozen
C0375_T423,manual,0,C0375,C0375,423.0,1.0148167449980974,1.0454879723489283,-930912578478.4556,0.912338237836957,081acdf5678e,1dab7e7ac807,5e1d50a6e395,0,True,0,30.708,3.490438827373089,2.9226579054193453,157.23258815776296,0.012019008147514039,1.6897901579650446e-13,fb8c4bf,2026-10-03T03:22:01+00:00,3.491777185907579,157.6830259702967,True,0.004213907950305295,4.0,2.9226579054193453,0.23523543885438852,5.0,1.851161409219969e-12,True,True,-2.7180825679664355,-2.302720376111443,-2.175849639520376,-2.108159578123243,-2.064493282398811,-2.009734925438014,-1.9757042345158131,-1.9519365778080977,-1.9341246614282008,-1.9201313704226977,-1.9087608082904366,,10847,92,1.5,False,False,v1.1-frozen
C0376_T300,manual,0,C0376,C0376,300.0,1.032035233080387,0.8237407013773919,-1097743789665.401,0.8208652026951313,40c2edcf2ae6,1dab7e7ac807,5e1d50a6e395,0,True,0,49.841,3.516653085061088,2.112851324152577,109.0582493647172,0.01669250676620562,8.025626420527695e-14,fb8c4bf,2026-10-03T03:37:35+00:00,3.525222968324346,108.96752852019709,True,0.0034525560962349,4.0,2.112851324152577,0.3191386935674925,5.0,1.4638570921967633e-12,True,True,-2.7883270489229623,-2.3528988088872302,-2.190411166334129,-2.0944554247736735,-2.028239608822822,-1.9394838357648716,-1.8806252176431724,-1.837633485713049,-1.804327549077828,-1.7774784390558296,-1.755203604704485,,10730,91,1.5,False,False,v1.1-frozen
C0376_T423,manual,0,C0376,C0376,423.0,1.032035233080387,0.8237407013773919,-1097743789665.401,0.8208652026951313,40c2edcf2ae6,1dab7e7ac807,5e1d50a6e395,0,True,0,39.637,3.294154597043875,2.9236135286752507,150.32944033574037,0.012012508063710339,1.689790157965044e-13,fb8c4bf,2026-10-03T03:32:33+00:00,3.3053019044102485,150.48014051657677,True,0.00427535523762114,3.75,2.9236135286752507,0.2354342684997923,5.0,2.423682470738281e-12,True,True,-2.56178782277334,-2.2675117395672637,-2.15919378484197,-2.0984756132173974,-2.0583456412319343,-2.0070000888526356,-1.9745045570293729,-1.951523315678856,-1.9341343817051486,-1.9203663077917663,-1.9091051879809449,,10730,92,1.5,False,False,v1.1-frozen
C0377_T300,manual,0,C0377,C0377,300.0,0.944611954689026,1.1446429826319218,-961843591183.424,1.1002850338816643,024103704f3e,1dab7e7ac807,5e1d50a6e395,0,True,0,49.465,4.026201823397634,1.979206132331044,115.14583763601382,0.017818478115996482,8.025626420527696e-14,fb8c4bf,2026-10-03T03:52:50+00:00,4.037677139506719,115.1420200387172,True,0.004059822035332097,4.5,1.979206132331044,0.34063128381129204,5.0,1.5465269921695545e-12,True,True,-4.154724886950725,-2.44118678414505,-2.2029471800111065,-2.0843498371010027,-2.0082980423226635,-1.9119492910106712,-1.8510055241210237,-1.8078131486915339,-1.7750755826806213,-1.7491293919966668,-1.7278985264226263,,11198,91,1.5,False,False,v1.1-frozen
C0377_T423,manual,0,C0377,C0377,423.0,0.944611954689026,1.1446429826319218,-961843591183.424,1.1002850338816643,024103704f3e,1dab7e7ac807,5e1d50a6e395,0,True,0,60.013,3.783627409067389,2.8917334164931807,159.96491041488514,0.012147219354320934,1.6897901579650443e-13,fb8c4bf,2026-10-03T03:45:08+00:00,3.791835356669344,160.28654996791104,True,0.004649679426646808,4.25,2.8917334164931807,0.23777991033505327,5.0,1.0109812292879994e-12,True,True,-3.1856679960256145,-2.334978494420586,-2.1776519118824686,-2.102702501633767,-2.0567988960757364,-2.001488231514433,-1.9682222270594614,-1.9454460060899217,-1.9286114376694012,-1.9155231259573002,-1.9049757929196611,,11198,92,1.5,False,False,v1.1-frozen
C0378_T300,manual,0,C0378,C0378,300.0,0.8781288657337427,0.975508750975132,-1361930966377.2583,0.9329523202031852,bf55299c1008,1dab7e7ac807,5e1d50a6e395,0,True,0,49.602,4.544398323718874,2.154245321240955,112.0687406461367,0.01638258605665936,8.025626420527699e-14,fb8c4bf,2026-10-03T03:38:56+00:00,4.5632647840594815,112.56846919929441,True,0.0036741887903545753,5.0,2.154245321240955,0.3118838674264716,5.0,1.895934052982755e-12,True,True,-8.400614787229847,-2.797167239738227,-2.3401219912282833,-2.1768283335956897,-2.0815370714189974,-1.9675948343654859,-1.8982962721500312,-1.8501272887272848,-1.8140261072676676,-1.7856175420451563,-1.762483386286333,,11549,93,1.5,False,False,v1.1-frozen
C0378_T423,manual,0,C0378,C0378,423.0,0.8781288657337427,0.975508750975132,-1361930966377.2583,0.9329523202031852,bf55299c1008,1dab7e7ac807,5e1d50a6e395,0,True,0,52.074,4.312712811021351,3.044359492251523,155.04759708550796,0.011542681146236296,1.689790157965045e-13,fb8c4bf,2026-10-03T03:40:38+00:00,4.32553404409399,155.15927817861308,True,0.004347935451870434,4.75,3.044359492251523,0.22544341613273508,5.0,2.7884409028952096e-12,True,True,-5.758905345478463,-2.5674962886095436,-2.267795124221158,-2.1608342168676367,-2.1015719344548285,-2.034724418092127,-1.996377812713032,-1.970751191625239,-1.9520784678298944,-1.9376933010788768,-1.9261724543053051,,11549,92,1.5,False,False,v1.1-frozen
C0379_T300,manual,0,C0379,C0379,300.0,1.1907057810574768,1.0561567731201649,-701558887027.204,1.0381032291799783,25514e3139cb,1dab7e7ac807,5e1d50a6e395,0,True,0,36.563,3.212265317774834,1.8903990185848725,113.54979199213643,0.0186444317553992,8.025626420527696e-14,fb8c4bf,2026-10-03T03:35:00+00:00,3.220352664088063,113.95146062842987,True,0.003885246183112896,3.75,1.8903990185848725,0.3576922510702685,5.0,1.2293602026611952e-12,True,True,-2.531348912487117,-2.239498960613531,-2.1054882311151815,-2.021660494777025,-1.9621950574836466,-1.8808574467302461,-1.8261520312225643,-1.7859347938885828,-1.7546814433930795,-1.7294508485190978,-1.7085074134802865,,9794,92,1.5,False,False,v1.1-frozen
C0379_T423,manual,0,C0379,C0379,423.0,1.1907057810574768,1.0561567731201649,-701558887027.204,1.0381032291799783,25514e3139cb,1dab7e7ac807,5e1d50a6e395,0,True,0,42.512,2.974666408822335,2.7167197390304016,157.41434398245812,0.012921926734343326,1.6897901579650449e-13,fb8c4bf,2026-10-03T03:34:37+00:00,2.9778829694503184,157.79027205095053,True,0.0045973206872368146,3.5,2.7167197390304016,0.2538513826915893,5.0,2.646980294809625e-12,True,True,-2.388486395415578,-2.1914807356197823,-2.104134676528587,-2.05197967691027,-2.0163695806197013,-1.9696463373758264,-1.939516946822457,-1.9180098745311012,-1.9016558345394319,-1.8886727256825246,-1.8780390700606877,,9794,92,1.5,False,False,v1.1-frozen
C0380_T300,manual,0,C0380,C0380,300.0,1.1361086949706078,0.9317715920507909,-818792009726.1667,1.0662423186004162,ee88a7779e98,1dab7e7ac807,5e1d50a6e395,0,True,0,43.671,3.158382172299163,1.8595937939977114,111.0377961389849,0.0189455497763521,8.025626420527698e-14,fb8c4bf,2026-10-03T03:33:01+00:00,3.176689763870732,112.16413422984628,True,0.004128949375259272,3.5,1.8595937939977114,0.36439760450860875,5.0,1.428786655357448e-12,True,True,-2.483248409178529,-2.2104402397928586,-2.082614980675585,-2.0023630303746276,-1.9453909095019541,-1.8674676795603904,-1.8150766794346909,-1.7765697742025215,-1.7466482559559617,-1.7224927875190152,-1.7024406682618927,,10145,93,1.5,False,False,v1.1-frozen
C0380_T423,manual,0,C0380,C0380,423.0,1.1361086949706078,0.9317715920507909,-818792009726.1667,1.0662423186004162,ee88a7779e98,1dab7e7ac807,5e1d50a6e395,0,True,0,44.619,2.9283483955027507,2.712212580302111,153.49940626834396,0.0129419238302571,1.6897901579650443e-13,fb8c4bf,2026-10-03T03:33:52+00:00,2.936963148614979,154.03028986531632,True,0.0047083801252718206,3.5,2.712212580302111,0.25443212137348886,5.0,2.1174397724172665e-12,True,True,-2.355308679314383,-2.172987848370934,-2.091131530591109,-2.042099687651522,-2.0085759444488427,-1.9645362067299397,-1.9360971618013767,-1.9157710246247244,-1.9002974666632106,-1.8880011605481473,-1.8779213976496154,,10145,93,1.5,False,False,v1.1-frozen
C0381_T300,manual,0,C0381,C0381,300.0,0.8485447496175766,1.0124425515532494,-1244667493738.234,0.9610418558120728,63b096b76014,1dab7e7ac807,5e1d50a6e395,0,True,1,54.691,4.36532378754768,2.137429029318289,112.76887686850945,0.016510431481876937,8.025626420527692e-14,fb8c4bf,2026-10-03T03:57:55+00:00,4.390770862661312,113.55879575527116,True,0.003731923214161709,4.75,2.137429029318289,0.3144300663352559,5.0,1.690626367292762e-12,True,True,-6.805656159714013,-2.645875533300801,-2.297187819120374,-2.1522076259695346,-2.0643858463855826,-1.9570811055197443,-1.8908897294151727,-1.8445699621470912,-1.809724381827246,-1.7822415767826603,-1.759829001947647,,11783,95,1.5,False,False,v1.1-frozen
C0381_T423,manual,0,C0381,C0381,423.0,0.8485447496175766,1.0124425515532494,-1244667493738.234,0.9610418558120728,63b096b76014,1dab7e7ac807,5e1d50a6e395,0,True,0,57.795,4.132396189542731,3.054575641003109,156.14045051644777,0.01150477559164694,1.6897901579650443e-13,fb8c4bf,2026-10-03T03:40:33+00:00,4.1453637917376485,156.17423807353447,True,0.004253656724510191,4.5,3.054575641003109,0.22462185922829636,5.0,2.2957743617536582e-12,True,True,-4.690639040560742,-2.472983116405862,-2.2413089193201703,-2.1477120273015076,-2.0938267268358453,-2.0315806062581467,-1.99528567795477,-1.970837112104145,-1.9529435981022047,-1.9391218481174521,-1.928033655733389,,11783,93,1.5,False,False,v1.1-frozen
C0382_T300,manual,0,C0382,C0382,300.0,0.9775148693472148,0.8675263054668904,-579077196307.4803,1.1783768247812985,ffd0e588771c,1dab7e7ac807,5e1d50a6e395,0,True,0,29.509,2.415997720998494,1.7934449485697643,109.5651878175259,0.01963141709968093,8.025626420527695e-14,fb8c4bf,2026-10-03T03:24:08+00:00,2.432579307066937,110.67776723101214,True,0.0045341535716859754,2.75,1.7934449485697643,0.37911540013242484,5.0,2.005846886432169e-12,True,True,-2.2226681813692566,-2.078180141669542,-1.9928511415084844,-1.9342450665870419,-1.8905766952885432,-1.82844298984863,-1.7853272844800048,-1.7530578288026664,-1.727690504062077,-1.7070483495921287,-1.689814985769776,,11081,93,1.5,False,False,v1.1-frozen
C0382_T423,manual,0,C0382,C0382,423.0,0.9775148693472148,0.8675263054668904,-579077196307.4803,1.1783768247812985,ffd0e588771c,1dab7e7ac807,5e1d50a6e395,0,True,0,33.024,2.19014211635024,2.732872904130319,151.31374935932612,0.012843678336797837,1.6897901579650446e-13,fb8c4bf,2026-10-03T03:25:01+00:00,2.197248096187515,151.87251719467372,True,0.005053108252195399,2.75,2.732872904130319,0.25256949986775395,5.0,2.2459322290644763e-12,True,True,-2.1872559287639923,-2.096206220443864,-2.045049943820171,-2.011275160765766,-1.9868711348769692,-1.9532800777526738,-1.930735553083004,-1.9142552551473515,-1.9015263152969393,-1.8913105796473468,-1.882877381173497,,11081,91,1.5,False,False,v1.1-frozen
C0383_T300,manual,0,C0383,C0383,300.0,1.089951117709279,1.1884056523442268,-1480479849502.4443,0.8990081656724215,ca8971f91117,1dab7e7ac807,5e1d50a6e395,0,True,14,68.187,5.344524804530912,2.2134217362505573,116.18237151598821,0.01596093716549527,8.025626420527695e-14,fb8c4bf,2026-10-03T03:32:50+00:00,5.370210488660457,116.99200242731611,True,0.0034163839413494626,5.75,2.2134217362505573,0.3019021895379725,4.8431291580200195,7.494385551099725e-13,True,True,-13.09552105981267,-6.5361893905186195,-2.66878383931452,-2.324475736042322,-2.1762864516306326,-2.0205995949515048,-1.9328141321715986,-1.8738763713660276,-1.8305772832876355,-1.7969416121172395,-1.7697953875570918,,10379,114,1.5,False,False,v1.1-frozen
C0383_T423,manual,0,C0383,C0383,423.0,1.089951117709279,1.1884056523442268,-1480479849502.4443,0.8990081656724215,ca8971f91117,1dab7e7ac807,5e1d50a6e395,0,True,0,29.532,5.10197793825075,2.9831510204665803,161.4286877833846,0.01178045726870958,1.6897901579650446e-13,fb8c4bf,2026-10-03T03:22:30+00:00,5.116096459992511,161.41144509776595,True,0.00400752960269227,5.5,2.9831510204665803,0.22992905022598142,5.0,1.5879534706023208e-12,True,True,-10.579849227494332,-4.504894361790277,-2.4876770915800077,-2.2523369251455483,-2.1529118183870617,-2.0548500394690405,-2.0032360824722657,-1.970159000150886,-1.9466515420693606,-1.9288378517031566,-1.9147356798533954,,10379,92,1.5,False,False,v1.1-frozen
C0384_T300,manual,0,C0384,C0384,300.0,1.0875381458550692,0.9523000817745924,-837680563330.6504,1.1553940713405608,bf095b505172,1dab7e7ac807,5e1d50a6e395,0,True,0,46.189,3.252123729210117,1.8213125311215608,111.36412330492762,0.019339952573042746,8.025626420527696e-14,fb8c4bf,2026-10-03T03:38:21+00:00,3.2532474004171186,111.33507658519414,True,0.004414752606454658,3.75,1.8213125311215608,0.3724051003101633,5.0,1.7232375308791517e-12,True,True,-2.5064724814142982,-2.2048874669219076,-2.071943005549598,-1.9902633402619556,-1.9329755737115832,-1.8554572479616795,-1.803840479730764,-1.7661457673054755,-1.736993130742133,-1.7135445952628974,-1.694137152909436,,10379,92,1.5,False,False,v1.1-frozen
C0384_T423,manual,0,C0384,C0384,423.0,1.0875381458550692,0.9523000817745924,-837680563330.6504,1.1553940713405608,bf095b505172,1dab7e7ac807,5e1d50a6e395,0,True,0,41.825,3.0206235308671125,2.7061553125555227,154.09077193161858,0.01297077212768231,1.6897901579650449e-13,fb8c4bf,2026-10-03T03:33:15+00:00,3.026275979865641,154.31319837994096,True,0.0050749539695879795,3.5,2.7061553125555227,0.25501466369877634,5.0,2.8513104620478046e-12,True,True,-2.3709700043013298,-2.172080141397834,-2.0876397592417972,-2.0381635059487495,-2.00475306810506,-1.9613315308843022,-1.9335565370866459,-1.9138269190384258,-1.8988746560793621,-1.8870341703453168,-1.8773559140131815,,10379,92,1.5,False,False,v1.1-frozen
C0385_T300,manual,0,C0385,C0385,300.0,0.9750709984451532,1.079463081434369,-1223829670809.2097,0.8719238035380841,ee2e7849a77f,1dab7e7ac807,5e1d50a6e395,0,True,12,86.647,4.494371978100288,2.2015002216399076,114.19141413281986,0.016038465863835703,8.025626420527698e-14,fb8c4bf,2026-10-03T03:54:17+00:00,4.495734983554672,114.4627546913689,True,0.003341445575072082,5.0,2.2015002216399076,0.30444591878706445,4.966796875,9.50792442506032e-13,True,True,-7.8551020968585,-2.7811200748527143,-2.3592228399684534,-2.1980207484033607,-2.10193490232562,-1.985205395264712,-1.913265577631593,-1.8628540132858988,-1.8248600226792713,-1.7948371758732407,-1.7703084942142395,,11081,107,1.5,False,False,v1.1-frozen
C0385_T423,manual,0,C0385,C0385,423.0,0.9750709984451532,1.079463081434369,-1223829670809.2097,0.8719238035380841,ee2e7849a77f,1dab7e7ac807,5e1d50a6e395,0,True,0,61.092,4.256083293650551,3.0236727809527957,158.28063084289712,0.011621996881658745,1.6897901579650443e-13,fb8c4bf,2026-10-03T03:46:09+00:00,4.258053234099628,158.69245258758758,True,0.004056921192701776,4.75,3.0236727809527957,0.22693276137406282,5.0,1.1055611462496663e-12,True,True,-5.382581568874583,-2.561559995915324,-2.278215936466959,-2.1702619677298656,-2.109005366508761,-2.0387294477714506,-1.997887152315911,-1.970395858571739,-1.950272339955992,-1.9347192454243993,-1.9222323186828467,,11081,92,1.5,False,False,v1.1-frozen
C0386_T300,manual,0,C0386,C0386,300.0,0.8476942718029022,0.8470348309725524,-577392990700.9005,1.0925759721547366,1e8f4353a0ab,1dab7e7ac807,5e1d50a6e395,0,True,0,47.722,2.3562274942618338,1.894147323117959,109.22032432949058,0.01859624702516679,8.025626420527698e-14,fb8c4bf,2026-10-03T03:39:44+00:00,2.381571168341528,110.23442194564936,True,0.004377456550198883,2.75,1.894147323117959,0.3581866554884853,5.0,1.019230760534662e-12,True,True,-2.2357992735193095,-2.096557148788876,-2.0132369988694965,-1.9556520709796108,-1.91258727809807,-1.851120239898141,-1.8083596042217844,-1.7763118778993374,-1.7510993845677498,-1.7305746934550572,-1.713436178977708,,11783,93,1.5,False,False,v1.1-frozen
C0386_T423,manual,0,C0386,C0386,423.0,0.8476942718029022,0.8470348309725524,-577392990700.9005,1.0925759721547366,1e8f4353a0ab,1dab7e7ac807,5e1d50a6e395,0,True,0,49.888,2.133652826745095,2.8775282424912403,150.74899468731513,0.012203197480552512,1.6897901579650446e-13,fb8c4bf,2026-10-03T03:41:28+00:00,2.146188326122495,150.8423629602863,True,0.004855531633231845,2.5,2.8775282424912403,0.2393842846342196,5.0,1.6045327323566945e-12,True,True,-2.200603241767946,-2.1134362026536055,-2.0638826658242193,-2.030990561088947,-2.007155698399387,-1.974277760563263,-1.952181768171742,-1.9360223460450434,-1.9235411592237146,-1.913526360618913,-1.9052617139853638,,11783,93,1.5,False,False,v1.1-frozen
C0387_T300,manual,0,C0387,C0387,300.0,1.135227318108082,1.1214465279132129,-1488019701093.4353,0.9848364006727934,f95541e1c439,1dab7e7ac807,5e1d50a6e395,0,True,1,40.573,5.199937159039798,2.082541111286643,114.85996452628822,0.016950344946655784,8.025626420527696e-14,fb8c4bf,2026-10-03T03:35:40+00:00,5.210747686296266,115.35156460216744,True,0.00363814517209027,5.75,2.082541111286643,0.32215754406024405,5.0,6.893079856906681e-13,True,True,-13.09552105981267,-5.3838946835715875,-2.5495901975605357,-2.260854136779035,-2.1265479539557806,-1.981904080579328,-1.8993653134942656,-1.843698503487879,-1.8027079813615416,-1.7708214592954232,-1.7450629494452339,,10145,94,1.5,False,False,v1.1-frozen
C0387_T423,manual,0,C0387,C0387,423.0,1.135227318108082,1.1214465279132129,-1488019701093.4353,0.9848364006727934,f95541e1c439,1dab7e7ac807,5e1d50a6e395,0,True,0,44.085,4.958921199452695,2.8744885607845663,159.4157690482061,0.01222078996808809,1.6897901579650443e-13,fb8c4bf,2026-10-03T03:35:21+00:00,4.964126594748694,159.7583542747646,True,0.004337653582205959,5.5,2.8744885607845663,0.23911194216650064,5.0,2.186429639855442e-12,True,True,-9.757074690899382,-3.8139737738180286,-2.40374875607271,-2.2075965585763724,-2.1193980055600883,-2.030147218472388,-1.9824368321775685,-1.9516280663610144,-1.9296280995779111,-1.9129007198141876,-1.8996250569914086,,10145,92,1.5,False,False,v1.1-frozen
C0388_T300,manual,0,C0388,C0388,300.0,1.1931309837847948,0.8907959092408418,-1120786515064.5376,0.9067163929343224,49f1d9daefcd,1dab7e7ac807,5e1d50a6e395,0,True,0,42.165,3.7570186375610595,2.004372574084084,110.36252222344689,0.017591939181455577,8.025626420527695e-14,fb8c4bf,2026-10-03T03:33:43+00:00,3.760782492198863,110.32575275415456,True,0.003676138853370331,4.25,2.004372574084084,0.3366932746580613,5.0,1.5438487557524382e-12,True,True,-3.1048901158705315,-2.3877596601828874,-2.1949538925506915,-2.0880504163520337,-2.0163154710351074,-1.92216053106631,-1.860746234153069,-1.8163201527867125,-1.78212469903315,-1.754686285079957,-1.7320021910719299,,9794,92,1.5,False,False,v1.1-frozen
C0388_T423,manual,0,C0388,C0388,423.0,1.1931309837847948,0.8907959092408418,-1120786515064.5376,0.9067163929343224,49f1d9daefcd,1dab7e7ac807,5e1d50a6e395,0,True,0,43.855,3.529907392609305,2.790221147910884,152.3842017028254,0.012583267079843185,1.6897901579650443e-13,fb8c4bf,2026-10-03T03:34:36+00:00,3.5380836751316833,152.67308897074906,True,0.004476189616830458,4.0,2.790221147910884,0.24700753309451232,5.0,3.1301640647964937e-12,True,True,-2.736943693456252,-2.2889617228982373,-2.1587655462596955,-2.090110567732549,-2.046026753932338,-1.9908511941796785,-1.956534560585925,-1.9325065875299992,-1.9144434312982266,-1.9002065853982377,-1.8886011215916205,,9794,92,1.5,False,False,v1.1-frozen
C0389_T300,manual,0,C0389,C0389,300.0,0.8806093815714121,1.16523368768394,-944656400009.9896,1.014406318217516,09f26f7f0c58,1dab7e7ac807,5e1d50a6e395,0,True,14,107.021,4.039672417530948,2.081170584687328,115.62043019871038,0.01695490296239769,8.025626420527701e-14,fb8c4bf,2026-10-03T03:59:42+00:00,4.056541621543235,115.77403668649244,True,0.0037745053312109194,4.5,2.081170584687328,0.32307154890571155,4.922881603240967,1.562282207560841e-12,True,True,-4.238806448343702,-2.476621338981261,-2.234150467237517,-2.1134022839152133,-2.035866016251986,-1.9374684426419249,-1.8751182600863625,-1.8308767511536241,-1.797317072702705,-1.770704691466303,-1.748920498114706,,11549,114,1.5,False,False,v1.1-frozen
C0389_T423,manual,0,C0389,C0389,423.0,0.8806093815714121,1.16523368768394,-944656400009.9896,1.014406318217516,09f26f7f0c58,1dab7e7ac807,5e1d50a6e395,0,True,0,49.407,3.7970738219960585,3.000814160465238,160.62622871290066,0.011709988524780461,1.6897901579650446e-13,fb8c4bf,2026-10-03T03:41:23+00:00,3.8075815259882866,160.8528226602164,True,0.004371001602620595,4.25,3.000814160465238,0.22871976153321147,5.0,2.2134873274258745e-12,True,True,-3.2363525439302268,-2.361866247248041,-2.2004955747220984,-2.1235753526550587,-2.0764444450502832,-2.019646886726579,-1.9854952137380153,-1.9621239540101558,-1.944859069046545,-1.9314435305149098,-1.9206380714976936,,11549,92,1.5,False,False,v1.1-frozen
C0390_T300,manual,0,C0390,C0390,300.0,0.9454746633768082,0.9085874516516924,-1356596002355.218,0.8437503699213267,8f2ffd58f451,1dab7e7ac807,5e1d50a6e395,0,True,0,30.71,4.357432847115005,2.1958083293182593,110.81700078240996,0.016073483673457213,8.025626420527698e-14,fb8c4bf,2026-10-03T03:24:38+00:00,4.384173537810595,111.54173276714818,True,0.0034572829023015346,4.75,2.1958083293182593,0.3059235550586549,5.0,8.747395169317329e-13,True,True,-6.759327250364348,-2.6703903732488814,-2.3240790336818864,-2.1771580206053933,-2.0873996031126927,-1.9768505052472172,-1.9080716931764998,-1.8596125912165906,-1.8229489660324747,-1.7938899865724087,-1.770090071128471,,11198,93,1.5,False,False,v1.1-frozen
C0390_T423,manual,0,C0390,C0390,423.0,0.9454746633768082,0.9085874516516924,-1356596002355.218,0.8437503699213267,8f2ffd58f451,1dab7e7ac807,5e1d50a6e395,0,True,0,33.889,4.130960099918449,3.0279728193940083,153.07374593851608,0.011603682892592967,1.6897901579650449e-13,fb8c4bf,2026-10-03T03:25:35+00:00,4.144717945062713,153.17760945457425,True,0.0040835103826216725,4.5,3.0279728193940083,0.22680845685228007,5.0,1.5863629854173666e-12,True,True,-4.687944874023293,-2.4882099920834153,-2.252588799687491,-2.1557459459920585,-2.0995222780699128,-2.0340708901203643,-1.9955933746217953,-1.9695056318178026,-1.9503065253601586,-1.935404148180199,-1.9233971763143678,,11198,93,1.5,False,False,v1.1-frozen
C0391_T300,manual,0,C0391,C0391,300.0,1.032953254878521,1.0357243668287992,-704944440163.672,1.12727171741426,d06e00057724,1dab7e7ac807,5e1d50a6e395,0,True,0,33.616,3.1629811384475306,1.8671853073956504,113.05274226988648,0.018871175710490594,8.025626420527696e-14,fb8c4bf,2026-10-03T03:33:24+00:00,3.180077686507237,113.54329955109765,True,0.0041786174199065235,3.5,1.8671853073956504,0.3626381469203302,5.0,2.197954764267012e-12,True,True,-2.479577785624467,-2.206378541857767,-2.0792099499889574,-1.9996037390241965,-1.9432139584818284,-1.8662999793854,-1.814768384882029,-1.7770123921300913,-1.747757658493126,-1.7242010416118452,-1.7046915098167486,,10730,93,1.5,False,False,v1.1-frozen
C0391_T423,manual,0,C0391,C0391,423.0,1.032953254878521,1.0357243668287992,-704944440163.672,1.12727171741426,d06e00057724,1dab7e7ac807,5e1d50a6e395,0,True,0,32.947,2.9263984898504214,2.764086162196153,156.67768807978976,0.012701782262619376,1.6897901579650449e-13,fb8c4bf,2026-10-03T03:23:03+00:00,2.934968117881818,157.2631873791795,True,0.004702838291190679,3.5,2.764086162196153,0.24938950764478657,5.0,1.3125858219747765e-12,True,True,-2.356125675052016,-2.1754525703628165,-2.094690858418369,-2.046447020863832,-2.013538257090359,-1.9704381697158435,-1.9427170918115533,-1.9229769501534002,-1.908000154205816,-1.8961353363263893,-1.8864367775755184,,10730,93,1.5,False,False,v1.1-frozen
C0392_T300,manual,0,C0392,C0392,300.0,1.0139418590813876,0.8077149961143733,-1262249525636.4346,1.0434311747550964,d7d5f439cbe1,1dab7e7ac807,5e1d50a6e395,0,True,0,47.506,3.8318948416100924,1.919219896440183,108.43119469783358,0.018358692290858274,8.025626420527695e-14,fb8c4bf,2026-10-03T03:39:09+00:00,3.8570164389758173,109.27209952656725,True,0.004308342419750284,4.25,1.919219896440183,0.35299000960035376,5.0,2.0271211282160635e-12,True,True,-3.258543670608841,-2.3540066314388426,-2.155085218557496,-2.049353352289783,-1.9799677722125126,-1.8906419154038465,-1.8333709028167373,-1.792399136395749,-1.7611117095192634,-1.7361582572900522,-1.7156281724431217,,10847,93,1.5,False,False,v1.1-frozen
C0392_T423,manual,0,C0392,C0392,423.0,1.0139418590813876,0.8077149961143733,-1262249525636.4346,1.0434311747550964,d7d5f439cbe1,1dab7e7ac807,5e1d50a6e395,0,True,0,40.819,3.611805581018009,2.8017444657533472,149.5128144058786,0.01253037508171195,1.6897901579650446e-13,fb8c4bf,2026-10-03T03:33:56+00:00,3.625599550088879,149.71872954825471,True,0.004916970654457855,4.0,2.8017444657533472,0.246125121399909,5.0,1.4476980178736198e-12,True,True,-2.7978139777274285,-2.2703542737653977,-2.140306509609786,-2.0747456348093345,-2.0336069416115916,-1.983068956021992,-1.952119780315181,-1.9306505701121595,-1.91461419567599,-1.9020359287281412,-1.8918225531199826,,10847,93,1.5,False,False,v1.1-frozen
C0393_T300,manual,0,C0393,C0393,300.0,0.9013772461563349,1.136449557170272,-672303552739.3221,0.9355468444526196,b40f0eb85254,1dab7e7ac807,5e1d50a6e395,0,True,1,52.594,3.3455052410993633,2.1006564023905367,115.17878538245907,0.016796624379856365,8.025626420527699e-14,fb8c4bf,2026-10-03T03:55:10+00:00,3.3711029886565305,116.0748332549808,True,0.0035573403721277236,3.75,2.1006564023905367,0.3201945811546965,5.0,1.108771264735198e-12,True,True,-2.6532580903148353,-2.3114519157332416,-2.1660114342736216,-2.0770411059872087,-2.01462874003646,-1.9300458878817632,-1.8736202238447868,-1.8323693651610553,-1.8004517587621933,-1.7747779897327063,-1.7535334342517062,,11549,95,1.5,False,False,v1.1-frozen
C0393_T423,manual,0,C0393,C0393,423.0,0.9013772461563349,1.136449557170272,-672303552739.3221,0.9355468444526196,b40f0eb85254,1dab7e7ac807,5e1d50a6e395,0,True,0,59.122,3.1054692329420406,2.997897541460442,159.8725992374479,0.011720611494519813,1.6897901579650449e-13,fb8c4bf,2026-10-03T03:47:09+00:00,3.1194580420549016,159.96680961923948,True,0.004119183088184578,3.5,2.997897541460442,0.22902101374958578,5.0,9.902721004317883e-13,True,True,-2.479330478852949,-2.2497686275505,-2.1544229118960927,-2.098885413420446,-2.061504176055204,-2.0131002575464487,-1.9822830896884962,-1.9604868074730033,-1.9440331346723603,-1.9310497294640163,-1.9204707949650763,,11549,92,1.5,False,False,v1.1-frozen
C0394_T300,manual,0,C0394,C0394,300.0,0.8725356757640839,0.9930843774229288,-1025405271910.131,1.105515431240201,336a4fafebc5,1dab7e7ac807,5e1d50a6e395,0,True,0,49.075,3.7975512884551477,1.969684111370591,112.24190558348846,0.017898554871945218,8.025626420527699e-14,fb8c4bf,2026-10-03T03:40:33+00:00,3.8165757225910752,112.66630038315529,True,0.004225872313067623,4.25,1.969684111370591,0.3428995709078018,5.0,1.026477245706116e-12,True,True,-3.1690976870986596,-2.3516426673720385,-2.1589508216487445,-2.0553520322857852,-1.987053131317427,-1.8989516495831378,-1.8425064008052494,-1.802225802756026,-1.7715607211041404,-1.7471820325103746,-1.7271880429847162,,11549,93,1.5,False,False,v1.1-frozen
C0394_T423,manual,0,C0394,C0394,423.0,0.8725356757640839,0.9930843774229288,-1025405271910.131,1.105515431240201,336a4fafebc5,1dab7e7ac807,5e1d50a6e395,0,True,0,51.783,3.5644852987735227,2.922982312463298,155.38631218381872,0.012017205493070665,1.689790157965045e-13,fb8c4bf,2026-10-03T03:42:21+00:00,3.5767997777977394,155.53380358106074,True,0.004807015293631604,4.0,2.922982312463298,0.2352726972201612,5.0,1.5457635171856055e-12,True,True,-2.750863860448286,-2.2766405495030275,-2.1519695636917944,-2.0883001864488224,-2.0481652868319893,-1.9988017297947118,-1.96863727878517,-1.9477956014614786,-1.932297722366142,-1.9201965123698204,-1.9104129763571593,,11549,92,1.5,False,False,v1.1-frozen
C0395_T300,manual,0,C0395,C0395,300.0,1.1599708750844002,1.0627995159476995,-913057848811.1497,0.8233617972582579,ded42cc4fab1,1dab7e7ac807,5e1d50a6e395,0,True,0,34.955,3.736666590578143,2.1469738199367177,113.92826272602174,0.01644032430187304,8.025626420527695e-14,fb8c4bf,2026-10-03T03:36:16+00:00,3.739835858619458,114.36119497096509,True,0.0031979037444390492,4.25,2.1469738199367177,0.31270140979725786,5.0,9.28919110911873e-13,True,True,-3.1078068219866593,-2.4347142545697267,-2.2416514360617166,-2.132628542057647,-2.058675061904524,-1.960665479507383,-1.8962062647658569,-1.8493511036053483,-1.8131756064108628,-1.7840896198175746,-1.7600100375762955,,10028,92,1.5,False,False,v1.1-frozen
C0395_T423,manual,0,C0395,C0395,423.0,1.1599708750844002,1.0627995159476995,-913057848811.1497,0.8233617972582579,ded42cc4fab1,1dab7e7ac807,5e1d50a6e395,0,True,0,43.081,3.49939613428379,2.9034708551704975,157.86144975575246,0.01209838601130489,1.6897901579650443e-13,fb8c4bf,2026-10-03T03:36:05+00:00,3.4994804362735326,158.3025863702654,True,0.003957379224681113,4.0,2.9034708551704975,0.2367813397626166,5.0,8.418491598272126e-13,True,True,-2.7529404000116764,-2.3251199590294056,-2.1919052217898316,-2.1201154638946287,-2.0734953204524293,-2.014649040773593,-1.9778398222142282,-1.952011121954324,-1.9325829589347545,-1.9172725630006606,-1.9047981113050614,,10028,92,1.5,False,False,v1.1-frozen
C0396_T300,manual,0,C0396,C0396,300.0,1.1178745407611133,0.949346124753356,-545824893750.2504,0.8952417775988579,0f623e4f6382,1dab7e7ac807,5e1d50a6e395,0,True,0,41.273,2.5838591806311744,1.986186823231456,111.60116607513365,0.017748819425038607,8.025626420527696e-14,fb8c4bf,2026-10-03T03:34:25+00:00,2.6095914812527052,112.55234846879308,True,0.003611265978619923,3.0,1.986186823231456,0.3401825023447899,5.0,1.8765811849816942e-12,True,True,-2.3556771990205996,-2.1850241438975124,-2.085738363334699,-2.017665417205848,-1.9668588015273283,-1.8942793851221955,-1.8436236596659543,-1.805513004575457,-1.7754175006416024,-1.7508305290450954,-1.730231763741148,,10145,93,1.5,False,False,v1.1-frozen
C0396_T423,manual,0,C0396,C0396,423.0,1.1178745407611133,0.949346124753356,-545824893750.2504,0.8952417775988579,0f623e4f6382,1dab7e7ac807,5e1d50a6e395,0,True,0,44.874,2.354414542855271,2.8050468662357044,154.28176283835344,0.012516992686112255,1.689790157965044e-13,fb8c4bf,2026-10-03T03:35:21+00:00,2.368862648757386,154.21722878769089,True,0.00427820081482463,2.75,2.8050468662357044,0.2456848681696845,5.0,1.3018735395275982e-12,True,True,-2.2696478636940953,-2.1551352324158533,-2.091757034649925,-2.0501225735139017,-2.0200989269139473,-1.9788063760733603,-1.9510855304919874,-1.9308006255355503,-1.915111481515534,-1.9025000015337539,-1.89207121185843,,10145,91,1.5,False,False,v1.1-frozen
C0397_T300,manual,0,C0397,C0397,300.0,0.8054507855325937,1.0190871510654689,-1392668912187.2188,1.1773457653820514,3d8e9be64456,1dab7e7ac807,5e1d50a6e395,0,True,0,52.437,4.713138979344572,2.0068988374830328,112.68305798188206,0.017573498164400403,8.025626420527696e-14,fb8c4bf,2026-10-03T04:00:35+00:00,4.720695362565331,113.18056767548923,True,0.004287708728481884,5.25,2.0068988374830328,0.3358680659585243,5.0,1.5235598022758868e-12,True,True,-9.944686098415128,-2.965993861250751,-2.312394761177118,-2.1345267418769764,-2.037008789742018,-1.9250586192685712,-1.8591371443478837,-1.814208619925098,-1.7809998532220552,-1.7551417796386128,-1.7342614747735614,,12017,92,1.5,False,False,v1.1-frozen
C0397_T423,manual,0,C0397,C0397,423.0,0.8054507855325937,1.0190871510654689,-1392668912187.2188,1.1773457653820514,3d8e9be64456,1dab7e7ac807,5e1d50a6e395,0,True,0,59.212,4.477423479369274,3.000496571118537,156.15120445929475,0.011710574629562306,1.6897901579650443e-13,fb8c4bf,2026-10-03T03:42:23+00:00,4.48018584648113,156.57052704558882,True,0.004855132967873656,5.0,3.000496571118537,0.22882415136033174,5.0,1.663096203857868e-12,True,True,-6.7910749723231,-2.6453498514275777,-2.2548534555312343,-2.1419630902972533,-2.083191917855091,-2.0195366816683333,-1.9841394344733003,-1.9609057607459552,-1.9441843162645334,-1.931421793883647,-1.9212765229342186,,12017,92,1.5,False,False,v1.1-frozen
C0398_T300,manual,0,C0398,C0398,300.0,0.9717809110879898,0.851502462849021,-805070130154.4905,0.9573734227567912,feacde08a412,1dab7e7ac807,5e1d50a6e395,0,True,0,31.034,2.9053805545986267,1.9696534625606401,109.46745838030213,0.01789218990066451,8.025626420527698e-14,fb8c4bf,2026-10-03T03:25:10+00:00,2.927433572501949,110.30251134131075,True,0.0038677715995990656,3.25,1.9696534625606401,0.3436152640581317,5.0,1.0907170901804444e-12,True,True,-2.413331196972082,-2.199205519347959,-2.0873272968581986,-2.0142821078939273,-1.9613322285972838,-1.8876429953259835,-1.8373757784682905,-1.800101501571555,-1.770962888349733,-1.747336501044147,-1.727658682186151,,10964,93,1.5,False,False,v1.1-frozen
C0398_T423,manual,0,C0398,C0398,423.0,0.9717809110879898,0.851502462849021,-805070130154.4905,0.9573734227567912,feacde08a412,1dab7e7ac807,5e1d50a6e395,0,True,0,30.772,2.683799552246725,2.856445664233515,151.07573956471754,0.012292496317278814,1.6897901579650443e-13,fb8c4bf,2026-10-03T03:26:06+00:00,2.692200932341139,151.5625351376474,True,0.004474518339212153,3.25,2.856445664233515,0.24121269360369388,5.0,2.681835206342995e-12,True,True,-2.311714661542016,-2.1695502261671393,-2.0990614938400864,-2.0551336595414478,-2.0244412430620216,-1.9833883536476171,-1.9564796133401845,-1.9370756855073916,-1.9222169659923751,-1.9103599131484967,-1.9006101390894368,,10964,93,1.5,False,False,v1.1-frozen
C0399_T300,manual,0,C0399,C0399,300.0,1.0593569681048394,1.180211127176881,-1129513648338.616,1.0653088327497244,3f4e80b96edd,1dab7e7ac807,5e1d50a6e395,0,True,0,35.573,4.500352812153514,1.9971030044913802,115.84799604697838,0.01766436781351575,8.025626420527698e-14,fb8c4bf,2026-10-03T03:34:00+00:00,4.500538838968235,116.05282070233957,True,0.003909656989656015,5.0,1.9971030044913802,0.3370159078187493,5.0,1.749155209174297e-12,True,True,-7.891889843277724,-2.7304256136582907,-2.3007993125304633,-2.1415155649216446,-2.0476110098869906,-1.9345661282549678,-1.8654971772659505,-1.8173927455508614,-1.781308143743578,-1.7529019008283195,-1.7297664004358113,,10613,92,1.5,False,False,v1.1-frozen
C0399_T423,manual,0,C0399,C0399,423.0,1.0593569681048394,1.180211127176881,-1129513648338.616,1.0653088327497244,3f4e80b96edd,1dab7e7ac807,5e1d50a6e395,0,True,0,30.725,4.256055543334763,2.8481590461643087,161.02325460862133,0.012332130681984198,1.6897901579650443e-13,fb8c4bf,2026-10-03T03:23:34+00:00,4.257891724142777,161.4260485575819,True,0.004544460668058468,4.75,2.8481590461643087,0.24149148075621854,5.0,1.721261256790535e-12,True,True,-5.37820999180952,-2.5189825641082466,-2.2378034359783276,-2.1331559260463235,-2.0743207038758857,-2.0072789462260094,-1.9685374737939751,-1.9425555536603603,-1.923588758452499,-1.90896188175903,-1.897240332780423,,10613,92,1.5,False,False,v1.1-frozen
C0400_T300,manual,0,C0400,C0400,300.0,1.0636221423745156,0.8734603337943554,-632459118962.2878,0.82879574932158,376f0f8b119f,1dab7e7ac807,5e1d50a6e395,0,True,0,47.198,2.5802650925025397,2.0547796598711487,110.11039119804367,0.01715906496109552,8.025626420527696e-14,fb8c4bf,2026-10-03T03:39:57+00:00,2.606330091193324,111.04210592195297,True,0.003458602195905802,3.0,2.0547796598711487,0.32862124932721587,5.0,1.9817101944438894e-12,True,True,-2.371737335468273,-2.20129668568203,-2.1019349801068783,-2.0337412271328077,-1.9828022446954927,-1.9099501630514713,-1.8590256973075432,-1.820657931414692,-1.790320081792507,-1.7655063815980698,-1.7446962019763366,,10613,93,1.5,False,False,v1.1-frozen
C0400_T423,manual,0,C0400,C0400,423.0,1.0636221423745156,0.8734603337943554,-632459118962.2878,0.82879574932158,376f0f8b119f,1dab7e7ac807,5e1d50a6e395,0,True,0,45.059,2.3557147526442006,2.8710929360438953,151.9594547774507,0.012230532433363635,1.6897901579650443e-13,fb8c4bf,2026-10-03T03:34:42+00:00,2.3706142716427423,151.87965813576304,True,0.004171988420104738,2.75,2.8710929360438953,0.23990262678721025,5.0,2.0714767875262425e-12,True,True,-2.2804623771683095,-2.1658695931421947,-2.102412041211505,-2.060713839932615,-2.030633986660004,-1.9892369939604426,-1.9614159390543342,-1.9410345030888236,-1.9252532692337831,-1.9125546363538544,-1.902043762689391,,10613,91,1.5,False,False,v1.1-frozen
C0401_T300,manual,0,C0401,C0401,300.0,0.951136875152588,1.194728824496269,-1307953490875.6614,1.1485952492803335,2e53bbdb10e3,1dab7e7ac807,5e1d50a6e395,0,True,12,91.252,4.942198542036618,1.9996385210185568,116.02370384585603,0.017642807221145092,8.025626420527699e-14,fb8c4bf,2026-10-03T03:56:41+00:00,4.953848359875449,116.68281661940361,True,0.004048476827044026,5.5,1.9996385210185568,0.3365055324166142,4.9990234375,7.495106965627052e-13,True,True,-11.795775723178409,-3.698151141983107,-2.4003615270486076,-2.1802518575699894,-2.067244560087684,-1.9411002440738914,-1.8679263773541608,-1.8183550933983421,-1.7818264929158039,-1.7534323112872623,-1.7305271247322365,,11198,107,1.5,False,False,v1.1-frozen
C0401_T423,manual,0,C0401,C0401,423.0,0.951136875152588,1.194728824496269,-1307953490875.6614,1.1485952492803335,2e53bbdb10e3,1dab7e7ac807,5e1d50a6e395,0,True,0,59.955,4.696903697482698,2.906088894450202,161.37053100619602,0.012088730652603175,1.6897901579650449e-13,fb8c4bf,2026-10-03T03:48:09+00:00,4.703130997157452,161.5751291315577,True,0.004621107609359966,5.25,2.906088894450202,0.2364474728503911,5.0,2.498353252309753e-12,True,True,-8.060258463106349,-2.9788050505954065,-2.3079889297932126,-2.1635769757406504,-2.0926955533361564,-2.0181632232141116,-1.97747633134655,-1.9510021466401892,-1.9320436325225683,-1.9176192987679668,-1.9061768398253132,,11198,92,1.5,False,False,v1.1-frozen
C0402_T300,manual,0,C0402,C0402,300.0,0.8222160134464502,0.9255938075482846,-891768123023.2119,0.9158295437693597,fa55fa497847,1dab7e7ac807,5e1d50a6e395,0,True,0,49.536,3.320451805975542,2.1137765108505713,111.0731802829511,0.016687207321028574,8.025626420527696e-14,fb8c4bf,2026-10-03T03:41:23+00:00,3.3447968280179796,111.74402874195155,True,0.0036756671469938885,3.75,2.1137765108505713,0.3187581953943871,5.0,1.4288411016662088e-12,True,True,-2.623165695062171,-2.2953447643939775,-2.1544973264184213,-2.0684369336812995,-2.0081884640578584,-1.926727962043968,-1.8724947624920243,-1.832886451444255,-1.802253350186052,-1.7776163383686194,-1.7572293468623015,,12017,93,1.5,False,False,v1.1-frozen
C0402_T423,manual,0,C0402,C0402,423.0,0.8222160134464502,0.9255938075482846,-891768123023.2119,0.9158295437693597,fa55fa497847,1dab7e7ac807,5e1d50a6e395,0,True,0,52.614,3.092302864999156,3.0506221797151123,153.51037001867374,0.011518106614187285,1.689790157965045e-13,fb8c4bf,2026-10-03T03:43:13+00:00,3.1067485350112274,153.3632964056708,True,0.004320333425960058,3.5,3.0506221797151123,0.2250835409888512,5.0,1.2700916707242271e-12,True,True,-2.4587029303310133,-2.2398500292088745,-2.14927749910856,-2.096726112823347,-2.0614485071733553,-2.015860671557555,-1.9868644185265372,-1.9663518855136335,-1.9508566148952875,-1.9386189058600334,-1.9286386583276007,,12017,92,1.5,False,False,v1.1-frozen
C0403_T300,manual,0,C0403,C0403,300.0,1.1097305584698915,1.0058756172657013,-1044742073863.7448,1.011460829526186,6c9571e5a3e3,1dab7e7ac807,5e1d50a6e395,0,True,0,37.746,3.880604605643199,1.9622946778424204,112.57781847334525,0.01796826291209046,8.025626420527696e-14,fb8c4bf,2026-10-03T03:36:54+00:00,3.904678197218706,113.31210741593311,True,0.003913123621892349,4.25,1.9622946778424204,0.34394251513543267,5.0,8.10258977967937e-13,True,True,-3.4510718817055124,-2.403694461555043,-2.1921517176557868,-2.0800742925896976,-2.0063441465425664,-1.9110802150976678,-1.8497919808199441,-1.8058643489248136,-1.772286887416361,-1.745493906427967,-1.7234455696731499,,10262,93,1.5,False,False,v1.1-frozen
C0403_T423,manual,0,C0403,C0403,423.0,1.1097305584698915,1.0058756172657013,-1044742073863.7448,1.011460829526186,6c9571e5a3e3,1dab7e7ac807,5e1d50a6e395,0,True,0,47.851,3.6482117538877334,2.7965281611662647,155.8845381587768,0.012556069996131519,1.6897901579650443e-13,fb8c4bf,2026-10-03T03:36:53+00:00,3.65980272299691,156.0389162114163,True,0.004406355365669565,4.0,2.7965281611662647,0.24632840468482375,5.0,2.844057883923106e-12,True,True,-2.8912830654807893,-2.303675554757594,-2.16198429407089,-2.09042442538008,-2.0454076183406573,-1.989992704625331,-1.956030076308678,-1.9324827984738144,-1.9149121535822178,-1.9011462719104357,-1.8899810134596724,,10262,93,1.5,False,False,v1.1-frozen
C0404_T300,manual,0,C0404,C0404,300.0,1.1674526557326317,0.9818810850381852,-1411883470602.3335,1.0833148825913668,38de0d30f12f,1dab7e7ac807,5e1d50a6e395,0,True,0,43.186,4.667153167342276,1.9265693738018754,112.04793452752394,0.018300718729024522,8.025626420527698e-14,fb8c4bf,2026-10-03T03:35:08+00:00,4.683855376508178,113.14893688290772,True,0.0041025671026235664,5.0,1.9265693738018754,0.3503568149336435,5.0,2.32323135949531e-12,True,True,-9.543116517097879,-2.9045451899394528,-2.3157767625057355,-2.13827935148302,-2.0383096037927406,-1.9211529655472417,-1.8508414683690093,-1.802280119567966,-1.7660129742210224,-1.7375318537712168,-1.7143656036108588,,9911,93,1.5,False,False,v1.1-frozen
C0404_T423,manual,0,C0404,C0404,423.0,1.1674526557326317,0.9818810850381852,-1411883470602.3335,1.0833148825913668,38de0d30f12f,1dab7e7ac807,5e1d50a6e395,0,True,0,42.999,4.433912776636946,2.751480345208471,155.07725554566053,0.012760344388532296,1.6897901579650443e-13,fb8c4bf,2026-10-03T03:36:04+00:00,4.441846126780802,155.38553284232148,True,0.004716841687632601,5.0,2.751480345208471,0.25047994310082,5.0,2.029797296811281e-12,True,True,-6.5264337072112175,-2.6139020784691964,-2.242711488084782,-2.125799555659005,-2.063103487376068,-1.9936379312278263,-1.9542065634450485,-1.9279558406224044,-1.9088528168055934,-1.8941376042966063,-1.88234654307326,,9911,93,1.5,False,False,v1.1-frozen
C0405_T300,manual,0,C0405,C0405,300.0,0.8549251407384872,1.06213700696826,-524657068774.1041,0.9877346586436032,f532a8ee88c3,1dab7e7ac807,5e1d50a6e395,0,True,0,53.17,2.8191660215571637,2.033406355045956,113.72140593445712,0.017342687857152053,8.025626420527695e-14,fb8c4bf,2026-10-03T04:01:28+00:00,2.8426176499471087,114.47441771135347,True,0.0037838554366880495,3.25,2.033406355045956,0.33169467669518277,5.0,1.4003269009194452e-12,True,True,-2.4022547861682804,-2.2030264939409125,-2.0955029128297435,-2.0243286257218154,-1.972355241912974,-1.8996464510900268,-1.8499091581066598,-1.8130200238223257,-1.7842095402320037,-1.7608835924961452,-1.7414892840123526,,11783,93,1.5,False,False,v1.1-frozen
C0405_T423,manual,0,C0405,C0405,423.0,0.8549251407384872,1.06213700696826,-524657068774.1041,0.9877346586436032,f532a8ee88c3,1dab7e7ac807,5e1d50a6e395,0,True,0,56.126,2.582623186365871,2.978931806153162,157.64255225356817,0.011793795646079783,1.6897901579650454e-13,fb8c4bf,2026-10-03T03:43:19+00:00,2.5962966830491374,157.75482452744305,True,0.004373016144979249,3.0,2.978931806153162,0.23063118358045,5.0,1.4956061024109727e-12,True,True,-2.3118275145442317,-2.180416001570934,-2.1129802428157616,-2.0703406948202554,-2.0403308709697887,-2.0000110195204286,-1.9735467157406064,-1.9544888649307262,-1.9399306198049697,-1.9283464016174623,-1.9188491198076485,,11783,92,1.5,False,False,v1.1-frozen
C0406_T300,manual,0,C0406,C0406,300.0,0.921358973160386,0.81722149848938,-1175095358863.473,1.1704965829849243,1d83fe146451,1dab7e7ac807,5e1d50a6e395,0,True,0,32.276,3.6519791121359244,1.860812871812014,108.49844917104024,0.018928095239923552,8.025626420527696e-14,fb8c4bf,2026-10-03T03:25:42+00:00,3.670841602046892,109.52007851280587,True,0.004625509483356378,4.0,1.860812871812014,0.3647073477599763,5.0,8.602615148012305e-13,True,True,-2.838235342812883,-2.271509635810555,-2.10253723603117,-2.0086685386231085,-1.9460487903720987,-1.8646341118298604,-1.8121446846782974,-1.774529503984623,-1.745798368311334,-1.7228930874842558,-1.7040616713015295,,11432,93,1.5,False,False,v1.1-frozen
C0406_T423,manual,0,C0406,C0406,423.0,0.921358973160386,0.81722149848938,-1175095358863.473,1.1704965829849243,1d83fe146451,1dab7e7ac807,5e1d50a6e395,0,True,0,31.577,3.4296987093272406,2.8101352902382493,149.69406461900147,0.012493272859265077,1.6897901579650443e-13,fb8c4bf,2026-10-03T03:26:38+00:00,3.437979944471429,150.12518476727988,True,0.0050474250451155505,4.0,2.8101352902382493,0.24536723083729906,5.0,8.80566453087539e-13,True,True,-2.572826326422614,-2.2206725629138533,-2.113624710415213,-2.0571972473739546,-2.0211078379193967,-1.9761914061555546,-1.9484425665237988,-1.9291210156088157,-1.9146663463750793,-1.9033237747145173,-1.8941155127480058,,11432,93,1.5,False,False,v1.1-frozen
C0407_T300,manual,0,C0407,C0407,300.0,1.0088312704116107,1.1385158859193325,-765347578562.7961,0.8506474547088146,be79f6fa7972,1dab7e7ac807,5e1d50a6e395,0,True,11,60.992,3.573800913954618,2.164762074789919,115.3268987392343,0.016306183566991067,8.025626420527698e-14,fb8c4bf,2026-10-03T03:35:01+00:00,3.5984047280465834,115.97573168243758,True,0.003284430574722931,4.0,2.164762074789919,0.3100482094253725,4.939697265625,8.881479968217692e-13,True,True,-2.8736706244230232,-2.390676877285808,-2.2194182846900494,-2.1188598621620036,-2.049526561074685,-1.9566242554854225,-1.895085190589232,-1.8502197194362857,-1.815539546082985,-1.7876476729108879,-1.7645609185411177,,10847,106,1.5,False,False,v1.1-frozen
C0407_T423,manual,0,C0407,C0407,423.0,1.0088312704116107,1.1385158859193325,-765347578562.7961,0.8506474547088146,be79f6fa7972,1dab7e7ac807,5e1d50a6e395,0,True,0,30.02,3.3336451355284025,2.9820024662936437,160.04379013132265,0.011782712241781457,1.6897901579650446e-13,fb8c4bf,2026-10-03T03:24:05+00:00,3.3478747311528614,160.13153879243148,True,0.003923527820826756,3.75,2.9820024662936437,0.23026697936694582,5.0,1.6097309862956258e-12,True,True,-2.6205999830368056,-2.299554664847388,-2.1833618491101756,-2.11832813052793,-2.0753687959682443,-2.020495967518187,-1.9859005627336157,-1.9615475088988406,-1.9432084119035196,-1.9287547285592594,-1.9169836454783447,,10847,92,1.5,False,False,v1.1-frozen
C0408_T300,manual,0,C0408,C0408,300.0,1.0380729213356972,0.9164757654070854,-1205934789031.744,0.9669305089861154,dd7de04a0152,1dab7e7ac807,5e1d50a6e395,0,True,0,48.861,4.021497072060898,2.013250367940402,110.82653152050747,0.01751500439813892,8.025626420527694e-14,fb8c4bf,2026-10-03T03:40:46+00:00,4.031767558494198,110.7640505441082,True,0.003853305888335987,4.5,2.013250367940402,0.3351369967759267,5.0,1.0556416851770223e-12,True,True,-4.12743995739093,-2.457902816769192,-2.219462734333152,-2.0997073584416013,-2.022586609125557,-1.9244306701534175,-1.8619772498148153,-1.817474685868553,-1.7835766991227033,-1.7565897492919227,-1.7344169831648735,,10613,93,1.5,False,False,v1.1-frozen
C0408_T423,manual,0,C0408,C0408,423.0,1.0380729213356972,0.9164757654070854,-1205934789031.744,0.9669305089861154,dd7de04a0152,1dab7e7ac807,5e1d50a6e395,0,True,0,44.916,3.7926221476394346,2.8590201852705146,153.1391512335065,0.012283017448716281,1.6897901579650443e-13,fb8c4bf,2026-10-03T03:35:27+00:00,3.802930509423182,153.35185457561386,True,0.00458745193975597,4.25,2.8590201852705146,0.24082240001301447,5.0,1.508196326748477e-12,True,True,-3.203126064574629,-2.3410349065740657,-2.180948927471933,-2.1043412732488003,-2.05727220586311,-2.000315598379896,-1.9658529421094768,-1.9421190021350072,-1.924479484764883,-1.9106949312119832,-1.8995339542536256,,10613,92,1.5,False,False,v1.1-frozen
C0409_T300,manual,0,C0409,C0409,300.0,0.9254898071289064,1.0393097139894962,-857528294436.6335,1.061925321444869,5cb5d6210dac,1dab7e7ac807,5e1d50a6e395,0,True,0,50.649,3.530243718989975,1.9733200707451102,113.18627427199279,0.017866753709286084,8.025626420527698e-14,fb8c4bf,2026-10-03T03:57:32+00:00,3.543346106915703,113.25394964851654,True,0.0040314957970948775,4.0,1.9733200707451102,0.34214546406960156,5.0,1.1362980605570313e-12,True,True,-2.7477966960584594,-2.29978256002275,-2.1398369697178348,-2.0467238209032548,-1.983063671863919,-1.8986147320325926,-1.8432822079999818,-1.8032709349056648,-1.7725409152855716,-1.747954349241227,-1.7276916399626434,,11315,93,1.5,False,False,v1.1-frozen
C0409_T423,manual,0,C0409,C0409,423.0,0.9254898071289064,1.0393097139894962,-857528294436.6335,1.061925321444869,5cb5d6210dac,1dab7e7ac807,5e1d50a6e395,0,True,0,61.734,3.2936061094737332,2.893739802688305,156.85025930863804,0.012137753888591214,1.6897901579650443e-13,fb8c4bf,2026-10-03T03:49:11+00:00,3.3036469360246583,157.09687206147194,True,0.0046579003531227545,3.75,2.893739802688305,0.23772882721839794,5.0,1.6083803381377886e-12,True,True,-2.5303336405713464,-2.240508329825244,-2.1370083670758127,-2.07971071256985,-2.0421540020721993,-1.9945414312776233,-1.9647341776599578,-1.9438501798933623,-1.9281783858487533,-1.915861672736999,-1.9058550663831542,,11315,92,1.5,False,False,v1.1-frozen
C0410_T300,manual,0,C0410,C0410,300.0,0.8982291016727686,0.8842381492257119,-1441804482601.583,0.8790619716048241,1d604a90e339,1dab7e7ac807,5e1d50a6e395,0,True,0,48.853,4.485481803729239,2.175161331005553,110.26403975544864,0.016223475384799603,8.025626420527696e-14,fb8c4bf,2026-10-03T03:42:12+00:00,4.488868304600768,110.55038554738339,True,0.0035294756343483688,5.0,2.175161331005553,0.3090784953801058,5.0,7.851505398775806e-13,True,True,-7.917456796417819,-2.7483886755001814,-2.3348537344441644,-2.177448326066633,-2.084225306517429,-1.9717279627241582,-1.9028019835905452,-1.8546587416055815,-1.8184422435722691,-1.789856105811402,-1.7665174169828963,,11549,92,1.5,False,False,v1.1-frozen
C0410_T423,manual,0,C0410,C0410,423.0,0.8982291016727686,0.8842381492257119,-1441804482601.583,0.8790619716048241,1d604a90e339,1dab7e7ac807,5e1d50a6e395,0,True,0,50.915,4.258874612398424,3.040606727216827,152.20781907957925,0.011555639505711021,1.6897901579650446e-13,fb8c4bf,2026-10-03T03:44:05+00:00,4.261763384699027,152.51690362257375,True,0.0043027221756498715,4.75,3.040606727216827,0.22585622033302072,5.0,1.6775469902086115e-12,True,True,-5.4520974391864225,-2.5377089546338554,-2.261607107095635,-2.1584037144197765,-2.10040978049498,-2.034363176434402,-1.9961680641467239,-1.9705033621243313,-1.95172383272565,-1.9372060150385104,-1.9255444797714043,,11549,92,1.5,False,False,v1.1-frozen
C0411_T300,manual,0,C0411,C0411,300.0,1.185646181181073,1.159829504042864,-617748513817.7871,1.1998885698616504,eee9e94e09e6,1dab7e7ac807,5e1d50a6e395,0,True,0,38.548,3.257325795778775,1.7950772374977118,115.3442929499976,0.019626206787178534,8.025626420527698e-14,fb8c4bf,2026-10-03T03:37:32+00:00,3.2609364378316363,115.44636354523175,True,0.004368662079934973,3.75,1.7950772374977118,0.37744101747580194,5.0,1.4051804653167216e-12,True,True,-2.5162228765248678,-2.209749126351922,-2.074504655707157,-1.9911510187086705,-1.9325400299915092,-1.8530410628214529,-1.8000094747881532,-1.7612533254405527,-1.7312743944341789,-1.707163629619702,-1.6872128563540036,,9794,92,1.5,False,False,v1.1-frozen
C0411_T423,manual,0,C0411,C0411,423.0,1.185646181181073,1.159829504042864,-617748513817.7871,1.1998885698616504,eee9e94e09e6,1dab7e7ac807,5e1d50a6e395,0,True,0,39.856,3.0136741974655843,2.6551841937370413,160.30123926851147,0.013219513591205077,1.689790157965044e-13,fb8c4bf,2026-10-03T03:37:33+00:00,3.017469898889017,160.62761151679183,True,0.0049645952370284616,3.5,2.6551841937370413,0.2599130599062154,5.0,1.6135033319610327e-12,True,True,-2.376936051848964,-2.1741401136556315,-2.0871993038915875,-2.035996075985718,-2.0013149664261647,-1.9561421737498232,-1.927214005714404,-1.9066658472177094,-1.8911012700601795,-1.8787845243164818,-1.868724490531963,,9794,92,1.5,False,False,v1.1-frozen
C0412_T300,manual,0,C0412,C0412,300.0,1.1433682784438133,0.8280257143080235,-984890141524.3744,1.1217426110059023,24dcbad34837,1dab7e7ac807,5e1d50a6e395,0,True,0,42.052,3.2456696563816014,1.8013338402594194,108.78996242595962,0.01954845476280544,8.025626420527695e-14,fb8c4bf,2026-10-03T03:35:51+00:00,3.2465810239855135,108.78488681805688,True,0.0044769636979812245,3.75,1.8013338402594194,0.3771660359343514,5.0,7.669143098354425e-13,True,True,-2.4953934460644596,-2.196647366356505,-2.0647008543693612,-1.9836895356971536,-1.9268939422724618,-1.8500281149581321,-1.7987900243919706,-1.7613132691469977,-1.7322798134000847,-1.7088875663760281,-1.68949527114729,,10145,92,1.5,False,False,v1.1-frozen
C0412_T423,manual,0,C0412,C0412,423.0,1.1433682784438133,0.8280257143080235,-984890141524.3744,1.1217426110059023,24dcbad34837,1dab7e7ac807,5e1d50a6e395,0,True,0,41.417,3.0226521538834397,2.6665841628004574,150.09847308245105,0.013160472588340766,1.6897901579650446e-13,fb8c4bf,2026-10-03T03:36:46+00:00,3.0289206550696015,150.25396991528396,True,0.0052054747193207105,3.5,2.6665841628004574,0.25907817335026,5.0,9.604257421286116e-13,True,True,-2.3611751747110135,-2.163558633846871,-2.079866294630994,-2.0308764359948506,-1.9977949969687765,-1.9547581341248375,-1.9271666696941478,-1.907515578153334,-1.892583215911875,-1.8807285150667847,-1.871015752609032,,10145,92,1.5,False,False,v1.1-frozen
C0413_T300,manual,0,C0413,C0413,300.0,0.8309382289648056,1.103590987622738,-1074693659320.4736,0.8009670745581389,e5f68ff7710e,1dab7e7ac807,5e1d50a6e395,0,True,14,108.256,4.213844083803392,2.341934430678582,114.74179835354425,0.015085499149051789,8.025626420527696e-14,fb8c4bf,2026-10-03T04:03:17+00:00,4.222384896395722,115.53598901268514,True,0.0030357021847530574,4.75,2.341934430678582,0.2854083727809591,4.854770660400391,1.5139646496725512e-12,True,True,-5.459363813255581,-2.628604023259089,-2.3367218926889293,-2.2000900127294427,-2.113826419195076,-2.005211600140963,-1.9365760702487431,-1.8878514651910192,-1.850839144847633,-1.8214403153138234,-1.7973351692097692,,11900,112,1.5,False,False,v1.1-frozen
C0413_T423,manual,0,C0413,C0413,423.0,0.8309382289648056,1.103590987622738,-1074693659320.4736,0.8009670745581389,e5f68ff7710e,1dab7e7ac807,5e1d50a6e395,0,True,0,52.79,3.9744170675096493,3.2078507102395233,159.0988061201437,0.010961186750476257,1.6897901579650446e-13,fb8c4bf,2026-10-03T03:44:12+00:00,3.9780078579928495,159.62865054898978,True,0.003731409368026028,4.5,3.2078507102395233,0.21329069288613173,5.0,2.5693930760304154e-12,True,True,-3.885740297331669,-2.4691409940456412,-2.268897941476743,-2.1785110280733697,-2.1241837754246156,-2.059500700772777,-2.0209173113462287,-1.9946077647550058,-1.975206110759314,-1.9601424229245057,-1.9480129503862091,,11900,92,1.5,False,False,v1.1-frozen
C0414_T300,manual,0,C0414,C0414,300.0,0.9957119051367044,0.9727374084293844,-724670408293.6049,1.0338266670703888,2357890bc422,1dab7e7ac807,5e1d50a6e395,0,True,0,32.206,3.051184996159764,1.931825012639703,111.90486127554178,0.01824380217893587,8.025626420527696e-14,fb8c4bf,2026-10-03T03:26:15+00:00,3.071370131140717,112.48397124728949,True,0.004035022069764103,3.5,1.931825012639703,0.3501547330396153,5.0,8.587228907735622e-13,True,True,-2.454714759370576,-2.210360287546674,-2.0897949409473573,-2.012729242990378,-1.9575116798323913,-1.881448282385965,-1.8300406396248459,-1.792161056049285,-1.7626900534229795,-1.7388846455443605,-1.719119616624546,,10964,93,1.5,False,False,v1.1-frozen
C0414_T423,manual,0,C0414,C0414,423.0,0.9957119051367044,0.9727374084293844,-724670408293.6049,1.0338266670703888,2357890bc422,1dab7e7ac807,5e1d50a6e395,0,True,0,31.711,2.8195608759938575,2.8238902769865555,154.86174393703783,0.012434435898442987,1.6897901579650443e-13,fb8c4bf,2026-10-03T03:27:10+00:00,2.8325091425752,154.89166113613055,True,0.004677357761065784,3.25,2.8238902769865555,0.24395586793188298,5.0,2.160277342652219e-12,True,True,-2.3405929006295683,-2.1779832153138936,-2.101415398080806,-2.054718388363954,-2.0224950693654025,-1.9798745412457337,-1.9522263803755777,-1.9324307452772562,-1.9173535713173808,-1.905373912183381,-1.895558358597285,,10964,92,1.5,False,False,v1.1-frozen
C0415_T300,manual,0,C0415,C0415,300.0,1.0832820493727922,1.095597441494465,-1338823494501.412,0.9387822262942792,55ead2456e74,1dab7e7ac807,5e1d50a6e395,0,True,2,38.688,4.794257759975484,2.1129791456888483,114.41719728445877,0.016705783452283594,8.025626420527696e-14,fb8c4bf,2026-10-03T03:35:40+00:00,4.812798593972098,114.68216966872724,True,0.003608037387955466,5.25,2.1129791456888483,0.31758853730801484,5.0,1.2232935169088534e-12,True,True,-10.553629532599656,-3.205460717701389,-2.410813592004458,-2.211745238449512,-2.10235392348238,-1.9753245782561841,-1.899373197094763,-1.8469697372493683,-1.8078485410391256,-1.7771331524098586,-1.7521543194203268,,10496,97,1.5,False,False,v1.1-frozen
C0415_T423,manual,0,C0415,C0415,423.0,1.0832820493727922,1.095597441494465,-1338823494501.412,0.9387822262942792,55ead2456e74,1dab7e7ac807,5e1d50a6e395,0,True,0,31.16,4.555608426445136,2.9143294544491605,158.7045210912218,0.012054513200514472,1.6897901579650446e-13,fb8c4bf,2026-10-03T03:24:36+00:00,4.56748343474972,158.82908090270388,True,0.00427943979305309,5.0,2.9143294544491605,0.23577650558658172,5.0,1.8691539716767646e-12,True,True,-7.214972487408757,-2.7875505880577816,-2.31058889675438,-2.175907678320648,-2.1053041815940334,-2.028027398529338,-1.9845468694409898,-1.9557533202755084,-1.9348804000470698,-1.9188503231213754,-1.9060371721709426,,10496,92,1.5,False,False,v1.1-frozen
C0416_T300,manual,0,C0416,C0416,300.0,1.0809792939573526,0.8401722516864538,-1000480053946.376,0.857322270423174,f73da9f6edf4,1dab7e7ac807,5e1d50a6e395,0,True,0,47.566,3.33507755293421,2.050268676510616,109.35521406838645,0.01719748074830988,8.025626420527698e-14,fb8c4bf,2026-10-03T03:41:34+00:00,3.361421791566346,110.38239219886015,True,0.0036073656738696493,3.75,2.050268676510616,0.3292827898407001,5.0,9.240420928424697e-13,True,True,-2.6395023307326655,-2.3023259026332457,-2.1574619728354953,-2.0686965087078573,-2.006349479616294,-1.9216409243725665,-1.8648768446940533,-1.8231724932171653,-1.7907439348076086,-1.7645351680482966,-1.7427508555266735,,10496,93,1.5,False,False,v1.1-frozen
C0416_T423,manual,0,C0416,C0416,423.0,1.0809792939573526,0.8401722516864538,-1000480053946.376,0.857322270423174,f73da9f6edf4,1dab7e7ac807,5e1d50a6e395,0,True,0,41.578,3.1127891030322994,2.860815054418959,150.8324701639292,0.012274137200166145,1.6897901579650446e-13,fb8c4bf,2026-10-03T03:36:09+00:00,3.1273923052285793,151.10779002912557,True,0.004310955852287155,3.5,2.860815054418959,0.2407960020531485,5.0,2.45010850381323e-12,True,True,-2.4626394322542464,-2.232371813240039,-2.136865119627652,-2.081214837547849,-2.0436956820129946,-1.9949235809983754,-1.9636612558331732,-1.94139007564767,-1.9244587977070746,-1.9110090264861712,-1.8999817040593698,,10496,93,1.5,False,False,v1.1-frozen
C0417_T300,manual,0,C0417,C0417,300.0,0.9935439068824052,1.1157604459673167,-934107360430.0618,1.1654026851058006,df2fe4f32647,1dab7e7ac807,5e1d50a6e395,0,True,0,51.746,3.886576835357182,1.902706201609642,114.56429798572698,0.01852626259293726,8.025626420527695e-14,fb8c4bf,2026-10-03T03:58:25+00:00,3.9092545376451002,115.3005917478288,True,0.0042655116840524445,4.25,1.902706201609642,0.3551350645676536,5.0,1.0061704734134104e-12,True,True,-3.4639216720356636,-2.3709021274380477,-2.161383227689134,-2.0518927165532443,-1.9804424653259085,-1.8888754105872254,-1.8304775011909094,-1.7889055086395582,-1.7573065083632118,-1.7322121845113811,-1.7116469469835254,,10964,93,1.5,False,False,v1.1-frozen
C0417_T423,manual,0,C0417,C0417,423.0,0.9935439068824052,1.1157604459673167,-934107360430.0618,1.1654026851058006,df2fe4f32647,1dab7e7ac807,5e1d50a6e395,0,True,0,58.829,3.6479445016608296,2.8119390480209425,159.0253390622045,0.012488455710681332,1.6897901579650449e-13,fb8c4bf,2026-10-03T03:50:10+00:00,3.658874355252487,159.3132522355696,True,0.004636995437487453,4.0,2.8119390480209425,0.24486376073988106,5.0,2.0418905849311214e-12,True,True,-2.8758593847893046,-2.2861638746243265,-2.1491045478931,-2.080758822991234,-2.038084886017596,-1.9859369565606095,-1.9542228814846028,-1.932368204773645,-1.9161445012017932,-1.903491262009762,-1.8932698824439593,,10964,93,1.5,False,False,v1.1-frozen
C0418_T300,manual,0,C0418,C0418,300.0,0.8333229288458824,0.9606881614774464,-1272419490851.462,0.9951402720063924,b88c59e958ac,1dab7e7ac807,5e1d50a6e395,0,True,0,53.76,4.292785878358611,2.0973423670155302,111.6988783276186,0.016820637437333853,8.025626420527696e-14,fb8c4bf,2026-10-03T03:43:07+00:00,4.3110157151105515,112.1691073845974,True,0.0038902014331523597,4.75,2.0973423670155302,0.32095871675562937,5.0,1.8622866522568458e-12,True,True,-6.203452004749008,-2.583149314237544,-2.2671090358816284,-2.1299242447579667,-2.0459629819307974,-1.9428418819176243,-1.8790466509945585,-1.8343499718892495,-1.8007041670685864,-1.7741575501391122,-1.7525031019905857,,11900,93,1.5,False,False,v1.1-frozen
C0418_T423,manual,0,C0418,C0418,423.0,0.8333229288458824,0.9606881614774464,-1272419490851.462,0.9951402720063924,b88c59e958ac,1dab7e7ac807,5e1d50a6e395,0,True,0,54.276,4.061859984089906,3.035730486653775,154.52856592176312,0.011574955647348532,1.6897901579650449e-13,fb8c4bf,2026-10-03T03:44:59+00:00,4.074396575840468,154.69597198348438,True,0.004533015124447733,4.5,3.035730486653775,0.22614393982611813,5.0,2.3545012283415015e-12,True,True,-4.313185927894843,-2.430960812793548,-2.221961897452907,-2.1346498825283726,-2.0838580399803663,-2.024807286624203,-1.9902153098360091,-1.9668536675223818,-1.9497265388151725,-1.936480664426527,-1.9258447808130519,,11900,92,1.5,False,False,v1.1-frozen
C0419_T300,manual,0,C0419,C0419,300.0,1.145887729525566,1.0835252437740563,-666070321574.8071,1.077489972487092,5273c4312804,1dab7e7ac807,5e1d50a6e395,0,True,0,35.902,3.194866575064673,1.8760129677097304,114.04790443258561,0.018785922355108415,8.025626420527694e-14,fb8c4bf,2026-10-03T03:38:09+00:00,3.2063569955739006,114.66267718781876,True,0.003952525479269954,3.75,1.8760129677097304,0.3605704092021487,5.0,7.133738044728943e-13,True,True,-2.513229202535692,-2.2276903892929165,-2.0958598662428103,-2.0133287046896657,-1.9547891391064969,-1.874769096280059,-1.8210096564174962,-1.7815319410331327,-1.7508850876011364,-1.7261674769966544,-1.7056674381287829,,10145,92,1.5,False,False,v1.1-frozen
C0419_T423,manual,0,C0419,C0419,423.0,1.145887729525566,1.0835252437740563,-666070321574.8071,1.077489972487092,5273c4312804,1dab7e7ac807,5e1d50a6e395,0,True,0,43.125,2.95563560011947,2.7238780135076412,158.19357839811826,0.01288830761355876,1.6897901579650446e-13,fb8c4bf,2026-10-03T03:38:16+00:00,2.9610642721892853,158.73879823478904,True,0.004630721050160491,3.5,2.7238780135076412,0.25315271948614276,5.0,1.5867544590802072e-12,True,True,-2.377018855569479,-2.1855448147724834,-2.100254940021296,-2.049276309916717,-2.0144639174106933,-1.9688008940084447,-1.939377237300221,-1.9183923622254953,-1.9024496564625943,-1.8898041068783467,-1.8794555442243002,,10145,92,1.5,False,False,v1.1-frozen
C0420_T300,manual,0,C0420,C0420,300.0,1.175482526794076,0.9044008795171976,-783303453586.9956,1.0055665127933024,3c6931a7da61,1dab7e7ac807,5e1d50a6e395,0,True,0,41.29,3.0047897283792118,1.8823434923911975,110.53956126050058,0.018718034325902796,8.025626420527696e-14,fb8c4bf,2026-10-03T03:36:32+00:00,3.0073516452305613,110.50778952946693,True,0.003995133801097896,3.5,1.8823434923911975,0.3598736450753767,5.0,1.187448591110642e-12,True,True,-2.435247325585505,-2.200095505611732,-2.081339688748455,-2.004696812458871,-1.9494524680351548,-1.87289187088877,-1.8208224816348542,-1.782268181343482,-1.7521511719520646,-1.7277397606319274,-1.7074100611390814,,9911,92,1.5,False,False,v1.1-frozen
C0420_T423,manual,0,C0420,C0420,423.0,1.175482526794076,0.9044008795171976,-783303453586.9956,1.0055665127933024,3c6931a7da61,1dab7e7ac807,5e1d50a6e395,0,True,0,44.361,2.7766368295340387,2.7121753287647112,152.69774948923742,0.01294185509902267,1.6897901579650443e-13,fb8c4bf,2026-10-03T03:37:31+00:00,2.783898634745109,152.9089725457017,True,0.004753542860211448,3.25,2.7121753287647112,0.2544604746810268,5.0,1.0124550074209936e-12,True,True,-2.322095418800857,-2.16404476424926,-2.087940139822811,-2.041025426868394,-2.008423645140364,-1.9649900243643723,-1.936598169087211,-1.9161481600665091,-1.900494704765981,-1.8880034669807535,-1.8777297782231548,,9911,92,1.5,False,False,v1.1-frozen
C0421_T300,manual,0,C0421,C0421,300.0,0.8879062820225955,1.0272638585418463,-1155156031250.9536,0.9232679665088652,debc344c4d1c,1dab7e7ac807,5e1d50a6e395,0,True,0,48.636,4.2003788854793465,2.1495969572861795,113.10983930773921,0.01641808437922961,8.025626420527699e-14,fb8c4bf,2026-10-03T04:04:06+00:00,4.211432470255315,114.03253672379688,True,0.00348396670125411,4.75,2.1495969572861795,0.31254494053086984,5.0,8.150492000064125e-13,True,True,-5.397392125966404,-2.565332101035367,-2.279320929239316,-2.1465569399947597,-2.06327107939411,-1.9590939511427314,-1.8936833135726245,-1.8474460645635224,-1.8124292515221057,-1.784677516647921,-1.7619616314270568,,11549,92,1.5,False,False,v1.1-frozen
C0421_T423,manual,0,C0421,C0421,423.0,0.8879062820225955,1.0272638585418463,-1155156031250.9536,0.9232679665088652,debc344c4d1c,1dab7e7ac807,5e1d50a6e395,0,True,0,53.264,3.964805032290664,3.036620616589537,156.66125563566857,0.011572125458786187,1.6897901579650449e-13,fb8c4bf,2026-10-03T03:45:06+00:00,3.9694429141600494,157.16276869983793,True,0.004185824853807886,4.5,3.036620616589537,0.226011129816396,5.0,2.627059537797221e-12,True,True,-3.8388776530036934,-2.4201617738020818,-2.2274954241520217,-2.141591006278276,-2.0902899054563724,-2.0295106094805138,-1.9933833941938137,-1.9687861034000658,-1.950658524583322,-1.9365868666103672,-1.9252560852425447,,11549,92,1.5,False,False,v1.1-frozen
C0422_T300,manual,0,C0422,C0422,300.0,0.9356387034058572,0.896411082521081,-551340963691.473,1.1435326110571622,9b515ccf16fc,1dab7e7ac807,5e1d50a6e395,0,True,0,29.163,2.4354711267858744,1.83669986391815,110.21434094715177,0.01917435652342766,8.025626420527698e-14,fb8c4bf,2026-10-03T03:26:44+00:00,2.448689220732539,110.78346984655496,True,0.004314343482239447,2.75,1.83669986391815,0.36968096881504486,5.0,1.7163564619004513e-12,True,True,-2.240623684777032,-2.0936141886102697,-2.0069763440085673,-1.9475138089593584,-1.9032238255608844,-1.8402296535940554,-1.796537517367345,-1.7638517617696243,-1.7381688848086605,-1.7172792017212892,-1.6998465956255076,,11315,92,1.5,False,False,v1.1-frozen
C0422_T423,manual,0,C0422,C0422,423.0,0.9356387034058572,0.896411082521081,-551340963691.473,1.1435326110571622,9b515ccf16fc,1dab7e7ac807,5e1d50a6e395,0,True,0,33.865,2.2076756550141354,2.7863208940765616,152.3046127581983,0.012599654160406997,1.6897901579650446e-13,fb8c4bf,2026-10-03T03:27:44+00:00,2.212835858203241,152.75647772881973,True,0.004953555126407921,2.75,2.7863208940765616,0.24749747910230502,5.0,1.994665342158448e-12,True,True,-2.200517100717935,-2.107559409455682,-2.0554726658986637,-2.021137296550765,-1.9963571260224897,-1.962294425969385,-1.9394691702630495,-1.9228054579632692,-1.9099492466424686,-1.8996413753814978,-1.8911393446575528,,11315,92,1.5,False,False,v1.1-frozen
C0423_T300,manual,0,C0423,C0423,300.0,1.0480626463890077,1.1719733890146018,-1383216108195.4836,0.8354026604443789,b8507ff1cc64,1dab7e7ac807,5e1d50a6e395,0,True,14,69.509,5.086769458003904,2.2854596443207402,115.95195655455859,0.01546144656906188,8.025626420527698e-14,fb8c4bf,2026-10-03T03:36:50+00:00,5.112563594842168,116.8605670015499,True,0.003213597891986754,5.5,2.2854596443207402,0.2920805427811494,4.808061599731445,1.5421681458224887e-12,True,True,-13.09552105981267,-4.53224342377447,-2.5602757837159973,-2.3012326001385124,-2.172019265527579,-2.028112078085022,-1.944073283721901,-1.8866820844072723,-1.844079533824463,-1.8107498760340262,-1.7837110966151477,,10613,113,1.5,False,False,v1.1-frozen
C0423_T423,manual,0,C0423,C0423,423.0,1.0480626463890077,1.1719733890146018,-1383216108195.4836,0.8354026604443789,b8507ff1cc64,1dab7e7ac807,5e1d50a6e395,0,True,0,30.407,4.845169015975808,3.048611386498114,161.04008005012403,0.01152948517407921,1.689790157965045e-13,fb8c4bf,2026-10-03T03:25:07+00:00,4.859669689664915,161.1069161436819,True,0.003834502402909011,5.25,3.048611386498114,0.22480702831780663,5.0,1.7748210940719899e-12,True,True,-8.964515262846001,-3.402889350707019,-2.416887598535055,-2.2372264153456713,-2.1509226895734486,-2.0605850037494404,-2.011215965567607,-1.978998786905967,-1.9558544596201224,-1.9381900848170406,-1.9241346912064639,,10613,92,1.5,False,False,v1.1-frozen
C0424_T300,manual,0,C0424,C0424,300.0,1.005039257183671,0.9941226083785296,-583244720473.8855,0.9438945300877094,9c313c5503f8,1dab7e7ac807,5e1d50a6e395,0,True,0,51.274,2.785996267415326,1.9954723789426432,112.42514279231663,0.017667816883672513,8.025626420527695e-14,fb8c4bf,2026-10-03T03:42:26+00:00,2.8022439040199996,112.69692435788536,True,0.0037016291276566176,3.25,1.9954723789426432,0.33843705703599536,5.0,1.276612496270424e-12,True,True,-2.397841492434248,-2.2018545950430948,-2.094399561514377,-2.0226930052610883,-1.970038649387893,-1.895936130342833,-1.8449185053588693,-1.8068866724797064,-1.7770570462095134,-1.7528171105922006,-1.7325975382870848,,10847,93,1.5,False,False,v1.1-frozen
C0424_T423,manual,0,C0424,C0424,423.0,1.005039257183671,0.9941226083785296,-583244720473.8855,0.9438945300877094,9c313c5503f8,1dab7e7ac807,5e1d50a6e395,0,True,0,45.264,2.5530140457498276,2.862786020719166,155.61910176151994,0.012267032570370522,1.6897901579650443e-13,fb8c4bf,2026-10-03T03:36:54+00:00,2.5647249396267733,155.85555708394844,True,0.0043985454486376845,3.0,2.862786020719166,0.2404903414494063,5.0,1.3674682570432693e-12,True,True,-2.3024612073442823,-2.1713244930210904,-2.102928277720527,-2.0592892701063725,-2.0283814242333222,-1.9865736699209344,-1.9589317871461291,-1.9389103919683113,-1.9235415105594997,-1.9112604816230903,-1.9011541425362575,,10847,92,1.5,False,False,v1.1-frozen
C0425_T300,manual,0,C0425,C0425,300.0,0.9175064045935868,1.0744075547903775,-1478292205370.9626,1.027170257270336,db55e4686a34,1dab7e7ac807,5e1d50a6e395,0,True,0,53.409,5.05912943101051,2.1003756804318603,113.90307319324222,0.016803218199185354,8.025626420527696e-14,fb8c4bf,2026-10-03T03:59:18+00:00,5.080757799406879,114.47616367849145,True,0.0039065626327281855,5.5,2.1003756804318603,0.31977267554030014,5.0,9.44263343838612e-13,True,True,-13.09552105981267,-4.370428621078922,-2.471674136339031,-2.2251665303913892,-2.103737042042573,-1.9705138824257122,-1.8939391980029106,-1.8422330750632063,-1.8041779811994303,-1.7746075330182576,-1.7507518354106892,,11432,93,1.5,False,False,v1.1-frozen
C0425_T423,manual,0,C0425,C0425,423.0,0.9175064045935868,1.0744075547903775,-1478292205370.9626,1.027170257270336,db55e4686a34,1dab7e7ac807,5e1d50a6e395,0,True,0,61.882,4.821634266037316,2.989574025768219,157.98021451990496,0.011753500763275084,1.689790157965044e-13,fb8c4bf,2026-10-03T03:51:12+00:00,4.834593750235092,158.0279851101143,True,0.00450239014013158,5.25,2.989574025768219,0.22962601171093056,5.0,1.0961699145497876e-12,True,True,-8.929923061941665,-3.297862430929451,-2.355882620785848,-2.1920075623531186,-2.1148253322173844,-2.0353129207385052,-1.992448643745497,-1.9647061051523602,-1.944890352151862,-1.9298327601385008,-1.917894645125183,,11432,92,1.5,False,False,v1.1-frozen
C0426_T300,manual,0,C0426,C0426,300.0,0.8589455828070641,0.8052733410149813,-816127535887.0625,0.806810199841857,850e411ee371,1dab7e7ac807,5e1d50a6e395,0,True,0,47.299,2.808107834817896,2.1496582444275285,108.67007750949654,0.01640536170727624,8.025626420527699e-14,fb8c4bf,2026-10-03T03:43:54+00:00,2.8312681517744336,109.30207200574704,True,0.0034430561242595296,3.25,2.1496582444275285,0.31384987540579923,5.0,1.5492304076557336e-12,True,True,-2.4341486022412284,-2.2353782682534264,-2.1271575634770064,-2.055212830277931,-2.0024906197722347,-1.9283739358391192,-1.877340730940069,-1.8392589192763797,-1.8093509446780827,-1.7850141897983614,-1.7646872101688966,,11666,93,1.5,False,False,v1.1-frozen
C0426_T423,manual,0,C0426,C0426,423.0,0.8589455828070641,0.8052733410149813,-816127535887.0625,0.806810199841857,850e411ee371,1dab7e7ac807,5e1d50a6e395,0,True,0,47.41,2.5879375583812765,3.04028813074617,149.7418168251235,0.011554790484119394,1.6897901579650454e-13,fb8c4bf,2026-10-03T03:45:47+00:00,2.6030350134725544,149.7449536128811,True,0.004196758497172816,3.0,3.04028813074617,0.22610315145067342,5.0,1.2514953061340768e-12,True,True,-2.3284103777811342,-2.195532761047591,-2.127066912903928,-2.0836589303019135,-2.0530244800110635,-2.0116883005409063,-1.984385642123603,-1.9646017328143601,-1.9494000312015367,-1.9372379249071359,-1.9272169255632252,,11666,92,1.5,False,False,v1.1-frozen
C0427_T300,manual,0,C0427,C0427,300.0,1.1714125365018844,1.126538674160838,-1249319491907.954,1.1143552128225565,7e4f9f71b441,1dab7e7ac807,5e1d50a6e395,0,True,0,36.01,4.646368523374153,1.9250347175656732,114.81331787957538,0.01831904782982603,8.025626420527695e-14,fb8c4bf,2026-10-03T03:38:45+00:00,4.66839375078219,115.56117449593062,True,0.004096690163352022,5.0,1.9250347175656732,0.35023678800896574,5.0,7.882063057795818e-13,True,True,-9.251213751074143,-2.884237923424203,-2.315220122883649,-2.1391753846397985,-2.039365115419834,-1.9218747019724134,-1.851161116211232,-1.8022760163812819,-1.7657631261874758,-1.7370971034301246,-1.7137913353691856,,9911,93,1.5,False,False,v1.1-frozen
C0427_T423,manual,0,C0427,C0427,423.0,1.1714125365018844,1.126538674160838,-1249319491907.954,1.1143552128225565,7e4f9f71b441,1dab7e7ac807,5e1d50a6e395,0,True,0,44.382,4.407663363052091,2.752616751562795,159.43850400092842,0.012756315933539479,1.6897901579650443e-13,fb8c4bf,2026-10-03T03:39:01+00:00,4.417948210278659,159.56830368854025,True,0.004581498659488348,5.0,2.752616751562795,0.25024368188565593,5.0,1.29343850709016e-12,True,True,-6.304563758572494,-2.602043352512786,-2.2438600836130864,-2.1276536847428416,-2.064796439481996,-1.9947982472252543,-1.9549580162117308,-1.9284252139536862,-1.9091270540915977,-1.8942747331972092,-1.8823859402666299,,9911,93,1.5,False,False,v1.1-frozen
C0428_T300,manual,0,C0428,C0428,300.0,1.1010073337703945,0.8614857744425536,-1366552378050.983,1.192431741207838,bf63f8bd2d10,1dab7e7ac807,5e1d50a6e395,0,True,0,43.872,4.2247056807309065,1.8217549603293595,109.44066037967437,0.01933519465558609,8.025626420527696e-14,fb8c4bf,2026-10-03T03:37:17+00:00,4.229918779253962,109.6910720202352,True,0.00461027228945936,4.75,1.8217549603293595,0.37233240911728527,5.0,8.990504954828268e-13,True,True,-5.6880709891274455,-2.4698539206819627,-2.1795698449782694,-2.050503987114773,-1.971184307464154,-1.8736271685324293,-1.8132141321748216,-1.770838145426331,-1.7388943741360638,-1.7136514513425904,-1.6930270125804165,,10379,92,1.5,False,False,v1.1-frozen
C0428_T423,manual,0,C0428,C0428,423.0,1.1010073337703945,0.8614857744425536,-1366552378050.983,1.192431741207838,bf63f8bd2d10,1dab7e7ac807,5e1d50a6e395,0,True,0,43.837,3.9992517354656845,2.700643377670433,151.1326026350479,0.012996625228306585,1.689790157965044e-13,fb8c4bf,2026-10-03T03:38:15+00:00,3.9993431728497755,151.51578212893224,True,0.005293056645830848,4.5,2.700643377670433,0.25559831606596456,5.0,2.6845922965263856e-12,True,True,-3.9962419090528014,-2.3452688346046306,-2.154995757686478,-2.0738888480386843,-2.026336581728562,-1.9706603301889443,-1.9377888590417214,-1.9154448518696268,-1.8989718949565741,-1.8861694042313288,-1.875844997434531,,10379,92,1.5,False,False,v1.1-frozen
C0429_T300,manual,0,C0429,C0429,300.0,0.8135289359837771,1.18277719207108,-698863830417.3947,0.8849378824234009,95c54e476ccc,1dab7e7ac807,5e1d50a6e395,0,True,12,97.034,3.5211004104750496,2.2156043964153898,116.08193495883245,0.015935732506175776,8.025626420527698e-14,fb8c4bf,2026-10-03T04:05:43+00:00,3.53105065549308,116.12591624584189,True,0.003318591258501689,4.0,2.2156043964153898,0.3026079310502611,4.8514404296875,1.3532692786619542e-12,True,True,-2.811390984846257,-2.3724903425299204,-2.2097021634893097,-2.1134981056487825,-2.0470959862848517,-1.9582194992477622,-1.8995167711390075,-1.8568572248517803,-1.8239861596635791,-1.7976279688342074,-1.7758713968267315,,11900,107,1.5,False,False,v1.1-frozen
C0429_T423,manual,0,C0429,C0429,423.0,0.8135289359837771,1.18277719207108,-698863830417.3947,0.8849378824234009,95c54e476ccc,1dab7e7ac807,5e1d50a6e395,0,True,0,51.456,3.2773526785269356,3.139233384825291,161.29170854198793,0.01119869800205751,1.689790157965044e-13,fb8c4bf,2026-10-03T03:45:58+00:00,3.2847943262083907,161.6322581861247,True,0.003955650440138117,3.75,3.139233384825291,0.2181529325909532,5.0,1.586598716803455e-12,True,True,-2.5849993297170424,-2.2953879890825113,-2.187507701788667,-2.1268544713350632,-2.086775668096274,-2.0356643418199836,-2.003546888953926,-1.9810185852443811,-1.9641125921913383,-1.9508324669183166,-1.9400508918934318,,11900,92,1.5,False,False,v1.1-frozen
C0430_T300,manual,0,C0430,C0430,300.0,0.9596012011170388,0.9378609638661146,-1095525577664.3752,1.0553001951426269,87af0b3decc2,1dab7e7ac807,5e1d50a6e395,0,True,0,32.49,3.8164795619591345,1.9601779578345844,111.16123031860093,0.017983370929556635,8.025626420527696e-14,fb8c4bf,2026-10-03T03:27:17+00:00,3.839518201662453,111.85097566685376,True,0.004149462095170243,4.25,1.9601779578345844,0.3447595462255289,5.0,7.808285268362525e-13,True,True,-3.225642135665585,-2.3644830066400058,-2.1671664603382177,-2.061296088424151,-1.991480450616679,-1.9012951532915918,-1.8433733615079317,-1.80193699194747,-1.7703189010555054,-1.745128897759199,-1.7244290352439715,,11081,93,1.5,False,False,v1.1-frozen
C0430_T423,manual,0,C0430,C0430,423.0,0.9596012011170388,0.9378609638661146,-1095525577664.3752,1.0553001951426269,87af0b3decc2,1dab7e7ac807,5e1d50a6e395,0,True,0,37.137,3.587256607502179,2.86229404474506,153.73042051668605,0.012269062197597233,1.689790157965044e-13,fb8c4bf,2026-10-03T03:28:21+00:00,3.6009525943006335,153.69347261167033,True,0.004755728094049396,4.0,2.86229404474506,0.2405435160051189,5.0,1.6667461692421421e-12,True,True,-2.7821722043992576,-2.2809026399360928,-2.1516512231353637,-2.0857710344045466,-2.0442338922753374,-1.9930775709065673,-1.96174133072279,-1.9400344750005847,-1.923853131016185,-1.91118863189189,-1.9009272728240207,,11081,92,1.5,False,False,v1.1-frozen
C0431_T300,manual,0,C0431,C0431,300.0,1.072122609615326,1.018119828775525,-965980543754.9948,0.9719749320298432,afddf35195fb,1dab7e7ac807,5e1d50a6e395,0,True,0,34.675,3.734368651696341,2.00296007659144,112.87249612809669,0.017606722832792205,8.025626420527696e-14,fb8c4bf,2026-10-03T03:37:25+00:00,3.737849182385724,113.23077685563155,True,0.0037232577465469052,4.25,2.00296007659144,0.33666166356655214,5.0,1.6947037974922218e-12,True,True,-3.0559257653198997,-2.3746973139068155,-2.186163481982326,-2.0811901231915266,-2.010666783277493,-1.9181294147432746,-1.8578823722905562,-1.8144090533870167,-1.7810339663174546,-1.7543214724303844,-1.7322902254323316,,10496,92,1.5,False,False,v1.1-frozen
C0431_T423,manual,0,C0431,C0431,423.0,1.072122609615326,1.018119828775525,-965980543754.9948,0.9719749320298432,afddf35195fb,1dab7e7ac807,5e1d50a6e395,0,True,0,33.028,3.4992151900818667,2.839845221684287,156.314735296879,0.012366148583765798,1.6897901579650446e-13,fb8c4bf,2026-10-03T03:25:40+00:00,3.4993179381575397,156.72078524630084,True,0.004449831713006543,4.0,2.839845221684287,0.2424180577226186,5.0,1.4837055195560112e-12,True,True,-2.707128510819015,-2.2851351428947964,-2.159093206883503,-2.092281941136355,-2.0493194224433346,-1.9955659808383923,-1.9622088123641936,-1.938923479940995,-1.92147476521379,-1.907765539599887,-1.8966237599592648,,10496,92,1.5,False,False,v1.1-frozen
C0432_T300,manual,0,C0432,C0432,300.0,1.0552871733903886,0.9371991999447346,-1466882316395.6404,1.1338960837572811,654cc3a655c4,1dab7e7ac807,5e1d50a6e395,0,True,0,47.008,4.6723744104345775,1.9137063564389099,111.07445462890342,0.01841930252296131,8.025626420527696e-14,fb8c4bf,2026-10-03T03:43:13+00:00,4.6879839619451324,111.92615102587733,True,0.004287524813586982,5.0,1.9137063564389099,0.3531578215484402,5.0,1.8556274755918316e-12,True,True,-9.649663224179296,-2.8949798776648303,-2.2993536042705447,-2.1237582530703034,-2.0256931954048216,-1.9116029411861934,-1.8435882484428805,-1.796819143994055,-1.762001810243957,-1.7347268190992233,-1.7125861396761544,,10613,92,1.5,False,False,v1.1-frozen
C0432_T423,manual,0,C0432,C0432,423.0,1.0552871733903886,0.9371991999447346,-1466882316395.6404,1.1338960837572811,654cc3a655c4,1dab7e7ac807,5e1d50a6e395,0,True,0,44.129,4.441883688698722,2.78641295930029,153.59972050730198,0.012600895500652548,1.6897901579650446e-13,fb8c4bf,2026-10-03T03:37:39+00:00,4.448850430635055,154.16475877317782,True,0.004885226972232518,5.0,2.78641295930029,0.24730258476119374,5.0,1.1007066845275388e-12,True,True,-6.603813553446548,-2.605738387490807,-2.234824264483989,-2.1209500156776255,-2.060475754255826,-1.9939632448666758,-1.9564383496873614,-1.9315494906185233,-1.9134851261937789,-1.899598590027488,-1.8884906058572348,,10613,93,1.5,False,False,v1.1-frozen
C0433_T300,manual,0,C0433,C0433,300.0,0.9678702875971794,1.006917305290699,-596607473678.8868,0.8387067306786776,bc40cb119aa8,1dab7e7ac807,5e1d50a6e395,0,True,0,52.57,2.857958252398561,2.124350281215356,112.82201818523463,0.016606991293895937,8.025626420527699e-14,fb8c4bf,2026-10-03T04:00:11+00:00,2.8844950212838922,113.92492913054365,True,0.0033417196017049376,3.25,2.124350281215356,0.31688358780436515,5.0,1.2778176893357519e-12,True,True,-2.4617278762225774,-2.251963389483497,-2.1385806233069715,-2.063216951953171,-2.007946210747368,-1.9301751712846813,-1.8765966587605378,-1.836618730469057,-1.805233992992204,-1.779709042010761,-1.7584017337884106,,11081,93,1.5,False,False,v1.1-frozen
C0433_T423,manual,0,C0433,C0433,423.0,0.9678702875971794,1.006917305290699,-596607473678.8868,0.8387067306786776,bc40cb119aa8,1dab7e7ac807,5e1d50a6e395,0,True,0,64.706,2.6254995064192035,2.9695153778919376,156.1425553389441,0.011830139913421262,1.689790157965045e-13,fb8c4bf,2026-10-03T03:52:17+00:00,2.639482929121808,156.32178959524646,True,0.003950882742508841,3.0,2.9695153778919376,0.23145992040228452,5.0,2.5507986773164026e-12,True,True,-2.3477927341648335,-2.204824703513154,-2.1312352015064344,-2.0845244824578897,-2.051531594590141,-2.007002560839175,-1.9776144775562814,-1.9563505934037246,-1.940038844802054,-1.9270101190011926,-1.9162915806886756,,11081,93,1.5,False,False,v1.1-frozen
C0434_T300,manual,0,C0434,C0434,300.0,0.809193541482091,0.8635513342916966,-1195917376317.084,1.021862380951643,be08a9d40cf9,1dab7e7ac807,5e1d50a6e395,0,True,0,49.413,3.84378041352313,2.0384683499653296,109.6563241498264,0.017296337684566496,8.025626420527699e-14,fb8c4bf,2026-10-03T03:44:44+00:00,3.8694774076027603,110.76573707659499,True,0.004115598137278614,4.25,2.0384683499653296,0.33123278145569324,5.0,7.638474053511427e-13,True,True,-3.307571691012971,-2.3771219601154483,-2.1775223252476916,-2.0719232970458794,-2.0028163200060822,-1.914139781281408,-1.8575210259951693,-1.8171685598811107,-1.7864601717343147,-1.762045844371787,-1.74201768991375,,11900,93,1.5,False,False,v1.1-frozen
C0434_T423,manual,0,C0434,C0434,423.0,0.809193541482091,0.8635513342916966,-1195917376317.084,1.021862380951643,be08a9d40cf9,1dab7e7ac807,5e1d50a6e395,0,True,0,51.692,3.6199182726719186,3.0073223128627937,151.37471445064276,0.011681940285326663,1.6897901579650443e-13,fb8c4bf,2026-10-03T03:46:39+00:00,3.6334695704554587,151.74939807229825,True,0.004663993709248264,4.0,3.0073223128627937,0.22852468902668258,5.0,9.907942521980573e-13,True,True,-2.826599227799241,-2.294293091233965,-2.1651466713758465,-2.100452122143344,-2.0600424173631033,-2.0106671845341477,-1.9806282359027838,-1.9599084917042568,-1.94450939345264,-1.932485018077441,-1.9227607729061282,,11900,93,1.5,False,False,v1.1-frozen
C0435_T300,manual,0,C0435,C0435,300.0,1.1217764619737864,1.1922829493880271,-863669941201.806,0.900841224193573,8da8e1f1572b,1dab7e7ac807,5e1d50a6e395,0,True,13,70.113,3.923882712140214,2.101535396336571,116.2316974383678,0.01679516498617067,8.025626420527695e-14,fb8c4bf,2026-10-03T03:39:55+00:00,3.940187460611157,117.02272395071634,True,0.0033305052395291427,4.25,2.101535396336571,0.31948434349279287,4.952674865722656,9.807658157834354e-13,True,True,-3.6368588608912313,-2.4732179315503537,-2.250184950168937,-2.1320235731596346,-2.0539900032207914,-1.9526332059353588,-1.8870600385725866,-1.83988208113354,-1.8037238778818625,-1.7748157255388055,-1.7509922296940543,,10145,111,1.5,False,False,v1.1-frozen
C0435_T423,manual,0,C0435,C0435,423.0,1.1217764619737864,1.1922829493880271,-863669941201.806,0.900841224193573,8da8e1f1572b,1dab7e7ac807,5e1d50a6e395,0,True,0,43.996,3.679581807579304,2.8914713933074325,161.52307621422614,0.012149082012203686,1.6897901579650449e-13,fb8c4bf,2026-10-03T03:39:45+00:00,3.688428073534558,162.08759216957014,True,0.003975545933519025,4.25,2.8914713933074325,0.2377077534078155,5.0,1.5386924137583426e-12,True,True,-2.991744766673526,-2.3542847321627223,-2.2009628249530646,-2.123106551962021,-2.073921255825386,-2.0131568374262767,-1.975824814059227,-1.9499221872802237,-1.930594201964855,-1.9154565362299558,-1.9031841512645973,,10145,93,1.5,False,False,v1.1-frozen
C0436_T300,manual,0,C0436,C0436,300.0,1.1515559017658237,0.8197902575135232,-746528609655.7975,0.9789925333112478,4497be2fe4cc,1dab7e7ac807,5e1d50a6e395,0,True,0,41.436,2.6775134685807456,1.87512619359546,108.75863683030413,0.018784897043975783,8.025626420527699e-14,fb8c4bf,2026-10-03T03:37:58+00:00,2.6930916410068915,109.45716136848831,True,0.003955237712199546,3.0,1.87512619359546,0.36181639763098217,5.0,1.537163618441476e-12,True,True,-2.3311077487877445,-2.152235874567163,-2.0517767160418017,-1.9841428706194948,-1.934238312793879,-1.863685646444819,-1.814881656824159,-1.7783595042656604,-1.7496175290434872,-1.726191180869733,-1.7065971075374993,,10028,92,1.5,False,False,v1.1-frozen
C0436_T423,manual,0,C0436,C0436,423.0,1.1515559017658237,0.8197902575135232,-746528609655.7975,0.9789925333112478,4497be2fe4cc,1dab7e7ac807,5e1d50a6e395,0,True,0,42.132,2.455179091801893,2.7125774210155096,149.97200713969056,0.01293872767976894,1.6897901579650443e-13,fb8c4bf,2026-10-03T03:38:57+00:00,2.4609645474955513,150.47795405187452,True,0.004702665029384084,3.0,2.7125774210155096,0.25455316538357675,5.0,1.0686347640120886e-12,True,True,-2.2507707418346508,-2.1326104805960804,-2.0695888192346246,-2.0289462518132177,-1.999955127232675,-1.9604392299615365,-1.9340894022005826,-1.9148703413603676,-1.9000292729396728,-1.888108427594872,-1.8782536514696093,,10028,92,1.5,False,False,v1.1-frozen
C0437_T300,manual,0,C0437,C0437,300.0,0.8639859512448311,1.148495788127184,-1313028499484.0625,1.0999641362577677,ca4f25a5dc1b,1dab7e7ac807,5e1d50a6e395,0,True,5,70.079,4.848319034072694,2.062978154006591,115.22440085150842,0.017105020353953834,8.025626420527698e-14,fb8c4bf,2026-10-03T04:06:54+00:00,4.872974384362,115.88589398249604,True,0.004065497521527055,5.25,2.062978154006591,0.3258353856891761,5.0,1.022154583196766e-12,True,True,-11.036163819523601,-3.335093663690487,-2.3829060776194617,-2.180269344133465,-2.0726929448481077,-1.9507276313517943,-1.8793100713761959,-1.8307175769841293,-1.7948217549913297,-1.7668764046940852,-1.744310467442781,,11666,102,1.5,False,False,v1.1-frozen
C0437_T423,manual,0,C0437,C0437,423.0,0.8639859512448311,1.148495788127184,-1313028499484.0625,1.0999641362577677,ca4f25a5dc1b,1dab7e7ac807,5e1d50a6e395,0,True,0,51.868,4.607228879535139,3.0012934291357967,160.06871439456117,0.011708534518747772,1.6897901579650449e-13,fb8c4bf,2026-10-03T03:46:50+00:00,4.620433911153691,160.01159367962737,True,0.004535582218421306,5.0,3.0012934291357967,0.2286409757005063,5.0,1.6200961860063874e-12,True,True,-7.525657906366952,-2.82873898424925,-2.2994852765653992,-2.167282012282077,-2.1004195064060713,-2.0290372941463337,-1.9897026219313771,-1.9640000206276058,-1.9455520907319688,-1.9314974593469107,-1.9203391918213175,,11666,91,1.5,False,False,v1.1-frozen
C0438_T300,manual,0,C0438,C0438,300.0,0.9101497281342744,0.9809118315577507,-979465659707.7848,0.866810715943575,5be517f08872,1dab7e7ac807,5e1d50a6e395,0,True,0,31.459,3.6776127766596844,2.1581970610011645,112.25579530566931,0.016350466937362786,8.025626420527698e-14,fb8c4bf,2026-10-03T03:27:48+00:00,3.6936705515875707,112.76360299468224,True,0.003371396052657523,4.0,2.1581970610011645,0.31153840311208914,5.0,8.041761700994243e-13,True,True,-2.985354859666682,-2.39673422653472,-2.215581384958928,-2.1127138058068655,-2.042992143861613,-1.950886612271204,-1.8905956427101034,-1.8469530234697236,-1.813379158828232,-1.786469840225444,-1.7642544183340565,,11432,93,1.5,False,False,v1.1-frozen
C0438_T423,manual,0,C0438,C0438,423.0,0.9101497281342744,0.9809118315577507,-979465659707.7848,0.866810715943575,5be517f08872,1dab7e7ac807,5e1d50a6e395,0,True,0,38.797,3.44492999290751,3.0252657357409287,155.30152039054258,0.011614332772099466,1.6897901579650446e-13,fb8c4bf,2026-10-03T03:29:00+00:00,3.452239683954084,155.87479691789662,True,0.004041756957899011,4.0,3.0252657357409287,0.22698424441834145,5.0,1.1060249938132927e-12,True,True,-2.682177184501264,-2.3045930398566,-2.1834235878377375,-2.1180692231147136,-2.0757198082895223,-2.0224508419816836,-1.9892734757595067,-1.9660753928337171,-1.948678588158702,-1.9350057347848617,-1.923892763871288,,11432,93,1.5,False,False,v1.1-frozen
C0439_T300,manual,0,C0439,C0439,300.0,1.0225795838981866,1.0506560184061526,-1083993907086.5511,1.1620512410998345,7ab12adc5771,1dab7e7ac807,5e1d50a6e395,0,True,0,34.294,4.076383808493522,1.8943083992963585,113.32528779388507,0.018606801748472297,8.025626420527698e-14,fb8c4bf,2026-10-03T03:38:00+00:00,4.099822972134868,114.15522962943369,True,0.004379255158979388,4.5,1.8943083992963585,0.3568631621294002,5.0,8.934204518066894e-13,True,True,-4.5004836857288915,-2.4338949381522887,-2.184534681523355,-2.063875969637412,-1.9873854475905046,-1.8912853271909507,-1.8308739969233092,-1.7881932087485104,-1.7558988762555798,-1.730328269661111,-1.7094152234514473,,10730,93,1.5,False,False,v1.1-frozen
C0439_T423,manual,0,C0439,C0439,423.0,1.0225795838981866,1.0506560184061526,-1083993907086.5511,1.1620512410998345,7ab12adc5771,1dab7e7ac807,5e1d50a6e395,0,True,0,32.698,3.8401982172022047,2.7903349717864576,157.1100967817266,0.0125839259843308,1.689790157965044e-13,fb8c4bf,2026-10-03T03:26:13+00:00,3.8533447541449193,157.01638106120174,True,0.004898038527297366,4.25,2.7903349717864576,0.24687951814227255,5.0,1.1554490003673479e-12,True,True,-3.3408053248168703,-2.326194120298057,-2.1621860468223337,-2.0862152049009848,-2.040213496377499,-1.98519781768137,-1.9522634819967795,-1.9297511914588958,-1.9131180623694066,-1.900183844794436,-1.8897557955793605,,10730,92,1.5,False,False,v1.1-frozen
C0440_T300,manual,0,C0440,C0440,300.0,1.03051920235157,0.8785547614097595,-886068949475.8844,1.0703706871718168,e63075bbc05b,1dab7e7ac807,5e1d50a6e395,0,True,0,47.938,3.1661790387895454,1.8786206401884582,109.9159503608943,0.018752595962366923,8.025626420527698e-14,fb8c4bf,2026-10-03T03:44:01+00:00,3.1832599007056377,110.91132593943132,True,0.004184407010600579,3.5,1.8786206401884582,0.3608444676272142,5.0,1.1857641604717806e-12,True,True,-2.4799045449784156,-2.206690024799395,-2.079874252745527,-2.000667226003612,-1.9446343874879202,-1.8682598755182496,-1.8170767543061763,-1.779539712313229,-1.7504185214653025,-1.7269386034513272,-1.7074673259886644,,10730,93,1.5,False,False,v1.1-frozen
C0440_T423,manual,0,C0440,C0440,423.0,1.03051920235157,0.8785547614097595,-886068949475.8844,1.0703706871718168,e63075bbc05b,1dab7e7ac807,5e1d50a6e395,0,True,0,41.742,2.9396711470472123,2.767695124839523,151.7910056854826,0.012683839222985185,1.689790157965044e-13,fb8c4bf,2026-10-03T03:38:21+00:00,2.9470699586710962,152.33999202570726,True,0.004783732880452993,3.5,2.767695124839523,0.2492130322966362,5.0,1.1384122811097797e-12,True,True,-2.3547471910952846,-2.173728532608265,-2.0934335162457947,-2.0456289633260285,-2.013069293865727,-1.970445562671489,-1.9430069877734368,-1.9234354430336837,-1.9085581117796007,-1.8967492716128524,-1.8870785113884971,,10730,93,1.5,False,False,v1.1-frozen
C0441_T300,manual,0,C0441,C0441,300.0,0.9430044695734978,1.1529635153710842,-1054377981461.5846,0.9507672715932132,665e6e23b31c,1dab7e7ac807,5e1d50a6e395,0,True,12,94.759,4.2711371641429166,2.126222458859193,115.45651296554172,0.01660055551026953,8.025626420527699e-14,fb8c4bf,2026-10-03T04:01:46+00:00,4.281001941052399,115.42778069304693,True,0.0035707760817346294,4.75,2.126222458859193,0.31575465235505573,4.948486328125,1.5063885232613475e-12,True,True,-5.940936930535586,-2.6035764060015003,-2.291868548963863,-2.1526158382474403,-2.066176773945904,-1.9587018565560486,-1.8914931153298724,-1.8440917403196724,-1.8082493800469768,-1.7798773787666888,-1.7566761494565413,,11198,107,1.5,False,False,v1.1-frozen
C0441_T423,manual,0,C0441,C0441,423.0,0.9430044695734978,1.1529635153710842,-1054377981461.5846,0.9507672715932132,665e6e23b31c,1dab7e7ac807,5e1d50a6e395,0,True,0,60.099,4.028622686156902,2.992968669077848,160.3373287962899,0.011740426519915607,1.689790157965044e-13,fb8c4bf,2026-10-03T03:53:18+00:00,4.036191424205556,160.65152393577753,True,0.004222396727224471,4.5,2.992968669077848,0.2293372948113433,5.0,2.0231231919243474e-12,True,True,-4.136310599420301,-2.445427864226642,-2.2351862707376746,-2.1440555425756567,-2.0901417287439665,-2.026653315046689,-1.989093337800129,-1.9635959347005059,-1.9448459106498774,-1.9303161252450476,-1.9186329029333007,,11198,92,1.5,False,False,v1.1-frozen
C0442_T300,manual,0,C0442,C0442,300.0,0.8828628797084094,0.920535996556282,-654164758510.8876,1.1832393400371073,af36c57d1b97,1dab7e7ac807,5e1d50a6e395,0,True,0,46.317,2.738536124140654,1.8525276708207254,110.68187909092853,0.019013452427380593,8.025626420527699e-14,fb8c4bf,2026-10-03T03:45:31+00:00,2.740929630246367,110.82287653998569,True,0.004483346622784141,3.25,1.8525276708207254,0.3662335864007042,5.0,6.388500839449307e-13,True,True,-2.304935975053848,-2.123607856841238,-2.0250711045432483,-1.9599316861784757,-1.9124859368034979,-1.8463425436835401,-1.8012696570471614,-1.7679316645380039,-1.741946407914981,-1.7209390175887442,-1.7034922693729537,,11549,92,1.5,False,False,v1.1-frozen
C0442_T423,manual,0,C0442,C0442,423.0,0.8828628797084094,0.920535996556282,-654164758510.8876,1.1832393400371073,af36c57d1b97,1dab7e7ac807,5e1d50a6e395,0,True,0,49.709,2.5091258383484387,2.8305745068874253,153.04613037673087,0.012404800060635355,1.6897901579650449e-13,fb8c4bf,2026-10-03T03:47:29+00:00,2.511867806032608,153.34801863498114,True,0.0050972798399982686,3.0,2.8305745068874253,0.24342270554435327,5.0,1.5507647784774898e-12,True,True,-2.2451552182553924,-2.129618055623994,-2.0700174711316945,-2.0322930713634,-2.0057314111044544,-1.970022960822419,-1.9465611683336173,-1.9296466530102,-1.9167120565429252,-1.9064102312517122,-1.8979576739544632,,11549,92,1.5,False,False,v1.1-frozen
C0443_T300,manual,0,C0443,C0443,300.0,1.1953483346849678,1.0477019660174849,-1282372144982.2188,0.8878041207790375,7af295c0048e,1dab7e7ac807,5e1d50a6e395,0,True,0,37.207,4.549132491967624,2.1106740201805136,113.56129405208381,0.016723166495629615,8.025626420527694e-14,fb8c4bf,2026-10-03T03:40:33+00:00,4.569241403423688,113.92384070740513,True,0.0034871760139163093,5.0,2.1106740201805136,0.31803248546478224,5.0,1.833712372644595e-12,True,True,-8.374384875771677,-2.8239248755231494,-2.3593559873315293,-2.1910597549964153,-2.0918452162872088,-1.9719317420005715,-1.898183575416462,-1.8465018884784956,-1.807519380467478,-1.7766814863840892,-1.751456183361777,,9794,93,1.5,False,False,v1.1-frozen
C0443_T423,manual,0,C0443,C0443,423.0,1.1953483346849678,1.0477019660174849,-1282372144982.2188,0.8878041207790375,7af295c0048e,1dab7e7ac807,5e1d50a6e395,0,True,0,44.901,4.3133789722913605,2.8675879090406604,157.31371152126806,0.012249047309466993,1.6897901579650443e-13,fb8c4bf,2026-10-03T03:40:31+00:00,4.326295031316544,157.4693843836057,True,0.004194742212807098,4.75,2.8675879090406604,0.2398068262717344,5.0,2.2132102366788994e-12,True,True,-5.734915457688127,-2.583025370957389,-2.2716813452037097,-2.1576323306829184,-2.0935395041761926,-2.0203179355028977,-1.977807697732564,-1.9491643837989976,-1.9281617890501177,-1.9118976879795317,-1.89881373488188,,9794,92,1.5,False,False,v1.1-frozen
C0444_T300,manual,0,C0444,C0444,300.0,1.125127774477005,0.9642742536962032,-1165230567567.0503,0.8159554179757834,8a1b6f0abf7c,1dab7e7ac807,5e1d50a6e395,0,True,0,45.462,4.067919463478352,2.1660713456669978,111.99569410531774,0.016294852477574468,8.025626420527696e-14,fb8c4bf,2026-10-03T03:38:44+00:00,4.092336127348306,112.75408906542495,True,0.0033148686849719497,4.5,2.1660713456669978,0.31002452647632894,5.0,1.930500662535408e-12,True,True,-4.418756468861891,-2.5391603353673875,-2.285586763171615,-2.1583797736694783,-2.0761000411859816,-1.9706926544147128,-1.9031089023578898,-1.8546623092513401,-1.8175840130111314,-1.7879495669856047,-1.763521405774604,,10145,93,1.5,False,False,v1.1-frozen
C0444_T423,manual,0,C0444,C0444,423.0,1.125127774477005,0.9642742536962032,-1165230567567.0503,0.8159554179757834,8a1b6f0abf7c,1dab7e7ac807,5e1d50a6e395,0,True,0,47.356,3.837508305289272,2.9269343498184925,154.8743800016592,0.01200147369995355,1.6897901579650446e-13,fb8c4bf,2026-10-03T03:39:45+00:00,3.8522848999092125,154.9386327101897,True,0.00403282807601861,4.25,2.9269343498184925,0.2348862880509772,5.0,2.141922640817396e-12,True,True,-3.3629093014587235,-2.3970312079344582,-2.2212108955415424,-2.1367655992884536,-2.0846499867070953,-2.02128248496468,-1.9827567007706672,-1.9561358498964985,-1.9362997460531055,-1.9207654222472796,-1.908164047307254,,10145,92,1.5,False,False,v1.1-frozen
C0445_T300,manual,0,C0445,C0445,300.0,0.8376552894711495,1.091414326429367,-771275635808.7063,1.1113410834223032,a718bd72cef4,1dab7e7ac807,5e1d50a6e395,0,True,0,53.068,3.456000436705555,1.9825433052908634,114.14238031513813,0.01778535261398866,8.025626420527695e-14,fb8c4bf,2026-10-03T04:07:47+00:00,3.4651449084709474,114.95720851640057,True,0.00401788477700989,4.0,1.9825433052908634,0.34038913659195047,5.0,9.114485027503554e-13,True,True,-2.67208950523948,-2.276125952845158,-2.1255546209248437,-2.0367659620514935,-1.975764834496614,-1.8946361824409033,-1.8414410111069137,-1.8029986455961218,-1.7735053366071156,-1.7499375200316762,-1.730539333567964,,11900,92,1.5,False,False,v1.1-frozen
C0445_T423,manual,0,C0445,C0445,423.0,0.8376552894711495,1.091414326429367,-771275635808.7063,1.1113410834223032,a718bd72cef4,1dab7e7ac807,5e1d50a6e395,0,True,0,51.241,3.216254935243215,2.959542288445041,158.3777505112296,0.011870987045245422,1.6897901579650449e-13,fb8c4bf,2026-10-03T03:47:42+00:00,3.2203774932284013,158.91932888095894,True,0.004608944826532738,3.75,2.959542288445041,0.23214645815947646,5.0,2.8045863258979508e-12,True,True,-2.485419009781343,-2.2299959005390972,-2.1341771523738706,-2.080441077232549,-2.045026110866843,-1.999984843983714,-1.9717507242517023,-1.9519754237682798,-1.9371500920954958,-1.925513168957659,-1.9160716542934204,,11900,91,1.5,False,False,v1.1-frozen
C0446_T300,manual,0,C0446,C0446,300.0,0.9852839101105928,0.8347672991454602,-1437235936522.484,0.9288712687790394,7f9949daefde,1dab7e7ac807,5e1d50a6e395,0,True,0,31.364,4.326739806887457,2.0638501079981486,109.14963583907267,0.017087291917842473,8.025626420527696e-14,fb8c4bf,2026-10-03T03:28:20+00:00,4.351973596043817,109.95078657064627,True,0.003861085339224323,4.75,2.0638501079981486,0.32681494479729856,5.0,1.208311865307705e-12,True,True,-6.547737701568194,-2.607536612599222,-2.2757941137071604,-2.1341529454293178,-2.047795317732026,-1.9417913915836449,-1.876070803883418,-1.8298695248631456,-1.794964795011543,-1.7673267610551693,-1.744705729778595,,11081,93,1.5,False,False,v1.1-frozen
C0446_T423,manual,0,C0446,C0446,423.0,0.9852839101105928,0.8347672991454602,-1437235936522.484,0.9288712687790394,7f9949daefde,1dab7e7ac807,5e1d50a6e395,0,True,0,32.816,4.1046790348226745,2.915410271221905,150.52734827840575,0.012046571300053566,1.6897901579650449e-13,fb8c4bf,2026-10-03T03:29:33+00:00,4.119126132765218,150.73104447217167,True,0.0045387268512178955,4.5,2.915410271221905,0.23606762654057695,5.0,1.972294724813917e-12,True,True,-4.554966899456499,-2.441494122346498,-2.218561710081938,-2.126944993888607,-2.073855290320913,-2.0121472707470587,-1.975894250956825,-1.951307612290465,-1.9332013926861353,-1.9191365445709336,-1.9077956787651336,,11081,91,1.5,False,False,v1.1-frozen
C0447_T300,manual,0,C0447,C0447,300.0,1.0978116128593682,1.109201940894127,-503180309198.7968,1.0485258564352988,bacafd72d949,1dab7e7ac807,5e1d50a6e395,0,True,0,32.56,2.8791119299427033,1.900721103109495,114.54637220018104,0.01854341058215315,8.025626420527698e-14,fb8c4bf,2026-10-03T03:38:32+00:00,2.902901578181832,115.53448777377452,True,0.0039342016985543645,3.25,1.900721103109495,0.35573602006687494,5.0,8.717748745112885e-13,True,True,-2.40113727718833,-2.189681061026333,-2.077628755456265,-2.003894754489685,-1.9501850706883428,-1.875141305374228,-1.8238147970281422,-1.785723085248092,-1.7559454118198359,-1.7318103855751872,-1.7117204932193864,,10379,93,1.5,False,False,v1.1-frozen
C0447_T423,manual,0,C0447,C0447,423.0,1.0978116128593682,1.109201940894127,-503180309198.7968,1.0485258564352988,bacafd72d949,1dab7e7ac807,5e1d50a6e395,0,True,0,30.839,2.640712651366837,2.759928404554396,158.97079339067034,0.012721299487063449,1.689790157965044e-13,fb8c4bf,2026-10-03T03:26:44+00:00,2.6526008989106673,159.11746867503868,True,0.004403233021014589,3.0,2.759928404554396,0.24971878268890202,5.0,1.9851514899934446e-12,True,True,-2.303494942474236,-2.1621038924969485,-2.090547702381114,-2.045496821191401,-2.0138352418758476,-1.9713019392466176,-1.943354464231886,-1.923195198319774,-1.9077674394911015,-1.8954685230244643,-1.8853668406489756,,10379,93,1.5,False,False,v1.1-frozen
C0448_T300,manual,0,C0448,C0448,300.0,1.09684780202806,0.8998968861997128,-1402270714752.376,0.9546638805419206,3abecff1671c,1dab7e7ac807,5e1d50a6e395,0,True,0,46.129,4.431862444515828,2.0264680131322765,110.50321352632209,0.017403559564334162,8.025626420527695e-14,fb8c4bf,2026-10-03T03:44:48+00:00,4.446657032552619,110.8585455768808,True,0.0037472206107612384,4.75,2.0264680131322765,0.3326782065097333,5.0,9.633786823837198e-13,True,True,-7.440517553991573,-2.67841604898366,-2.2943916035089105,-2.1420671342706785,-2.0508653977637272,-1.9400371818585556,-1.8717736504192681,-1.8239423478799845,-1.787878818006568,-1.7593619160251293,-1.7360439784984285,,10379,92,1.5,False,False,v1.1-frozen
C0448_T423,manual,0,C0448,C0448,423.0,1.09684780202806,0.8998968861997128,-1402270714752.376,0.9546638805419206,3abecff1671c,1dab7e7ac807,5e1d50a6e395,0,True,0,43.389,4.204083426750262,2.8430160010722383,152.63188332555245,0.01235183329971076,1.689790157965044e-13,fb8c4bf,2026-10-03T03:39:04+00:00,4.21004012547874,153.09657131738908,True,0.004487420633588734,4.75,2.8430160010722383,0.24220436520532557,5.0,1.3129376058573783e-12,True,True,-5.124195781599405,-2.486163489011468,-2.22840223547323,-2.1283955156182714,-2.0714431416257453,-2.005939584487181,-1.967738970156258,-1.9419316145415275,-1.9229722115270629,-1.908268578205253,-1.8964262281714965,,10379,92,1.5,False,False,v1.1-frozen
C0449_T300,manual,0,C0449,C0449,300.0,0.9843144696205854,1.169219785928726,-538176279515.028,1.0742682557553054,9daebdd7870d,1dab7e7ac807,5e1d50a6e395,0,True,0,51.551,3.1007871056445353,1.9389316277461253,115.62110704254525,0.0181826374757116,8.025626420527696e-14,fb8c4bf,2026-10-03T04:02:38+00:00,3.1255450886225593,116.53907809886232,True,0.003982299903249065,3.5,1.9389316277461253,0.34828884960669243,5.0,1.2880600800256282e-12,True,True,-2.4813533130890217,-2.223261675989925,-2.0985906372385763,-2.0194008996540265,-1.9628374459225517,-1.8851383927614318,-1.8327812653109974,-1.7942985842655053,-1.7644251010616268,-1.7403431201202166,-1.720384909191759,,11081,93,1.5,False,False,v1.1-frozen
C0449_T423,manual,0,C0449,C0449,423.0,0.9843144696205854,1.169219785928726,-538176279515.028,1.0742682557553054,9daebdd7870d,1dab7e7ac807,5e1d50a6e395,0,True,0,60.365,2.8587339101523965,2.8411479163495614,160.6818770596628,0.012361175477710576,1.6897901579650443e-13,fb8c4bf,2026-10-03T03:54:19+00:00,2.8719638581436717,160.75853364306104,True,0.004479093386165559,3.25,2.8411479163495614,0.24223938448191187,5.0,2.011035518137276e-12,True,True,-2.360966631737466,-2.1891306102460555,-2.109383374968095,-2.0610176032590775,-2.027756420716089,-1.9839241373612304,-1.9556119599798913,-1.9354164188263678,-1.9200855357651574,-1.9079402283402822,-1.8980152091019997,,11081,91,1.5,False,False,v1.1-frozen
C0450_T300,manual,0,C0450,C0450,300.0,0.8429416187107563,0.9008662395179272,-1138077497482.2998,0.8917009145021438,f9cf0f8d3b74,1dab7e7ac807,5e1d50a6e395,0,True,0,49.923,3.825342095265322,2.1504020214141635,110.6008226966233,0.0164064571100126,8.025626420527695e-14,fb8c4bf,2026-10-03T03:46:21+00:00,3.850480202813766,111.33554577445526,True,0.0036253663084561474,4.25,2.1504020214141635,0.3130062341521796,5.0,9.638548115559348e-13,True,True,-3.2812832379876515,-2.420605208222874,-2.220037608047103,-2.111769101261028,-2.0400911196799014,-1.9471261205773205,-1.887170554397613,-1.844149372345838,-1.8112462660503423,-1.7849851924808589,-1.763374138271292,,11783,93,1.5,False,False,v1.1-frozen
C0450_T423,manual,0,C0450,C0450,423.0,0.8429416187107563,0.9008662395179272,-1138077497482.2998,0.8917009145021438,f9cf0f8d3b74,1dab7e7ac807,5e1d50a6e395,0,True,0,51.346,3.5988833988817306,3.0597624380073394,152.72912234832935,0.011483866230098025,1.6897901579650449e-13,fb8c4bf,2026-10-03T03:48:21+00:00,3.6135100847478694,152.5111098481763,True,0.004282674735129994,4.0,3.0597624380073394,0.22439387737659627,5.0,2.021274671906166e-12,True,True,-2.8316755828542495,-2.3220641898536156,-2.1890126725237766,-2.1209348483646826,-2.0779357781709367,-2.024912115699924,-1.9924014936839807,-1.9698691841488383,-1.953066408838514,-1.9399118750285997,-1.9292510089034356,,11783,91,1.5,False,False,v1.1-frozen
C0451_T300,manual,0,C0451,C0451,300.0,1.1304080985486509,1.0299686402082444,-798459469340.7416,1.1871367000043391,be77b1e2ebce,1dab7e7ac807,5e1d50a6e395,0,True,0,37.248,3.3598581693430587,1.8061145261697769,112.88751206979875,0.019504052305812696,8.025626420527698e-14,fb8c4bf,2026-10-03T03:41:10+00:00,3.384148655285603,113.8800191017948,True,0.004475404260658934,3.75,1.8061145261697769,0.3753743523744514,5.0,9.731208894248056e-13,True,True,-2.571627064052821,-2.223487776501114,-2.0808025911210577,-1.9948941868995382,-1.9352246530221493,-1.855097993224586,-1.8020772102222578,-1.7635060297969605,-1.7337558513284346,-1.7098751470366365,-1.690141509911989,,10145,93,1.5,False,False,v1.1-frozen
C0451_T423,manual,0,C0451,C0451,423.0,1.1304080985486509,1.0299686402082444,-798459469340.7416,1.1871367000043391,be77b1e2ebce,1dab7e7ac807,5e1d50a6e395,0,True,0,45.804,3.1253704585382254,2.6808064238118354,156.45855183539058,0.013093219238217959,1.689790157965045e-13,fb8c4bf,2026-10-03T03:41:17+00:00,3.13774646078917,156.55535248537822,True,0.004919938252158297,3.5,2.6808064238118354,0.25743548966856267,5.0,1.1493687945840492e-12,True,True,-2.412357774767531,-2.183725980564469,-2.092278988689587,-2.0397643820507145,-2.0046696916121385,-1.9594460489580807,-1.9307262534429073,-1.910417217158164,-1.8950744527047554,-1.8829535600570095,-1.873064534974667,,10145,93,1.5,False,False,v1.1-frozen
C0452_T300,manual,0,C0452,C0452,300.0,1.1975044336169958,0.9571030378341676,-681195283308.6252,1.1090060088783502,045c0bc40bf7,1dab7e7ac807,5e1d50a6e395,0,True,0,40.789,2.904784577542361,1.8053402880219243,111.51066728045956,0.019509819763420474,8.025626420527694e-14,fb8c4bf,2026-10-03T03:39:25+00:00,2.923357671150238,112.27227133607354,True,0.004246452625636777,3.25,1.8053402880219243,0.3758151263436891,5.0,9.691813135485387e-13,True,True,-2.3737998830582314,-2.1599588853374407,-2.0484043164637975,-1.9755822411823702,-1.9227991455890854,-1.849365353327239,-1.7993048429749976,-1.7622101222623079,-1.7332308170811226,-1.7097467427076598,-1.6901964473585769,,9794,93,1.5,False,False,v1.1-frozen
C0452_T423,manual,0,C0452,C0452,423.0,1.1975044336169958,0.9571030378341676,-681195283308.6252,1.1090060088783502,045c0bc40bf7,1dab7e7ac807,5e1d50a6e395,0,True,0,46.379,2.6730436764102232,2.6527252938159083,154.27025441151716,0.013230008894518122,1.6897901579650449e-13,fb8c4bf,2026-10-03T03:40:32+00:00,2.6820592841242155,154.75879286343675,True,0.004795180726633446,3.25,2.6527252938159083,0.2603407181074027,5.0,2.0737996392503296e-12,True,True,-2.2807649259879255,-2.138913574016491,-2.06837010731541,-2.024302330553679,-1.9934572254696303,-1.9521289197687572,-1.9249990573493438,-1.9054185939439978,-1.8904162811324134,-1.878439863836774,-1.8685888701335773,,9794,93,1.5,False,False,v1.1-frozen
C0453_T300,manual,0,C0453,C0453,300.0,0.8850265096873046,1.0861824117600918,-1255310856737.1963,0.8136212911456824,39af976dc4fb,1dab7e7ac807,5e1d50a6e395,0,True,11,89.529,4.587855315956163,2.321908121358562,114.39529306486828,0.015215389765646983,8.025626420527695e-14,fb8c4bf,2026-10-03T04:09:17+00:00,4.614062101966146,115.1389809151947,True,0.003187144797171088,5.0,2.321908121358562,0.2878712991781179,4.9140625,1.9026246595375553e-12,True,True,-8.670438320365761,-2.899157599865982,-2.4069534944601054,-2.2348176008681895,-2.134155074714227,-2.013137827703116,-1.9390592241913782,-1.8873250063354838,-1.8484165054253467,-1.817716918041167,-1.7926641488989732,,11549,106,1.5,False,False,v1.1-frozen
C0453_T423,manual,0,C0453,C0453,423.0,0.8850265096873046,1.0861824117600918,-1255310856737.1963,0.8136212911456824,39af976dc4fb,1dab7e7ac807,5e1d50a6e395,0,True,0,49.204,4.350745578909435,3.1569575297337233,158.55764185763044,0.011136118784060624,1.6897901579650449e-13,fb8c4bf,2026-10-03T03:48:31+00:00,4.36552589547952,158.65515430279208,True,0.0038114676966368275,4.75,3.1569575297337233,0.21689417295056873,5.0,1.5087292406114331e-12,True,True,-5.93841897258053,-2.640396998942802,-2.314258331696658,-2.1980333321061774,-2.133372907441062,-2.0601220972555003,-2.0179530117969584,-1.9897227227245065,-1.9691345509174158,-1.9532661452813815,-1.9405537818348866,,11549,92,1.5,False,False,v1.1-frozen
C0454_T300,manual,0,C0454,C0454,300.0,0.9389108039438724,0.8436108738183976,-920912575908.0052,1.0461909547448158,f0dd2f39a759,1dab7e7ac807,5e1d50a6e395,0,True,0,31.207,3.145274333389082,1.9205490989072995,109.2068706738083,0.018345075422414828,8.025626420527698e-14,fb8c4bf,2026-10-03T03:28:51+00:00,3.1680365651938285,109.70890606772376,True,0.0041911658967444644,3.5,1.9205490989072995,0.3528250838942914,5.0,1.3973744747851644e-12,True,True,-2.4752880947250326,-2.208593575762845,-2.0838964218434137,-2.0059109342307004,-1.9507299578871726,-1.8755270141756897,-1.8251468026342885,-1.7882120320068167,-1.7595680015291737,-1.7364804983822095,-1.717340857876885,,11198,93,1.5,False,False,v1.1-frozen
C0454_T423,manual,0,C0454,C0454,423.0,0.9389108039438724,0.8436108738183976,-920912575908.0052,1.0461909547448158,f0dd2f39a759,1dab7e7ac807,5e1d50a6e395,0,True,0,33.553,2.9238188742056814,2.840885063804279,150.6809313139612,0.012359279627580646,1.6897901579650449e-13,fb8c4bf,2026-10-03T03:30:07+00:00,2.933044132475151,151.06692618341012,True,0.004685539045362714,3.5,2.840885063804279,0.24258926915834905,5.0,1.0280942763785106e-12,True,True,-2.3538963707163627,-2.1780928371668438,-2.099781676736412,-2.053132775623584,-2.0213643443174116,-1.979794002453714,-1.9530499434293636,-1.9339843836087762,-1.9194990447538496,-1.9080068417782672,-1.8985996904490254,,11198,93,1.5,False,False,v1.1-frozen
C0455_T300,manual,0,C0455,C0455,300.0,1.02643269225955,1.1129568092525006,-1019503606483.3405,0.9265369452536106,617fb6b90604,1dab7e7ac807,5e1d50a6e395,0,True,1,36.908,4.095658809421683,2.101972829991463,114.7539200863894,0.016789268036960143,8.025626420527699e-14,fb8c4bf,2026-10-03T03:39:10+00:00,4.121355832913711,115.74960856229532,True,0.003557909484773395,4.5,2.101972829991463,0.31965871234862164,5.0,7.302509291706727e-13,True,True,-4.6098014581276745,-2.523726120495168,-2.264557839796105,-2.1372715665714486,-2.055691272629966,-1.9520221598238898,-1.8860997383591693,-1.8391469574648973,-1.8034041034137205,-1.7749682374199351,-1.7516222625193594,,10730,95,1.5,False,False,v1.1-frozen
C0455_T423,manual,0,C0455,C0455,423.0,1.02643269225955,1.1129568092525006,-1019503606483.3405,0.9265369452536106,617fb6b90604,1dab7e7ac807,5e1d50a6e395,0,True,0,30.873,3.856868503824476,2.9314029121004537,159.19570669121853,0.011984345405179547,1.6897901579650449e-13,fb8c4bf,2026-10-03T03:27:15+00:00,3.8708933349966506,159.27954899198104,True,0.004144591073656182,4.25,2.9314029121004537,0.23440864104579023,5.0,1.0071761133434443e-12,True,True,-3.424879712850472,-2.389652377734137,-2.213095292028309,-2.1298080916551885,-2.0788609372550915,-2.0174101977025605,-1.9803591483192502,-1.954923869028265,-1.9360755021087848,-1.921385682504942,-1.9095203239748084,,10730,91,1.5,False,False,v1.1-frozen
C0456_T300,manual,0,C0456,C0456,300.0,1.0204196747392416,0.9412583604454994,-951839803718.0304,0.8410408277064563,103c1ff54702,1dab7e7ac807,5e1d50a6e395,0,True,0,48.428,3.5099528537372917,2.12603523444422,111.50032557985578,0.016594409472701254,8.025626420527696e-14,fb8c4bf,2026-10-03T03:45:36+00:00,3.5152101142626515,111.54837417821906,True,0.00337752031167366,4.0,2.12603523444422,0.3165782437353592,5.0,1.2351305498644921e-12,True,True,-2.7911784577747327,-2.3596567051122834,-2.197017478891199,-2.100498924623614,-2.0336984115054477,-1.9439627141443039,-1.884386504701644,-1.840871762795657,-1.8071787489565903,-1.780038197748323,-1.7575405611157673,,10730,92,1.5,False,False,v1.1-frozen
C0456_T423,manual,0,C0456,C0456,423.0,1.0204196747392416,0.9412583604454994,-951839803718.0304,0.8410408277064563,103c1ff54702,1dab7e7ac807,5e1d50a6e395,0,True,0,44.241,3.27974669745683,2.942938220999382,154.11471699697987,0.011935787823198795,1.6897901579650446e-13,fb8c4bf,2026-10-03T03:39:49+00:00,3.28801410008151,154.36325065910296,True,0.004150111405042195,3.75,2.942938220999382,0.2336644687390662,5.0,2.213806758093505e-12,True,True,-2.5659593716096443,-2.2747278938825475,-2.165738529687758,-2.1042509715493827,-2.0634823953441512,-2.0112236898627485,-1.9781411968911908,-1.9547681254969411,-1.9371086654729905,-1.9231489100484318,-1.911749374320012,,10730,92,1.5,False,False,v1.1-frozen
C0457_T300,manual,0,C0457,C0457,300.0,0.9079838078469038,1.0152597017586231,-1111650049686.432,1.1362311404198409,99495de69ab8,1dab7e7ac807,5e1d50a6e395,0,True,0,51.05,4.052889815712095,1.949141406249328,112.65557539083582,0.01808677537300392,8.025626420527698e-14,fb8c4bf,2026-10-03T04:03:30+00:00,4.072972863347118,113.2002734296661,True,0.004309969316025767,4.5,1.949141406249328,0.34653202192178534,5.0,1.5336383720085823e-12,True,True,-4.338051389987188,-2.4300961202020552,-2.188015354560423,-2.0698497161242404,-1.994793992671951,-1.9004549352489242,-1.8411740973987276,-1.799321088226984,-1.767676569800766,-1.7426388550607341,-1.722176207999645,,11432,93,1.5,False,False,v1.1-frozen
C0457_T423,manual,0,C0457,C0457,423.0,0.9079838078469038,1.0152597017586231,-1111650049686.432,1.1362311404198409,99495de69ab8,1dab7e7ac807,5e1d50a6e395,0,True,0,64.275,3.818502136366986,2.8881697221311575,156.05329288034432,0.012161015310104642,1.6897901579650449e-13,fb8c4bf,2026-10-03T03:55:23+00:00,3.830965177416637,156.1850821498967,True,0.004869457807921849,4.25,2.8881697221311575,0.23820282757136405,5.0,2.3128296760746023e-12,True,True,-3.270198225437515,-2.327122685762249,-2.1690121628942634,-2.095363334721318,-2.050721486604311,-1.9973416048992272,-1.9654163272295808,-1.943617410137865,-1.927528492099579,-1.9150301647698298,-1.9049632473742277,,11432,92,1.5,False,False,v1.1-frozen
C0458_T300,manual,0,C0458,C0458,300.0,0.8680758006870747,0.8578442260622978,-711089652031.66,0.9031755298376084,50a3834ecd4b,1dab7e7ac807,5e1d50a6e395,0,True,0,47.393,2.7128646741099867,2.0537772054536823,109.66906907130725,0.017165632072370877,8.025626420527698e-14,fb8c4bf,2026-10-03T03:47:09+00:00,2.721355004683709,110.17361614741029,True,0.0036077809590918664,3.25,2.0537772054536823,0.3289654116467949,5.0,7.471089719102153e-13,True,True,-2.3777410752203103,-2.1946079832544085,-2.092556509638379,-2.024110927152812,-1.9737404629728543,-1.9027423700876787,-1.8538025375018488,-1.8172906387455843,-1.7886360625157303,-1.765340200365883,-1.7459011530942365,,11666,92,1.5,False,False,v1.1-frozen
C0458_T423,manual,0,C0458,C0458,423.0,0.8680758006870747,0.8578442260622978,-711089652031.66,0.9031755298376084,50a3834ecd4b,1dab7e7ac807,5e1d50a6e395,0,True,0,48.4,2.487892741146474,2.973218428482463,151.33592625501115,0.011813889402554196,1.689790157965045e-13,fb8c4bf,2026-10-03T03:49:10+00:00,2.489585922030347,151.7297291377216,True,0.004378042656639141,3.0,2.973218428482463,0.2313439217041803,5.0,8.955197694504591e-13,True,True,-2.2913881979772066,-2.170912887843952,-2.107316833993142,-2.066567073378565,-2.0376431111305164,-1.9984457997597067,-1.972482758961051,-1.9536516481934052,-1.9391807023830978,-1.9276070991702352,-1.9180762910039117,,11666,92,1.5,False,False,v1.1-frozen
C0459_T300,manual,0,C0459,C0459,300.0,1.1556401275098325,1.185393188148737,-1348497728817.1648,1.0241972528398038,af7bf4ee9c2d,1dab7e7ac807,5e1d50a6e395,0,True,1,42.205,5.023179312316842,2.0373850283664705,115.96673319525053,0.017322722790725376,8.025626420527698e-14,fb8c4bf,2026-10-03T03:41:53+00:00,5.0336474250451495,115.91320587664278,True,0.0038094498567769614,5.5,2.0373850283664705,0.3296005459153515,5.0,1.0695356526006343e-12,True,True,-13.09552105981267,-4.133670716632708,-2.464474565667255,-2.222863821143482,-2.1009511801573693,-1.965134986505814,-1.8860783685706894,-1.832276604679859,-1.7924578284729942,-1.7613838444173882,-1.736227653734415,,10028,93,1.5,False,False,v1.1-frozen
C0459_T423,manual,0,C0459,C0459,423.0,1.1556401275098325,1.185393188148737,-1348497728817.1648,1.0241972528398038,af7bf4ee9c2d,1dab7e7ac807,5e1d50a6e395,0,True,0,44.135,4.778755153792756,2.837337952680299,161.21228665121245,0.0123796440865551,1.689790157965044e-13,fb8c4bf,2026-10-03T03:42:01+00:00,4.7861447525824925,161.52072121234062,True,0.004458600899602478,5.25,2.837337952680299,0.24235133409651974,5.0,1.868951108335426e-12,True,True,-8.564444804780422,-3.186224858548445,-2.346134732120473,-2.182543789664242,-2.10326535645528,-2.020086153572733,-1.9745953370080964,-1.9449039744764967,-1.9235727719862106,-1.9072918410563764,-1.8943373622372506,,10028,92,1.5,False,False,v1.1-frozen
C0460_T300,manual,0,C0460,C0460,300.0,1.1227364625781775,0.8015815027058125,-1231233788654.2085,1.096066549792886,228ecfa52ae9,1dab7e7ac807,5e1d50a6e395,0,True,0,42.672,3.739391329681822,1.8408082398841663,108.23790862921811,0.019133398411129578,8.025626420527696e-14,fb8c4bf,2026-10-03T03:40:08+00:00,3.7416851461182885,108.2708767733298,True,0.00442309728676708,4.25,1.8408082398841663,0.36870415197552925,5.0,9.92763735391321e-13,True,True,-3.0075352773453545,-2.3084458814471787,-2.1241511768335277,-2.0234572358827645,-1.9566141929350442,-1.8698373590051014,-1.813834575184998,-1.7736144428404714,-1.7428187731000035,-1.7182078851676956,-1.6979268412525812,,10145,92,1.5,False,False,v1.1-frozen
C0460_T423,manual,0,C0460,C0460,423.0,1.1227364625781775,0.8015815027058125,-1231233788654.2085,1.096066549792886,228ecfa52ae9,1dab7e7ac807,5e1d50a6e395,0,True,0,44.033,3.5183829987817643,2.701782243058385,149.22623827763658,0.012990236575993127,1.6897901579650443e-13,fb8c4bf,2026-10-03T03:41:16+00:00,3.5236982341664747,149.54420615552323,True,0.005174284718744822,4.0,2.701782243058385,0.25558740741428904,5.0,1.201894486713151e-12,True,True,-2.665881677523503,-2.2371873076213764,-2.1172582897527255,-2.0550349648412087,-2.015456958772758,-1.9663130837893703,-1.9359463016945955,-1.9147636378688648,-1.8988791942401995,-1.8863829395572427,-1.8762119869818072,,10145,92,1.5,False,False,v1.1-frozen
C0461_T300,manual,0,C0461,C0461,300.0,0.8101606916636229,1.1291076257824897,-828323257155.7164,0.9750958945602178,32082c2ea971,1dab7e7ac807,5e1d50a6e395,0,True,1,57.051,3.6885330378302097,2.1263864303115474,114.99862795301485,0.016596228554952047,8.025626420527695e-14,fb8c4bf,2026-10-03T04:10:14+00:00,3.701700146451288,115.79817477863108,True,0.003542840065982658,4.0,2.1263864303115474,0.3160540113480775,5.0,1.868891728654116e-12,True,True,-2.984776286229968,-2.376775901886979,-2.196556709668495,-2.0952708208295854,-2.0270514247850366,-1.937532245444056,-1.879375672858895,-1.8375400415804006,-1.8055281472188653,-1.7799905929156723,-1.7589949557506421,,11900,94,1.5,False,False,v1.1-frozen
C0461_T423,manual,0,C0461,C0461,423.0,0.8101606916636229,1.1291076257824897,-828323257155.7164,0.9750958945602178,32082c2ea971,1dab7e7ac807,5e1d50a6e395,0,True,0,51.654,3.4471672124350197,3.0798707427229903,159.65538031111836,0.011412085028928605,1.6897901579650449e-13,fb8c4bf,2026-10-03T03:49:23+00:00,3.453821219133714,160.08502676023016,True,0.004162495108309817,4.0,3.0798707427229903,0.222600091572317,5.0,2.239170659210772e-12,True,True,-2.6750611906905912,-2.2977643381713957,-2.179545497160566,-2.11638764025198,-2.07571348283449,-2.0248894136826796,-1.993473477592667,-1.9716456770029331,-1.9553666619527879,-1.9426350011705058,-1.932332605396856,,11900,93,1.5,False,False,v1.1-frozen
C0462_T300,manual,0,C0462,C0462,300.0,0.9625801421701908,0.9974726356565952,-1494386577047.4077,1.1581538513302805,830568c0ac21,1dab7e7ac807,5e1d50a6e395,0,True,0,35.502,4.891825562869406,1.9534777071561489,112.25927322345908,0.0180498317704946,8.025626420527698e-14,fb8c4bf,2026-10-03T03:29:27+00:00,4.914263423862737,112.84270741346592,True,0.004351361358252044,5.25,1.9534777071561489,0.34542942966712464,5.0,1.5494200169824252e-12,True,True,-11.676316168158468,-3.4781799392942685,-2.3643118949885653,-2.155319019610702,-2.046696085536874,-1.9250220643056983,-1.854336074259212,-1.8064020878328717,-1.7710425484048382,-1.7435268414860996,-1.721306041849216,,11081,93,1.5,False,False,v1.1-frozen
C0462_T423,manual,0,C0462,C0462,423.0,0.9625801421701908,0.9974726356565952,-1494386577047.4077,1.1581538513302805,830568c0ac21,1dab7e7ac807,5e1d50a6e395,0,True,0,35.687,4.660251717439719,2.861487749992544,155.49254029568692,0.012273723031257754,1.6897901579650446e-13,fb8c4bf,2026-10-03T03:30:43+00:00,4.670318159583036,156.0266826225043,True,0.00474058232709797,5.25,2.861487749992544,0.24048185070988964,5.0,2.1200324577601557e-12,True,True,-7.970403946799694,-2.8845979347731214,-2.281601195719754,-2.145658988306385,-2.0784052622843157,-2.0074169587864286,-1.9685296260565315,-1.9431502386175177,-1.9249251778798084,-1.9110236812275467,-1.899970726692069,,11081,93,1.5,False,False,v1.1-frozen
C0463_T300,manual,0,C0463,C0463,300.0,1.0500045649707317,1.071496818959713,-569072926416.9932,0.8629139043390751,6e0a30238180,1dab7e7ac807,5e1d50a6e395,0,True,1,36.979,2.956660430990543,2.0863982408985025,114.04425170157329,0.01690868681475575,8.025626420527695e-14,fb8c4bf,2026-10-03T03:39:47+00:00,2.9665788338870844,114.87617216065537,True,0.0032799840748004034,3.5,2.0863982408985025,0.32264674762937146,5.0,1.6725872190858065e-12,True,True,-2.489689246785744,-2.2612436718787943,-2.1417076646384237,-2.063200903135624,-2.0059843108286737,-1.9258804334833606,-1.8709185917395479,-1.8300069119173434,-1.7979402694777658,-1.7718901198564734,-1.7501624338312354,,10613,94,1.5,False,False,v1.1-frozen
C0463_T423,manual,0,C0463,C0463,423.0,1.0500045649707317,1.071496818959713,-569072926416.9932,0.8629139043390751,6e0a30238180,1dab7e7ac807,5e1d50a6e395,0,True,0,28.101,2.7187477475323667,2.9062514166297246,158.0540748239684,0.012086052019584454,1.6897901579650446e-13,fb8c4bf,2026-10-03T03:27:43+00:00,2.7229721902229875,158.41308230214568,True,0.004016034519223419,3.25,2.9062514166297246,0.23664156179766938,5.0,1.9948964497916837e-12,True,True,-2.3658670623646434,-2.209027717697534,-2.1305630936752467,-2.081339135892086,-2.046795342203735,-2.0004247299327353,-1.9699593192913771,-1.947976029838562,-1.9311431606819207,-1.9177155408363742,-1.90667926686812,,10613,91,1.5,False,False,v1.1-frozen
C0464_T300,manual,0,C0464,C0464,300.0,1.0707668028771875,0.9774688433855772,-1067899356596.172,1.031067080795765,529e656d41be,1dab7e7ac807,5e1d50a6e395,0,True,0,45.233,3.8592457115920573,1.951156741051203,111.99164255290562,0.01806830483126526,8.025626420527698e-14,fb8c4bf,2026-10-03T03:46:22+00:00,3.884544196714337,112.88519038473899,True,0.004027440199613733,4.25,1.951156741051203,0.34615739922618,5.0,8.510021890927084e-13,True,True,-3.368873206641623,-2.3879433478207774,-2.181265896344793,-2.0713136610287837,-1.9989301461519502,-1.9054201345568096,-1.8452959264787094,-1.8022283748211878,-1.7693254968488934,-1.7430825910451322,-1.7214953941782805,,10496,93,1.5,False,False,v1.1-frozen
C0464_T423,manual,0,C0464,C0464,423.0,1.0707668028771875,0.9774688433855772,-1067899356596.172,1.031067080795765,529e656d41be,1dab7e7ac807,5e1d50a6e395,0,True,0,44.694,3.6281916007315234,2.804261205580205,154.9892757574237,0.012521346600261213,1.6897901579650446e-13,fb8c4bf,2026-10-03T03:40:34+00:00,3.641106094140726,155.08496505415548,True,0.004562538002493487,4.0,2.804261205580205,0.2456647249084183,5.0,2.9313467911179476e-12,True,True,-2.8513269809934862,-2.2936566895914643,-2.156226932338829,-2.086617566498979,-2.0427965506859898,-1.9888418960750003,-1.9557746346413278,-1.9328504594455325,-1.9157469378045795,-1.9023489626899228,-1.8914838393940925,,10496,93,1.5,False,False,v1.1-frozen
C0465_T300,manual,0,C0465,C0465,300.0,0.9582515902817248,1.053464450314641,-993637513369.3218,0.9477919317781924,d788595e772a,1dab7e7ac807,5e1d50a6e395,0,True,0,51.033,3.8875428611302763,2.081668525060984,113.59378867531767,0.01694822502998211,8.025626420527695e-14,fb8c4bf,2026-10-03T04:04:21+00:00,3.911262952542634,114.19050142933462,True,0.0036380715041141984,4.25,2.081668525060984,0.32325623947432547,5.0,1.049003162623874e-12,True,True,-3.489659807148753,-2.4348081264465673,-2.2217525452210114,-2.108734948380812,-2.034316222845761,-1.938094116586689,-1.8761734896471172,-1.8318040335595969,-1.797906473279614,-1.7708757782897233,-1.7486478947224664,,11081,93,1.5,False,False,v1.1-frozen
C0465_T423,manual,0,C0465,C0465,423.0,0.9582515902817248,1.053464450314641,-993637513369.3218,0.9477919317781924,d788595e772a,1dab7e7ac807,5e1d50a6e395,0,True,0,63.088,3.652629027796138,2.94986978467521,157.42553356270128,0.011909237567956466,1.6897901579650443e-13,fb8c4bf,2026-10-03T03:56:27+00:00,3.6640844464727316,157.7670795134638,True,0.004126514376121755,4.0,2.94986978467521,0.23296169170664732,5.0,2.2765798878805018e-12,True,True,-2.9196137756276195,-2.3299506515588515,-2.186968575823676,-2.1146967110875106,-2.0692408046417152,-2.0133434228040197,-1.9791533995195896,-1.955499713611361,-1.9378871007771157,-1.924116041256794,-1.9129675060599352,,11081,93,1.5,False,False,v1.1-frozen
C0466_T300,manual,0,C0466,C0466,300.0,0.8184229832142592,0.8233797412365675,-1331114262342.4531,1.1182518396526575,43fb0444ad28,1dab7e7ac807,5e1d50a6e395,0,True,0,50.117,4.034637142811759,1.961256788688969,108.67990030806295,0.0179690032344485,8.025626420527694e-14,fb8c4bf,2026-10-03T03:47:59+00:00,4.050308317795421,109.05751365018502,True,0.004471955860572304,4.5,1.961256788688969,0.3450638805842839,5.0,1.4784520010629695e-12,True,True,-4.22360724288991,-2.406090771416211,-2.1719815422577624,-2.057943734072356,-1.9858280331847138,-1.895603143564253,-1.8391244288415793,-1.799323742952526,-1.769256931831031,-1.7454760131406113,-1.7260423718485864,,12017,93,1.5,False,False,v1.1-frozen
C0466_T423,manual,0,C0466,C0466,423.0,0.8184229832142592,0.8233797412365675,-1331114262342.4531,1.1182518396526575,43fb0444ad28,1dab7e7ac807,5e1d50a6e395,0,True,0,51.655,3.8126495150855226,2.946394416214987,149.92896236428254,0.011920806796440716,1.6897901579650449e-13,fb8c4bf,2026-10-03T03:50:02+00:00,3.8250580996395844,149.94597674670752,True,0.005086272823556006,4.25,2.946394416214987,0.23351496547577116,5.0,1.647722936446025e-12,True,True,-3.23114518007216,-2.312539208100874,-2.161928657051118,-2.0923719922122404,-2.0504370368542273,-2.0004998662023072,-1.9707073621501563,-1.9503746940425817,-1.9353631407493719,-1.9236943506876527,-1.914288778403661,,12017,92,1.5,False,False,v1.1-frozen
C0467_T300,manual,0,C0467,C0467,300.0,1.1059079643338918,1.1458338309079408,-734332709573.2092,0.81070777438581,1d3c3b15e687,1dab7e7ac807,5e1d50a6e395,0,True,11,65.118,3.524104498832273,2.1812670177322055,115.50398318688471,0.01618526812592998,8.025626420527698e-14,fb8c4bf,2026-10-03T03:42:58+00:00,3.53542070205695,115.52054915221488,True,0.003126128529905567,4.0,2.1812670177322055,0.3074642807509512,4.955078125,1.0300850099785819e-12,True,True,-2.837351553385825,-2.3941306873659784,-2.226879487062699,-2.127019727785766,-2.057546537912285,-1.9637089910558707,-1.9010897707423213,-1.8552053366770953,-1.8196019188204553,-1.7908801016585463,-1.767046176896122,,10262,105,1.5,False,False,v1.1-frozen
C0467_T423,manual,0,C0467,C0467,423.0,1.1059079643338918,1.1458338309079408,-734332709573.2092,0.81070777438581,1d3c3b15e687,1dab7e7ac807,5e1d50a6e395,0,True,0,43.228,3.2824838919950636,2.9496753499087127,160.32848774852314,0.011910942018125358,1.689790157965044e-13,fb8c4bf,2026-10-03T03:42:45+00:00,3.2911828064127144,160.68798001197004,True,0.003835545955000843,3.75,2.9496753499087127,0.23287020843399647,5.0,2.6051971885379924e-12,True,True,-2.600435205927175,-2.2993341218221697,-2.184542387743652,-2.1191311638455064,-2.0754912954803566,-2.019264811353422,-1.9835400324025416,-1.9582633170092163,-1.9391570056538776,-1.9240538894748045,-1.9117236089883012,,10262,92,1.5,False,False,v1.1-frozen
C0468_T300,manual,0,C0468,C0468,300.0,1.1731858663260937,0.8670938212424517,-851444059982.8959,0.8826030224561692,35d9c6d54cea,1dab7e7ac807,5e1d50a6e395,0,True,0,42.468,3.0656214028181354,1.9894913884411656,109.88692158248558,0.017718789926682025,8.025626420527699e-14,fb8c4bf,2026-10-03T03:40:51+00:00,3.0895597749101023,110.63112534321107,True,0.0036651876489255043,3.5,1.9894913884411656,0.3396951440099187,5.0,1.8379663214263826e-12,True,True,-2.4981279818195836,-2.2468722578998874,-2.122045369755428,-2.04181092705136,-1.9840391504847161,-1.903951446331945,-1.8494022692629186,-1.8089387594920066,-1.777274152542471,-1.7515659408072803,-1.730124002494615,,9911,93,1.5,False,False,v1.1-frozen
C0468_T423,manual,0,C0468,C0468,423.0,1.1731858663260937,0.8670938212424517,-851444059982.8959,0.8826030224561692,35d9c6d54cea,1dab7e7ac807,5e1d50a6e395,0,True,0,45.055,2.8412392462634117,2.7849336565367033,151.66795872083156,0.012606151602654833,1.6897901579650446e-13,fb8c4bf,2026-10-03T03:42:02+00:00,2.8558656573014796,151.42645115572023,True,0.0044009915008990565,3.25,2.7849336565367033,0.24758279333100244,5.0,9.11676983905707e-13,True,True,-2.3649729420259593,-2.1931418635865807,-2.111679797278681,-2.0617323981880666,-2.027109514362577,-1.981052928385907,-1.9509631554380222,-1.9292839144441167,-1.912678818933149,-1.8994174743165013,-1.8885007919882284,,9911,91,1.5,False,False,v1.1-frozen
C0469_T300,manual,0,C0469,C0469,300.0,0.8607138551771641,1.1895707499235868,-1213972204364.8362,1.1900974474847317,e5f402163c2d,1dab7e7ac807,5e1d50a6e395,0,True,0,54.224,4.709844726301547,1.9965269081588746,115.89551760594507,0.017668272878590366,8.025626420527699e-14,fb8c4bf,2026-10-03T04:11:09+00:00,4.7179353602866,116.44259866604956,True,0.004187717100703571,5.25,1.9965269081588746,0.3372473684229029,5.0,8.714670876942114e-13,True,True,-9.748503055394083,-2.972743653101288,-2.3206412157862175,-2.1409446743109295,-2.0418542260283514,-1.9274995069716543,-1.8598629913569138,-1.8136560295587945,-1.779456477070413,-1.7528059018773743,-1.7312753209914504,,11666,92,1.5,False,False,v1.1-frozen
C0469_T423,manual,0,C0469,C0469,423.0,0.8607138551771641,1.1895707499235868,-1213972204364.8362,1.1900974474847317,e5f402163c2d,1dab7e7ac807,5e1d50a6e395,0,True,0,50.66,4.464696696402331,2.9599033758283815,161.14781255064315,0.011870880963172134,1.6897901579650449e-13,fb8c4bf,2026-10-03T03:50:14+00:00,4.468852691991868,161.65112477601173,True,0.00472053248494414,5.0,2.9599033758283815,0.23197170540075748,5.0,2.727836533531176e-12,True,True,-6.633844495247263,-2.64791879900788,-2.259174541505785,-2.1438679204554814,-2.0833125818752785,-2.0173312454542325,-1.9804911351135177,-1.956271469919405,-1.9388303357303232,-1.9255170499377943,-1.9149350508110343,,11666,91,1.5,False,False,v1.1-frozen
C0470_T300,manual,0,C0470,C0470,300.0,0.9130294930189848,0.9337055552750826,-610748392529.7856,0.9696398634463548,7594b4e00f52,1dab7e7ac807,5e1d50a6e395,0,True,0,31.468,2.6877529906772577,1.990812681815632,111.18075144051032,0.017705927223414495,8.025626420527694e-14,fb8c4bf,2026-10-03T03:29:59+00:00,2.7012767157708404,111.5346033468505,True,0.003723217664652902,3.0,1.990812681815632,0.33956333648654524,5.0,1.4370861694480058e-12,True,True,-2.3566907481964763,-2.1770309969220496,-2.076287956878395,-2.008531637515826,-1.958597857990953,-1.888156300711469,-1.839591733203042,-1.8033727580487628,-1.7749636757737512,-1.7518813251911993,-1.7326319647453121,,11432,92,1.5,False,False,v1.1-frozen
C0470_T423,manual,0,C0470,C0470,423.0,0.9130294930189848,0.9337055552750826,-610748392529.7856,0.9696398634463548,7594b4e00f52,1dab7e7ac807,5e1d50a6e395,0,True,0,33.411,2.4577671184736056,2.9066012442601115,153.696217134204,0.012083096235819836,1.6897901579650446e-13,fb8c4bf,2026-10-03T03:31:17+00:00,2.463229079007024,154.20259155772487,True,0.00442688305742574,3.0,2.9066012442601115,0.23678384391645324,5.0,2.2891647544121356e-12,True,True,-2.277029365006713,-2.1591079860808517,-2.096355710611531,-2.0559892155914112,-2.0272749441705034,-1.9883009982490836,-1.9624648513924634,-1.9437254654893552,-1.9293297342562494,-1.9178217655631629,-1.9083500402821953,,11432,92,1.5,False,False,v1.1-frozen
C0471_T300,manual,0,C0471,C0471,300.0,1.0005576755851506,1.0096783202141524,-1450757784768.939,1.0529660861939192,773dfae5add1,1dab7e7ac807,5e1d50a6e395,0,True,0,36.074,4.830208928194886,2.018591569704129,112.62493535788298,0.017474544338672376,8.025626420527695e-14,fb8c4bf,2026-10-03T03:40:23+00:00,4.854624596490922,113.52340086882595,True,0.004068280816803646,5.25,2.018591569704129,0.3336319847889664,5.0,2.211097095035379e-12,True,True,-11.012882145724495,-3.273889055406133,-2.3764595158401294,-2.175561848021096,-2.0678615383440753,-1.944963790491834,-1.8725489603957717,-1.8230336832208889,-1.7862999188922621,-1.7575941399760011,-1.7343356229683176,,10964,93,1.5,False,False,v1.1-frozen
C0471_T423,manual,0,C0471,C0471,423.0,1.0005576755851506,1.0096783202141524,-1450757784768.939,1.0529660861939192,773dfae5add1,1dab7e7ac807,5e1d50a6e395,0,True,0,32.809,4.59673295649574,2.886062159883233,155.98675710123976,0.01217035903995752,1.6897901579650449e-13,fb8c4bf,2026-10-03T03:28:16+00:00,4.61041999826636,155.80420696495057,True,0.0046425335006297355,5.0,2.886062159883233,0.23831769369532516,5.0,8.004690660312619e-13,True,True,-7.542051920193318,-2.805084460689702,-2.2884545490350017,-2.1558501530373797,-2.0881938909388365,-2.0154512048585644,-1.975066210207628,-1.9485165751939746,-1.9293598358359818,-1.9146966093810882,-1.9030060636287947,,10964,92,1.5,False,False,v1.1-frozen
C0472_T300,manual,0,C0472,C0472,300.0,1.046291609853506,0.8314247313886881,-516375153325.4981,1.1677369967103004,077ceb599be0,1dab7e7ac807,5e1d50a6e395,0,True,0,46.774,2.1661404679287055,1.7587342784971078,108.80447823545796,0.020013718125592724,8.025626420527696e-14,fb8c4bf,2026-10-03T03:47:09+00:00,2.182790411110015,109.24114880224045,True,0.004567605190568788,2.5,1.7587342784971078,0.38710606495397,5.0,2.0978858027635442e-12,True,True,-2.173392039054436,-2.049079099111745,-1.9719455480311652,-1.9176242346046573,-1.87651313500057,-1.8171684027945616,-1.7754481974490584,-1.7439538232229648,-1.7190413670923572,-1.6986722211376821,-1.6816014929463468,,10613,93,1.5,False,False,v1.1-frozen
C0472_T423,manual,0,C0472,C0472,423.0,1.046291609853506,0.8314247313886881,-516375153325.4981,1.1677369967103004,077ceb599be0,1dab7e7ac807,5e1d50a6e395,0,True,0,40.378,1.9428533003176114,2.674220832464874,150.16174444005986,0.013122622199343355,1.6897901579650449e-13,fb8c4bf,2026-10-03T03:41:14+00:00,1.9496941905255,150.62520680338397,True,0.005122773155262874,2.5,2.674220832464874,0.25837499702797573,5.0,2.339664986209967e-12,True,True,-2.152517434224931,-2.074896639631583,-2.0289498878285332,-1.9977577361850742,-1.974816910977515,-1.9427122688671046,-1.9208369936306473,-1.9046854181136494,-1.892119953258608,-1.8819793743416156,-1.8735710207272689,,10613,92,1.5,False,False,v1.1-frozen
C0473_T300,manual,0,C0473,C0473,300.0,0.9338742442429064,1.1121048834174871,-1418212205171.585,0.8596571601927281,9eed41a4a2e6,1dab7e7ac807,5e1d50a6e395,0,True,12,94.935,5.0258257190059314,2.278479830928751,114.8122914308538,0.015505029446698824,8.025626420527699e-14,fb8c4bf,2026-10-03T04:05:56+00:00,5.037738614634096,114.74465598568484,True,0.0033018440110626456,5.5,2.278479830928751,0.2933554357082712,4.887969970703125,1.2477881279374262e-12,True,True,-13.09552105981267,-4.145394615885147,-2.5216948996349586,-2.2794455900809285,-2.1561723232284633,-2.0181043474678244,-1.937382644947394,-1.882296250688531,-1.8414485287916385,-1.8095274046264829,-1.7836591768574477,,11315,107,1.5,False,False,v1.1-frozen
C0473_T423,manual,0,C0473,C0473,423.0,0.9338742442429064,1.1121048834174871,-1418212205171.585,0.8596571601927281,9eed41a4a2e6,1dab7e7ac807,5e1d50a6e395,0,True,0,60.366,4.785748950434126,3.1003453226868594,159.27532923297338,0.011338044044793976,1.6897901579650449e-13,fb8c4bf,2026-10-03T03:57:27+00:00,4.79498232156536,159.58940725556104,True,0.003986736032044352,5.25,3.1003453226868594,0.22098113718998957,5.0,1.1547520752108742e-12,True,True,-8.64364003035687,-3.2245318519133845,-2.3917979763609845,-2.226137342350245,-2.1454290440626274,-2.060564327986264,-2.014121914676553,-1.983818000092326,-1.9620587701949666,-1.9454618602420477,-1.9322648125622452,,11315,92,1.5,False,False,v1.1-frozen
C0474_T300,manual,0,C0474,C0474,300.0,0.8923854809254408,0.967958626523614,-756150495260.9539,1.079824111238122,9bc970828b50,1dab7e7ac807,5e1d50a6e395,0,True,0,47.606,3.1076465864085607,1.9406015101110166,111.76630659340215,0.01816142764405915,8.025626420527699e-14,fb8c4bf,2026-10-03T03:48:47+00:00,3.132740290304238,112.74579629030079,True,0.004177866713453614,3.5,1.9406015101110166,0.3485670679703234,5.0,7.209649544037688e-13,True,True,-2.4648778286774804,-2.2084867204223553,-2.0861385858880745,-2.009018961958048,-1.954230074442679,-1.8793596791911054,-1.8291417280946047,-1.7923345289746444,-1.7638133642325755,-1.7408500152000104,-1.721835892353492,,11432,93,1.5,False,False,v1.1-frozen
C0474_T423,manual,0,C0474,C0474,423.0,0.8923854809254408,0.967958626523614,-756150495260.9539,1.079824111238122,9bc970828b50,1dab7e7ac807,5e1d50a6e395,0,True,0,52.092,2.8770903636899607,2.8876200752903878,154.64775601928483,0.012162426564795733,1.689790157965045e-13,fb8c4bf,2026-10-03T03:50:54+00:00,2.889899888499293,154.91754891015407,True,0.004663268660046131,3.25,2.8876200752903878,0.23834612072121855,5.0,9.801413735748951e-13,True,True,-2.350277838890936,-2.1818752629138607,-2.1051793392332834,-2.05910198884749,-2.027594438406351,-1.9862688554233134,-1.95966980523896,-1.940727352663848,-1.9263587660060606,-1.9149797689312194,-1.905682320334197,,11432,93,1.5,False,False,v1.1-frozen
C0475_T300,manual,0,C0475,C0475,300.0,1.1799679275602102,1.0888531740754843,-1182339261285.9607,0.9974753584712744,62c936acae6b,1dab7e7ac807,5e1d50a6e395,0,True,0,40.387,4.411154361859201,2.000453317017072,114.23266461817083,0.017634309596608142,8.025626420527696e-14,fb8c4bf,2026-10-03T03:43:39+00:00,4.429187478321307,114.67336207925827,True,0.003743858050267057,4.75,2.000453317017072,0.33649941872513367,5.0,1.4888647983403699e-12,True,True,-7.1555827905859335,-2.669221047918021,-2.293820735501433,-2.1418586566878535,-2.050091219625336,-1.9378346990993551,-1.8683577893009147,-1.819573393311115,-1.782759288818145,-1.7536415387893922,-1.7298338620355291,,9911,93,1.5,False,False,v1.1-frozen
C0475_T423,manual,0,C0475,C0475,423.0,1.1799679275602102,1.0888531740754843,-1182339261285.9607,0.9974753584712744,62c936acae6b,1dab7e7ac807,5e1d50a6e395,0,True,0,45.343,4.171858213410927,2.7992980700815564,158.426481891332,0.012545142402065609,1.6897901579650446e-13,fb8c4bf,2026-10-03T03:43:31+00:00,4.181244838215313,158.62894977972297,True,0.004343676297740131,4.75,2.7992980700815564,0.24592219531344336,5.0,9.001827061538847e-13,True,True,-4.905034521942872,-2.4806514140551665,-2.2282907604708573,-2.1275764149292757,-2.069570985995997,-2.0023431037747064,-1.9629474888761504,-1.9362921891028697,-1.9167067739958987,-1.9015244045701518,-1.8893050610770208,,9911,93,1.5,False,False,v1.1-frozen
C0476_T300,manual,0,C0476,C0476,300.0,1.147245829552412,0.924172803387046,-1299450857564.807,0.9193705946207048,6cd7b95da2ba,1dab7e7ac807,5e1d50a6e395,0,True,0,44.906,4.26323935530648,2.0427378770449103,111.04301677061711,0.01726738357289038,8.025626420527696e-14,fb8c4bf,2026-10-03T03:41:36+00:00,4.269995049906691,110.94663939457928,True,0.003683633776595138,4.75,2.0427378770449103,0.32979171932571055,5.0,1.3314317995622673e-12,True,True,-5.944435197205423,-2.5846691339788657,-2.275483526180591,-2.136616129049937,-2.050315365544313,-1.9428491990232442,-1.8754468634755932,-1.827740910326748,-1.79153575137011,-1.762773463587153,-1.7391723194782862,,10145,92,1.5,False,False,v1.1-frozen
C0476_T423,manual,0,C0476,C0476,423.0,1.147245829552412,0.924172803387046,-1299450857564.807,0.9193705946207048,6cd7b95da2ba,1dab7e7ac807,5e1d50a6e395,0,True,0,48.4,4.033948644474672,2.834757602378639,153.44507003209807,0.01238786266908018,1.6897901579650443e-13,fb8c4bf,2026-10-03T03:42:50+00:00,4.042866354032351,153.65439054086283,True,0.004456155301623519,4.5,2.834757602378639,0.24290002528014046,5.0,2.0235293103280644e-12,True,True,-4.168152137116789,-2.4250884164889612,-2.214214062268855,-2.122896718750843,-2.0688311550441467,-2.0049939167976,-1.967030962187108,-1.941110947577344,-1.9219405358154198,-1.9070036178447363,-1.894931499997242,,10145,92,1.5,False,False,v1.1-frozen
C0477_T300,manual,0,C0477,C0477,300.0,0.8346763528883457,1.0450903777033091,-639008683152.4968,1.0016697071492673,a947a4348f6f,1dab7e7ac807,5e1d50a6e395,0,True,0,53.265,3.041280929916732,2.039989591904082,113.37046271772012,0.017287436191493654,8.025626420527695e-14,fb8c4bf,2026-10-03T04:12:03+00:00,3.0588856130971798,113.6647515732384,True,0.0038266076334426413,3.5,2.039989591904082,0.330557936315881,5.0,9.98891074022179e-13,True,True,-2.4716153920061723,-2.2303917369120114,-2.1107381075562683,-2.0341268425538277,-1.9792078926594139,-1.903577126960169,-1.8525226578709555,-1.8149633483903544,-1.7857919067114847,-1.7622694098751621,-1.7427724922069203,,11900,93,1.5,False,False,v1.1-frozen
C0477_T423,manual,0,C0477,C0477,423.0,0.8346763528883457,1.0450903777033091,-639008683152.4968,1.0016697071492673,a947a4348f6f,1dab7e7ac807,5e1d50a6e395,0,True,0,57.967,2.8052491801427246,2.9975383369173856,157.1166317599031,0.011721304553228423,1.6897901579650449e-13,fb8c4bf,2026-10-03T03:51:12+00:00,2.816970841941188,157.23804531028895,True,0.004446236864691249,3.25,2.9975383369173856,0.2291324462508439,5.0,2.5629477648991897e-12,True,True,-2.3587064314749857,-2.199127930246357,-2.1236411308829135,-2.077574710020735,-2.0458060572242176,-2.003861171117128,-1.976733825708498,-1.957372522128138,-1.9426712983325525,-1.9310240496883309,-1.921506526516907,,11900,92,1.5,False,False,v1.1-frozen
C0478_T300,manual,0,C0478,C0478,300.0,0.9886521469801663,0.8751621123403311,-1035323315300.0474,0.8315051037818194,67645a901d24,1dab7e7ac807,5e1d50a6e395,0,True,0,32.171,3.520794793826389,2.1311475983921246,110.12839300226295,0.016552335972011428,8.025626420527696e-14,fb8c4bf,2026-10-03T03:30:31+00:00,3.5310936882643778,109.9870408909791,True,0.003424191256013765,4.0,2.1311475983921246,0.31606864519245925,5.0,9.059489269880316e-13,True,True,-2.7962370874345797,-2.3579836649210675,-2.19498480116118,-2.098731487550968,-2.032308898267788,-1.9433001827110734,-1.884318201518518,-1.8412775127169836,-1.807967071372935,-1.7811407071351075,-1.758905566868818,,10964,91,1.5,False,False,v1.1-frozen
C0478_T423,manual,0,C0478,C0478,423.0,0.9886521469801663,0.8751621123403311,-1035323315300.0474,0.8315051037818194,67645a901d24,1dab7e7ac807,5e1d50a6e395,0,True,0,32.705,3.2948239217316795,2.9588776282161686,152.008980391671,0.011871219070578606,1.6897901579650449e-13,fb8c4bf,2026-10-03T03:31:50+00:00,3.3059791718830422,152.29208770691181,True,0.00421228648930962,3.75,2.9588776282161686,0.23244272704937205,5.0,1.8767657635878316e-12,True,True,-2.5684867315581434,-2.273380033118004,-2.1647218503288,-2.103800634420257,-2.0635435608511266,-2.0120723594247822,-1.9795434510773984,-1.9565749740525493,-1.939222990690049,-1.9255046805028477,-1.914299893150664,,10964,92,1.5,False,False,v1.1-frozen
C0479_T300,manual,0,C0479,C0479,300.0,1.076082482561469,1.1558192286640403,-899233812466.2638,1.1396360140293835,f16933bde5c9,1dab7e7ac807,5e1d50a6e395,0,True,0,34.009,3.9046432992245657,1.8983342069076603,115.31102375504499,0.01857043746445577,8.025626420527696e-14,fb8c4bf,2026-10-03T03:40:58+00:00,3.922776520670627,116.19548614980168,True,0.004126840802491093,4.25,1.8983342069076603,0.35579457520481506,5.0,8.68151037169973e-13,True,True,-3.5310230586632625,-2.385213431002298,-2.171041145511731,-2.059213862625937,-1.9861563671569884,-1.892351799979487,-1.8323876224532818,-1.7896212833435818,-1.7570651917953364,-1.7311778654491603,-1.7099394200741236,,10496,93,1.5,False,False,v1.1-frozen
C0479_T423,manual,0,C0479,C0479,423.0,1.076082482561469,1.1558192286640403,-899233812466.2638,1.1396360140293835,f16933bde5c9,1dab7e7ac807,5e1d50a6e395,0,True,0,29.443,3.6613693456005136,2.7711724808576412,160.25437681776933,0.012670984357152568,1.6897901579650443e-13,fb8c4bf,2026-10-03T03:28:46+00:00,3.671224093696563,160.620909467848,True,0.004595898984197043,4.25,2.7711724808576412,0.24857154900245804,5.0,1.671708542489359e-12,True,True,-2.907606380553114,-2.293638413645092,-2.1520220119204603,-2.0813349057658193,-2.0371352039294734,-1.9830278058272728,-1.9500584333503308,-1.927304995229788,-1.9103934172972423,-1.8971896452370203,-1.8865133229658386,,10496,93,1.5,False,False,v1.1-frozen
C0480_T300,manual,0,C0480,C0480,300.0,1.0846561681479217,0.9111454285681247,-689796024002.1348,1.0580096449702978,db6125c74b9a,1dab7e7ac807,5e1d50a6e395,0,True,0,46.847,2.802066911271217,1.86023521328589,110.60534798980015,0.018936817810280983,8.025626420527694e-14,fb8c4bf,2026-10-03T03:47:56+00:00,2.8224981699591827,111.09559552889858,True,0.004200622804957238,3.25,1.86023521328589,0.36450340011177484,5.0,1.4962348445477005e-12,True,True,-2.3539378011976657,-2.1580182265286805,-2.052252163011327,-1.9822825475235182,-1.9311994462493987,-1.8597026629585374,-1.810720087489577,-1.7743156181624458,-1.7458188038915974,-1.7226929991208557,-1.7034207832175408,,10496,93,1.5,False,False,v1.1-frozen
C0480_T423,manual,0,C0480,C0480,423.0,1.0846561681479217,0.9111454285681247,-689796024002.1348,1.0580096449702978,db6125c74b9a,1dab7e7ac807,5e1d50a6e395,0,True,0,42.865,2.5743557935961587,2.731733633688721,152.84568697496798,0.012849698233646938,1.6897901579650449e-13,fb8c4bf,2026-10-03T03:41:58+00:00,2.5875876102713913,152.93101203476627,True,0.004858122193870669,3.0,2.731733633688721,0.2525963034900843,5.0,2.30293723513843e-12,True,True,-2.269602746286814,-2.140469188636363,-2.0741942136311295,-2.0322379021969383,-2.00265305710508,-1.9627698696548173,-1.9364575281301601,-1.9174120314093988,-1.902792547035031,-1.8911070713210774,-1.8814868791967905,,10496,92,1.5,False,False,v1.1-frozen
C0481_T300,manual,0,C0481,C0481,300.0,0.9970920350402592,1.032043133676052,-1373667115345.5972,0.9630154106765986,e93cc1091c37,1dab7e7ac807,5e1d50a6e395,0,True,0,48.98,4.716327998025942,2.09919498243415,113.17315972916975,0.016811042723062535,8.025626420527695e-14,fb8c4bf,2026-10-03T04:06:46+00:00,4.723783483763822,113.6552495829961,True,0.0036473240402013743,5.25,2.09919498243415,0.3201248676579663,5.0,1.4677664569814364e-12,True,True,-9.911141576142825,-3.025947988236809,-2.3754946574090416,-2.189877072617532,-2.086030999100812,-1.9645779982121796,-1.89173444570082,-1.841436787528935,-1.8038842990882864,-1.7744053481412725,-1.750438509056717,,10964,92,1.5,False,False,v1.1-frozen
C0481_T423,manual,0,C0481,C0481,423.0,0.9970920350402592,1.032043133676052,-1373667115345.5972,0.9630154106765986,e93cc1091c37,1dab7e7ac807,5e1d50a6e395,0,True,0,62.214,4.480321490319295,2.9425337528911406,156.76542904875956,0.01193910616261145,1.6897901579650443e-13,fb8c4bf,2026-10-03T03:58:30+00:00,4.482925435939663,157.20082982734328,True,0.004360854665949189,5.0,2.9425337528911406,0.23351760332447652,5.0,2.050115081167082e-12,True,True,-6.780437030919899,-2.693520955596612,-2.2881073902404094,-2.1644816229608184,-2.0986746836457195,-2.026119075917979,-1.9851225204862448,-1.957925046825319,-1.9381909948431995,-1.9230281860354888,-1.9109054676788277,,10964,92,1.5,False,False,v1.1-frozen
C0482_T300,manual,0,C0482,C0482,300.0,0.8260624937713147,0.8878961212933064,-957828862592.578,1.1959726966917514,e41b5b45aeba,1dab7e7ac807,5e1d50a6e395,0,True,0,49.575,3.3498287163815226,1.8920348621341643,109.9828831670988,0.01862060098390784,8.0256264205277e-14,fb8c4bf,2026-10-03T03:49:37+00:00,3.3745947642905247,110.55988643961511,True,0.004649320852050664,3.75,1.8920348621341643,0.3582005056992898,5.0,1.2836963624288744e-12,True,True,-2.5494204487327266,-2.2127960663245174,-2.0760931099984505,-1.9945802018841252,-1.938401493789393,-1.8635918907205904,-1.8145106037358465,-1.7790250010738997,-1.7517856831927023,-1.730006306180516,-1.7120694304343396,,11900,93,1.5,False,False,v1.1-frozen
C0482_T423,manual,0,C0482,C0482,423.0,0.8260624937713147,0.8878961212933064,-957828862592.578,1.1959726966917514,e41b5b45aeba,1dab7e7ac807,5e1d50a6e395,0,True,0,52.403,3.124274336062055,2.896158095183575,151.96562795031565,0.012126356857349536,1.689790157965045e-13,fb8c4bf,2026-10-03T03:51:47+00:00,3.136918057225496,152.10278861731075,True,0.005065443016675285,3.5,2.896158095183575,0.23767822989730378,5.0,1.4718204052382714e-12,True,True,-2.4045611006585186,-2.188657214618478,-2.1041324261828396,-2.0562062658009177,-2.0244565233307017,-1.9838947325852676,-1.9583515341375581,-1.9403961461396948,-1.9268945534610398,-1.9162696553904062,-1.9076305660953476,,11900,93,1.5,False,False,v1.1-frozen
C0483_T300,manual,0,C0483,C0483,300.0,1.138498166948557,1.168573136627674,-1101724189706.1467,0.875147046148777,fb07ff9c0ac9,1dab7e7ac807,5e1d50a6e395,0,True,11,72.075,4.4236695644806545,2.1559147070173394,115.8442320211276,0.016377868570296102,8.025626420527696e-14,fb8c4bf,2026-10-03T03:44:51+00:00,4.440200782197924,116.79702944053471,True,0.0032678068469828756,4.75,2.1559147070173394,0.3108185840354091,4.939697265625,7.458478279431802e-13,True,True,-7.1931118337149424,-2.729512896613924,-2.3472060344112347,-2.1911645865963663,-2.096320635008781,-1.979516609564044,-1.9067428886292275,-1.8554133863178492,-1.8165533302287895,-1.785742618350324,-1.7605030618695954,,10145,106,1.5,False,False,v1.1-frozen
C0483_T423,manual,0,C0483,C0483,423.0,1.138498166948557,1.168573136627674,-1101724189706.1467,0.875147046148777,fb07ff9c0ac9,1dab7e7ac807,5e1d50a6e395,0,True,0,49.482,4.18065000221434,2.9220685949336622,160.88457789434185,0.012023433412185064,1.6897901579650449e-13,fb8c4bf,2026-10-03T03:44:20+00:00,4.1894926059142,161.10359444246103,True,0.003924679010633665,4.75,2.9220685949336622,0.23506197817011715,5.0,1.6487888731150194e-12,True,True,-4.932837975853454,-2.5273616216678354,-2.2662961667928805,-2.1605893722117737,-2.099263556135405,-2.0277872415703424,-1.9857266878633706,-1.9572115617374246,-1.936238373915294,-1.9199714974709827,-1.9068754277441304,,10145,93,1.5,False,False,v1.1-frozen
C0484_T300,manual,0,C0484,C0484,300.0,1.1839033704251052,0.8441820427775384,-1468988310545.6829,0.8033197145909071,9dba72f5f0ca,1dab7e7ac807,5e1d50a6e395,0,True,0,40.893,4.439862670482579,2.1567257905048844,109.51847488071309,0.01636236105223482,8.025626420527698e-14,fb8c4bf,2026-10-03T03:42:18+00:00,4.453913993288413,110.25451038980405,True,0.0032992365300652665,4.75,2.1567257905048844,0.3117127191259569,5.0,7.675350557219485e-13,True,True,-7.510247651382334,-2.732817338072289,-2.3440169391652796,-2.1876086642726196,-2.093236052159161,-1.9776333794762195,-1.905800091889139,-1.8551184227950912,-1.816688187003783,-1.7861540284169806,-1.7610837369141348,,9794,92,1.5,False,False,v1.1-frozen
C0484_T423,manual,0,C0484,C0484,423.0,1.1839033704251052,0.8441820427775384,-1468988310545.6829,0.8033197145909071,9dba72f5f0ca,1dab7e7ac807,5e1d50a6e395,0,True,0,42.744,4.215968832048091,2.895457791276229,151.02081167906334,0.012129829097240684,1.689790157965044e-13,fb8c4bf,2026-10-03T03:43:33+00:00,4.220734892384656,151.54353527899778,True,0.00414050737679208,4.75,2.895457791276229,0.23765393834892132,5.0,2.3500753729667712e-12,True,True,-5.194122994280311,-2.525087273453496,-2.257544424907294,-2.1522406775755973,-2.0918143182149,-2.021828265646013,-1.9807207656569064,-1.9527974778479606,-1.9321901348140489,-1.9161453180656765,-1.9031773774266048,,9794,92,1.5,False,False,v1.1-frozen
C0485_T300,manual,0,C0485,C0485,300.0,0.8964791413396597,1.124836216121912,-590595434419.8108,1.124095817282796,199b90d2263a,1dab7e7ac807,5e1d50a6e395,0,True,0,49.733,3.1145683466434035,1.9338458823405857,114.7656383449449,0.018228423349257915,8.025626420527698e-14,fb8c4bf,2026-10-03T04:12:53+00:00,3.1388411669058236,115.58184806117045,True,0.004152461176023767,3.5,1.9338458823405857,0.3494089283108329,5.0,8.134970954233212e-13,True,True,-2.4699316922966514,-2.2106780484443487,-2.087285636798152,-2.009500814121001,-1.9542279793257058,-1.8787025417702603,-1.8280788662810161,-1.791012140496115,-1.7623228149897747,-1.7392508936230764,-1.720168337240564,,11549,93,1.5,False,False,v1.1-frozen
C0485_T423,manual,0,C0485,C0485,423.0,0.8964791413396597,1.124836216121912,-590595434419.8108,1.124095817282796,199b90d2263a,1dab7e7ac807,5e1d50a6e395,0,True,0,48.623,2.874915133998065,2.886813316712869,159.33965444849557,0.012167171698695073,1.689790157965045e-13,fb8c4bf,2026-10-03T03:52:01+00:00,2.8874457014358406,159.47033913202034,True,0.004584474649743851,3.25,2.886813316712869,0.2382692175266753,5.0,1.579649093356655e-12,True,True,-2.355120481245557,-2.1849896738650156,-2.1073463120299163,-2.060649137724015,-2.028706470451351,-1.9868245914646678,-1.9599019120076664,-1.9407612903807512,-1.9262681518559004,-1.9148103632984435,-1.9054637865145945,,11549,91,1.5,False,False,v1.1-frozen
C0486_T300,manual,0,C0486,C0486,300.0,0.9299972377717496,0.9549087181687356,-1240930764935.9106,0.9411346577107906,a6ab1fade2fe,1dab7e7ac807,5e1d50a6e395,0,True,0,34.539,4.209115987533131,2.0976846398738074,111.65354088826473,0.016818097506617273,8.0256264205277e-14,fb8c4bf,2026-10-03T03:31:06+00:00,4.21825626904892,112.25413459104804,True,0.0036282827111402856,4.75,2.0976846398738074,0.3208843780938773,5.0,1.987496454379884e-12,True,True,-5.489692346787229,-2.5545609954830044,-2.2662104794609714,-2.1334689411914773,-2.050509992822492,-1.947035381892755,-1.8821927262996494,-1.8363912846214463,-1.8017109609435769,-1.774223133931045,-1.7517175855035303,,11315,92,1.5,False,False,v1.1-frozen
C0486_T423,manual,0,C0486,C0486,423.0,0.9299972377717496,0.9549087181687356,-1240930764935.9106,0.9411346577107906,a6ab1fade2fe,1dab7e7ac807,5e1d50a6e395,0,True,0,33.712,3.9778130469621193,2.973056265025035,154.4007191477229,0.011816423614715549,1.6897901579650449e-13,fb8c4bf,2026-10-03T03:32:24+00:00,3.9807765828331387,154.88737999803715,True,0.004361942084456409,4.5,2.973056265025035,0.23114886376686034,5.0,1.6446979351551753e-12,True,True,-3.8957191229471673,-2.4100272720636453,-2.216164207491755,-2.13057520046958,-2.0796632838966516,-2.0194849382166575,-1.9837483843463615,-1.9594102681491192,-1.9414603807151847,-1.9275139481094716,-1.91627327913661,,11315,92,1.5,False,False,v1.1-frozen
C0487_T300,manual,0,C0487,C0487,300.0,1.0425728149712086,1.0758292622864247,-822563081979.7516,1.0361800581216811,516946ccb2e0,1dab7e7ac807,5e1d50a6e395,0,True,0,33.966,3.5410602515063463,1.9566919018089803,113.92607103764996,0.01801907010066771,8.025626420527696e-14,fb8c4bf,2026-10-03T03:41:32+00:00,3.5584083895358023,114.23202815860611,True,0.003939571111787988,4.0,1.9566919018089803,0.3449818671694263,5.0,1.3931742814739275e-12,True,True,-2.7701763560014174,-2.3111602609358735,-2.1478548722034962,-2.0525603868085294,-1.9872436496969432,-1.9003260220386344,-1.8431755150072615,-1.8017359517352267,-1.7698374915166006,-1.744267625153248,-1.7231597802572043,,10613,93,1.5,False,False,v1.1-frozen
C0487_T423,manual,0,C0487,C0487,423.0,1.0425728149712086,1.0758292622864247,-822563081979.7516,1.0361800581216811,516946ccb2e0,1dab7e7ac807,5e1d50a6e395,0,True,0,29.678,3.303163487702579,2.8229139892661164,157.98938463105915,0.01243993459991347,1.6897901579650443e-13,fb8c4bf,2026-10-03T03:29:16+00:00,3.3144566911320945,158.20286880284507,True,0.004576868550363208,3.75,2.8229139892661164,0.24390859064771292,5.0,8.711243532077972e-13,True,True,-2.5433693690577357,-2.244047210778761,-2.1367442623533908,-2.077114542392358,-2.0379133343958435,-1.9880579409048167,-1.9567422129687968,-1.9347457453806909,-1.9182048780486805,-1.9051819028422545,-1.8945846583715173,,10613,92,1.5,False,False,v1.1-frozen
C0488_T300,manual,0,C0488,C0488,300.0,1.0105717908591032,0.8541675359010696,-1147560817189.5146,1.1462420608848334,a52a0777cb56,1dab7e7ac807,5e1d50a6e395,0,True,0,49.021,3.6981963104230857,1.8532643056356364,109.32420708416291,0.01900687937978629,8.025626420527698e-14,fb8c4bf,2026-10-03T03:48:46+00:00,3.7089474007779013,109.94186094232228,True,0.004405873425811568,4.25,1.8532643056356364,0.3659957502635984,5.0,1.1672970497995375e-12,True,True,-2.9247052270837344,-2.29304400703819,-2.115858973063374,-2.0181487709512758,-1.9530830035556686,-1.8685161758969482,-1.8139674225239224,-1.7748476532525894,-1.7449451315227607,-1.7210891813665046,-1.7014631226889558,,10847,92,1.5,False,False,v1.1-frozen
C0488_T423,manual,0,C0488,C0488,423.0,1.0105717908591032,0.8541675359010696,-1147560817189.5146,1.1462420608848334,a52a0777cb56,1dab7e7ac807,5e1d50a6e395,0,True,0,41.148,3.4732707603805695,2.7601162176045206,150.91560749949107,0.01271831924477452,1.6897901579650449e-13,fb8c4bf,2026-10-03T03:42:39+00:00,3.4765857995876353,151.30217122388368,True,0.005097627875021016,4.0,2.7601162176045206,0.24993292413572676,5.0,2.4354050781013974e-12,True,True,-2.6203887521348,-2.2314143791427403,-2.117473458627374,-2.057803804453908,-2.0197231638091875,-1.9723775733128903,-1.943137526069223,-1.92277414641812,-1.9075344548339712,-1.8955702779131975,-1.885852294122144,,10847,92,1.5,False,False,v1.1-frozen
C0489_T300,manual,0,C0489,C0489,300.0,0.9231051232665776,1.176618491858244,-792851848527.7891,0.8264431390911341,b2eecaea3b10,1dab7e7ac807,5e1d50a6e395,0,True,12,91.705,3.7302160005521348,2.2453068829717235,116.04902097685887,0.015728097479275067,8.025626420527696e-14,fb8c4bf,2026-10-03T04:08:18+00:00,3.7348544821285072,116.25439883238641,True,0.0031031915907712543,4.25,2.2453068829717235,0.29829401633063996,4.8420562744140625,1.7188943442370527e-12,True,True,-3.1054640852719175,-2.4450039767860643,-2.254012363820879,-2.1461668064305552,-2.0730769207373996,-1.9763905358790288,-1.9129905516832202,-1.8670463594683,-1.8316795139837991,-1.8033238078423013,-1.7799110301242431,,11315,108,1.5,False,False,v1.1-frozen
C0489_T423,manual,0,C0489,C0489,423.0,0.9231051232665776,1.176618491858244,-792851848527.7891,0.8264431390911341,b2eecaea3b10,1dab7e7ac807,5e1d50a6e395,0,True,0,59.258,3.4869552270662583,3.0842867182744547,161.18413579549895,0.011395985447672676,1.6897901579650446e-13,fb8c4bf,2026-10-03T03:59:30+00:00,3.4888048707393184,161.60686060086383,True,0.0037904717702524045,4.0,3.0842867182744547,0.2222436093358104,5.0,9.791802785263926e-13,True,True,-2.7558893540697413,-2.3405708853492837,-2.2101644099110427,-2.1399292090537716,-2.094400212467633,-2.0371138307012933,-2.0014502534763063,-1.9765416782111684,-1.9578879279470962,-1.9432481140130706,-1.9313655511959378,,11315,92,1.5,False,False,v1.1-frozen
C0490_T300,manual,0,C0490,C0490,300.0,0.8504154257476331,0.946534550189972,-1376536780968.3083,1.009107468277216,37da64205fcb,1dab7e7ac807,5e1d50a6e395,0,True,0,49.747,4.496193110153165,2.0850875005746152,111.389714118314,0.01691867455055919,8.025626420527696e-14,fb8c4bf,2026-10-03T03:50:27+00:00,4.497026234087579,111.5085764472733,True,0.003901460173421971,5.0,2.0850875005746152,0.3229179229245281,5.0,1.2974832428578866e-12,True,True,-7.999280435263892,-2.7219735712165862,-2.301226538679058,-2.145589703789321,-2.0543703130869346,-1.9452744403600273,-1.8790269349066564,-1.833060100692805,-1.7986637131498848,-1.7716336636330428,-1.749648229947226,,11783,92,1.5,False,False,v1.1-frozen
C0490_T423,manual,0,C0490,C0490,423.0,0.8504154257476331,0.946534550189972,-1376536780968.3083,1.009107468277216,37da64205fcb,1dab7e7ac807,5e1d50a6e395,0,True,0,52.755,4.26532339729215,3.015143631652941,154.0466438930199,0.011653144182871706,1.689790157965045e-13,fb8c4bf,2026-10-03T03:52:40+00:00,4.269877630143214,154.32088681717872,True,0.004586263302049995,4.75,3.015143631652941,0.22776838730135174,5.0,2.4384273429933753e-12,True,True,-5.4861120444110565,-2.5176176030865904,-2.2433671951720697,-2.1433365297814433,-2.087686146269555,-2.0248211547284,-1.988744912038167,-1.964638940472539,-1.9470794538743055,-1.9335568800423448,-1.9227312838607276,,11783,92,1.5,False,False,v1.1-frozen
C0491_T300,manual,0,C0491,C0491,300.0,1.1629489459097386,1.0225333176553248,-559973471798.0027,0.9134771302342416,aca71dd6875e,1dab7e7ac807,5e1d50a6e395,0,True,0,38.607,2.807304744892742,1.9816559160268532,113.02282808312059,0.017792315220292215,8.025626420527695e-14,fb8c4bf,2026-10-03T03:45:30+00:00,2.8291958416131564,113.66361990974383,True,0.0035989622797089125,3.25,1.9816559160268532,0.34064862193554235,5.0,7.250363504018864e-13,True,True,-2.415949914723375,-2.2143037579862686,-2.1037882236880487,-2.0299091433702343,-1.9755503938027048,-1.8988419733844368,-1.8458583587555804,-1.8062538262109813,-1.7751189560411123,-1.7497675357848175,-1.728583179843306,,10028,93,1.5,False,False,v1.1-frozen
C0491_T423,manual,0,C0491,C0491,423.0,1.1629489459097386,1.0225333176553248,-559973471798.0027,0.9134771302342416,aca71dd6875e,1dab7e7ac807,5e1d50a6e395,0,True,0,51.444,2.5730538691773006,2.787424145252817,156.5158997571624,0.012596381068856148,1.689790157965044e-13,fb8c4bf,2026-10-03T03:45:12+00:00,2.5866217634258546,156.65191046750587,True,0.004291177115310344,3.0,2.787424145252817,0.24720211920097912,5.0,1.2730007910957995e-12,True,True,-2.3111678351567733,-2.173986793900461,-2.1022933861302815,-2.0564370859876044,-2.0238868139021924,-1.9797399387210517,-1.950462281339201,-1.9292028275809023,-1.9128482107112303,-1.8997542094519664,-1.8889598327760744,,10028,92,1.5,False,False,v1.1-frozen
C0492_T300,manual,0,C0492,C0492,300.0,1.1083541493862867,0.9903203777968884,-927237361669.5404,0.9916497867554426,d03ebfe68ef6,1dab7e7ac807,5e1d50a6e395,0,True,0,43.773,3.5699875932645027,1.9597779290983812,112.29386817787923,0.0179895992787468,8.025626420527696e-14,fb8c4bf,2026-10-03T03:43:02+00:00,3.5936759915683916,113.09603262488022,True,0.003895330600418849,4.0,1.9597779290983812,0.34456479612788526,5.0,6.782317762965562e-13,True,True,-2.805999075792852,-2.3230650050035466,-2.155767526618952,-2.0586518814152805,-1.9922147187117294,-1.903870889433268,-1.8457604242245684,-1.8035806365614837,-1.77107158401733,-1.7449785105270066,-1.7234114858499443,,10262,93,1.5,False,False,v1.1-frozen
C0492_T423,manual,0,C0492,C0492,423.0,1.1083541493862867,0.9903203777968884,-927237361669.5404,0.9916497867554426,d03ebfe68ef6,1dab7e7ac807,5e1d50a6e395,0,True,0,46.41,3.3376506444329612,2.7941769683396416,155.43919182951782,0.012566198739826659,1.6897901579650449e-13,fb8c4bf,2026-10-03T03:44:20+00:00,3.351517176368735,155.3902810744904,True,0.004537766503944999,3.75,2.7941769683396416,0.24658171196365386,5.0,2.8083333476751042e-12,True,True,-2.5650709782145182,-2.24882055534317,-2.1380630934528058,-2.0768715510962465,-2.0367345783022746,-1.9857360953629022,-1.9536900585944643,-1.9311531421094204,-1.9141803047760193,-1.9007960760121279,-1.8898878050133865,,10262,92,1.5,False,False,v1.1-frozen
C0493_T300,manual,0,C0493,C0493,300.0,0.8208320733159781,1.0662961095571517,-1009303121827.5428,1.0872305769473314,49d8dd9607cc,1dab7e7ac807,5e1d50a6e395,0,True,0,52.883,3.948097904389245,2.030084140556037,113.69656381618654,0.017373955859931463,8.025626420527699e-14,fb8c4bf,2026-10-03T04:13:46+00:00,3.958934071762327,114.4813280846495,True,0.00394800614620611,4.5,2.030084140556037,0.33193409558443576,5.0,1.1266833820078315e-12,True,True,-3.7253289914504766,-2.412488213073172,-2.1931684984332045,-2.0810224956711063,-2.008523943263579,-1.9162948582875599,-1.857841089221191,-1.8163959623913897,-1.784986358892263,-1.7601012861850989,-1.7397480727409644,,12017,92,1.5,False,False,v1.1-frozen
C0493_T423,manual,0,C0493,C0493,423.0,0.8208320733159781,1.0662961095571517,-1009303121827.5428,1.0872305769473314,49d8dd9607cc,1dab7e7ac807,5e1d50a6e395,0,True,0,54.923,3.7098343911700797,3.0043702473734273,157.6482862743539,0.011695601044730384,1.6897901579650446e-13,fb8c4bf,2026-10-03T03:52:57+00:00,3.714770768221994,158.178819279169,True,0.0045501710512681395,4.25,3.0043702473734273,0.22851479711563527,5.0,1.2776451238545341e-12,True,True,-3.002671150951958,-2.3199629017508583,-2.177151002554243,-2.1076404601446415,-2.0647526611179243,-2.012858621434458,-1.98157428731277,-1.9601390948398976,-1.9442940181295332,-1.9319774545985302,-1.922055687453307,,12017,92,1.5,False,False,v1.1-frozen
C0494_T300,manual,0,C0494,C0494,300.0,0.956010325998068,0.810430159419775,-660115252248.9429,0.8545623980462551,b241ea47c873,1dab7e7ac807,5e1d50a6e395,0,True,0,33.231,2.4585992307177236,2.0392091871031583,108.71795262396373,0.01728487311266969,8.025626420527694e-14,fb8c4bf,2026-10-03T03:31:39+00:00,2.4682505193269457,109.2992096027467,True,0.003511007594190642,3.0,2.0392091871031583,0.3316748164789024,5.0,8.746354335231743e-13,True,True,-2.3261556709870304,-2.1713242550558327,-2.0791269347690022,-2.0153250980545567,-1.9674699360100567,-1.8988228333473884,-1.8507401057336719,-1.8144803518612356,-1.7857974720020637,-1.7623338042424679,-1.7426558268080652,,11081,92,1.5,False,False,v1.1-frozen
C0494_T423,manual,0,C0494,C0494,423.0,0.956010325998068,0.810430159419775,-660115252248.9429,0.8545623980462551,b241ea47c873,1dab7e7ac807,5e1d50a6e395,0,True,0,29.971,2.2369593406881014,2.908744200905761,149.85638713629135,0.012072541299395455,1.6897901579650454e-13,fb8c4bf,2026-10-03T03:32:54+00:00,2.238812547566148,150.23489400049306,True,0.004337773093368133,2.75,2.908744200905761,0.23678268593139817,5.0,2.1776623851309345e-12,True,True,-2.252046984795407,-2.1504417737713446,-2.09303945360078,-2.054980397040669,-2.0273857590910422,-1.9892450281142129,-1.9635205232178723,-1.9446353675176329,-1.9299933099363404,-1.9182013002312919,-1.9084356207191342,,11081,92,1.5,False,False,v1.1-frozen
C0495_T300,manual,0,C0495,C0495,300.0,1.0684884376823902,1.1329041421413422,-1280327629297.9717,1.1744124859571456,516ef1a63d2a,1dab7e7ac807,5e1d50a6e395,0,True,0,33.504,4.7326467811567605,1.9179380089634714,114.87161168911508,0.018384989484522565,8.025626420527698e-14,fb8c4bf,2026-10-03T03:42:05+00:00,4.736202159977576,115.22832247795355,True,0.0042619541808694905,5.25,1.9179380089634714,0.3517163358800968,5.0,7.709125510076038e-13,True,True,-10.00263420954689,-3.014861001131367,-2.3221620262969944,-2.1369520067781216,-2.0349726812371736,-1.9170651728922994,-1.8470648131578016,-1.799062421312844,-1.7634093466755134,-1.7355366141940924,-1.7129520521119055,,10613,92,1.5,False,False,v1.1-frozen
C0495_T423,manual,0,C0495,C0495,423.0,1.0684884376823902,1.1329041421413422,-1280327629297.9717,1.1744124859571456,516ef1a63d2a,1dab7e7ac807,5e1d50a6e395,0,True,0,28.122,4.490426038397194,2.7895794881971603,159.54300277192112,0.012588492977707413,1.689790157965045e-13,fb8c4bf,2026-10-03T03:29:44+00:00,4.49163865782573,159.90383014089005,True,0.0048687161102953505,5.0,2.7895794881971603,0.24681869874208828,5.0,2.1141007627353843e-12,True,True,-6.816374132145215,-2.6665623135280927,-2.251630066687244,-2.130612652886258,-2.067058475154197,-1.9976077778104968,-1.9586419777554331,-1.9329049707842236,-1.9142910844273915,-1.9000262580287695,-1.8886466255604506,,10613,92,1.5,False,False,v1.1-frozen
C0496_T300,manual,0,C0496,C0496,300.0,1.0603512980043888,0.8146085020154715,-777535700239.2411,0.9316309534013272,038d0b7d7d5d,1dab7e7ac807,5e1d50a6e395,0,True,0,45.323,2.7373755347718136,1.9439985055411604,108.71133495935959,0.0181247935383267,8.0256264205277e-14,fb8c4bf,2026-10-03T03:49:31+00:00,2.7402672522568117,108.89925779747311,True,0.0038286134189682982,3.25,1.9439985055411604,0.34850805432564835,5.0,8.525437300566097e-13,True,True,-2.3639428210730973,-2.1766429004865904,-2.0730464446525003,-2.0037555269473395,-1.9528169950658143,-1.881029075236717,-1.8315019278783606,-1.7944994290145004,-1.7654130520322726,-1.7417269318287552,-1.7219297696377396,,10613,92,1.5,False,False,v1.1-frozen
C0496_T423,manual,0,C0496,C0496,423.0,1.0603512980043888,0.8146085020154715,-777535700239.2411,0.9316309534013272,038d0b7d7d5d,1dab7e7ac807,5e1d50a6e395,0,True,0,42.002,2.5154785573422864,2.7954943277686213,149.86809766707364,0.012557776539720879,1.6897901579650446e-13,fb8c4bf,2026-10-03T03:43:21+00:00,2.520238349747802,150.22534713693986,True,0.004642614448450714,3.0,2.7954943277686213,0.2467360973781716,5.0,1.2292302592475934e-12,True,True,-2.274961363285599,-2.1507422757476307,-2.0855634462947013,-2.0438639659417843,-2.014264771435451,-1.974101973799248,-1.9474306760279014,-1.9280299969861823,-1.9130783857152733,-1.901087249294042,-1.8911867528627366,,10613,92,1.5,False,False,v1.1-frozen
C0497_T300,manual,0,C0497,C0497,300.0,0.9727686636149884,1.1421544943004849,-1157017314806.5806,1.039516243338585,0e7d92934dd4,1dab7e7ac807,5e1d50a6e395,0,True,5,67.025,4.47723835233056,2.042469222524661,115.1628122638062,0.017274337440456006,8.025626420527695e-14,fb8c4bf,2026-10-03T04:09:25+00:00,4.482114440099189,115.52165090884725,True,0.003814855365130306,5.0,2.042469222524661,0.329333932610194,5.0,9.251835408896625e-13,True,True,-7.708028654301548,-2.714962419015955,-2.302643641789382,-2.1463566474851272,-2.053806307994044,-1.9421692271400195,-1.8738999117821007,-1.8263444042989418,-1.7906739979791668,-1.762598601057792,-1.7397376441599508,,10964,100,1.5,False,False,v1.1-frozen
C0497_T423,manual,0,C0497,C0497,423.0,0.9727686636149884,1.1421544943004849,-1157017314806.5806,1.039516243338585,0e7d92934dd4,1dab7e7ac807,5e1d50a6e395,0,True,0,60.102,4.234922822628624,2.920160990256491,159.94726993761455,0.012030385235104779,1.6897901579650449e-13,fb8c4bf,2026-10-03T04:00:30+00:00,4.236867744045923,160.341639240713,True,0.004460274845008972,4.75,2.920160990256491,0.2353210109662689,5.0,1.1510994137479004e-12,True,True,-5.261397221979674,-2.512074486240446,-2.24155103855439,-2.1394397681651425,-2.081840275760465,-2.0161169024515186,-1.9781219816316618,-1.9526448328952062,-1.934052706273295,-1.9197204655278612,-1.9082398850050621,,10964,92,1.5,False,False,v1.1-frozen
C0498_T300,manual,0,C0498,C0498,300.0,0.8001949753612281,0.984738239273429,-510477615520.358,0.8194460909813643,2facbcf2ab7a,1dab7e7ac807,5e1d50a6e395,0,True,2,56.768,2.602302198890557,2.204079890186915,112.39966770776128,0.01601049869537935,8.025626420527696e-14,fb8c4bf,2026-10-03T03:51:24+00:00,2.6291108994006014,113.12964342201037,True,0.0032812472328181096,3.0,2.204079890186915,0.3050558402434223,5.0,7.948960590949011e-13,True,True,-2.3999422913776485,-2.228113652700916,-2.128535894612979,-2.060433896918338,-2.009710865120561,-1.9374434311704696,-1.88717501206239,-1.8494722752255761,-1.8197841878336616,-1.79559514045557,-1.7753809585245817,,12017,97,1.5,False,False,v1.1-frozen
C0498_T423,manual,0,C0498,C0498,423.0,0.8001949753612281,0.984738239273429,-510477615520.358,0.8194460909813643,2facbcf2ab7a,1dab7e7ac807,5e1d50a6e395,0,True,0,51.25,2.37111938866821,3.1301122830329917,155.46627183624628,0.011228756559683698,1.6897901579650446e-13,fb8c4bf,2026-10-03T03:53:31+00:00,2.38548561020151,155.6148654761434,True,0.0038888055068062736,2.75,3.1301122830329917,0.21906117964050326,5.0,2.3279042432538835e-12,True,True,-2.311392442448887,-2.1970662822510993,-2.1342148983928526,-2.0931355715729576,-2.063639509882374,-2.0232897949617237,-1.9963778824015814,-1.9767960784738943,-1.9617267528328202,-1.949668333602027,-1.9397379979125773,,12017,91,1.5,False,False,v1.1-frozen
C0499_T300,manual,0,C0499,C0499,300.0,1.1126125287264583,1.0587425235658885,-1427985441870.9873,1.1016002912074327,9259a6b0aa6f,1dab7e7ac807,5e1d50a6e395,0,True,0,44.096,4.89676299332967,1.9557616908660276,113.548384781615,0.01803282807774689,8.025626420527698e-14,fb8c4bf,2026-10-03T03:46:14+00:00,4.918884811165472,114.42185317776277,True,0.004115964508916924,5.25,1.9557616908660276,0.34459901921633374,5.0,1.4473200589559634e-12,True,True,-11.582727155008977,-3.5089915690352615,-2.3859283240221463,-2.172546152668462,-2.0607792157729317,-1.934599363977055,-1.86072361421934,-1.8103579269666414,-1.773055723961946,-1.7439361577898311,-1.7203584236177063,,10262,93,1.5,False,False,v1.1-frozen
C0499_T423,manual,0,C0499,C0499,423.0,1.1126125287264583,1.0587425235658885,-1427985441870.9873,1.1016002912074327,9259a6b0aa6f,1dab7e7ac807,5e1d50a6e395,0,True,0,57.395,4.661813586930641,2.7951295003603933,157.41832568479742,0.012563477424651479,1.6897901579650446e-13,fb8c4bf,2026-10-03T03:46:10+00:00,4.671845558740987,157.88726274405153,True,0.004604525430064601,5.25,2.7951295003603933,0.2463301213557286,5.0,1.8874964458992717e-12,True,True,-7.92913230854126,-2.9038778551559283,-2.292152738068107,-2.150545600038014,-2.0797518997798377,-2.0044006777084418,-1.962820936743433,-1.935558422026789,-1.9159145868535339,-1.90089013629058,-1.88891673574264,,10262,93,1.5,False,False,v1.1-frozen
C0500_T300,manual,0,C0500,C0500,300.0,1.1578330881893637,0.9285014364868402,-1060874145478.0104,1.1796981908380983,8e91dd074e2b,1dab7e7ac807,5e1d50a6e395,0,True,0,42.645,3.704098588469685,1.8018743958787642,110.85169971507092,0.019547850043002583,8.025626420527698e-14,fb8c4bf,2026-10-03T03:43:45+00:00,3.7135108556462955,111.4179817348614,True,0.004447116613074413,4.25,1.8018743958787642,0.3764786531816882,5.0,8.97023774704131e-13,True,True,-2.936890166577414,-2.292001758888633,-2.1122537561876826,-2.012893721629738,-1.9465716150196763,-1.8601525864381596,-1.804274499051346,-1.7641385833814227,-1.7334250872960217,-1.7089010012249124,-1.6887108994386346,,10028,92,1.5,False,False,v1.1-frozen
C0500_T423,manual,0,C0500,C0500,423.0,1.1578330881893637,0.9285014364868402,-1060874145478.0104,1.1796981908380983,8e91dd074e2b,1dab7e7ac807,5e1d50a6e395,0,True,0,43.409,3.4740809659057446,2.6657018840153617,153.3048272839822,0.013166165653904716,1.6897901579650443e-13,fb8c4bf,2026-10-03T03:45:04+00:00,3.4772474504034405,153.7681261950502,True,0.005130309904451543,4.0,2.6657018840153617,0.2590200533857179,5.0,1.548491559558693e-12,True,True,-2.6232290777659846,-2.227156549151663,-2.1103519348796946,-2.048898485477942,-2.00955347372758,-1.9604879782613869,-1.9301031264181718,-1.9089058912050774,-1.8930224691744433,-1.8805406850084745,-1.8703938341404776,,10028,92,1.5,False,False,v1.1-frozen
C0501_T300,manual,0,C0501,C0501,300.0,0.8704025648534298,1.0025287564843892,-877619723789.3939,0.8975951507687568,69229e0d8466,1dab7e7ac807,5e1d50a6e395,0,True,0,49.285,3.495140278203607,2.1363641804239153,112.65233289213539,0.01651565761698938,8.0256264205277e-14,fb8c4bf,2026-10-03T04:14:35+00:00,3.496252152317067,112.84561405915628,True,0.003478686187574009,4.0,2.1363641804239153,0.3148989419352912,5.0,8.709508808601996e-13,True,True,-2.765071020596657,-2.344615547418987,-2.1856803409624175,-2.0915467039344664,-2.026556140734425,-1.9395613024098999,-1.8820729960024658,-1.8402579600337607,-1.8080012236605314,-1.7821041289817314,-1.7607017633986197,,11666,90,1.5,False,False,v1.1-frozen
C0501_T423,manual,0,C0501,C0501,423.0,0.8704025648534298,1.0025287564843892,-877619723789.3939,0.8975951507687568,69229e0d8466,1dab7e7ac807,5e1d50a6e395,0,True,0,51.331,3.2610924952924365,3.036425691016023,155.9207420690174,0.011572224647120686,1.6897901579650449e-13,fb8c4bf,2026-10-03T03:53:48+00:00,3.264570305008915,156.30873308090355,True,0.0041924619468233166,3.75,3.036425691016023,0.22609620815155346,5.0,1.4038699947169573e-12,True,True,-2.550657204274586,-2.2713598164804694,-2.1668098891771703,-2.107992022947111,-2.0691059231868647,-2.0194531189432436,-1.9881762926444482,-1.9661770122347937,-1.949622092268047,-1.9365831441514392,-1.9259710535585057,,11666,92,1.5,False,False,v1.1-frozen
C0502_T300,manual,0,C0502,C0502,300.0,0.9054892238229514,0.8708945099264384,-1289906500838.697,1.0676614310592414,a1c67952d8c4,1dab7e7ac807,5e1d50a6e395,0,True,0,34.0,4.0800176938371395,1.971114478284186,109.76757154249084,0.017882539843338773,8.025626420527696e-14,fb8c4bf,2026-10-03T03:32:13+00:00,4.104708750758308,110.70324227006468,True,0.004274913509149184,4.5,1.971114478284186,0.34297706713114556,5.0,8.060892332674878e-13,True,True,-4.535858304173747,-2.4445447261174644,-2.196164504449196,-2.076427619084984,-2.0007698042836553,-1.9059874229064337,-1.846517021437533,-1.804522056237472,-1.7727429760736715,-1.747570798649091,-1.7269737668485299,,11432,93,1.5,False,False,v1.1-frozen
C0502_T423,manual,0,C0502,C0502,423.0,0.9054892238229514,0.8708945099264384,-1289906500838.697,1.0676614310592414,a1c67952d8c4,1dab7e7ac807,5e1d50a6e395,0,True,0,33.043,3.8554158924931867,2.8979881917155903,151.5582911664364,0.012118625743783022,1.6897901579650449e-13,fb8c4bf,2026-10-03T03:33:27+00:00,3.8691964216905355,151.70766477278684,True,0.004846572241079129,4.25,2.8979881917155903,0.23752591423458913,5.0,1.3331295195497222e-12,True,True,-3.3834560355736367,-2.3350202183363145,-2.1722260756415546,-2.0975776807803626,-2.052620865145746,-1.9990708410158848,-1.9670935997954346,-1.9452488693623202,-1.929106026825567,-1.9165466265171702,-1.9064143468656713,,11432,91,1.5,False,False,v1.1-frozen
C0503_T300,manual,0,C0503,C0503,300.0,1.0180588882416486,1.198417475447059,-644677340984.3445,0.9597265992313624,68e553ab76d2,1dab7e7ac807,5e1d50a6e395,0,True,14,75.59,3.4250757129937197,2.045137575056403,116.28357753224327,0.01725021853260969,8.025626420527696e-14,fb8c4bf,2026-10-03T03:43:21+00:00,3.4408089652051115,117.19140579033838,True,0.0034979954843870334,3.75,2.045137575056403,0.32908029605360767,4.988786697387695,1.5309050206418618e-12,True,True,-2.703307157392238,-2.321015555302759,-2.1673374828780725,-2.0746337119241827,-2.0099947664876012,-1.9227533675513426,-1.8647126552510322,-1.8223328600803264,-1.789560499600609,-1.7632053987411223,-1.7413979275711164,,10847,114,1.5,False,False,v1.1-frozen
C0503_T423,manual,0,C0503,C0503,423.0,1.0180588882416486,1.198417475447059,-644677340984.3445,0.9597265992313624,68e553ab76d2,1dab7e7ac807,5e1d50a6e395,0,True,0,31.364,3.1802403040552045,2.8980921115594125,161.635795955833,0.012120931287732447,1.689790157965044e-13,fb8c4bf,2026-10-03T03:30:16+00:00,3.1888027844652576,161.88588602946774,True,0.004111212646480499,3.75,2.8980921115594125,0.2372154701229602,5.0,1.9032978285193943e-12,True,True,-2.508705293668546,-2.2525836354107525,-2.150579981594327,-2.0919017787754295,-2.0526328993693466,-2.0019894159120035,-1.9698351796107474,-1.9471212116680323,-1.9299841752371958,-1.9164640107320106,-1.9054473780618706,,10847,93,1.5,False,False,v1.1-frozen
C0504_T300,manual,0,C0504,C0504,300.0,1.035094854980707,0.9700297106057404,-1321722459979.3557,0.8695704005658627,b8eafb4917c1,1dab7e7ac807,5e1d50a6e395,0,True,0,50.125,4.442640662839477,2.154672658819071,112.04975096698544,0.016380525089869667,8.025626420527695e-14,fb8c4bf,2026-10-03T03:50:22+00:00,4.455633146195381,113.05767646586085,True,0.003365858014198746,5.0,2.154672658819071,0.3117021252513862,5.0,1.7516565240450269e-12,True,True,-7.467675521308262,-2.726805670247523,-2.336798995517942,-2.1812529280528707,-2.0876553831617133,-1.9733461835674133,-1.902617267782909,-1.85292211608094,-1.8153873172191402,-1.7856721807210334,-1.7613549106061384,,10730,92,1.5,False,False,v1.1-frozen
C0504_T423,manual,0,C0504,C0504,423.0,1.035094854980707,0.9700297106057404,-1321722459979.3557,0.8695704005658627,b8eafb4917c1,1dab7e7ac807,5e1d50a6e395,0,True,0,43.038,4.21059735523251,2.958397953295884,154.97030570532488,0.011875005822476739,1.6897901579650443e-13,fb8c4bf,2026-10-03T03:44:05+00:00,4.215906155037014,155.40206294329295,True,0.004132612126609505,4.75,2.958397953295884,0.2322779890513867,5.0,1.3139728915418524e-12,True,True,-5.139362353186387,-2.5236796342601533,-2.2592970131366115,-2.1556119056295047,-2.0962583931298218,-2.0277484277036226,-1.987710631311061,-1.9606497276193253,-1.9407734805133063,-1.925366168762557,-1.9129642323320861,,10730,92,1.5,False,False,v1.1-frozen
C0505_T300,manual,0,C0505,C0505,300.0,0.94761006757617,1.0991350572556258,-739787710830.5692,1.1530416280031204,519455fb9d76,1dab7e7ac807,5e1d50a6e395,0,True,0,47.519,3.3991050095198876,1.9022647526557623,114.27075759951555,0.01852825147238795,8.025626420527696e-14,fb8c4bf,2026-10-03T04:10:13+00:00,3.418012214626862,114.70361432244846,True,0.004218204094139535,3.75,1.9022647526557623,0.35545963294704064,5.0,9.439705961344913e-13,True,True,-2.615710191233068,-2.2502307453016077,-2.1045591300205713,-2.017547742276918,-1.95737191697646,-1.876893659352519,-1.8238640104714576,-1.785414905285929,-1.755843271098699,-1.7321655635048332,-1.7126439731739023,,11198,93,1.5,False,False,v1.1-frozen
C0505_T423,manual,0,C0505,C0505,423.0,0.94761006757617,1.0991350572556258,-739787710830.5692,1.1530416280031204,519455fb9d76,1dab7e7ac807,5e1d50a6e395,0,True,0,61.545,3.1587941304102354,2.83448827930972,158.54668113483618,0.012389596059115077,1.689790157965045e-13,fb8c4bf,2026-10-03T04:01:32+00:00,3.168901821236225,158.98696769061337,True,0.004616256019453368,3.75,2.83448827930972,0.24287601145291074,5.0,2.05818037663285e-12,True,True,-2.446076910418639,-2.208230863381338,-2.115267578082304,-2.0623710155812294,-2.0272253670938367,-1.9822044629264695,-1.9537962535607152,-1.9338098175444465,-1.9187756313389708,-1.9069428527972285,-1.8973207612234226,,11198,93,1.5,False,False,v1.1-frozen
C0506_T300,manual,0,C0506,C0506,300.0,0.8765012230724096,0.8307822544127703,-1093724871054.2916,0.9824832063168288,f1c284314401,1dab7e7ac807,5e1d50a6e395,0,True,0,48.088,3.515415619573232,2.012002042831025,109.00030677383488,0.017519428030846548,8.025626420527698e-14,fb8c4bf,2026-10-03T03:52:13+00:00,3.5231930771828637,108.91765952555699,True,0.003991438832360827,4.0,2.012002042831025,0.33603322302980365,5.0,9.624616850911263e-13,True,True,-2.731937468632336,-2.298375473380002,-2.1412762752401484,-2.0498257450439246,-1.9873594513245294,-1.9045407551725446,-1.8502523238769806,-1.810946510106739,-1.780710828963565,-1.756480076655496,-1.7364786554547786,,11549,93,1.5,False,False,v1.1-frozen
C0506_T423,manual,0,C0506,C0506,423.0,0.8765012230724096,0.8307822544127703,-1093724871054.2916,0.9824832063168288,f1c284314401,1dab7e7ac807,5e1d50a6e395,0,True,0,48.624,3.2923061101628606,2.939849682944301,150.33058842890668,0.011946777989093956,1.689790157965045e-13,fb8c4bf,2026-10-03T03:54:20+00:00,3.3026589342723636,150.56469502014124,True,0.004720535341898413,3.75,2.939849682944301,0.23408534843028114,5.0,1.6415002448774746e-12,True,True,-2.5217562207724304,-2.2384655145526655,-2.1375947054478743,-2.081918116046657,-2.045483109783005,-1.9993158947708034,-1.9703821287702223,-1.9500679216158308,-1.9347872973801132,-1.92274920686931,-1.9129466186868431,,11549,92,1.5,False,False,v1.1-frozen
C0507_T300,manual,0,C0507,C0507,300.0,1.189016241952777,1.10010218732059,-971687757410.1093,1.0902233440428972,5dba037aa8d5,1dab7e7ac807,5e1d50a6e395,0,True,0,38.705,3.9433716336375326,1.8952169383427622,114.32579035218771,0.018601010648944285,8.025626420527696e-14,fb8c4bf,2026-10-03T03:46:53+00:00,3.9550901455549443,114.82864467660548,True,0.0039812197461784014,4.5,1.8952169383427622,0.3563683689630871,5.0,2.316539027115768e-12,True,True,-3.703691680046559,-2.406816588648523,-2.1837767648968582,-2.0684141241957015,-1.9932256838047817,-1.896726704752896,-1.8349804664545646,-1.7908758133382792,-1.7572464342049277,-1.730463458613507,-1.7084574236447294,,9794,92,1.5,False,False,v1.1-frozen
C0507_T423,manual,0,C0507,C0507,423.0,1.189016241952777,1.10010218732059,-971687757410.1093,1.0902233440428972,5dba037aa8d5,1dab7e7ac807,5e1d50a6e395,0,True,0,46.452,3.703186764344278,2.723384731532515,158.67408461561084,0.012891364571642139,1.689790157965044e-13,fb8c4bf,2026-10-03T03:46:57+00:00,3.70886611738038,159.04516372526678,True,0.0046559350338065495,4.25,2.723384731532515,0.25311882092153676,5.0,1.7798432661692723e-12,True,True,-2.989759106825893,-2.304873118858858,-2.1555963607048043,-2.0817319180748575,-2.0356645606123966,-1.9793135564195683,-1.9449538092759697,-1.921206875155626,-1.9035276504973169,-1.8897011094450429,-1.8785026153644808,,9794,92,1.5,False,False,v1.1-frozen
C0508_T300,manual,0,C0508,C0508,300.0,1.1342368014156818,0.8870449762791396,-604576230049.1333,1.018321231752634,a8de7bc0ac4c,1dab7e7ac807,5e1d50a6e395,0,True,0,43.978,2.539881718570357,1.8582305201147744,110.14455777863658,0.01895606858889016,8.025626420527696e-14,fb8c4bf,2026-10-03T03:44:29+00:00,2.5573251351784885,110.45489431847288,True,0.004094635605270338,3.0,1.8582305201147744,0.3650241874080252,5.0,9.427771063830193e-13,True,True,-2.294877498307133,-2.1325606610019117,-2.0381210762259303,-1.973515457564265,-1.9254108222379727,-1.856894383841879,-1.8092288174878948,-1.773454160022639,-1.7452555022175107,-1.7222517285586976,-1.7030020762208073,,10145,93,1.5,False,False,v1.1-frozen
C0508_T423,manual,0,C0508,C0508,423.0,1.1342368014156818,0.8870449762791396,-604576230049.1333,1.018321231752634,a8de7bc0ac4c,1dab7e7ac807,5e1d50a6e395,0,True,0,44.454,2.313620032986524,2.7092987447848236,152.14692227371717,0.012954951607045871,1.6897901579650446e-13,fb8c4bf,2026-10-03T03:45:49+00:00,2.326291490462088,152.2870192163535,True,0.004805623622247881,2.75,2.7092987447848236,0.2548000680613684,5.0,1.933887535007183e-12,True,True,-2.228062671385471,-2.121720649550746,-2.0628857197997625,-2.02427315618796,-1.9964495881886903,-1.9582070601486004,-1.9325434154254717,-1.9137650853438728,-1.8992404574894208,-1.8875642049731927,-1.8779082518561625,,10145,92,1.5,False,False,v1.1-frozen
C0509_T300,manual,0,C0509,C0509,300.0,0.8467088125646115,1.1563877511769534,-1460866748355.329,0.9106322541832924,d2e9f8da754c,1dab7e7ac807,5e1d50a6e395,0,True,14,107.961,5.2254262436370205,2.280064719242908,115.56153289958893,0.015495507437122828,8.0256264205277e-14,fb8c4bf,2026-10-03T04:16:24+00:00,5.230967300846316,115.81027605523087,True,0.0033748399812357013,5.75,2.280064719242908,0.2930324535968919,4.820807456970215,1.4612643383037896e-12,True,True,-13.09552105981267,-5.563554755994436,-2.5952948875005863,-2.300401100993891,-2.164849602484971,-2.019723115296911,-1.9373243231582922,-1.88195832292852,-1.841318403722004,-1.80979419718953,-1.7843944257317346,,11783,113,1.5,False,False,v1.1-frozen
C0509_T423,manual,0,C0509,C0509,423.0,0.8467088125646115,1.1563877511769534,-1460866748355.329,0.9106322541832924,d2e9f8da754c,1dab7e7ac807,5e1d50a6e395,0,True,0,48.592,4.982844165287974,3.1600925068155052,160.50287191877942,0.011126335892933987,1.6897901579650449e-13,fb8c4bf,2026-10-03T03:54:37+00:00,4.985160282792931,160.97204065947946,True,0.004032114365296114,5.5,3.1600925068155052,0.2165490628008296,5.0,2.139466968083142e-12,True,True,-9.862412916634879,-3.9220723291518915,-2.4440067743071645,-2.2450598475411194,-2.156751047638255,-2.068197720185274,-2.021280174788581,-1.9911864136774595,-1.9698170010272031,-1.9536478332819618,-1.9408704636829697,,11783,92,1.5,False,False,v1.1-frozen
C0510_T300,manual,0,C0510,C0510,300.0,0.9803306277841328,0.9138154339045288,-872676650993.526,1.1311868276447057,08cce579816d,1dab7e7ac807,5e1d50a6e395,0,True,0,33.776,3.230047443233563,1.8648619570208773,110.60477642597711,0.018890472146741766,8.025626420527698e-14,fb8c4bf,2026-10-03T03:32:47+00:00,3.2342428310540736,110.8364670611659,True,0.004332182813610306,3.75,1.8648619570208773,0.3635338540431708,5.0,8.885478279071269e-13,True,True,-2.4983597699796802,-2.2060120197581634,-2.0757187361274,-1.9955018868782468,-1.9392132553255104,-1.8630512790290217,-1.8123583246330337,-1.775356193807733,-1.74675300021945,-1.7237571872257542,-1.704733103363867,,11081,92,1.5,False,False,v1.1-frozen
C0510_T423,manual,0,C0510,C0510,423.0,0.9803306277841328,0.9138154339045288,-872676650993.526,1.1311868276447057,08cce579816d,1dab7e7ac807,5e1d50a6e395,0,True,0,32.673,3.0011104151028993,2.784171659617663,152.84777819336904,0.012609777395096035,1.6897901579650446e-13,fb8c4bf,2026-10-03T03:34:00+00:00,3.0014686298912334,153.22619268504056,True,0.0050058333571371336,3.5,2.784171659617663,0.247641302269049,5.0,1.7356165014936025e-12,True,True,-2.3681876205070487,-2.1762856800597956,-2.0942593651296217,-2.0461404235298684,-2.013643570785857,-1.9714246459241127,-1.9444376773437226,-1.9252814279373653,-1.9107736070566386,-1.8992925801148455,-1.8899140295569787,,11081,92,1.5,False,False,v1.1-frozen
C0511_T300,manual,0,C0511,C0511,300.0,1.092802445217967,1.042897941544652,-1188863854855.299,0.8476660583168268,fda38744e6d3,1dab7e7ac807,5e1d50a6e395,0,True,15,72.393,4.323293433083059,2.1715778259795324,113.51245957047196,0.016256867539999935,8.025626420527698e-14,fb8c4bf,2026-10-03T03:44:34+00:00,4.348067936748855,114.15469391524313,True,0.003354229394369123,4.75,2.1715778259795324,0.3088879515222612,4.995600938796997,6.34187147241505e-13,True,True,-6.398712537142623,-2.6616796510220415,-2.3275821616312524,-2.181278884792693,-2.0907219579241363,-1.9780183860383826,-1.9072885046246177,-1.857199353677325,-1.8191741986857008,-1.7889631328594127,-1.7641740811680422,,10379,116,1.5,False,False,v1.1-frozen
C0511_T423,manual,0,C0511,C0511,423.0,1.092802445217967,1.042897941544652,-1188863854855.299,0.8476660583168268,fda38744e6d3,1dab7e7ac807,5e1d50a6e395,0,True,0,34.228,4.088277844303324,2.9468773190507425,157.2401949442983,0.011921858496705908,1.6897901579650443e-13,fb8c4bf,2026-10-03T03:30:50+00:00,4.102784999858517,157.21066173256625,True,0.004028949127438792,4.5,2.9468773190507425,0.23313281788170523,5.0,1.5747188168027725e-12,True,True,-4.440792391997198,-2.4823259571432907,-2.2522099594620513,-2.154046858470531,-2.096135967438785,-2.027907454703259,-1.9874260706891784,-1.959845492725279,-1.9394881593254127,-1.9236560372175378,-1.9108820714762684,,10379,92,1.5,False,False,v1.1-frozen
