run_id,policy,round,candidate_id,process_group_id,temperature_K,wjfet_scale,npwell_scale,qit_eff_cm2,mu_channel_scale,mesh_hash,physics_hash,solver_hash,seed,converged,retry_count,runtime_s,vth_V,ron_norm,ss_mV_dec,ion_A_per_cm,ioff_A_per_cm,code_commit,created_at,vth_interp_V,ss_interp_mV_dec,refined,gm_max_S_per_cm,vg_at_gm_max_V,ron_mohm_cm2,id_vds_req_A_per_cm,vds_reached_V,kcl_floor_A_per_cm,ioff_below_floor,ss_window_resolved,logid_vg4,logid_vg5,logid_vg6,logid_vg7,logid_vg8,logid_vg10,logid_vg12,logid_vg14,logid_vg16,logid_vg18,logid_vg20,error_code,n_nodes,n_solves,mesh_scale,extended,holes,config_version
C0000_T423,manual,0,C0000,C0000,423.0,1.0930539164692163,0.9129283931106328,-1372895958833.3965,1.0368419263511897,2ba5e9c9f116,1470e4b1eac5,5e1d50a6e395,0,True,0,34.738,3.2098413993166637,2.7599695644918487,152.95177881454546,0.012719693599817903,1.689790157965045e-13,ae73669,2026-10-04T00:13:37+00:00,3.214914578522688,153.4603347984773,True,0.0047156253547045845,3.75,2.7599695644918487,0.24986676620924,5.0,2.4338433352886392e-12,True,True,-2.470774185650779,-2.21363315987842,-2.1153311585469394,-2.059679445862865,-2.0227447310717928,-1.9753798120137527,-1.9453877493995047,-1.9241951408143694,-1.9081819150046877,-1.895523350127152,-1.8851868874145916,,10379,92,1.5,False,False,"variant-qitT30 (v1.1-frozen + |Qit_eff| -30% at 423 K; robustness study v1.3, 423 K only)"
C0001_T423,manual,0,C0001,C0001,423.0,0.9804712820798158,1.0435902420431376,-688610140234.2319,0.941992649063468,cff19d78675f,1470e4b1eac5,5e1d50a6e395,0,True,0,56.141,2.4420284553360463,2.886526314293082,157.12586452606058,0.012167405087330142,1.6897901579650446e-13,ae73669,2026-10-04T00:14:07+00:00,2.4494183105394347,157.44719447247923,True,0.004213962802187339,3.0,2.886526314293082,0.23838803830432068,5.0,1.398047751417441e-12,True,True,-2.2879520284559747,-2.167335991053429,-2.1023570566233856,-2.0602706406625004,-2.0302026887582048,-1.9892349622505816,-1.9619924663749928,-1.942199170408436,-1.9269780941398125,-1.9148020328148485,-1.9047754755760007,,11081,93,1.5,False,False,"variant-qitT30 (v1.1-frozen + |Qit_eff| -30% at 423 K; robustness study v1.3, 423 K only)"
C0002_T423,manual,0,C0002,C0002,423.0,0.8453975930809975,0.8861619886010885,-1104799352586.2695,1.1247575774788856,f92a72037cc6,1470e4b1eac5,5e1d50a6e395,0,True,0,50.886,2.6957824743052754,2.891386113592714,151.97849887495858,0.012145912094644514,1.6897901579650446e-13,ae73669,2026-10-04T00:32:26+00:00,2.702369382559499,152.539025116656,True,0.004838545448898959,3.25,2.891386113592714,0.23811457456111437,5.0,2.103535616861705e-12,True,True,-2.290356537832735,-2.153942074025431,-2.0877345869945523,-2.046957067796993,-2.018694224676952,-1.9812054456162655,-1.9568476149720724,-1.939402150342849,-1.9261184111406462,-1.9155698663839615,-1.9069335860586878,,11783,92,1.5,False,False,"variant-qitT30 (v1.1-frozen + |Qit_eff| -30% at 423 K; robustness study v1.3, 423 K only)"
C0003_T423,manual,0,C0003,C0003,423.0,1.132815146446228,1.1570748541504146,-960616848431.5276,0.8041775979101659,789e083144eb,1470e4b1eac5,5e1d50a6e395,0,True,0,37.718,3.1653704221714087,2.9356395406610574,160.65374371817632,0.011967447899793815,1.6897901579650449e-13,ae73669,2026-10-04T00:36:46+00:00,3.1761897063623112,161.05497876577869,True,0.003688162445541613,3.75,2.9356395406610574,0.23402455403527841,5.0,9.854218135929571e-13,True,True,-2.5414164414758966,-2.283087811415757,-2.1762953026821443,-2.113818658405212,-2.071565389923157,-2.0165231981751,-1.9812339089310285,-1.9561315844096299,-1.937089424537248,-1.9219984545400857,-1.9096541625843761,,10145,93,1.5,False,False,"variant-qitT30 (v1.1-frozen + |Qit_eff| -30% at 423 K; robustness study v1.3, 423 K only)"
C0004_T423,manual,0,C0004,C0004,423.0,1.18760603107512,0.8299005512148142,-593505548313.2601,0.8760468561202288,4eb0417c346c,1470e4b1eac5,5e1d50a6e395,0,True,0,42.137,1.7243951612012005,2.733103453928989,150.47412505208806,0.012842189291465703,1.6897901579650443e-13,ae73669,2026-10-04T00:37:37+00:00,1.7279007630060481,150.97145858522504,True,0.00441795231621492,2.25,2.733103453928989,0.25258051907196694,5.0,2.0267209815152916e-12,True,True,-2.177651802999808,-2.1018279487647074,-2.054495388210406,-2.021348360508867,-1.9964561946462431,-1.9609019060293953,-1.9362006081588694,-1.9177144349267257,-1.9031843910523596,-1.891360932952996,-1.8814887342072095,,9794,92,1.5,False,False,"variant-qitT30 (v1.1-frozen + |Qit_eff| -30% at 423 K; robustness study v1.3, 423 K only)"
C0005_T423,manual,0,C0005,C0005,423.0,0.8751755077391863,1.1007876243442296,-1471941457130.015,1.196678004786372,63eb6b448cde,1470e4b1eac5,5e1d50a6e395,0,True,0,56.036,3.8340876440647365,2.905613338650884,158.590982770905,0.012089484629924046,1.689790157965045e-13,ae73669,2026-10-04T00:14:07+00:00,3.8469346332086793,158.61548681554171,True,0.004883854979406888,4.25,2.905613338650884,0.23662605861972552,5.0,2.6789170892672593e-12,True,True,-3.3224418261231543,-2.3289790384678386,-2.169269908466985,-2.09567744017539,-2.0512930939615486,-1.9984505178117766,-1.96698330231372,-1.9455684750446214,-1.9298068763944893,-1.917592212551204,-1.9077746057544305,,11549,92,1.5,False,False,"variant-qitT30 (v1.1-frozen + |Qit_eff| -30% at 423 K; robustness study v1.3, 423 K only)"
C0006_T423,manual,0,C0006,C0006,423.0,0.9477621659636496,0.9691413793712854,-821499322541.0581,0.9639153033494948,6e389d2a8ea1,1470e4b1eac5,5e1d50a6e395,0,True,0,33.556,2.468334613390232,2.8874761985139052,154.83181633751897,0.012162762591688386,1.6897901579650446e-13,ae73669,2026-10-04T00:13:35+00:00,2.4724620241033395,155.30529524936608,True,0.004400492908075202,3.0,2.8874761985139052,0.23838093924598636,5.0,1.224117810315453e-12,True,True,-2.282031527716118,-2.1616002885106393,-2.097514157538995,-2.0562722797847908,-2.0269238710183526,-1.9870731164294613,-1.9606463057217076,-1.9414744536096809,-1.926744377647013,-1.9149677702886336,-1.905273911892793,,11198,91,1.5,False,False,"variant-qitT30 (v1.1-frozen + |Qit_eff| -30% at 423 K; robustness study v1.3, 423 K only)"
C0007_T423,manual,0,C0007,C0007,423.0,1.035331830382347,1.099829029664397,-1240037595853.2097,1.058715035766363,91e6a8d7a9f1,1470e4b1eac5,5e1d50a6e395,0,True,0,48.272,3.4642409307308006,2.825214031927,158.69548087948704,0.012430163913056038,1.6897901579650446e-13,ae73669,2026-10-04T00:37:34+00:00,3.468700674893223,159.11610129492314,True,0.004543962606974693,4.0,2.825214031927,0.2436732324177786,5.0,2.130460617860805e-12,True,True,-2.662675221792723,-2.2682775476379184,-2.1474758075733162,-2.083160777525101,-2.041750128213651,-1.9899321271919264,-1.9578072090153438,-1.935415347491947,-1.918663437840277,-1.905523144402089,-1.8948606185672077,,10730,92,1.5,False,False,"variant-qitT30 (v1.1-frozen + |Qit_eff| -30% at 423 K; robustness study v1.3, 423 K only)"
C0008_T423,manual,0,C0008,C0008,423.0,1.0178218875080347,0.8715755004435778,-789656600914.8955,1.1737071547657252,ed80dfdc1439,1470e4b1eac5,5e1d50a6e395,0,True,0,50.221,2.1406533135899695,2.70431255153391,151.4700710334757,0.01297825744617869,1.6897901579650443e-13,ae73669,2026-10-04T00:33:01+00:00,2.1523779808966808,151.7385601918612,True,0.005045433240393618,2.5,2.70431255153391,0.2553367077516426,5.0,1.5847388779223971e-12,True,True,-2.179872935268627,-2.091181741376408,-2.0407238888982335,-2.0071865278148437,-1.9828501086125367,-1.9492169363473557,-1.9265602407929192,-1.9099567718806518,-1.8971092597973467,-1.8867836151097785,-1.878249718742396,,10847,93,1.5,False,False,"variant-qitT30 (v1.1-frozen + |Qit_eff| -30% at 423 K; robustness study v1.3, 423 K only)"
C0009_T423,manual,0,C0009,C0009,423.0,0.9053371001034975,1.1975406002253297,-1144900463521.4805,0.8536625649780035,74b6296ee823,1470e4b1eac5,5e1d50a6e395,0,True,0,35.059,3.5513272049333926,3.083696964563579,161.7369639645424,0.01139834875870379,1.689790157965044e-13,ae73669,2026-10-04T00:39:08+00:00,3.562912202393886,161.95759054781166,True,0.0038766711125470853,4.0,3.083696964563579,0.22226788075190118,5.0,1.8731086781545905e-12,True,True,-2.818726027642891,-2.347938686152599,-2.2117861379313593,-2.139977891458361,-2.093900094866561,-2.036389431702538,-2.0008269325235233,-1.9760919043968022,-1.957621879686816,-1.943158058920062,-1.9314388405055778,,11432,92,1.5,False,False,"variant-qitT30 (v1.1-frozen + |Qit_eff| -30% at 423 K; robustness study v1.3, 423 K only)"
C0010_T423,manual,0,C0010,C0010,423.0,0.8717282548546792,0.929175417497754,-560620430856.9431,1.08652516156435,7c91dbab7d27,1470e4b1eac5,5e1d50a6e395,0,True,0,41.805,1.9310210981394178,2.8665323046891844,153.43133333278493,0.012250426984655519,1.6897901579650446e-13,ae73669,2026-10-04T00:13:50+00:00,1.9393141804604617,153.71883037924346,True,0.004658633525425974,2.5,2.8665323046891844,0.2402516594864037,5.0,2.017724307564632e-12,True,True,-2.1846238790583614,-2.106409196993485,-2.0599571277766593,-2.0283963644625436,-2.0051929835380826,-1.9727720184769961,-1.9507463386860615,-1.9345358291400512,-1.921964183748394,-1.911848773842466,-1.9034844766172843,,11666,93,1.5,False,False,"variant-qitT30 (v1.1-frozen + |Qit_eff| -30% at 423 K; robustness study v1.3, 423 K only)"
C0011_T423,manual,0,C0011,C0011,423.0,1.1592432737350464,1.0016600351780651,-1377839031629.2644,0.9907498694956304,7b142ceff673,1470e4b1eac5,5e1d50a6e395,0,True,0,46.233,3.4529208762057775,2.7714622760388643,155.78605310765204,0.012668635830862047,1.6897901579650443e-13,ae73669,2026-10-04T00:32:49+00:00,3.4588938626020456,156.22025661063222,True,0.004477455189423048,4.0,2.7714622760388643,0.2486510175701609,5.0,2.6899431944553013e-12,True,True,-2.6549373770410645,-2.2676506586013043,-2.1459227584187377,-2.080538308136353,-2.038213788436824,-1.9849647894770002,-1.9517565702604767,-1.928498029256283,-1.9110256581614071,-1.8972701477863032,-1.8860718662555314,,10028,92,1.5,False,False,"variant-qitT30 (v1.1-frozen + |Qit_eff| -30% at 423 K; robustness study v1.3, 423 K only)"
C0012_T423,manual,0,C0012,C0012,423.0,1.1140341583639384,0.9854138862341644,-1010727500542.9984,0.9126191157847644,4e97b7fdbe50,1470e4b1eac5,5e1d50a6e395,0,True,0,47.238,2.821609611903149,2.8197671013340053,155.37861047530492,0.012452821747314909,1.689790157965044e-13,ae73669,2026-10-04T00:36:11+00:00,2.8351538240131937,155.4562661852648,True,0.004328541089338246,3.25,2.8197671013340053,0.24428240645435895,5.0,2.090022789343645e-12,True,True,-2.367879121927614,-2.198199052106208,-2.1170326285393597,-2.067086263607056,-2.0324105982033944,-1.9862657399549777,-1.956147701627797,-1.9344864744760069,-1.917928695257685,-1.9047322284529768,-1.8938904885032155,,10262,92,1.5,False,False,"variant-qitT30 (v1.1-frozen + |Qit_eff| -30% at 423 K; robustness study v1.3, 423 K only)"
C0013_T423,manual,0,C0013,C0013,423.0,0.801506169512868,1.0578725177794694,-927762304432.6902,1.0084455769509078,76f2787c9957,1470e4b1eac5,5e1d50a6e395,0,True,0,54.211,2.860167399323892,3.035511039036312,157.48725803527063,0.011576397956846073,1.6897901579650446e-13,ae73669,2026-10-04T00:14:02+00:00,2.8738443412632066,157.35748517651695,True,0.004368665690077453,3.25,3.035511039036312,0.2261010495297758,5.0,1.9221246862778622e-12,True,True,-2.3748876327164328,-2.2071491829763503,-2.1297439214605736,-2.0830011047266153,-2.0509626946269086,-2.008891565261496,-1.9818161425272491,-1.96255474098853,-1.9479643399585154,-1.936426552078066,-1.9270129272853862,,12017,91,1.5,False,False,"variant-qitT30 (v1.1-frozen + |Qit_eff| -30% at 423 K; robustness study v1.3, 423 K only)"
C0014_T423,manual,0,C0014,C0014,423.0,0.9726279839873314,0.815287820622325,-1277789399959.147,0.8255852311849594,b6983811955a,1470e4b1eac5,5e1d50a6e395,0,True,0,41.428,2.7974345821809448,2.939671406783609,150.06451187313985,0.011946949565953758,1.689790157965045e-13,ae73669,2026-10-04T00:13:50+00:00,2.809087457894114,150.153599563006,True,0.0042916733180982615,3.25,2.939671406783609,0.23415072067893022,5.0,1.768897868821595e-12,True,True,-2.3675491434066043,-2.2052950101718496,-2.12728862759571,-2.0792547857473545,-2.0458993248108976,-2.0014840442704713,-1.9724545841627628,-1.9515409126250776,-1.9355269316593537,-1.9227429696772884,-1.9122243832837644,,10964,92,1.5,False,False,"variant-qitT30 (v1.1-frozen + |Qit_eff| -30% at 423 K; robustness study v1.3, 423 K only)"
C0015_T423,manual,0,C0015,C0015,423.0,1.0600998014211656,1.1412789095193148,-656797992065.549,1.1455802761018277,c3b371300f37,1470e4b1eac5,5e1d50a6e395,0,True,0,41.424,2.6080677691555736,2.7396892531782204,159.8406628439392,0.012814582943983424,1.6897901579650443e-13,ae73669,2026-10-04T00:13:48+00:00,2.6210559801377005,159.62926454977693,True,0.004714963323396051,3.0,2.7396892531782204,0.2516327307216684,5.0,1.6107161925765084e-12,True,True,-2.280670257466759,-2.146221865164843,-2.07799132919093,-2.0350250433441124,-2.0048399707513047,-1.9643248925391212,-1.9377390754115045,-1.918587669379186,-1.903950126889985,-1.8922955235471588,-1.8827342449330737,,10613,91,1.5,False,False,"variant-qitT30 (v1.1-frozen + |Qit_eff| -30% at 423 K; robustness study v1.3, 423 K only)"
C0016_T423,manual,0,C0016,C0016,423.0,1.067554134130478,0.8097493596374989,-1159865411929.786,0.9602174967527388,1e9256faa414,1470e4b1eac5,5e1d50a6e395,0,True,0,32.023,2.5788132347779023,2.775054492553265,149.65645489643697,0.012649492664271591,1.6897901579650449e-13,ae73669,2026-10-04T00:14:09+00:00,2.5928113219652937,149.7891146608541,True,0.004742375942126146,3.0,2.775054492553265,0.2486285376472939,5.0,2.0651101265039484e-12,True,True,-2.279590209668024,-2.149679110529536,-2.082957880304134,-2.0406966135281115,-2.0108748436636392,-1.970616440262741,-1.9439971510730478,-1.9246848698505912,-1.9098274525741754,-1.8979268924743873,-1.8881105972265837,,10613,92,1.5,False,False,"variant-qitT30 (v1.1-frozen + |Qit_eff| -30% at 423 K; robustness study v1.3, 423 K only)"
C0017_T423,manual,0,C0017,C0017,423.0,0.9549900010228156,1.1337812080979348,-780550811439.7526,1.0687390767037868,a28d3f09a33f,1470e4b1eac5,5e1d50a6e395,0,True,0,50.032,2.7969163847998972,2.8607966370880016,159.68714103054666,0.012276758633977614,1.6897901579650449e-13,ae73669,2026-10-04T00:14:57+00:00,2.8072712427739193,159.94170873405645,True,0.00457856467728128,3.25,2.8607966370880016,0.2405337766544758,5.0,2.274443009254486e-12,True,True,-2.3437293041337433,-2.183265777924848,-2.10699161079171,-2.060300727967633,-2.0280304986448674,-1.985329390569602,-1.957654631597562,-1.9378742585573214,-1.922838700889989,-1.9109162824778863,-1.9011667675298678,,11081,92,1.5,False,False,"variant-qitT30 (v1.1-frozen + |Qit_eff| -30% at 423 K; robustness study v1.3, 423 K only)"
C0018_T423,manual,0,C0018,C0018,423.0,0.8214604604989291,0.9896462060511112,-1426983706653.1182,0.8980861324816942,88a34c5c8db7,1470e4b1eac5,5e1d50a6e395,0,True,0,55.577,3.509654338408292,3.0946875336361614,155.5367230643122,0.011356571644323427,1.6897901579650446e-13,ae73669,2026-10-04T00:33:22+00:00,3.512721837891984,155.8595020100143,True,0.0041889099578099,4.0,3.0946875336361614,0.22163031377293563,5.0,1.8352190746748637e-12,True,True,-2.737257609195973,-2.3142130386411925,-2.189464535993176,-2.123766085310819,-2.0817176735823844,-2.029376891996135,-1.997078624815368,-1.9746325876176638,-1.957875607435115,-1.9447527549514891,-1.9341185481507566,,12017,92,1.5,False,False,"variant-qitT30 (v1.1-frozen + |Qit_eff| -30% at 423 K; robustness study v1.3, 423 K only)"
C0019_T423,manual,0,C0019,C0019,423.0,1.1088961336761711,1.0671646401286126,-509522489272.058,1.1807759206742048,160b55d8d977,1470e4b1eac5,5e1d50a6e395,0,True,0,37.109,2.191807419209711,2.670867745322052,157.60444232965577,0.013141320446609442,1.6897901579650449e-13,ae73669,2026-10-04T00:37:23+00:00,2.198594900456944,157.8688304680755,True,0.004873490430558986,2.75,2.670867745322052,0.2584576914937453,5.0,2.603396942971352e-12,True,True,-2.1972476903765394,-2.101088202285879,-2.0466310550784144,-2.0105004148272694,-1.9843129180086185,-1.9481747726327596,-1.9238786252431819,-1.9061067699411358,-1.8923783002630297,-1.8813609944517136,-1.8722672097546937,,10262,93,1.5,False,False,"variant-qitT30 (v1.1-frozen + |Qit_eff| -30% at 423 K; robustness study v1.3, 423 K only)"
C0020_T423,manual,0,C0020,C0020,423.0,1.1634810119867325,0.9458590939640998,-876786606386.304,1.102671118080616,42f8a42a39d9,1470e4b1eac5,5e1d50a6e395,0,True,0,46.237,2.4874730085837977,2.6663833638944,153.9373922283178,0.013162504556722186,1.689790157965044e-13,ae73669,2026-10-04T00:38:24+00:00,2.4890906134148976,154.35969948519667,True,0.004926606160899823,3.0,2.6663833638944,0.25898560528873166,5.0,2.1368387792185744e-12,True,True,-2.2450920935470946,-2.124446980715681,-2.060871234704866,-2.020117819864448,-1.9911664532112119,-1.9518810770792063,-1.9258174580849903,-1.9068872892583415,-1.8923226534527164,-1.8806614654581981,-1.8710489685146803,,10028,92,1.5,False,False,"variant-qitT30 (v1.1-frozen + |Qit_eff| -30% at 423 K; robustness study v1.3, 423 K only)"
C0021_T423,manual,0,C0021,C0021,423.0,0.8510567829012872,1.0234035141766071,-1059750274755.0608,0.8199317909777165,e445fbb50260,1470e4b1eac5,5e1d50a6e395,0,True,0,69.955,3.005543131508137,3.1085555351569427,156.69245516783315,0.011306335600906393,1.6897901579650454e-13,ae73669,2026-10-04T00:15:18+00:00,3.0073901873534656,157.10691157626079,True,0.00391494035715028,3.5,3.1085555351569427,0.2205968119568216,5.0,1.1773605622818496e-12,True,True,-2.464489478732571,-2.2595252004392776,-2.168851508754327,-2.114797086331028,-2.077951886364834,-2.0297241983181493,-1.9987243521719174,-1.9766609301465992,-1.9599288189276316,-1.946678127715575,-1.9358497033172097,,11783,92,1.5,False,False,"variant-qitT30 (v1.1-frozen + |Qit_eff| -30% at 423 K; robustness study v1.3, 423 K only)"
C0022_T423,manual,0,C0022,C0022,423.0,0.922074880078435,0.853488026559353,-647814457304.7758,1.0405869636684657,1dbc917aef5f,1470e4b1eac5,5e1d50a6e395,0,True,0,32.455,1.867857360112167,2.82565719303573,151.0096104069285,0.012425068481349857,1.689790157965045e-13,ae73669,2026-10-04T00:14:08+00:00,1.881407356074588,151.02241494324554,True,0.004778504976136501,2.25,2.82565719303573,0.24397985078721018,5.0,9.485467966641181e-13,True,True,-2.1753519443062523,-2.0995920194250575,-2.0540075623143528,-2.0227963246684335,-1.999724926686495,-1.9673023092840582,-1.9451417017673556,-1.9287554839669059,-1.9159988342045227,-1.905701208953552,-1.897162259739288,,11315,93,1.5,False,False,"variant-qitT30 (v1.1-frozen + |Qit_eff| -30% at 423 K; robustness study v1.3, 423 K only)"
C0023_T423,manual,0,C0023,C0023,423.0,1.009650457277894,1.1774938859045505,-1292632466182.1128,0.9321165468543768,e255dcbfd861,1470e4b1eac5,5e1d50a6e395,0,True,0,50.225,3.739043520242658,2.9439511196068775,161.06803684161798,0.011934110055658627,1.689790157965045e-13,ae73669,2026-10-04T00:38:25+00:00,3.7405389561761084,161.58058965749888,True,0.0041379816643078125,4.25,2.9439511196068775,0.2333246435863586,5.0,1.413047028146297e-12,True,True,-3.104692173049444,-2.362896802053912,-2.204431278410997,-2.126155842410623,-2.0773570740019167,-2.01771106358736,-1.9814003675185514,-1.9563522059500944,-1.9377397925291764,-1.923209961435372,-1.9114618029097492,,10847,92,1.5,False,False,"variant-qitT30 (v1.1-frozen + |Qit_eff| -30% at 423 K; robustness study v1.3, 423 K only)"
C0024_T423,manual,0,C0024,C0024,423.0,1.0434941709041596,0.955795568227768,-741150132380.4259,0.8471803814172745,0e1b8f8895a1,1470e4b1eac5,5e1d50a6e395,0,True,0,47.478,2.3128550639044136,2.885911779607501,154.55818223604606,0.012169140743066385,1.6897901579650446e-13,ae73669,2026-10-04T00:33:49+00:00,2.326059176049507,154.74109536616203,True,0.004153008365782631,2.75,2.885911779607501,0.23852608953917107,5.0,1.1774626412774936e-12,True,True,-2.2788753875685455,-2.1669244866116646,-2.104209028346242,-2.062766559209942,-2.0327785142530357,-1.991416995560693,-1.9635887283598714,-1.9432024679087652,-1.9274257181141972,-1.914740086003229,-1.904248653891435,,10613,92,1.5,False,False,"variant-qitT30 (v1.1-frozen + |Qit_eff| -30% at 423 K; robustness study v1.3, 423 K only)"
C0025_T423,manual,0,C0025,C0025,423.0,0.931027503311634,1.0751367710530757,-1322309426963.329,1.1301160238683223,e9ab408017c6,1470e4b1eac5,5e1d50a6e395,0,True,0,33.243,3.534135294169829,2.8693608924408838,157.88991024380428,0.012240371133994433,1.6897901579650443e-13,ae73669,2026-10-04T00:39:42+00:00,3.542448720678797,158.16948761802817,True,0.0048000414006056395,4.0,2.8693608924408838,0.23979384334900175,5.0,2.005460057916678e-12,True,True,-2.7184296030630426,-2.2700000107688245,-2.146565879979951,-2.082758503841367,-2.0422900223718607,-1.992277594196008,-1.9616032720393184,-1.9403677545655535,-1.9245587422961303,-1.9122054139713192,-1.902212913483483,,11315,92,1.5,False,False,"variant-qitT30 (v1.1-frozen + |Qit_eff| -30% at 423 K; robustness study v1.3, 423 K only)"
C0026_T423,manual,0,C0026,C0026,423.0,0.8958378065377474,0.8450652211904526,-969211492687.4636,0.9101466853171588,316c4eba49a3,1470e4b1eac5,5e1d50a6e395,0,True,0,38.632,2.3753778614905046,2.935786160494055,150.9199662931937,0.011962912473994636,1.6897901579650449e-13,ae73669,2026-10-04T00:14:29+00:00,2.389185520887369,151.03497535975947,True,0.004392321046482999,2.75,2.935786160494055,0.23444859113800143,5.0,2.1004866107822166e-12,True,True,-2.267493296968479,-2.157164873254711,-2.0971362813068306,-2.058105154781057,-2.030154289191327,-1.991971789038649,-1.9665007414068594,-1.9479420089769857,-1.9336341882153216,-1.922163074745589,-1.9126984401622835,,11549,93,1.5,False,False,"variant-qitT30 (v1.1-frozen + |Qit_eff| -30% at 423 K; robustness study v1.3, 423 K only)"
C0027_T423,manual,0,C0027,C0027,423.0,1.183371326699853,1.124149303883314,-1090345594100.654,1.0172505360096693,0aa5fefbc5c9,1470e4b1eac5,5e1d50a6e395,0,True,0,40.609,3.281334893115267,2.7531450053495727,159.4292732175494,0.012753134468588627,1.689790157965045e-13,ae73669,2026-10-04T00:33:30+00:00,3.289297388711278,159.73132087794596,True,0.00450799227049466,3.75,2.7531450053495727,0.2502745460194343,5.0,1.3829739049236223e-12,True,True,-2.537222059580448,-2.2426857428529847,-2.1340779681469386,-2.073058141196296,-2.0326821743652124,-1.9810293882889243,-1.9484076327100779,-1.9254094630528706,-1.908067411292243,-1.894383061103762,-1.8832264834036077,,9794,92,1.5,False,False,"variant-qitT30 (v1.1-frozen + |Qit_eff| -30% at 423 K; robustness study v1.3, 423 K only)"
C0028_T423,manual,0,C0028,C0028,423.0,1.1379562050104142,0.8887776337563992,-1457609480246.9016,1.0891457214951514,6adc6d590eea,1470e4b1eac5,5e1d50a6e395,0,True,0,46.507,3.278125392354707,2.7047857084994984,152.1128296708738,0.012976909396635006,1.6897901579650449e-13,ae73669,2026-10-04T00:36:58+00:00,3.285564514563326,152.4057975730596,True,0.005010728953274779,3.75,2.7047857084994984,0.2551867290878707,5.0,9.468511492612572e-13,True,True,-2.491261684417245,-2.2090198820585454,-2.1072228002581332,-2.050645707436761,-2.0134430787199324,-1.966072101741526,-1.9362365843209741,-1.9152132761133307,-1.8993535224844225,-1.8868287275517233,-1.876608073752033,,10145,92,1.5,False,False,"variant-qitT30 (v1.1-frozen + |Qit_eff| -30% at 423 K; robustness study v1.3, 423 K only)"
C0029_T423,manual,0,C0029,C0029,423.0,0.8254341289401055,1.1678875088691711,-601977829821.4078,0.981992331892252,8751292f68ad,1470e4b1eac5,5e1d50a6e395,0,True,0,49.772,2.5917023463817417,3.0308912355944613,160.7673836504052,0.011594527084344167,1.6897901579650449e-13,ae73669,2026-10-04T00:14:52+00:00,2.6054584221132457,160.7471449198463,True,0.004218873339108633,3.0,3.0308912355944613,0.22638900795352712,5.0,1.4409672939786267e-12,True,True,-2.3253992655945748,-2.191599791622977,-2.123008930623459,-2.0796610351835065,-2.049169665577018,-2.008243201108548,-1.9814227964690598,-1.9621397737050879,-1.947432564098957,-1.9357469605963495,-1.9261795191244349,,11900,92,1.5,False,False,"variant-qitT30 (v1.1-frozen + |Qit_eff| -30% at 423 K; robustness study v1.3, 423 K only)"
C0030_T423,manual,0,C0030,C0030,423.0,0.9981123823672532,0.9120339505374432,-1189572826959.1929,1.15196392275393,8272cf3c2b00,1470e4b1eac5,5e1d50a6e395,0,True,0,42.617,2.9022957246624954,2.7581367146208544,152.8080034711603,0.012727751795152434,1.689790157965045e-13,ae73669,2026-10-04T00:14:33+00:00,2.9131530253904057,153.1957682247177,True,0.004866470382526363,3.25,2.7581367146208544,0.25008035177849613,5.0,1.0622723579345168e-12,True,True,-2.3323754258708336,-2.1609884991119537,-2.084160260383892,-2.03827400681469,-2.006982236423497,-1.9660006333297382,-1.9396290961282312,-1.9208350335225748,-1.906563679455536,-1.8952483024883386,-1.885991843248769,,10964,93,1.5,False,False,"variant-qitT30 (v1.1-frozen + |Qit_eff| -30% at 423 K; robustness study v1.3, 423 K only)"
C0031_T423,manual,0,C0031,C0031,423.0,1.0855904940515757,1.031349352002144,-873916940763.5928,0.8690794434398413,05949f941270,1470e4b1eac5,5e1d50a6e395,0,True,0,41.926,2.7189358792036074,2.871808265467628,156.83430874852561,0.012229426098612751,1.689790157965045e-13,ae73669,2026-10-04T00:14:30+00:00,2.723133195099206,157.39378502554086,True,0.004087145464225788,3.25,2.871808265467628,0.23963390361128906,5.0,9.736361022971707e-13,True,True,-2.359031448823634,-2.202696466004671,-2.1245676396058344,-2.0755749386780225,-2.041196534391537,-1.9950387103060527,-1.9646959652745712,-1.942785727550907,-1.925996434899041,-1.9125939230171696,-1.9015707318622261,,10379,91,1.5,False,False,"variant-qitT30 (v1.1-frozen + |Qit_eff| -30% at 423 K; robustness study v1.3, 423 K only)"
C0032_T423,manual,0,C0032,C0032,423.0,1.0755397338420152,0.8758497755974531,-535573140718.0429,0.9254410725086928,5a6755e61f9c,1470e4b1eac5,5e1d50a6e395,0,True,0,32.26,1.7567085540106724,2.7766037229405827,151.890676449871,0.012642959702982796,1.6897901579650443e-13,ae73669,2026-10-04T00:14:41+00:00,1.7588971163249556,152.28672854144276,True,0.004513683179113663,2.25,2.7766037229405827,0.24843382609187425,5.0,1.005473482251773e-12,True,True,-2.1800300621744735,-2.1042476122557345,-2.057332437388818,-2.024656044211119,-2.000217529836166,-1.9654710531126949,-1.9414526397265175,-1.923550480836302,-1.9095277697296353,-1.8981512462903092,-1.8886774276188463,,10496,92,1.5,False,False,"variant-qitT30 (v1.1-frozen + |Qit_eff| -30% at 423 K; robustness study v1.3, 423 K only)"
C0033_T423,manual,0,C0033,C0033,423.0,0.9880245212465524,1.1549368251115084,-1399010615423.3218,1.0456817347556353,29e54d001fb3,1470e4b1eac5,5e1d50a6e395,0,True,0,49.488,3.851620910454331,2.8902409464278906,160.28870961456866,0.01215360411020485,1.689790157965045e-13,ae73669,2026-10-04T00:15:47+00:00,3.865101290710507,160.19951471671968,True,0.004435913303792145,4.25,2.8902409464278906,0.23788612897818745,5.0,2.080717133725652e-12,True,True,-3.398625622763253,-2.3640129246257713,-2.1926280845371524,-2.1126404903198384,-2.0640045282556345,-2.005658609558791,-1.9706626260308258,-1.9467275371800732,-1.9290432475183226,-1.9152949144058244,-1.904214073767404,,10964,92,1.5,False,False,"variant-qitT30 (v1.1-frozen + |Qit_eff| -30% at 423 K; robustness study v1.3, 423 K only)"
C0034_T423,manual,0,C0034,C0034,423.0,0.8356959134340287,0.9248645197600126,-799704497680.068,0.8125253103673459,d5778d588e8c,1470e4b1eac5,5e1d50a6e395,0,True,0,55.34,2.329250769365371,3.080894104001049,153.62498884903601,0.011405509527908723,1.6897901579650449e-13,ae73669,2026-10-04T00:34:18+00:00,2.3438542606480284,153.7425838354175,True,0.004019064931927413,2.75,3.080894104001049,0.22281903410738663,5.0,1.1383654435759283e-12,True,True,-2.297801912227233,-2.1871391075321953,-2.1256854681411594,-2.0853087363744125,-2.0562156766980184,-2.016272972504079,-1.989530641944581,-1.970014288079509,-1.9549583454164516,-1.942885308351714,-1.932924731999391,,11900,92,1.5,False,False,"variant-qitT30 (v1.1-frozen + |Qit_eff| -30% at 423 K; robustness study v1.3, 423 K only)"
C0035_T423,manual,0,C0035,C0035,423.0,1.1481808945536611,1.0442027766257524,-1138789300806.8203,1.108496680855751,549e7ba5cbff,1470e4b1eac5,5e1d50a6e395,0,True,0,38.809,3.1623858766111685,2.7093788690134915,156.94514224822632,0.012956501434403614,1.6897901579650446e-13,ae73669,2026-10-04T00:38:02+00:00,3.1723544505893786,157.3209559536338,True,0.004650627290228486,3.75,2.7093788690134915,0.2545849104915907,5.0,2.598261188680674e-12,True,True,-2.4461740315394778,-2.202620804034574,-2.1065101454760504,-2.0514922352236447,-2.01476920399552,-1.9674798465609364,-1.937457841903609,-1.9162280095800244,-1.900187336489963,-1.8875122525435781,-1.8771682333182613,,10145,93,1.5,False,False,"variant-qitT30 (v1.1-frozen + |Qit_eff| -30% at 423 K; robustness study v1.3, 423 K only)"
C0036_T423,manual,0,C0036,C0036,423.0,1.1808884967118505,0.96865163333714,-1255900654941.7974,1.1866693940013646,75016b1ee808,1470e4b1eac5,5e1d50a6e395,0,True,0,47.151,3.157425781258555,2.645107811373295,154.56527486802983,0.013268097483874957,1.6897901579650449e-13,ae73669,2026-10-04T00:39:11+00:00,3.1676637972813864,154.94761278938364,True,0.004924474311374509,3.75,2.645107811373295,0.2610894116803361,5.0,2.4226862856990387e-12,True,True,-2.418639293381154,-2.1809371590114246,-2.0878784835347415,-2.034810591751863,-1.9994634162098817,-1.954011945434298,-1.9251772174039,-1.9047862868895415,-1.8893745376083144,-1.877191346275751,-1.8672444856637824,,9911,93,1.5,False,False,"variant-qitT30 (v1.1-frozen + |Qit_eff| -30% at 423 K; robustness study v1.3, 423 K only)"
C0037_T423,manual,0,C0037,C0037,423.0,0.8934164855629206,1.0879639010876416,-682562443427.7416,0.8906483862549067,e1d396c3f4d6,1470e4b1eac5,5e1d50a6e395,0,True,0,59.1,2.544062760813468,3.005925877420351,158.5217723132756,0.011688916256516881,1.689790157965045e-13,ae73669,2026-10-04T00:16:17+00:00,2.554630757094149,158.79733771309006,True,0.004095830469677591,3.0,3.005925877420351,0.22845468460509147,5.0,2.496963198776303e-12,True,True,-2.327941455253249,-2.1960267143311056,-2.126781167065078,-2.082480402667429,-2.051068502563733,-2.008570391374017,-1.9804973817540508,-1.9601945810216863,-1.9446364231574134,-1.9322257527930575,-1.922029930035747,,11432,92,1.5,False,False,"variant-qitT30 (v1.1-frozen + |Qit_eff| -30% at 423 K; robustness study v1.3, 423 K only)"
C0038_T423,manual,0,C0038,C0038,423.0,0.9332321226596832,0.8321111101657153,-1016121498309.0758,1.0738010324537757,b5ef5e602849,1470e4b1eac5,5e1d50a6e395,0,True,0,32.629,2.4027228439248596,2.8126113807300896,150.28603230406668,0.012482132250429974,1.689790157965044e-13,ae73669,2026-10-04T00:14:40+00:00,2.413891469036333,150.7458032601503,True,0.00478913657356882,2.75,2.8126113807300896,0.24516614074132126,5.0,8.219570857281866e-13,True,True,-2.2342819992015714,-2.12633897245498,-2.0686291509088632,-2.031448045257578,-2.004973659424518,-1.9689953253311354,-1.9451049187078286,-1.9277494326857432,-1.9143978377845248,-1.903711220302829,-1.894906018941862,,11315,93,1.5,False,False,"variant-qitT30 (v1.1-frozen + |Qit_eff| -30% at 423 K; robustness study v1.3, 423 K only)"
C0039_T423,manual,0,C0039,C0039,423.0,1.045760305225849,1.1112241458147765,-918431572616.1003,0.953611434996128,0b36889bdfde,1470e4b1eac5,5e1d50a6e395,0,True,0,46.96,2.976848387189401,2.8623529618760424,159.15432258993684,0.012270167739622275,1.689790157965044e-13,ae73669,2026-10-04T00:39:12+00:00,2.979886580194064,159.49011343691254,True,0.00425969242978566,3.5,2.8623529618760424,0.24038731605844912,5.0,9.859788774025386e-13,True,True,-2.41928038750974,-2.219866841680893,-2.1309413284451577,-2.077727277518915,-2.041363748337687,-1.993648889065025,-1.9629051444788748,-1.9409872428182102,-1.9243439477015662,-1.9111495001992866,-1.90035708463493,,10613,92,1.5,False,False,"variant-qitT30 (v1.1-frozen + |Qit_eff| -30% at 423 K; robustness study v1.3, 423 K only)"
C0040_T423,manual,0,C0040,C0040,423.0,1.0010889548808335,0.9328362498432398,-1110529010184.1091,0.8639664571732283,88c6d24bc012,1470e4b1eac5,5e1d50a6e395,0,True,0,51.57,2.8505969688315567,2.9196965129575827,153.79910833478561,0.012029550067275515,1.6897901579650443e-13,ae73669,2026-10-04T00:34:41+00:00,2.865289675705559,153.57852366877933,True,0.004188301173759099,3.25,2.9196965129575827,0.23565048200438857,5.0,1.8418081176338306e-12,True,True,-2.386529622259995,-2.2132261645319518,-2.1313469840730344,-2.0812534452627682,-2.0465980007897064,-2.000625052383647,-1.9707012984997545,-1.949216341079212,-1.932812650678668,-1.9197506159647015,-1.9090269949821608,,10964,92,1.5,False,False,"variant-qitT30 (v1.1-frozen + |Qit_eff| -30% at 423 K; robustness study v1.3, 423 K only)"
C0041_T423,manual,0,C0041,C0041,423.0,0.9136715892702342,1.0103517409414051,-951011424884.2,1.1586211819201708,61f2cc79ed4e,1470e4b1eac5,5e1d50a6e395,0,True,0,34.023,2.770261317395557,2.835502717290483,155.89075965602055,0.012384328495970404,1.6897901579650443e-13,ae73669,2026-10-04T00:40:16+00:00,2.775793041189993,156.14605223047502,True,0.004938796114289687,3.25,2.835502717290483,0.24288186443584034,5.0,2.0389009165135824e-12,True,True,-2.3100276035687886,-2.1600157732232708,-2.088885057775134,-2.0454599557778788,-2.0155058943856528,-1.9759401070903961,-1.9503329442723463,-1.9320428372881089,-1.9181451463426833,-1.907127536789157,-1.898119554020984,,11432,92,1.5,False,False,"variant-qitT30 (v1.1-frozen + |Qit_eff| -30% at 423 K; robustness study v1.3, 423 K only)"
C0042_T423,manual,0,C0042,C0042,423.0,0.8596828252077103,0.8662175063043833,-1351220862939.954,0.9761483632028104,cf3d38f02f05,1470e4b1eac5,5e1d50a6e395,0,True,0,43.015,3.0505280213188013,2.9593394962021766,151.51668406427922,0.01186920998027153,1.6897901579650449e-13,ae73669,2026-10-04T00:15:12+00:00,3.0620298970348507,151.73914748740046,True,0.004634925467775625,3.5,2.9593394962021766,0.2324341828191707,5.0,1.2977136726322058e-12,True,True,-2.418002062663962,-2.2131993251296924,-2.127233619532145,-2.0771489724916856,-2.0434543127995783,-1.9998211323203816,-1.9720049851402295,-1.9522906062240468,-1.937374586336105,-1.9255781869111963,-1.9159463796153824,,11666,92,1.5,False,False,"variant-qitT30 (v1.1-frozen + |Qit_eff| -30% at 423 K; robustness study v1.3, 423 K only)"
C0043_T423,manual,0,C0043,C0043,423.0,1.1722652718424798,1.190252324566245,-714222029782.8317,1.0965337961912156,cf6bbed559cf,1470e4b1eac5,5e1d50a6e395,0,True,0,42.078,2.8159034435138004,2.706732315522795,161.2452142534179,0.012969958538805223,1.6897901579650443e-13,ae73669,2026-10-04T00:34:13+00:00,2.82801127210006,161.41509670690724,True,0.004639480806161686,3.25,2.706732315522795,0.2547473398508279,5.0,1.656441977256304e-12,True,True,-2.339664407378193,-2.172213233905705,-2.0927306693772416,-2.044007310728963,-2.0102718218710085,-1.9655203099161531,-1.9364260605657506,-1.915574752344588,-1.8996870124212855,-1.8870614122271678,-1.8767162267935982,,9911,92,1.5,False,False,"variant-qitT30 (v1.1-frozen + |Qit_eff| -30% at 423 K; robustness study v1.3, 423 K only)"
C0044_T423,manual,0,C0044,C0044,423.0,1.1049728740006686,0.8225050982087851,-831333629786.9683,1.0247064974159,85e21477a23d,1470e4b1eac5,5e1d50a6e395,0,True,0,43.171,2.0780562905695548,2.7033275289690053,150.02638548131435,0.01298241779416815,1.6897901579650443e-13,ae73669,2026-10-04T00:37:41+00:00,2.091732917949581,149.87193725480458,True,0.004919935576079139,2.5,2.7033275289690053,0.2554845604358607,5.0,1.295095414685976e-12,True,True,-2.1885361996550445,-2.099937340309703,-2.048462135887932,-2.0138345848990395,-1.9885000470578527,-1.9531928320471534,-1.9292048754185847,-1.9115130812747723,-1.8977524534965395,-1.8866444187157434,-1.8774288178720973,,10262,92,1.5,False,False,"variant-qitT30 (v1.1-frozen + |Qit_eff| -30% at 423 K; robustness study v1.3, 423 K only)"
C0045_T423,manual,0,C0045,C0045,423.0,0.8174033973366023,1.1465141151100398,-1234079054556.787,0.9042714271694422,aed830aebb8d,1470e4b1eac5,5e1d50a6e395,0,True,0,49.638,3.5757828095941346,3.1275480228833894,160.21629164422913,0.011239973285313915,1.6897901579650443e-13,ae73669,2026-10-04T00:15:42+00:00,3.589419989130064,160.32952968316772,True,0.004035896596451672,4.0,3.1275480228833894,0.21902372686674954,5.0,2.1172616070200152e-12,True,True,-2.830621897269232,-2.3399016260279217,-2.205618833204821,-2.136000222173659,-2.0917491704684443,-2.0369728891488355,-2.0033506399945167,-1.980077148787672,-1.9627591691218131,-1.9492347209782157,-1.938301505956002,,12017,92,1.5,False,False,"variant-qitT30 (v1.1-frozen + |Qit_eff| -30% at 423 K; robustness study v1.3, 423 K only)"
C0046_T423,manual,0,C0046,C0046,423.0,0.9588791906833648,0.9765978720039128,-568122538737.9528,1.1367404915392398,439fa8857c90,1470e4b1eac5,5e1d50a6e395,0,True,0,42.636,2.064085600733823,2.7790083825865026,154.8618486801266,0.012633258617208586,1.6897901579650449e-13,ae73669,2026-10-04T00:15:16+00:00,2.076277528536354,155.04139809999407,True,0.00494613699139803,2.5,2.7790083825865026,0.24809609354434822,5.0,1.7498039244053015e-12,True,True,-2.1893102250168375,-2.103258438568286,-2.0533730270213777,-2.019900523037286,-1.9954792276092534,-1.9615881447357588,-1.938697313886152,-1.9219091735648757,-1.9089195954914984,-1.8984846132658362,-1.8898659613791982,,11081,92,1.5,False,False,"variant-qitT30 (v1.1-frozen + |Qit_eff| -30% at 423 K; robustness study v1.3, 423 K only)"
C0047_T423,manual,0,C0047,C0047,423.0,1.0713095262646677,1.0541391555219888,-1493387673050.1653,0.8421368315815926,a740656e43a9,1470e4b1eac5,5e1d50a6e395,0,True,0,44.553,3.783472378282645,2.952544236033486,157.57850242929283,0.011898963117987332,1.6897901579650449e-13,ae73669,2026-10-04T00:15:15+00:00,3.7923716912280794,157.8960020008955,True,0.004026101498329408,4.25,2.952544236033486,0.23268991057339625,5.0,1.0699201941077874e-12,True,True,-3.215276826232224,-2.3859125053116848,-2.2186951631258136,-2.136769964168621,-2.085808050453029,-2.0235356751624476,-1.9855741002398382,-1.9593310544436218,-1.9397851219093245,-1.9244908816121866,-1.9120967845938637,,10496,92,1.5,False,False,"variant-qitT30 (v1.1-frozen + |Qit_eff| -30% at 423 K; robustness study v1.3, 423 K only)"
C0048_T423,manual,0,C0048,C0048,423.0,1.0514254555106164,0.9983421318233012,-994167254306.376,1.0520898200571538,b780457e62bf,1470e4b1eac5,5e1d50a6e395,0,True,0,34.34,2.8170362665307374,2.778894728305317,155.6116232922623,0.012634332938597687,1.6897901579650443e-13,ae73669,2026-10-04T00:15:16+00:00,2.8296907989519178,155.82021554153235,True,0.004711785603066784,3.25,2.778894728305317,0.2480391669482651,5.0,2.1237769458034804e-12,True,True,-2.3365133816583454,-2.1733306109227084,-2.0963164120414683,-2.0492796030677947,-2.01678885626003,-1.9737708130631266,-1.9458370937577338,-1.925823085619347,-1.9105713950845549,-1.898447682808865,-1.8885102676785028,,10613,92,1.5,False,False,"variant-qitT30 (v1.1-frozen + |Qit_eff| -30% at 423 K; robustness study v1.3, 423 K only)"
C0049_T423,manual,0,C0049,C0049,423.0,0.9638921231031418,1.0708235889673232,-1069326626136.8988,0.9689596250653268,663fcdee2f3d,1470e4b1eac5,5e1d50a6e395,0,True,0,49.452,3.1244498834784125,2.9130753079587723,157.92222775793695,0.012058099256112249,1.689790157965045e-13,ae73669,2026-10-04T00:16:37+00:00,3.137728962662986,157.89575363873033,True,0.004257154674354654,3.5,2.9130753079587723,0.23605720037447964,5.0,1.6297439806370252e-12,True,True,-2.4699740071743292,-2.236297377599095,-2.1407331858995966,-2.085369965265893,-2.0482033527599044,-2.0001561998962596,-1.9695858380969993,-1.947958457112966,-1.9316220222854028,-1.9187211455656712,-1.9082008436066205,,11081,91,1.5,False,False,"variant-qitT30 (v1.1-frozen + |Qit_eff| -30% at 423 K; robustness study v1.3, 423 K only)"
C0050_T423,manual,0,C0050,C0050,423.0,0.8100192729383707,0.8024576269090176,-731010651215.9109,1.189221265539527,1e84edeb41aa,1470e4b1eac5,5e1d50a6e395,0,True,0,50.889,1.8463383810438962,2.860090662596489,149.15765635791124,0.01227652097218195,1.6897901579650449e-13,ae73669,2026-10-04T00:35:09+00:00,1.859871153965629,149.32774180161047,True,0.005270710997996069,2.25,2.860090662596489,0.24095774319034946,5.0,1.6132611605137303e-12,True,True,-2.153308665349128,-2.0842882266552607,-2.0430716725484954,-2.015000657362038,-1.9943330551708007,-1.965413414705373,-1.945736698477654,-1.9312385018148646,-1.9199851276708206,-1.9109246899255328,-1.9034293764951287,,11900,91,1.5,False,False,"variant-qitT30 (v1.1-frozen + |Qit_eff| -30% at 423 K; robustness study v1.3, 423 K only)"
C0051_T423,manual,0,C0051,C0051,423.0,1.122485752776265,1.1284258604049682,-1328573142178.3567,0.8819228682667017,e8bce5acfab4,1470e4b1eac5,5e1d50a6e395,0,True,0,36.48,3.689299843600306,2.8967288382594267,159.73585428968573,0.012126790262678449,1.6897901579650446e-13,ae73669,2026-10-04T00:38:39+00:00,3.697148057418935,159.99031147941733,True,0.0039914276273355555,4.25,2.8967288382594267,0.2373044619824165,5.0,2.212256121441689e-12,True,True,-3.0070933861260625,-2.356403250668987,-2.202198654861718,-2.1241262069445965,-2.074866735654533,-2.0140545967076307,-1.9766998489695524,-1.9507741756676802,-1.9314201174644416,-1.9162541336486822,-1.9039522580259651,,10145,93,1.5,False,False,"variant-qitT30 (v1.1-frozen + |Qit_eff| -30% at 423 K; robustness study v1.3, 423 K only)"
C0052_T423,manual,0,C0052,C0052,423.0,1.1554023876786232,0.8587190598249436,-1211308959871.5305,0.8100208126008511,63802722f447,1470e4b1eac5,5e1d50a6e395,0,True,0,44.495,2.815861317797222,2.8463600203999757,151.47771050930265,0.012336229896043069,1.689790157965044e-13,ae73669,2026-10-04T00:39:56+00:00,2.8296368308752515,151.53321219503323,True,0.0041984266547405065,3.25,2.8463600203999757,0.2420366751188081,5.0,2.847637083181957e-12,True,True,-2.377951101102526,-2.20793461397474,-2.1259378668035924,-2.0752725173917743,-2.0399901593266097,-1.9928625200542565,-1.9619589683616385,-1.939639412351799,-1.9225136390456177,-1.9088175457739398,-1.8975301617682085,,10028,92,1.5,False,False,"variant-qitT30 (v1.1-frozen + |Qit_eff| -30% at 423 K; robustness study v1.3, 423 K only)"
C0053_T423,manual,0,C0053,C0053,423.0,0.867924463748932,1.1847130946815012,-848244014196.0979,1.117370280623436,900b66e31c10,1470e4b1eac5,5e1d50a6e395,0,True,0,63.517,3.01972285550478,2.9310044215267683,161.1017511534526,0.011985995369164407,1.6897901579650449e-13,ae73669,2026-10-04T00:17:21+00:00,3.02505692846523,161.46543837610093,True,0.0046189507451368,3.5,2.9310044215267683,0.23445390336381097,5.0,2.000952294139039e-12,True,True,-2.4086549019596553,-2.208014480856523,-2.1226118369973737,-2.072587463117153,-2.038859804600773,-1.9951750193533018,-1.9673883490330555,-1.9477648130910281,-1.932975899734677,-1.9213258944308516,-1.9118492954323274,,11666,92,1.5,False,False,"variant-qitT30 (v1.1-frozen + |Qit_eff| -30% at 423 K; robustness study v1.3, 423 K only)"
C0054_T423,manual,0,C0054,C0054,423.0,0.909308758750558,0.9421291410923004,-1452062926255.1665,0.9471048634499312,9f9ea26c712a,1470e4b1eac5,5e1d50a6e395,0,True,0,35.954,3.42299306592067,2.961424880291852,153.97577556010933,0.011861938559571903,1.6897901579650443e-13,ae73669,2026-10-04T00:15:17+00:00,3.43257807682323,154.49490680225853,True,0.004270188436899195,4.0,2.961424880291852,0.23215010087670515,5.0,1.463840954902625e-12,True,True,-2.636566698001012,-2.277209582989468,-2.161611433588021,-2.0993939055918553,-2.0591488604378316,-2.008613413511526,-1.9771850797905393,-1.9552288399388946,-1.9387725911741356,-1.9258443297806804,-1.9153401246843507,,11432,93,1.5,False,False,"variant-qitT30 (v1.1-frozen + |Qit_eff| -30% at 423 K; robustness study v1.3, 423 K only)"
C0055_T423,manual,0,C0055,C0055,423.0,1.0218306470662355,1.014584805816412,-611400149762.6305,1.0301854152232408,1d87940451d8,1470e4b1eac5,5e1d50a6e395,0,True,0,49.054,2.237865683227276,2.793342366059639,156.15716846910814,0.012569371071829425,1.6897901579650449e-13,ae73669,2026-10-04T00:40:02+00:00,2.2394687040184285,156.5939448794848,True,0.004592459433823389,2.75,2.793342366059639,0.24672250367112125,5.0,1.0989904144149667e-12,True,True,-2.231544983333995,-2.130190959271545,-2.073095727236779,-2.035311348553231,-2.00796621479933,-1.9702776282776808,-1.944962875415397,-1.9264539302700858,-1.912158503019625,-1.9006864523750904,-1.89121666633729,,10730,92,1.5,False,False,"variant-qitT30 (v1.1-frozen + |Qit_eff| -30% at 423 K; robustness study v1.3, 423 K only)"
C0056_T423,manual,0,C0056,C0056,423.0,1.025021742284298,0.8429230198264123,-1421162460930.6455,1.1405175484716892,4af715fdda80,1470e4b1eac5,5e1d50a6e395,0,True,0,43.58,3.0873415902251558,2.7372546093194616,150.54823121043626,0.012823366642528445,1.6897901579650446e-13,ae73669,2026-10-04T00:35:25+00:00,3.100858209419503,150.3509368541659,True,0.0051683059288341006,3.5,2.7372546093194616,0.25213642617590465,5.0,1.5502986212553937e-12,True,True,-2.386861882960137,-2.1754334792394294,-2.0895954468154567,-2.0401625277278033,-2.0070922264482127,-1.9644288640633665,-1.9372886094025845,-1.9180618490686625,-1.90351135008823,-1.8919979403145226,-1.8825910858633206,,10730,91,1.5,False,False,"variant-qitT30 (v1.1-frozen + |Qit_eff| -30% at 423 K; robustness study v1.3, 423 K only)"
C0057_T423,manual,0,C0057,C0057,423.0,0.93758587539196,1.1138390220701695,-519280469045.04297,0.8321920409798622,b95ad9f4882b,1470e4b1eac5,5e1d50a6e395,0,True,0,32.259,2.3456045889646124,3.006798527732245,159.3379236802001,0.011685592497762852,1.6897901579650449e-13,ae73669,2026-10-04T00:40:48+00:00,2.3602249085532554,159.29043992980206,True,0.003860191137796368,2.75,3.006798527732245,0.22837714637356044,5.0,1.7856607787023638e-12,True,True,-2.307860535724514,-2.1914409598940265,-2.126539251692382,-2.0837686327197247,-2.0528884495613617,-2.010423967190624,-1.9819680913298854,-1.9612007402302563,-1.9451853400061032,-1.9323492625626921,-1.9217647004801757,,11315,92,1.5,False,False,"variant-qitT30 (v1.1-frozen + |Qit_eff| -30% at 423 K; robustness study v1.3, 423 K only)"
C0058_T423,manual,0,C0058,C0058,423.0,0.8851778689771891,0.956411512196064,-1181448983028.531,1.0025513496249914,b2197fb71faf,1470e4b1eac5,5e1d50a6e395,0,True,0,41.266,3.016861409025858,2.9376560986590823,154.3455939083027,0.011957040810327132,1.689790157965045e-13,ae73669,2026-10-04T00:15:54+00:00,3.021811579794175,154.68774652838903,True,0.004570703595320557,3.5,2.9376560986590823,0.2341157015892291,5.0,2.15673821231138e-12,True,True,-2.4102081480606747,-2.211080966739563,-2.125692734724307,-2.0755171881137304,-2.041606402379063,-1.997543532951772,-1.969392278903286,-1.9494267467718798,-1.9343202044386913,-1.9223762884714934,-1.9126279088406593,,11549,92,1.5,False,False,"variant-qitT30 (v1.1-frozen + |Qit_eff| -30% at 423 K; robustness study v1.3, 423 K only)"
C0059_T423,manual,0,C0059,C0059,423.0,1.1977421957999468,1.0870702035725115,-755091533996.1648,0.9200576398521662,1a6e1f92be86,1470e4b1eac5,5e1d50a6e395,0,True,0,42.407,2.657137038771796,2.776875165175922,158.47041434651916,0.012644509380097844,1.6897901579650446e-13,ae73669,2026-10-04T00:34:55+00:00,2.6682599846321344,158.92887401720935,True,0.00409742400982313,3.25,2.776875165175922,0.24810625561350808,5.0,9.747948975791232e-13,True,True,-2.3327235683267094,-2.1839529212728337,-2.108053866554601,-2.0600077943973023,-2.026104319204734,-1.9803593467604208,-1.9501602198164245,-1.9282967294516713,-1.9115133694643704,-1.8980980170629453,-1.8870530221896111,,9794,93,1.5,False,False,"variant-qitT30 (v1.1-frozen + |Qit_eff| -30% at 423 K; robustness study v1.3, 423 K only)"
C0060_T423,manual,0,C0060,C0060,423.0,1.1306588307023049,0.9001730419695377,-637827597558.4984,0.9981555722653864,24a355a51b38,1470e4b1eac5,5e1d50a6e395,0,True,0,44.288,1.9842219857391457,2.71356456105034,152.58375667308073,0.012934729788407952,1.6897901579650449e-13,ae73669,2026-10-04T00:38:26+00:00,1.986315672341505,152.96660177230592,True,0.004681120961414348,2.5,2.71356456105034,0.2543859190860499,5.0,2.3060409642437354e-12,True,True,-2.1896479139019687,-2.1038147743574744,-2.0528006739541387,-2.0180595888689243,-1.9924482670192567,-1.9565178699944092,-1.9319750574192613,-1.9138202652214866,-1.8996744601566529,-1.8882426394351937,-1.878751280048525,,10145,92,1.5,False,False,"variant-qitT30 (v1.1-frozen + |Qit_eff| -30% at 423 K; robustness study v1.3, 423 K only)"
C0061_T423,manual,0,C0061,C0061,423.0,0.8430830597877503,1.0308577224612236,-1298682591877.8777,1.0807003527879715,136d6935ec46,1470e4b1eac5,5e1d50a6e395,0,True,0,53.029,3.3910436524410628,2.9653815665587335,156.57576756161572,0.011847328794641886,1.6897901579650449e-13,ae73669,2026-10-04T00:16:36+00:00,3.4029068302783037,156.94107779563083,True,0.004516686190826605,3.75,2.9653815665587335,0.23172012083221558,5.0,1.7425892814991007e-12,True,True,-2.592592092400425,-2.256353132331133,-2.1472937367923963,-2.088652023578592,-2.050790282076099,-2.0033856590251307,-1.9740241022947085,-1.9535902413493618,-1.9383293915102444,-1.9263795585584653,-1.9166997213814443,,11783,93,1.5,False,False,"variant-qitT30 (v1.1-frozen + |Qit_eff| -30% at 423 K; robustness study v1.3, 423 K only)"
C0062_T423,manual,0,C0062,C0062,423.0,0.9830025110393764,0.899210698157549,-902017000131.3092,0.8603372912853957,24b587b3d4c5,1470e4b1eac5,5e1d50a6e395,0,True,0,42.177,2.4216103509938827,2.9118528229660847,152.73338618693288,0.012061033552073946,1.689790157965045e-13,ae73669,2026-10-04T00:15:58+00:00,2.431708555722096,153.1529547054244,True,0.004098232328120908,3.0,2.9118528229660847,0.23638184965155679,5.0,1.5538507587568245e-12,True,True,-2.2897149637284855,-2.171007065079471,-2.1065992271111402,-2.0647261342743803,-2.0347281564093604,-1.9937205439220256,-1.9663405534444196,-1.9463755544946024,-1.9309727578978115,-1.9186154743907697,-1.9084129716501967,,11081,93,1.5,False,False,"variant-qitT30 (v1.1-frozen + |Qit_eff| -30% at 423 K; robustness study v1.3, 423 K only)"
C0063_T423,manual,0,C0063,C0063,423.0,1.0954269338399172,1.1701007142663002,-1038395587354.8984,1.1686131555587054,5ed51b3bbb1d,1470e4b1eac5,5e1d50a6e395,0,True,0,40.388,3.2921492734173543,2.7331614085678577,160.62071503642483,0.012845545908675518,1.6897901579650449e-13,ae73669,2026-10-04T00:15:55+00:00,3.301522047232577,160.86973468642586,True,0.004850547521840777,3.75,2.7331614085678577,0.25219058658627824,5.0,1.7618971287199572e-12,True,True,-2.51541140743633,-2.221374731307883,-2.1164557115746647,-2.0582843900003835,-2.0200968704857707,-1.9716025832086093,-1.9411929313060021,-1.9198634886528472,-1.9038447225369857,-1.891247434403667,-1.8810074531888137,,10379,92,1.5,False,False,"variant-qitT30 (v1.1-frozen + |Qit_eff| -30% at 423 K; robustness study v1.3, 423 K only)"
C0064_T423,manual,0,C0064,C0064,423.0,1.097560141608119,0.8356564380228519,-937485761940.4792,0.8345446810126305,13def76db80e,1470e4b1eac5,5e1d50a6e395,0,True,0,31.632,2.303189091145138,2.834960362164901,150.70164183259422,0.012384641857948046,1.6897901579650446e-13,ae73669,2026-10-04T00:15:48+00:00,2.315551440259522,150.71151727068076,True,0.0043147096818810585,2.75,2.834960362164901,0.24313474205178695,5.0,2.3418433890906404e-12,True,True,-2.2642955615139844,-2.154655474760308,-2.0932547685340452,-2.052679971515851,-2.023304831789565,-1.9827344374861542,-1.9553730121096262,-1.9352765932633544,-1.919684290112113,-1.9071165479288377,-1.8966991532630684,,10379,92,1.5,False,False,"variant-qitT30 (v1.1-frozen + |Qit_eff| -30% at 423 K; robustness study v1.3, 423 K only)"
C0065_T423,manual,0,C0065,C0065,423.0,0.98514325581491,1.108508686721325,-1002957112155.8549,1.1428707547485828,80285c9fcd3d,1470e4b1eac5,5e1d50a6e395,0,True,0,48.373,3.094059703868406,2.8078008951964017,158.85271602937055,0.012506343753164902,1.689790157965044e-13,ae73669,2026-10-04T00:17:25+00:00,3.1072287373355705,158.97859296692673,True,0.004758987944509822,3.5,2.8078008951964017,0.24527929736197995,5.0,1.4494741253643466e-12,True,True,-2.420233455127965,-2.200156362799189,-2.1102670888487456,-2.0583203208666823,-2.023517132058181,-1.9786243471544953,-1.9501293937549302,-1.9300086822771554,-1.9148350060518462,-1.9028696383411876,-1.8931250252880816,,11081,92,1.5,False,False,"variant-qitT30 (v1.1-frozen + |Qit_eff| -30% at 423 K; robustness study v1.3, 423 K only)"
C0066_T423,manual,0,C0066,C0066,423.0,0.8389665089547634,0.965155143290758,-665484207682.3115,0.9224100712686776,fc4368c56a6f,1470e4b1eac5,5e1d50a6e395,0,True,0,54.322,2.2079503543541406,3.003900230463693,154.74566360529374,0.011695603793000109,1.6897901579650449e-13,ae73669,2026-10-04T00:36:04+00:00,2.213486586884872,155.17701465300075,True,0.004220192861943195,2.75,3.003900230463693,0.22874173980274712,5.0,2.0900157346552406e-12,True,True,-2.2563839185472516,-2.157623337384737,-2.1016241437359047,-2.0644722056661196,-2.037556311170853,-2.000442930024074,-1.975518800199947,-1.957305799479254,-1.9432490702304865,-1.9319773525466364,-1.9226803193314044,,11900,92,1.5,False,False,"variant-qitT30 (v1.1-frozen + |Qit_eff| -30% at 423 K; robustness study v1.3, 423 K only)"
C0067_T423,manual,0,C0067,C0067,423.0,1.1265494294464589,1.0907281771302224,-1271056253463.0298,1.004904740676284,998ab8ca34dc,1470e4b1eac5,5e1d50a6e395,0,True,0,36.118,3.496966723375511,2.7969616057178457,158.48128794929127,0.012554815607619878,1.6897901579650449e-13,ae73669,2026-10-04T00:39:15+00:00,3.4973563569260087,158.89872325133936,True,0.004476093029691456,4.0,2.7969616057178457,0.246215631521288,5.0,2.643329991357764e-12,True,True,-2.704928574992471,-2.281554922917237,-2.1547581236856734,-2.0874422789876714,-2.0441111486829517,-1.989852710614861,-1.956166291931453,-1.9326499085563544,-1.9150303385628689,-1.9011896613804702,-1.889943548956464,,10145,92,1.5,False,False,"variant-qitT30 (v1.1-frozen + |Qit_eff| -30% at 423 K; robustness study v1.3, 423 K only)"
C0068_T423,manual,0,C0068,C0068,423.0,1.1967585455626248,0.921418271958828,-1153914918191.731,1.0767846763134004,81ccdacd9462,1470e4b1eac5,5e1d50a6e395,0,True,0,44.159,2.8743573327458685,2.669907071993877,153.177496004183,0.01314533169276159,1.6897901579650446e-13,ae73669,2026-10-04T00:40:40+00:00,2.8873429843658873,153.32963922345678,True,0.004810247411839483,3.25,2.669907071993877,0.25862255723928507,5.0,2.439554867351031e-12,True,True,-2.3340931554494087,-2.1616234021714655,-2.08224250526333,-2.034213970194776,-2.0011875366121537,-1.9575812718750378,-1.929293941469518,-1.9090154801778552,-1.893544173459092,-1.8812284509787967,-1.8711185682367026,,9794,93,1.5,False,False,"variant-qitT30 (v1.1-frozen + |Qit_eff| -30% at 423 K; robustness study v1.3, 423 K only)"
C0069_T423,manual,0,C0069,C0069,423.0,0.8841885950416327,1.0470140494406224,-782595327123.9996,0.9942404739558696,ad0d24fd1c3d,1470e4b1eac5,5e1d50a6e395,0,True,0,62.886,2.598966614902275,2.944216450884414,157.1725013963949,0.011931339360619278,1.689790157965045e-13,ae73669,2026-10-04T00:18:24+00:00,2.6128694534884667,157.0363606696113,True,0.004393854875975584,3.0,2.944216450884414,0.2334962957563507,5.0,2.3912615218004397e-12,True,True,-2.310680238629457,-2.1773094579074463,-2.109202865861731,-2.066224354594028,-2.036005412828509,-1.9954293865522796,-1.968803088411053,-1.9496264646027184,-1.9349737940027731,-1.9233108015705014,-1.9137457446905854,,11549,92,1.5,False,False,"variant-qitT30 (v1.1-frozen + |Qit_eff| -30% at 423 K; robustness study v1.3, 423 K only)"
C0070_T423,manual,0,C0070,C0070,423.0,0.942852371186018,0.8794425204396248,-1385815294459.4622,1.1646972823888064,f0eccfe8a8aa,1470e4b1eac5,5e1d50a6e395,0,True,0,34.375,3.131152129749124,2.797396733753038,151.72818588415572,0.012550340602339772,1.6897901579650443e-13,ae73669,2026-10-04T00:15:51+00:00,3.1435244941129326,152.08540682261017,True,0.005023410529585991,3.5,2.797396733753038,0.2464595507419464,5.0,1.9066547246223933e-12,True,True,-2.4074508735148528,-2.1852384027400165,-2.0978050997684865,-2.0480384616871903,-2.014968527618957,-1.9725707465823863,-1.9457625397563338,-1.9268543541919605,-1.9125948349842206,-1.901344487751911,-1.8921755534681102,,11198,93,1.5,False,False,"variant-qitT30 (v1.1-frozen + |Qit_eff| -30% at 423 K; robustness study v1.3, 423 K only)"
C0071_T423,manual,0,C0071,C0071,423.0,1.03028222694993,1.1522720225155354,-554597348906.0999,0.8564223658293486,8d65859b20f1,1470e4b1eac5,5e1d50a6e395,0,True,0,46.786,2.4898448698521,2.927854451048341,160.45481005904082,0.011998146547554503,1.6897901579650446e-13,ae73669,2026-10-04T00:40:49+00:00,2.491285986732046,160.82626027966495,True,0.003937574861788748,3.0,2.927854451048341,0.23476875847478554,5.0,2.2143954900549757e-12,True,True,-2.32609297610564,-2.1952177330925675,-2.1247918344694603,-2.0791350841356904,-2.046482392924239,-2.001941805420201,-1.9722926170936608,-1.9507375374203475,-1.9341550218103898,-1.9208858378140021,-1.909956185102365,,10730,92,1.5,False,False,"variant-qitT30 (v1.1-frozen + |Qit_eff| -30% at 423 K; robustness study v1.3, 423 K only)"
C0072_T423,manual,0,C0072,C0072,423.0,1.0228165846318007,0.9802317947149276,-1479246277362.1082,0.972874753177166,da903bbc7bce,1470e4b1eac5,5e1d50a6e395,0,True,0,48.401,3.5643624560944045,2.8686993510866836,155.15550748637173,0.012242433953778364,1.6897901579650446e-13,ae73669,2026-10-04T00:36:13+00:00,3.5771368910214525,155.26072135105505,True,0.004502463959761591,4.0,2.8686993510866836,0.23992211115282552,5.0,8.819438235274646e-13,True,True,-2.7759678923791253,-2.2957593568572565,-2.1643838972885483,-2.096257051404489,-2.052910246696865,-1.9991200668178468,-1.9659579151291138,-1.9428949400113864,-1.925654603341284,-1.912132230261509,-1.9011564449611011,,10730,92,1.5,False,False,"variant-qitT30 (v1.1-frozen + |Qit_eff| -30% at 423 K; robustness study v1.3, 423 K only)"
C0073_T423,manual,0,C0073,C0073,423.0,0.9103018518537284,1.051530795544386,-584247547201.8123,1.0560055144131184,002be8848fa0,1470e4b1eac5,5e1d50a6e395,0,True,0,36.156,2.2833981855398573,2.876540376352742,157.23105642161457,0.012209346448824338,1.6897901579650443e-13,ae73669,2026-10-04T00:41:25+00:00,2.291766810490656,157.51208626504177,True,0.004620155351795701,2.75,2.876540376352742,0.23925072765317662,5.0,1.2378710906997445e-12,True,True,-2.242033231339786,-2.1391899466917037,-2.0821088934313434,-2.0446494194920493,-2.017694634134508,-1.9807629249951557,-1.9561067603536355,-1.9381619101289713,-1.9243537173823135,-1.9133075826780273,-1.904214377871872,,11432,92,1.5,False,False,"variant-qitT30 (v1.1-frozen + |Qit_eff| -30% at 423 K; robustness study v1.3, 423 K only)"
C0074_T423,manual,0,C0074,C0074,423.0,0.8626602612435819,0.8191153228282929,-1246305412612.8557,0.8858378116041422,1a18482bc8fa,1470e4b1eac5,5e1d50a6e395,0,True,0,38.863,2.7523980337788454,2.9896040212063104,150.1129892029513,0.011749268739067582,1.689790157965045e-13,ae73669,2026-10-04T00:16:33+00:00,2.7532235125412887,150.42551680590515,True,0.004408583708819757,3.25,2.9896040212063104,0.2300684956364142,5.0,1.7129665123241483e-12,True,True,-2.3453855409451645,-2.194360682619791,-2.121270521213529,-2.076221630059589,-2.04495159410425,-2.003367540306526,-1.976247469120317,-1.956752477513336,-1.9418565489612838,-1.9299891625386758,-1.9202434210878518,,11666,92,1.5,False,False,"variant-qitT30 (v1.1-frozen + |Qit_eff| -30% at 423 K; robustness study v1.3, 423 K only)"
C0075_T423,manual,0,C0075,C0075,423.0,1.1501457162201405,1.149366607517004,-813278324902.0576,1.1931371685117482,4299d0501b9e,1470e4b1eac5,5e1d50a6e395,0,True,0,43.529,2.8777619707353983,2.6724367933008724,160.01362272828672,0.01313465257211846,1.6897901579650446e-13,ae73669,2026-10-04T00:35:39+00:00,2.889830396896324,160.05107639956628,True,0.00478172545351153,3.25,2.6724367933008724,0.2581920451460638,5.0,7.917225902653868e-13,True,True,-2.334737812794866,-2.1608081546009608,-2.0812062144269303,-2.0331725998564973,-2.00021534825723,-1.9568364603017459,-1.928821389811862,-1.908824876685636,-1.893630809283992,-1.8815814103546795,-1.8717244656967025,,10145,91,1.5,False,False,"variant-qitT30 (v1.1-frozen + |Qit_eff| -30% at 423 K; robustness study v1.3, 423 K only)"
C0076_T423,manual,0,C0076,C0076,423.0,1.1203548323363066,0.862878166884184,-696136743761.5991,1.115017092227936,3ffff2948782,1470e4b1eac5,5e1d50a6e395,0,True,0,43.549,1.9679730139298883,2.6559405584254443,151.22580800870944,0.013212689264848282,1.6897901579650443e-13,ae73669,2026-10-04T00:39:10+00:00,1.9719450645676573,151.66094880940463,True,0.005031549877205487,2.5,2.6559405584254443,0.2601694972340374,5.0,2.2800111958315606e-12,True,True,-2.1631240329428287,-2.0817237792742938,-2.033531580426697,-2.0007952151937514,-1.9767036652348209,-1.9429615935411497,-1.9199484779491292,-1.902942461819833,-1.8897019888808921,-1.8790087785991427,-1.8701358846711527,,10145,91,1.5,False,False,"variant-qitT30 (v1.1-frozen + |Qit_eff| -30% at 423 K; robustness study v1.3, 423 K only)"
C0077_T423,manual,0,C0077,C0077,423.0,0.8078823473304511,1.1931523829698565,-1363416286185.3838,0.8076682023704053,5f28a1f31784,1470e4b1eac5,5e1d50a6e395,0,True,0,52.135,3.900911817858548,3.2410258451538985,161.67053186432756,0.010850965598522149,1.6897901579650443e-13,ae73669,2026-10-04T00:17:28+00:00,3.9130901680578196,161.87327355764592,True,0.00355781141876183,4.25,3.2410258451538985,0.21091104898681917,5.0,1.3458844967621044e-12,True,True,-3.5954267911980806,-2.45284472150563,-2.2665475387264755,-2.1795702824662104,-2.1266059819287975,-2.0629966226976664,-2.024833219684929,-1.9987460236671806,-1.9794884470945162,-1.9645316133868114,-1.952488574937282,,11900,93,1.5,False,False,"variant-qitT30 (v1.1-frozen + |Qit_eff| -30% at 423 K; robustness study v1.3, 423 K only)"
C0078_T423,manual,0,C0078,C0078,423.0,0.9680109672248364,0.9365174017846584,-967105498537.4211,1.027832053974271,1c0d60b0b7ca,1470e4b1eac5,5e1d50a6e395,0,True,0,44.132,2.6146070564304478,2.834756408091268,153.7024868751583,0.012386713035094324,1.6897901579650449e-13,ae73669,2026-10-04T00:16:43+00:00,2.6282123004797384,153.66158115789534,True,0.0046280025872045116,3.0,2.834756408091268,0.24303328767129842,5.0,1.384094228118471e-12,True,True,-2.2915720713662493,-2.158212007917132,-2.090674272030115,-2.0482029601944087,-2.0183857714464057,-1.9783669036480303,-1.9520849667700673,-1.9331270070373128,-1.918615522561033,-1.9070439236568386,-1.8975371399947685,,11081,91,1.5,False,False,"variant-qitT30 (v1.1-frozen + |Qit_eff| -30% at 423 K; robustness study v1.3, 423 K only)"
C0079_T423,manual,0,C0079,C0079,423.0,1.0555386699736118,1.0077934622764588,-1096357633359.7302,0.944752449914813,e08996a31120,1470e4b1eac5,5e1d50a6e395,0,True,0,44.139,3.01487875983625,2.846893145576176,156.02749457788946,0.0123353738314993,1.6897901579650449e-13,ae73669,2026-10-04T00:16:40+00:00,3.0193377859884527,156.39545889568174,True,0.004390078442541134,3.5,2.846893145576176,0.24183871637182033,5.0,1.096582026571813e-12,True,True,-2.423917187557045,-2.217862218277729,-2.127930170883996,-2.0745640921873534,-2.038257511914839,-1.9907709711529296,-1.9602350285843149,-1.93847678603768,-1.92195286342865,-1.9088476843990383,-1.898122455282793,,10613,92,1.5,False,False,"variant-qitT30 (v1.1-frozen + |Qit_eff| -30% at 423 K; robustness study v1.3, 423 K only)"
C0080_T423,manual,0,C0080,C0080,423.0,1.0730569131672385,0.9385411914438008,-595306254923.3436,1.1609736073762178,8338664a6d62,1470e4b1eac5,5e1d50a6e395,0,True,0,34.029,2.0074984279590837,2.678928704167972,153.6375700831913,0.013100916945952033,1.6897901579650446e-13,ae73669,2026-10-04T00:16:22+00:00,2.0097764778447615,153.8925248787583,True,0.005092251185156421,2.5,2.678928704167972,0.2577768274499538,5.0,2.976437282909336e-12,True,True,-2.1692172940893655,-2.0859918445516366,-2.0371477314403634,-2.004138592112199,-1.9799353404050837,-1.9461723535362843,-1.9232454491506212,-1.9063623355215995,-1.8932561764126024,-1.8826983065861607,-1.8739572577963182,,10496,92,1.5,False,False,"variant-qitT30 (v1.1-frozen + |Qit_eff| -30% at 423 K; robustness study v1.3, 423 K only)"
C0081_T423,manual,0,C0081,C0081,423.0,0.9606215260922908,1.0172452423721552,-1466234243474.9006,0.8663198303431273,9461af6a5831,1470e4b1eac5,5e1d50a6e395,0,True,0,56.003,3.645926183546089,2.999321125816244,156.43564138199017,0.011714380912009622,1.6897901579650449e-13,ae73669,2026-10-04T00:18:22+00:00,3.6583671405236826,156.66898956580422,True,0.003962593572959209,4.0,2.999321125816244,0.22897853944523,5.0,2.1831617683356974e-12,True,True,-2.9232603908127315,-2.3459238079306695,-2.201430830822775,-2.1277381487020066,-2.081169233974606,-2.023667508055227,-1.9883609773219506,-1.9638692038900505,-1.9455943241400755,-1.931280658292158,-1.919675583504656,,11081,93,1.5,False,False,"variant-qitT30 (v1.1-frozen + |Qit_eff| -30% at 423 K; robustness study v1.3, 423 K only)"
C0082_T423,manual,0,C0082,C0082,423.0,0.8129005488008261,0.8621605183929205,-866329240612.6857,1.0988863945007323,2f973dcda839,1470e4b1eac5,5e1d50a6e395,0,True,0,51.212,2.2433030514848733,2.9183787608537157,151.23974101715487,0.012034253703832383,1.6897901579650446e-13,ae73669,2026-10-04T00:36:55+00:00,2.2442163755196907,151.5992358064061,True,0.0049041135335511545,2.75,2.9183787608537157,0.2358535748051076,5.0,2.2260623115486296e-12,True,True,-2.2178350527176516,-2.1241795799415497,-2.0723038739057578,-2.038335785948974,-2.013931893386875,-1.9805378291503346,-1.95825911257172,-1.94204525747026,-1.9295663737914783,-1.9195808370347391,-1.9113585212586421,,11900,92,1.5,False,False,"variant-qitT30 (v1.1-frozen + |Qit_eff| -30% at 423 K; robustness study v1.3, 423 K only)"
C0083_T423,manual,0,C0083,C0083,423.0,1.1004653494805097,1.1819061819463967,-1199113715440.035,0.9785015396773816,42a4962e0e0a,1470e4b1eac5,5e1d50a6e395,0,True,0,36.248,3.593366274494758,2.8454890447730095,161.1598045510686,0.012343292505404857,1.689790157965044e-13,ae73669,2026-10-04T00:39:52+00:00,3.607091295097159,161.21954544097318,True,0.0042634780128701115,4.0,2.8454890447730095,0.24175888325459488,5.0,2.4512628941119647e-12,True,True,-2.8361515578922836,-2.3150637422259206,-2.175739909611557,-2.1035980717035887,-2.0576762139450473,-2.0006629488403496,-1.9655187523680442,-1.9410963161291515,-1.9228584408737812,-1.9085689791844005,-1.896982460626245,,10379,92,1.5,False,False,"variant-qitT30 (v1.1-frozen + |Qit_eff| -30% at 423 K; robustness study v1.3, 423 K only)"
C0084_T423,manual,0,C0084,C0084,423.0,1.1708804704248903,0.8059466991573573,-1316346843726.933,0.9003555361181498,97b88e2a7d40,1470e4b1eac5,5e1d50a6e395,0,True,0,42.065,2.826265326787401,2.7598864889888035,149.62511045905086,0.012718774493768409,1.6897901579650443e-13,ae73669,2026-10-04T00:41:23+00:00,2.8403978504572076,149.77902180160746,True,0.004589199803702411,3.25,2.7598864889888035,0.2500111960946458,5.0,2.524016145192235e-12,True,True,-2.3471949415524866,-2.18049251048637,-2.1014458716104025,-2.053009455806021,-2.019446071916933,-1.9748000204153704,-1.9456178499025076,-1.9245766160937952,-1.9084468643992816,-1.8955547327311897,-1.8849339940861953,,9911,92,1.5,False,False,"variant-qitT30 (v1.1-frozen + |Qit_eff| -30% at 423 K; robustness study v1.3, 423 K only)"
C0085_T423,manual,0,C0085,C0085,423.0,0.85830422565341,1.1256694313138724,-749065777286.8872,1.0207915659993887,64d86729241b,1470e4b1eac5,5e1d50a6e395,0,True,0,53.936,2.7303999605343874,2.972054933043199,159.47025432410078,0.011821428941201861,1.6897901579650449e-13,ae73669,2026-10-04T00:19:19+00:00,2.7329221648039543,159.87593780115657,True,0.004372677774022491,3.25,2.972054933043199,0.23112562421136476,5.0,1.9150215674458738e-12,True,True,-2.3417616755633572,-2.1917785966904866,-2.1186467314995796,-2.0734321977938137,-2.0420212762455554,-2.0002970739634276,-1.9731835404371292,-1.9537825583479997,-1.939029242972277,-1.9273300239818059,-1.9177644624411536,,11666,92,1.5,False,False,"variant-qitT30 (v1.1-frozen + |Qit_eff| -30% at 423 K; robustness study v1.3, 423 K only)"
C0086_T423,manual,0,C0086,C0086,423.0,0.9185366477817296,0.9948042158037425,-1083467843011.0216,0.8382211253046989,e7fce9becd1e,1470e4b1eac5,5e1d50a6e395,0,True,0,35.372,2.970261833195367,3.022611890265129,155.7758027275552,0.011624296547232687,1.6897901579650446e-13,ae73669,2026-10-04T00:16:27+00:00,2.9743544623973235,156.24078785329382,True,0.003985270834007793,3.5,3.022611890265129,0.2272066861902601,5.0,1.4677207047599338e-12,True,True,-2.441018440402078,-2.2437334796573793,-2.155027431103298,-2.1018027651205777,-2.0653839452281413,-2.0175410380748082,-1.9866775302466417,-1.964652446049938,-1.9479134677567844,-1.9346333192895255,-1.9237638048032173,,11432,91,1.5,False,False,"variant-qitT30 (v1.1-frozen + |Qit_eff| -30% at 423 K; robustness study v1.3, 423 K only)"
C0087_T423,manual,0,C0087,C0087,423.0,1.00596059076488,1.0735312070697547,-978042305447.1613,1.1328253515064717,6924094b9c52,1470e4b1eac5,5e1d50a6e395,0,True,0,49.019,2.971009688833432,2.787724003757807,157.81720743553817,0.012595303651540546,1.6897901579650449e-13,ae73669,2026-10-04T00:41:38+00:00,2.974551130222417,158.30821040812398,True,0.004769501480303228,3.5,2.787724003757807,0.24715506659009678,5.0,2.1484202846906354e-12,True,True,-2.373661377654411,-2.1836588995661,-2.100580912366302,-2.0513744484311527,-2.017969503070107,-1.9744047819236785,-1.9464938794497817,-1.9266714208367517,-1.9116624554289103,-1.8997913579317407,-1.8901007055056953,,10847,92,1.5,False,False,"variant-qitT30 (v1.1-frozen + |Qit_eff| -30% at 423 K; robustness study v1.3, 423 K only)"
C0088_T423,manual,0,C0088,C0088,423.0,1.0471412904560566,0.8955217529088259,-1051590848714.1132,1.0495966482907533,ba2bd159f3d7,1470e4b1eac5,5e1d50a6e395,0,True,0,48.29,2.6399010777207947,2.759691075549089,152.35631184881095,0.01272039370583194,1.689790157965045e-13,ae73669,2026-10-04T00:37:02+00:00,2.652099192377861,152.5244738167291,True,0.004693040162666561,3.0,2.759691075549089,0.24995675983357216,5.0,1.7877406840411087e-12,True,True,-2.2843668174651244,-2.148371726511226,-2.080122290343968,-2.0373588914039913,-2.0073872669926893,-1.9671960549634404,-1.9408005349980768,-1.921747976869718,-1.9071508329925133,-1.8954994467360144,-1.8859176245034215,,10613,93,1.5,False,False,"variant-qitT30 (v1.1-frozen + |Qit_eff| -30% at 423 K; robustness study v1.3, 423 K only)"
C0089_T423,manual,0,C0089,C0089,423.0,0.9346084378659724,1.1726664524525403,-882992970757.1864,0.9293569337576628,eeb1b0339938,1470e4b1eac5,5e1d50a6e395,0,True,0,35.106,3.0632034961732644,2.976047379580314,160.9568579144044,0.011806066112352954,1.6897901579650449e-13,ae73669,2026-10-04T00:42:00+00:00,3.0757839433939016,161.08188673956835,True,0.004129838618961189,3.5,2.976047379580314,0.2307551656378944,5.0,2.0167699567240006e-12,True,True,-2.466294256573189,-2.246288867131341,-2.1523696352402797,-2.097089650592515,-2.0596662110009296,-2.010971148351177,-1.9798413541937647,-1.9577695789685352,-1.94108019074808,-1.9278947891184086,-1.9171411790261061,,11315,92,1.5,False,False,"variant-qitT30 (v1.1-frozen + |Qit_eff| -30% at 423 K; robustness study v1.3, 423 K only)"
C0090_T423,manual,0,C0090,C0090,423.0,0.8885476168245078,0.903520180657506,-1283557153306.9014,1.1124117910861968,b99425d6d49e,1470e4b1eac5,5e1d50a6e395,0,True,0,40.063,3.034319702124113,2.869210274656745,152.5580828391382,0.012239160201199464,1.689790157965045e-13,ae73669,2026-10-04T00:17:13+00:00,3.0429144526447245,152.78692779409076,True,0.004964577731303662,3.5,2.869210274656745,0.2400083010612995,5.0,2.107857023639496e-12,True,True,-2.3858253359950874,-2.1881441555557943,-2.10539257202698,-2.0572687516371913,-2.024936847599616,-1.9831323435287829,-1.956529990370128,-1.9377052717087142,-1.9234823110795458,-1.9122483805971127,-1.9030866108232156,,11549,92,1.5,False,False,"variant-qitT30 (v1.1-frozen + |Qit_eff| -30% at 423 K; robustness study v1.3, 423 K only)"
C0091_T423,manual,0,C0091,C0091,423.0,1.176014570519328,1.0279501985758543,-654936708509.922,0.816440998762846,9026f69c4747,1470e4b1eac5,5e1d50a6e395,0,True,0,45.341,2.359781901219972,2.844855378324732,156.787366681229,0.012344283650313011,1.6897901579650446e-13,ae73669,2026-10-04T00:36:25+00:00,2.3744530347791977,156.78352965153792,True,0.003924445362218758,2.75,2.844855378324732,0.24199836484382709,5.0,1.9393548644971276e-12,True,True,-2.2977341215317764,-2.177906170332351,-2.1109792893547414,-2.0667641600979136,-2.034757789405287,-1.9905806509287336,-1.9608301980602891,-1.9390182332097992,-1.922125942948442,-1.9085341074933204,-1.8972858127801902,,9911,91,1.5,False,False,"variant-qitT30 (v1.1-frozen + |Qit_eff| -30% at 423 K; robustness study v1.3, 423 K only)"
C0092_T423,manual,0,C0092,C0092,423.0,1.1464296914637089,0.9598056953400372,-772169590927.6605,0.8882949832826853,9182aeb6de28,1470e4b1eac5,5e1d50a6e395,0,True,0,48.525,2.3700818179666743,2.795710903048307,154.6008261340342,0.012558624040471228,1.6897901579650449e-13,ae73669,2026-10-04T00:39:59+00:00,2.384090622152129,154.67809651270915,True,0.004211717981199856,2.75,2.795710903048307,0.24651851047562595,5.0,1.9845963720966067e-12,True,True,-2.2740796760190474,-2.157468241426544,-2.0930756745603047,-2.05081144307644,-2.0203461273306766,-1.9784573217779284,-1.9503400882079789,-1.9297653601876281,-1.9138512827191683,-1.9010579405642143,-1.8904776738649094,,10145,93,1.5,False,False,"variant-qitT30 (v1.1-frozen + |Qit_eff| -30% at 423 K; robustness study v1.3, 423 K only)"
C0093_T423,manual,0,C0093,C0093,423.0,0.8339512936770916,1.0842129696160554,-1166293444111.9434,1.1843169506639242,133cbc5fda65,1470e4b1eac5,5e1d50a6e395,0,True,0,50.41,3.2991169838514827,2.932322700796506,158.11774980426162,0.011980158492756535,1.6897901579650443e-13,ae73669,2026-10-04T00:18:19+00:00,3.309528663734427,158.33368402589863,True,0.00488583342695404,3.75,2.932322700796506,0.23440165402775884,5.0,1.176684606806777e-12,True,True,-2.515132243335879,-2.228754725460063,-2.1291588686680885,-2.074638249685627,-2.039151162539306,-1.9944689780907559,-1.9666906206100696,-1.9473302864077202,-1.9328644192029754,-1.921537436364548,-1.9123648706935656,,11900,92,1.5,False,False,"variant-qitT30 (v1.1-frozen + |Qit_eff| -30% at 423 K; robustness study v1.3, 423 K only)"
C0094_T423,manual,0,C0094,C0094,423.0,0.9925235595554114,0.8392846833914519,-500226339325.3088,0.9512582406401634,5def085159d8,1470e4b1eac5,5e1d50a6e395,0,True,0,38.942,1.5940564470128389,2.8051855473235627,150.6475422772289,0.012514625696676341,1.6897901579650443e-13,ae73669,2026-10-04T00:17:22+00:00,1.6084415542949404,150.45121275511613,True,0.00461871393382514,2.0,2.8051855473235627,0.24586608319791048,5.0,2.4842368730983907e-12,True,True,-2.1601099556440353,-2.092848114663956,-2.0503549616105303,-2.0204263351417873,-1.9978841694051483,-1.96562695229463,-1.9432054307574218,-1.9264378032538425,-1.9132756634554173,-1.9025821352925931,-1.8936685596062965,,10964,91,1.5,False,False,"variant-qitT30 (v1.1-frozen + |Qit_eff| -30% at 423 K; robustness study v1.3, 423 K only)"
C0095_T423,manual,0,C0095,C0095,423.0,1.0800449680536983,1.1164521295577288,-1434326668269.9324,1.071448404341936,7137e34ea37b,1470e4b1eac5,5e1d50a6e395,0,True,0,41.015,3.8180173603845264,2.8045004758459453,159.17393128305923,0.012521608837058629,1.689790157965044e-13,ae73669,2026-10-04T00:17:21+00:00,3.8304854130020467,159.35439303775155,True,0.004626662463714061,4.25,2.8045004758459453,0.24550093474983778,5.0,2.500744026373858e-12,True,True,-3.2851907717731437,-2.342543864049566,-2.1768109117756715,-2.0983968208754114,-2.0504293237825335,-1.992601457111672,-1.957757258748754,-1.9338484787007473,-1.9161381126177492,-1.9023398672782923,-1.8911981781855765,,10496,92,1.5,False,False,"variant-qitT30 (v1.1-frozen + |Qit_eff| -30% at 423 K; robustness study v1.3, 423 K only)"
C0096_T423,manual,0,C0096,C0096,423.0,1.083824798092246,0.9720518432557584,-1224889716133.475,1.1277809493243691,aba7b2bc01f4,1470e4b1eac5,5e1d50a6e395,0,True,0,35.059,3.119466666223105,2.7272765860213264,154.709717558823,0.012871383157589981,1.6897901579650449e-13,ae73669,2026-10-04T00:16:57+00:00,3.1324157048184813,154.98616829896605,True,0.004859275464812416,3.5,2.7272765860213264,0.25293413872838033,5.0,1.6052501382853223e-12,True,True,-2.4169001611327765,-2.190614239177383,-2.099552935239178,-2.047165835907734,-2.0121253819692164,-1.9669355318799078,-1.938212449369511,-1.9178862992294439,-1.9025207025835464,-1.8903747813448506,-1.8804602244622812,,10496,93,1.5,False,False,"variant-qitT30 (v1.1-frozen + |Qit_eff| -30% at 423 K; robustness study v1.3, 423 K only)"
C0097_T423,manual,0,C0097,C0097,423.0,0.9963395308703183,1.0964788913726806,-838569779880.3448,0.8448462545871736,4edaadd9cae2,1470e4b1eac5,5e1d50a6e395,0,True,0,48.458,2.82185795306269,2.9667830334539556,158.85253317158327,0.011841883638744279,1.6897901579650446e-13,ae73669,2026-10-04T00:19:10+00:00,2.835589490089033,159.01830723110854,True,0.0039586757409221214,3.25,2.9667830334539556,0.23157958631661182,5.0,1.724043051043316e-12,True,True,-2.40209646844986,-2.2291661727038887,-2.145775742900767,-2.094268347518022,-2.058443083797122,-2.0107271770979893,-1.97959437151059,-1.9572302641652022,-1.9401612451106753,-1.926579210717247,-1.915438433158439,,10964,92,1.5,False,False,"variant-qitT30 (v1.1-frozen + |Qit_eff| -30% at 423 K; robustness study v1.3, 423 K only)"
C0098_T423,manual,0,C0098,C0098,423.0,0.8299186684191228,0.8273318998515606,-1485113264061.5105,1.0149156343191863,cfdd493eef34,1470e4b1eac5,5e1d50a6e395,0,True,0,52.426,3.154449443020995,2.96251042519471,150.18734323675352,0.011856235321474182,1.6897901579650449e-13,ae73669,2026-10-04T00:37:48+00:00,3.1656983999086044,150.73053460436802,True,0.004603785738291908,3.5,2.96251042519471,0.23221894830528664,5.0,1.5213941217950833e-12,True,True,-2.4458780310365587,-2.216223602690974,-2.1264991192816045,-2.0755779319582133,-2.041800911421238,-1.9985632655882513,-1.9712575536433292,-1.9520104055052063,-1.9374998459220671,-1.9260531894420507,-1.9167248372352232,,11900,93,1.5,False,False,"variant-qitT30 (v1.1-frozen + |Qit_eff| -30% at 423 K; robustness study v1.3, 423 K only)"
C0099_T423,manual,0,C0099,C0099,423.0,1.142433213442564,1.104479542374611,-574443759396.6722,0.90781236179173,9a82c2550327,1470e4b1eac5,5e1d50a6e395,0,True,0,35.152,2.406195841435089,2.808665856765194,158.96113337040063,0.012502448287816098,1.6897901579650443e-13,ae73669,2026-10-04T00:40:27+00:00,2.417447206262524,159.39586328269007,True,0.004029757049857947,3.0,2.808665856765194,0.2451988520057738,5.0,1.2008692651388486e-12,True,True,-2.2889198384983356,-2.167218987228766,-2.100448598922801,-2.056754480046072,-2.025322606986401,-1.982207611857288,-1.9533519387840041,-1.9322921365410932,-1.9160412904075415,-1.9030049330900376,-1.8922442449012356,,10145,93,1.5,False,False,"variant-qitT30 (v1.1-frozen + |Qit_eff| -30% at 423 K; robustness study v1.3, 423 K only)"
C0100_T423,manual,0,C0100,C0100,423.0,1.1847256120294332,0.8835457146167756,-941585159860.5514,0.9858889408409596,9b13d04a0fe0,1470e4b1eac5,5e1d50a6e395,0,True,0,43.848,2.4327901528442886,2.702381516818594,152.06327322410706,0.01298799138926135,1.6897901579650443e-13,ae73669,2026-10-04T00:42:07+00:00,2.4411884250903753,152.6574473760301,True,0.004578509241508067,3.0,2.702381516818594,0.2554606277408972,5.0,9.073865583938738e-13,True,True,-2.2520463881320176,-2.134205837091326,-2.070767750551742,-2.029662905879234,-2.0002612900397234,-1.9600994224494475,-1.9332806171562382,-1.9137099272249107,-1.8985962824319247,-1.8864580079731628,-1.876425611685756,,9794,93,1.5,False,False,"variant-qitT30 (v1.1-frozen + |Qit_eff| -30% at 423 K; robustness study v1.3, 423 K only)"
C0101_T423,manual,0,C0101,C0101,423.0,0.8971980970352889,1.1607162974774838,-1118002213537.6929,1.09304329007864,28a65457404c,1470e4b1eac5,5e1d50a6e395,0,True,0,61.784,3.4051318558589045,2.92532270552962,160.43490290629293,0.012008983102759737,1.6897901579650454e-13,ae73669,2026-10-04T00:20:21+00:00,3.4156965993594812,160.76385288576122,True,0.004382825637388515,4.0,2.92532270552962,0.23493439512163564,5.0,1.6673418151236938e-12,True,True,-2.613378106093404,-2.2627423073108397,-2.1497262107478696,-2.0889365941873415,-2.0496585017342848,-2.0004460375202955,-1.9699541666760045,-1.9487359599114833,-1.9328940812109972,-1.9204937662488746,-1.9104526608797634,,11549,93,1.5,False,False,"variant-qitT30 (v1.1-frozen + |Qit_eff| -30% at 423 K; robustness study v1.3, 423 K only)"
C0102_T423,manual,0,C0102,C0102,423.0,0.9261319287121296,0.9157888144254684,-705711651593.4468,0.8729762371629477,71ab6684d499,1470e4b1eac5,5e1d50a6e395,0,True,0,36.509,2.1467482495045744,2.941717604632256,153.24096032935014,0.011939732847095753,1.6897901579650446e-13,ae73669,2026-10-04T00:17:04+00:00,2.1591922081052086,153.71884943168916,True,0.00411045075141091,2.5,2.941717604632256,0.23387494585548826,5.0,1.1457501614131615e-12,True,True,-2.249274124680387,-2.152495065696861,-2.0966251956287367,-2.0591783654224587,-2.031858638270255,-1.993917598870464,-1.9682506757687155,-1.9493917833083834,-1.9347721271333338,-1.9230053904872313,-1.9132688324798128,,11315,93,1.5,False,False,"variant-qitT30 (v1.1-frozen + |Qit_eff| -30% at 423 K; robustness study v1.3, 423 K only)"
C0103_T423,manual,0,C0103,C0103,423.0,1.038604225963354,1.0401929311454297,-1357778179459.274,1.1558612827211618,cc8a4128dada,1470e4b1eac5,5e1d50a6e395,0,True,0,51.105,3.5051203701559213,2.7680476026701473,156.81069656622591,0.012684107103206284,1.6897901579650446e-13,ae73669,2026-10-04T00:42:30+00:00,3.506682099041464,157.2048254736924,True,0.004930463610596283,4.0,2.7680476026701473,0.24897981948177442,5.0,1.9316152566365612e-12,True,True,-2.6753867083569607,-2.251805927755067,-2.130845219050472,-2.0677008253098954,-2.027442514118156,-1.977450962980435,-1.9466428472122779,-1.925238735475087,-1.9092581284754928,-1.896740099494594,-1.8865927837939007,,10613,92,1.5,False,False,"variant-qitT30 (v1.1-frozen + |Qit_eff| -30% at 423 K; robustness study v1.3, 423 K only)"
C0104_T423,manual,0,C0104,C0104,423.0,1.0082999911159276,0.8180917575955391,-674845458939.6715,1.064841490238905,f1414b092a8d,1470e4b1eac5,5e1d50a6e395,0,True,0,46.497,1.8084387943238232,2.737864024775997,149.8427412089696,0.012819688611076864,1.6897901579650449e-13,ae73669,2026-10-04T00:37:49+00:00,1.8205990421331681,149.98628633350114,True,0.005030447817140847,2.25,2.737864024775997,0.25216933584196244,5.0,1.399574900418088e-12,True,True,-2.156168180261168,-2.083194497132003,-2.038828629097511,-2.008261898027359,-1.9855674261723306,-1.953526663493284,-1.9315217300934822,-1.9151912989736883,-1.902440667747701,-1.8921225236575638,-1.8835484417576032,,10847,92,1.5,False,False,"variant-qitT30 (v1.1-frozen + |Qit_eff| -30% at 423 K; robustness study v1.3, 423 K only)"
C0105_T423,manual,0,C0105,C0105,423.0,0.9207168769091368,1.1378403671085835,-1265570701099.932,0.956320858001709,eaa02b425e89,1470e4b1eac5,5e1d50a6e395,0,True,0,34.553,3.6024881673140956,2.9875241980635288,159.91118464017694,0.011761205350091376,1.6897901579650443e-13,ae73669,2026-10-04T00:42:35+00:00,3.6164063657454673,159.8578173689984,True,0.004187866958664246,4.0,2.9875241980635288,0.22982141213335386,5.0,1.4924034698169618e-12,True,True,-2.8510643190194895,-2.3261715641569016,-2.1887022537433904,-2.118071661287159,-2.0733340992831244,-2.018062285105902,-1.9841598776051976,-1.9606862215458212,-1.943208228425816,-1.9295481671996593,-1.9184961456247198,,11432,92,1.5,False,False,"variant-qitT30 (v1.1-frozen + |Qit_eff| -30% at 423 K; robustness study v1.3, 423 K only)"
C0106_T423,manual,0,C0106,C0106,423.0,0.855956170707941,0.9827564463019371,-911629755981.2664,1.1768785309046508,891ff53c199f,1470e4b1eac5,5e1d50a6e395,0,True,0,43.15,2.635260892506156,2.874262780107383,155.01774453472683,0.01221864691355151,1.6897901579650443e-13,ae73669,2026-10-04T00:17:56+00:00,2.647219492450032,155.11897883600133,True,0.004845453614081857,3.0,2.874262780107383,0.23948629144400946,5.0,1.2437792427541274e-12,True,True,-2.2774991954338146,-2.1476545681818195,-2.0832614737941872,-2.043225617698205,-2.0153338796101785,-1.9781941627971102,-1.9540029600074456,-1.9366629320644508,-1.9234588690853036,-1.9129768849702464,-1.9043992667773222,,11666,93,1.5,False,False,"variant-qitT30 (v1.1-frozen + |Qit_eff| -30% at 423 K; robustness study v1.3, 423 K only)"
C0107_T423,manual,0,C0107,C0107,423.0,1.1683732502162456,1.0614575304090976,-1024876376613.9746,0.8941893208771944,f5f0dfe4cfbe,1470e4b1eac5,5e1d50a6e395,0,True,0,45.2,3.0357600604212758,2.8224043940838612,157.72894472506005,0.012442288531913306,1.6897901579650443e-13,ae73669,2026-10-04T00:37:11+00:00,3.044924957121968,158.03056363981761,True,0.004203658885073351,3.5,2.8224043940838612,0.243934811574134,5.0,1.1448674160334844e-12,True,True,-2.448388677762298,-2.232056190762245,-2.137464506137912,-2.0811630663904923,-2.042762990266478,-1.992401910710318,-1.9599278952219934,-1.9367421428023155,-1.919105985633217,-1.9050997317536071,-1.8936232797816341,,9911,92,1.5,False,False,"variant-qitT30 (v1.1-frozen + |Qit_eff| -30% at 423 K; robustness study v1.3, 423 K only)"
C0108_T423,manual,0,C0108,C0108,423.0,1.1106656488031148,0.9264709301292896,-1392018008045.8523,0.8222658880054952,1a2ac5caf743,1470e4b1eac5,5e1d50a6e395,0,True,0,46.727,3.2944751781477235,2.897370035215885,153.652777927076,0.012121915883306493,1.6897901579650446e-13,ae73669,2026-10-04T00:40:46+00:00,3.305527664659337,153.87910832439832,True,0.004131629958183959,3.75,2.897370035215885,0.2374884720260021,5.0,1.2713823049903539e-12,True,True,-2.576610802265337,-2.276916745753988,-2.1653397281757294,-2.1024024152936893,-2.060647340576244,-2.007061096597407,-1.9730795407090214,-1.9490316043145264,-1.9308342647470245,-1.9164287339823836,-1.9046495144358215,,10262,92,1.5,False,False,"variant-qitT30 (v1.1-frozen + |Qit_eff| -30% at 423 K; robustness study v1.3, 423 K only)"
C0109_T423,manual,0,C0109,C0109,423.0,0.8232355993241072,1.0051947608590126,-544518936425.4475,1.1050061747431754,a4b73e58ace2,1470e4b1eac5,5e1d50a6e395,0,True,0,52.351,2.1006088032078636,2.927136220997799,155.78215032080678,0.012000074796957782,1.6897901579650449e-13,ae73669,2026-10-04T00:19:12+00:00,2.1141105115581706,155.6878201525537,True,0.0047200924981159135,2.5,2.927136220997799,0.23495595496088467,5.0,1.3380546670660465e-12,True,True,-2.21081208673198,-2.1236444721176575,-2.0736098647016754,-2.040242155785551,-2.0160058593743497,-1.9825352167784078,-1.9600473058828802,-1.9436231546614093,-1.9309591804888864,-1.9208160469686426,-1.9124603402470788,,11900,91,1.5,False,False,"variant-qitT30 (v1.1-frozen + |Qit_eff| -30% at 423 K; robustness study v1.3, 423 K only)"
C0110_T423,manual,0,C0110,C0110,423.0,0.950509274750948,0.874328825622797,-1132712818682.1938,0.934450852498412,adc29099be00,1470e4b1eac5,5e1d50a6e395,0,True,0,42.23,2.7214793780429307,2.8933691237806047,151.7987386763866,0.012137258660283243,1.6897901579650449e-13,ae73669,2026-10-04T00:18:04+00:00,2.7252786920725045,152.28198557572713,True,0.004450359950173219,3.25,2.8933691237806047,0.23797544729352085,5.0,2.2943738265247772e-12,True,True,-2.329590832624947,-2.1813559231388204,-2.1086515202426206,-2.0635495675512883,-2.0321207603377434,-1.9901854094375646,-1.962761444180488,-1.9430177606618626,-1.9279174165762556,-1.9158793925977844,-1.9059888416759063,,11198,92,1.5,False,False,"variant-qitT30 (v1.1-frozen + |Qit_eff| -30% at 423 K; robustness study v1.3, 423 K only)"
C0111_T423,manual,0,C0111,C0111,423.0,1.0630794189870358,1.1940546914935113,-807734168134.6298,1.0429218355566263,f7042e02e4d5,1470e4b1eac5,5e1d50a6e395,0,True,0,41.191,2.980080585700615,2.8083628132259824,161.43842847254686,0.012504516649872061,1.6897901579650443e-13,ae73669,2026-10-04T00:18:03+00:00,2.982603196005078,161.98361801113188,True,0.004444096361850978,3.5,2.8083628132259824,0.24515222226492064,5.0,2.1712008699373836e-12,True,True,-2.405179024654832,-2.206217770668531,-2.1182841891868316,-2.0658752679688677,-2.0301518950061443,-1.9833940799952308,-1.9533457017669178,-1.9319673380915086,-1.91576156934032,-1.902933090846745,-1.8924538375678261,,10613,92,1.5,False,False,"variant-qitT30 (v1.1-frozen + |Qit_eff| -30% at 423 K; robustness study v1.3, 423 K only)"
C0112_T423,manual,0,C0112,C0112,423.0,1.057936077564955,0.8506323944777251,-1304820289835.3335,0.8513277050107718,a0e1b1637e54,1470e4b1eac5,5e1d50a6e395,0,True,0,31.85,2.9411059263861503,2.8754209558107053,151.17330410219625,0.012212304480681087,1.6897901579650446e-13,ae73669,2026-10-04T00:17:29+00:00,2.948980887331322,151.7806474642007,True,0.004206947544449594,3.5,2.8754209558107053,0.23952423084267874,5.0,1.0785157489312525e-12,True,True,-2.4041436698693692,-2.2148515044668877,-2.128981072387486,-2.0772800873606823,-2.041811577342653,-1.9950519787026355,-1.964739578011123,-1.9430063635022157,-1.9264169283922354,-1.9132023762836954,-1.9023466083300877,,10613,93,1.5,False,False,"variant-qitT30 (v1.1-frozen + |Qit_eff| -30% at 423 K; robustness study v1.3, 423 K only)"
C0113_T423,manual,0,C0113,C0113,423.0,0.9704689301550388,1.1808868367224932,-629736830480.3967,1.1713728610426188,1756ace54c04,1470e4b1eac5,5e1d50a6e395,0,True,0,48.596,2.652723502705183,2.8004242647227278,160.9431940375834,0.01253928882776993,1.689790157965044e-13,ae73669,2026-10-04T00:19:59+00:00,2.663189360838781,161.12246983675323,True,0.004583085827648112,3.25,2.8004242647227278,0.24592419216385647,5.0,2.137594554707556e-12,True,True,-2.291980316159963,-2.153805693488492,-2.0850139368212375,-2.0420982191174186,-2.012127467277046,-1.9721314769676215,-1.9460350092319032,-1.9273137012745531,-1.9130517146677113,-1.901727094042269,-1.8924583065655962,,11081,93,1.5,False,False,"variant-qitT30 (v1.1-frozen + |Qit_eff| -30% at 423 K; robustness study v1.3, 423 K only)"
C0114_T423,manual,0,C0114,C0114,423.0,0.805592204257846,0.9484705727547408,-1045571238733.828,0.9884148009121418,7f16b38788cb,1470e4b1eac5,5e1d50a6e395,0,True,0,52.673,2.7764538561232914,3.018123746774211,154.1503931517222,0.011641249249545847,1.6897901579650443e-13,ae73669,2026-10-04T00:38:41+00:00,2.7837047921123634,154.46686826592392,True,0.004513372231200055,3.25,3.018123746774211,0.2275924658766463,5.0,1.0984994339459643e-12,True,True,-2.346203337336038,-2.193488652267794,-2.1207014811542715,-2.076174745905504,-2.0454287084705487,-2.0047826728105043,-1.9784568803718077,-1.9596436063785678,-1.9453422531492903,-1.934000412033853,-1.9247242485059408,,12017,92,1.5,False,False,"variant-qitT30 (v1.1-frozen + |Qit_eff| -30% at 423 K; robustness study v1.3, 423 K only)"
C0115_T423,manual,0,C0115,C0115,423.0,1.1181252505630257,1.0197664368897676,-892888279631.7339,1.0841910526156426,ccf987bbe31a,1470e4b1eac5,5e1d50a6e395,0,True,0,37.902,2.7042252629658274,2.7194813924857124,156.25053092075197,0.01290825077426955,1.689790157965044e-13,ae73669,2026-10-04T00:41:05+00:00,2.7098374384608523,156.6322700593285,True,0.004706649709288918,3.25,2.7194813924857124,0.25365725297138764,5.0,2.017360063950541e-12,True,True,-2.301567957349832,-2.1545807727719692,-2.0821522376867265,-2.037095014769298,-2.0056426400922205,-1.9636209117350691,-1.9361224796430276,-1.9163265652491286,-1.901191975545093,-1.8891326059561135,-1.879229697154509,,10145,92,1.5,False,False,"variant-qitT30 (v1.1-frozen + |Qit_eff| -30% at 423 K; robustness study v1.3, 423 K only)"
C0116_T423,manual,0,C0116,C0116,423.0,1.1602086149156094,0.992207445576787,-525655097328.12646,1.0123424004763364,c49c338fc296,1470e4b1eac5,5e1d50a6e395,0,True,0,45.465,2.0434556066824405,2.705729303353193,155.48093753132403,0.012972849191693687,1.6897901579650446e-13,ae73669,2026-10-04T00:42:53+00:00,2.053644275077855,155.6471205338773,True,0.004645658960675052,2.5,2.705729303353193,0.2550471979705214,5.0,8.484168229072608e-13,True,True,-2.201138100137531,-2.11053290444856,-2.0571607426677305,-2.020983527963525,-1.994395459188713,-1.9572114981092403,-1.9318943634705743,-1.91321280614158,-1.898685437442378,-1.8869646305205157,-1.877246938583116,,10028,92,1.5,False,False,"variant-qitT30 (v1.1-frozen + |Qit_eff| -30% at 423 K; robustness study v1.3, 423 K only)"
C0117_T423,manual,0,C0117,C0117,423.0,0.8726870127022267,1.0634805630892514,-1412834651768.2075,0.9165165174752474,9adcbdf172cb,1470e4b1eac5,5e1d50a6e395,0,True,0,66.888,3.6688070420766925,3.0497641918084604,157.75579412854447,0.01152291765128338,1.6897901579650446e-13,ae73669,2026-10-04T00:21:28+00:00,3.6788586156270444,157.99909927014255,True,0.004029621813777544,4.25,3.0497641918084604,0.22497265609122186,5.0,2.0952162137683476e-12,True,True,-2.9563231667655407,-2.346281721643008,-2.2015913279505477,-2.128852139130803,-2.0832354113326783,-2.027293361699064,-1.993171681266964,-1.9696156818313417,-1.952106756282881,-1.9384375417965822,-1.9273862429164443,,11549,93,1.5,False,False,"variant-qitT30 (v1.1-frozen + |Qit_eff| -30% at 423 K; robustness study v1.3, 423 K only)"
C0118_T423,manual,0,C0118,C0118,423.0,0.9000522952526808,0.8068463135510684,-762503165751.6957,1.1494769029319287,b48ed3f907d7,1470e4b1eac5,5e1d50a6e395,0,True,0,35.585,1.9126701932297991,2.7884845058889454,149.35792297935564,0.012588831078519392,1.6897901579650449e-13,ae73669,2026-10-04T00:17:39+00:00,1.9227193444511492,149.72775791615098,True,0.004972979576392983,2.25,2.7884845058889454,0.24742058171661643,5.0,1.6090047770221297e-12,True,True,-2.158743307794362,-2.084500220562458,-2.0404853217391596,-2.0106042760045693,-1.988638078240044,-1.9579271803537963,-1.9370324370605438,-1.9216274811824132,-1.9096597801030162,-1.9000145939363782,-1.8920272214356058,,11549,93,1.5,False,False,"variant-qitT30 (v1.1-frozen + |Qit_eff| -30% at 423 K; robustness study v1.3, 423 K only)"
C0119_T423,manual,0,C0119,C0119,423.0,1.0125308867543936,1.1371234994381667,-1172084170393.6458,0.8294828057289124,90e36b741075,1470e4b1eac5,5e1d50a6e395,0,True,0,48.826,3.460306354464797,3.0025122898576226,160.06942345257747,0.011703089979997848,1.6897901579650443e-13,ae73669,2026-10-04T00:43:19+00:00,3.4656968528005883,160.51839371816146,True,0.0038272904270305816,4.0,3.0025122898576226,0.22860903590168588,5.0,2.3988570864860733e-12,True,True,-2.7244028275702306,-2.3275764762526765,-2.199155280073995,-2.129381626274482,-2.0839367562622733,-2.026507993775498,-1.9906025012432196,-1.9654451457273474,-1.9465563580210028,-1.9316994558532492,-1.919617479137154,,10847,93,1.5,False,False,"variant-qitT30 (v1.1-frozen + |Qit_eff| -30% at 423 K; robustness study v1.3, 423 K only)"
C0120_T423,manual,0,C0120,C0120,423.0,1.0343642048537731,0.9092728260904552,-856815369799.7332,0.9380952771753072,e58b01f935eb,1470e4b1eac5,5e1d50a6e395,0,True,0,49.382,2.369154041883214,2.823552083852727,152.95874699543722,0.01243507628057625,1.6897901579650449e-13,ae73669,2026-10-04T00:38:39+00:00,2.383026971708752,152.98456273020716,True,0.004418074847959746,2.75,2.823552083852727,0.24407314203929656,5.0,2.0153248768264692e-12,True,True,-2.260784529002664,-2.1483122130495724,-2.086714667597904,-2.046495019665131,-2.01760874043039,-1.9780348816750393,-1.95156425990945,-1.9322418419338976,-1.9173246721958133,-1.9053515462901665,-1.8954631142364158,,10730,93,1.5,False,False,"variant-qitT30 (v1.1-frozen + |Qit_eff| -30% at 423 K; robustness study v1.3, 423 K only)"
C0121_T423,manual,0,C0121,C0121,423.0,0.9467995919287204,1.0348427262157205,-1204690785147.2498,1.0329451207071545,229a291ca046,1470e4b1eac5,5e1d50a6e395,0,True,0,39.025,3.2515926466424965,2.8888582917780847,156.74132351368863,0.01215800818348416,1.6897901579650446e-13,ae73669,2026-10-04T00:43:14+00:00,3.252106871946685,157.1306233658375,True,0.004567058652699046,3.75,2.8888582917780847,0.2381539231096477,5.0,1.3388951123078395e-12,True,True,-2.5120766956345006,-2.2385281337807217,-2.137029417915501,-2.080141714765183,-2.042611007869966,-1.9947746030046452,-1.9646887129362802,-1.9435482021243655,-1.9276511304757473,-1.915137568630405,-1.9049580283220031,,11198,92,1.5,False,False,"variant-qitT30 (v1.1-frozen + |Qit_eff| -30% at 423 K; robustness study v1.3, 423 K only)"
C0122_T423,manual,0,C0122,C0122,423.0,0.8804580222815276,0.8914899144321681,-621009697206.3184,0.8002800412476063,c448278be3fe,1470e4b1eac5,5e1d50a6e395,0,True,0,39.752,1.9495875266451241,3.0236470675455975,152.5754346427596,0.011618715910878806,1.689790157965045e-13,ae73669,2026-10-04T00:18:36+00:00,1.9565563852305874,153.12256010937156,True,0.003945126250723671,2.5,3.0236470675455975,0.2273037589510817,5.0,1.6229651491761838e-12,True,True,-2.2428994141160383,-2.1564088488310724,-2.1044067640562734,-2.068785553787422,-2.0424381293598923,-2.005381354341046,-1.9800289940351852,-1.9612672692564335,-1.946650136774008,-1.9348418670950167,-1.925042966166808,,11549,93,1.5,False,False,"variant-qitT30 (v1.1-frozen + |Qit_eff| -30% at 423 K; robustness study v1.3, 423 K only)"
C0123_T423,manual,0,C0123,C0123,423.0,1.1928932216018435,1.16434532366693,-1444406559690.833,1.120860980451107,8510013ef7e1,1470e4b1eac5,5e1d50a6e395,0,True,0,41.699,3.9415239174649725,2.7228292531191216,160.53213231727548,0.012894597569528795,1.6897901579650446e-13,ae73669,2026-10-04T00:37:53+00:00,3.948409926469234,160.75584142861288,True,0.004652483765050589,4.5,2.7228292531191216,0.2531051946701134,5.0,9.977435544428204e-13,True,True,-3.73646286395751,-2.3688710395141768,-2.1792532196609415,-2.094267340281749,-2.043337179202372,-1.982776252357427,-1.9466433014385645,-1.9219757353745102,-1.903758215342188,-1.88959220731125,-1.8781683939149945,,9794,93,1.5,False,False,"variant-qitT30 (v1.1-frozen + |Qit_eff| -30% at 423 K; robustness study v1.3, 423 K only)"
C0124_T423,manual,0,C0124,C0124,423.0,1.1349765859544276,0.8477270748466254,-1077173608355.224,1.199012316390872,488cb503454b,1470e4b1eac5,5e1d50a6e395,0,True,0,42.233,2.5390115084767912,2.627382347853329,150.6470545439176,0.013355280878324938,1.6897901579650446e-13,ae73669,2026-10-04T00:41:28+00:00,2.5482615566836477,150.77941283450247,True,0.005383858125069713,3.0,2.627382347853329,0.2630951403647269,5.0,1.0904516421509989e-12,True,True,-2.227890742611733,-2.1073487023884123,-2.0454376032489803,-2.0062530500611317,-1.9786255729806155,-1.9413742943291346,-1.9167839405003797,-1.8989720718951515,-1.8852899763518969,-1.874346973788332,-1.8653332907006626,,10145,92,1.5,False,False,"variant-qitT30 (v1.1-frozen + |Qit_eff| -30% at 423 K; robustness study v1.3, 423 K only)"
C0125_T423,manual,0,C0125,C0125,423.0,0.8475528307259084,1.1205595437437297,-988273341208.6964,0.8783817458897829,660f0e878458,1470e4b1eac5,5e1d50a6e395,0,True,0,48.835,3.118670170162541,3.089365569527832,159.49284249417218,0.011376891113503875,1.689790157965045e-13,ae73669,2026-10-04T00:20:01+00:00,3.1326222323177277,159.40632088422012,True,0.003928228651606627,3.5,3.089365569527832,0.22192649920792726,5.0,1.5280666150197568e-12,True,True,-2.501184107930361,-2.2673762549694323,-2.170517342507533,-2.1141407468386455,-2.076211203554498,-2.027119101222498,-1.9958789542119053,-1.9737921397051343,-1.957124683891218,-1.9439763984602423,-1.9332658748602134,,11783,91,1.5,False,False,"variant-qitT30 (v1.1-frozen + |Qit_eff| -30% at 423 K; robustness study v1.3, 423 K only)"
C0126_T423,manual,0,C0126,C0126,423.0,0.9763829570263624,0.9529872234910728,-1337457366287.7085,1.0610491745173931,9f125943d822,1470e4b1eac5,5e1d50a6e395,0,True,0,44.531,3.2571130910814774,2.8366368748601265,154.20725422790292,0.012379053825012573,1.6897901579650446e-13,ae73669,2026-10-04T00:18:49+00:00,3.2593280514783913,154.50596411979788,True,0.004765882936134144,3.75,2.8366368748601265,0.24281318642494668,5.0,1.2985942024270061e-12,True,True,-2.4980153929724263,-2.2250585303641923,-2.1248937503912635,-2.0689896921588025,-2.0321853299875055,-1.9853342288828792,-1.9558782157645112,-1.9351712132098577,-1.9195886837088183,-1.907312548714894,-1.8973178170325797,,11081,92,1.5,False,False,"variant-qitT30 (v1.1-frozen + |Qit_eff| -30% at 423 K; robustness study v1.3, 423 K only)"
C0127_T423,manual,0,C0127,C0127,423.0,1.088959014043212,1.078580055013299,-724079496227.2048,0.9662503898143768,030754e95b49,1470e4b1eac5,5e1d50a6e395,0,True,0,40.249,2.5826671278564852,2.8061823206681242,158.15200992407674,0.012513166528955545,1.6897901579650443e-13,ae73669,2026-10-04T00:18:43+00:00,2.5963731243215245,158.20586125257313,True,0.004355433493910237,3.0,2.8061823206681242,0.24545450616032827,5.0,2.102039264344789e-12,True,True,-2.307718444031613,-2.171175515375429,-2.100369306232734,-2.0552783545745745,-2.0233703287429323,-1.9802398669062697,-1.951741963824921,-1.9311105026743856,-1.9152793739656422,-1.9026327756754378,-1.8922280066908808,,10379,92,1.5,False,False,"variant-qitT30 (v1.1-frozen + |Qit_eff| -30% at 423 K; robustness study v1.3, 423 K only)"
C0128_T423,manual,0,C0128,C0128,423.0,1.089798828586936,0.8682020150125027,-1078854058869.1832,1.0848192799836398,834dce3e0f0c,1470e4b1eac5,5e1d50a6e395,0,True,0,31.672,2.606296733574885,2.7089925763252296,151.45508249557682,0.012956241168498021,1.6897901579650446e-13,ae73669,2026-10-04T00:18:01+00:00,2.619967228764456,151.38631309978396,True,0.004950456840963001,3.0,2.7089925763252296,0.2548494700664825,5.0,2.924970604970151e-12,True,True,-2.265556412303794,-2.1346337174798293,-2.0683592910734996,-2.026673141224483,-1.997387253559792,-1.958025129720437,-1.932114389791349,-1.9133797130753964,-1.8990065334273962,-1.8875209765947805,-1.878066517053119,,10379,91,1.5,False,False,"variant-qitT30 (v1.1-frozen + |Qit_eff| -30% at 423 K; robustness study v1.3, 423 K only)"
C0129_T423,manual,0,C0129,C0129,423.0,0.977278084680438,1.187535583972931,-980729734525.0844,0.9925596069544552,9c24c6817dd5,1470e4b1eac5,5e1d50a6e395,0,True,0,47.265,3.2502905218955984,2.9097491570081564,161.30752233661372,0.012072731804031333,1.689790157965045e-13,ae73669,2026-10-04T00:20:47+00:00,3.2503826452546583,161.71767714661667,True,0.004304677599256472,3.75,2.9097491570081564,0.23623410482398807,5.0,2.738289205298243e-12,True,True,-2.536202437748178,-2.2566684618890607,-2.151381934969465,-2.0919551877869913,-2.0525870310907703,-2.0022434259466833,-1.970509069380323,-1.9481916019764274,-1.9314061429222706,-1.9181944471208063,-1.907449268565001,,11081,90,1.5,False,False,"variant-qitT30 (v1.1-frozen + |Qit_eff| -30% at 423 K; robustness study v1.3, 423 K only)"
C0130_T423,manual,0,C0130,C0130,423.0,0.8499551512300969,0.9324508778750896,-1318572686985.135,1.1719035148620605,7b79f994094d,1470e4b1eac5,5e1d50a6e395,0,True,0,51.616,3.165260466535563,2.8907845849056617,153.44483387099228,0.012149121777166783,1.6897901579650456e-13,ae73669,2026-10-04T00:39:33+00:00,3.174902327752897,153.86183142677746,True,0.0047992662319254475,3.75,2.8907845849056617,0.238090960623789,5.0,1.0606186068295997e-12,True,True,-2.431003063155437,-2.1995481689686667,-2.110787688551667,-2.0607486382034867,-2.027687869251872,-1.985538062257047,-1.9590400445487213,-1.940433118557666,-1.926451776815405,-1.915455114750064,-1.9065171841273763,,11783,93,1.5,False,False,"variant-qitT30 (v1.1-frozen + |Qit_eff| -30% at 423 K; robustness study v1.3, 423 K only)"
C0131_T423,manual,0,C0131,C0131,423.0,1.1374342195689675,1.011566999554634,-744921193458.1399,0.8553745560348034,36a0551f38ae,1470e4b1eac5,5e1d50a6e395,0,True,0,38.408,2.4612897986343376,2.8371263636371906,156.26863569209308,0.01237739794687578,1.6897901579650443e-13,ae73669,2026-10-04T00:41:44+00:00,2.4665257269760996,156.76305332851453,True,0.0040672342726473555,3.0,2.8371263636371906,0.24271097515343412,5.0,1.140469548486711e-12,True,True,-2.304482027821662,-2.177486079318955,-2.10869288519803,-2.063938276153261,-2.0318469113664523,-1.9879314817386027,-1.9585809579767608,-1.9371657244444023,-1.9206366211780792,-1.9073706457915844,-1.8964139002239533,,10145,92,1.5,False,False,"variant-qitT30 (v1.1-frozen + |Qit_eff| -30% at 423 K; robustness study v1.3, 423 K only)"
C0132_T423,manual,0,C0132,C0132,423.0,1.1920168098062276,0.976189798116684,-862154088914.3944,0.8272911135107279,a23a6efc1d86,1470e4b1eac5,5e1d50a6e395,0,True,0,45.051,2.5641642459670106,2.826682842091817,155.22338890634296,0.012422642190459255,1.6897901579650449e-13,ae73669,2026-10-04T00:43:38+00:00,2.577532570855005,155.34032870601143,True,0.004087931094499336,3.0,2.826682842091817,0.24365425528379928,5.0,2.373775355930244e-12,True,True,-2.3271887356237246,-2.188482433175546,-2.1152897899325263,-2.068226441049068,-2.034699044457341,-1.9890578368569274,-1.9586720781062852,-1.9365426535272516,-1.9194773902859217,-1.9057860235879904,-1.8944785943273756,,9794,92,1.5,False,False,"variant-qitT30 (v1.1-frozen + |Qit_eff| -30% at 423 K; robustness study v1.3, 423 K only)"
C0133_T423,manual,0,C0133,C0133,423.0,0.8795507114380599,1.055279841274023,-1201308987103.4026,1.1437705393880606,5a61d6a9d95d,1470e4b1eac5,5e1d50a6e395,0,True,0,65.946,3.2887297033533995,2.8984119787411395,157.28347148317656,0.012118587695170631,1.689790157965045e-13,ae73669,2026-10-04T00:22:35+00:00,3.297813166076596,157.5526893902357,True,0.004838388107411534,3.75,2.8984119787411395,0.23731027978069136,5.0,2.9220488368604e-12,True,True,-2.512652327828306,-2.2288046892278714,-2.12846264387742,-2.0731952714272848,-2.037090389934233,-1.9914714331253685,-1.9630107447411498,-1.943122494342817,-1.9282302157418272,-1.9165479900652074,-1.9070725940626359,,11549,92,1.5,False,False,"variant-qitT30 (v1.1-frozen + |Qit_eff| -30% at 423 K; robustness study v1.3, 423 K only)"
C0134_T423,manual,0,C0134,C0134,423.0,0.9443606741726398,0.8244146436452866,-597963097505.2715,0.9144227549433708,2e003cf36eda,1470e4b1eac5,5e1d50a6e395,0,True,0,31.841,1.712683999360758,2.8643488339215075,150.2173458384247,0.012258096028581144,1.6897901579650446e-13,ae73669,2026-10-04T00:18:11+00:00,1.7176594327300736,150.72162033468726,True,0.00444967257507152,2.25,2.8643488339215075,0.24060346184967674,5.0,1.540843349774572e-12,True,True,-2.179663236719274,-2.107787512806606,-2.063167184050721,-2.0320570483876517,-2.0087801768134197,-1.9756797384369393,-1.9528009017315626,-1.9357524009906306,-1.9224029401237894,-1.9115769807551977,-1.9025656409872032,,11198,92,1.5,False,False,"variant-qitT30 (v1.1-frozen + |Qit_eff| -30% at 423 K; robustness study v1.3, 423 K only)"
C0135_T423,manual,0,C0135,C0135,423.0,1.031894388049841,1.143774300068617,-1461589876562.357,1.0067335851490498,1a5c99bf889b,1470e4b1eac5,5e1d50a6e395,0,True,0,49.987,3.9305180020920787,2.8826109114255956,160.04808354167878,0.01218555362924365,1.6897901579650446e-13,ae73669,2026-10-04T00:44:09+00:00,3.9389335347605545,160.44714633592994,True,0.004292363426648786,4.5,2.8826109114255956,0.23853321329542665,5.0,2.7484776003433727e-12,True,True,-3.6940967483388936,-2.394156280347401,-2.20601158379935,-2.120737444079071,-2.069431217933361,-2.008290783018466,-1.9717785086004553,-1.9468537528429062,-1.9284541880576236,-1.9141547346234085,-1.9026303735343728,,10730,93,1.5,False,False,"variant-qitT30 (v1.1-frozen + |Qit_eff| -30% at 423 K; robustness study v1.3, 423 K only)"
C0136_T423,manual,0,C0136,C0136,423.0,1.0149576153606177,0.9221613362431528,-505847261287.272,1.1233446646481753,4947a89498ca,1470e4b1eac5,5e1d50a6e395,0,True,0,48.807,1.8209602270470349,2.726245311394204,153.14209439490358,0.012875085210513303,1.6897901579650443e-13,ae73669,2026-10-04T00:39:28+00:00,1.8337578939597432,153.21160903217861,True,0.005004343573763368,2.25,2.726245311394204,0.2531588005452161,5.0,9.795367642007058e-13,True,True,-2.1571847800162023,-2.0830972632556746,-2.0381318345358523,-2.0071911456754816,-1.9842467104436925,-1.951910027981538,-1.9297557243396914,-1.9133523160959929,-1.9005719754427843,-1.8902498880084593,-1.8816876739863084,,10847,92,1.5,False,False,"variant-qitT30 (v1.1-frozen + |Qit_eff| -30% at 423 K; robustness study v1.3, 423 K only)"
C0137_T423,manual,0,C0137,C0137,423.0,0.9025343369692564,1.046173346787691,-1430693255737.4238,0.8054990541189909,08059280d630,1470e4b1eac5,5e1d50a6e395,0,True,0,43.898,3.665701381900174,3.1058535665160902,157.36849068305503,0.011316618180737757,1.6897901579650449e-13,ae73669,2026-10-04T00:43:58+00:00,3.6765881169870247,157.8541405521544,True,0.0037268290634253185,4.25,3.1058535665160902,0.2207348977655552,5.0,1.2942352700802381e-12,True,True,-2.975722075394025,-2.373289298457992,-2.2243362407179537,-2.1484457275308615,-2.100494363618616,-2.0412951675752575,-2.004961648848826,-1.9797716778748882,-1.9609872577396794,-1.9462833368291936,-1.934368652110407,,11549,93,1.5,False,False,"variant-qitT30 (v1.1-frozen + |Qit_eff| -30% at 423 K; robustness study v1.3, 423 K only)"
C0138_T423,manual,0,C0138,C0138,423.0,0.8735512472689152,0.8770270928740502,-768997764214.8733,1.035526567697525,6e4c8611429f,1470e4b1eac5,5e1d50a6e395,0,True,0,41.197,2.1309953802688635,2.8851494733458645,151.7890119466929,0.012171491618680273,1.6897901579650454e-13,ae73669,2026-10-04T00:19:18+00:00,2.1438821616479453,152.00299457281176,True,0.004669389183854908,2.5,2.8851494733458645,0.23869506176156674,5.0,2.287449768496913e-12,True,True,-2.211757499683714,-2.1222552476526135,-2.0710923231565928,-2.0370194377609567,-2.012274265966775,-1.9780684265122384,-1.955035191267333,-1.9381683269108807,-1.9251279751755557,-1.9146561956346673,-1.9060085373259124,,11549,93,1.5,False,False,"variant-qitT30 (v1.1-frozen + |Qit_eff| -30% at 423 K; robustness study v1.3, 423 K only)"
C0139_T423,manual,0,C0139,C0139,423.0,1.1611281625926495,1.1545897759497166,-1171445165760.8152,0.9434116713702678,5a2dec7046e1,1470e4b1eac5,5e1d50a6e395,0,True,0,42.487,3.489166561699802,2.824543454342601,160.42651508419814,0.012433951486297784,1.6897901579650446e-13,ae73669,2026-10-04T00:38:35+00:00,3.4906404741633033,160.82686729365614,True,0.004231446665219034,4.0,2.824543454342601,0.24363452023464982,5.0,1.958467830647658e-12,True,True,-2.7193768430937735,-2.2985945544540414,-2.169077497992361,-2.0996604024928534,-2.054738489408986,-1.9982371160030354,-1.963029484144359,-1.9383994969007556,-1.919920544136784,-1.9053908314567058,-1.8935761168668663,,10028,92,1.5,False,False,"variant-qitT30 (v1.1-frozen + |Qit_eff| -30% at 423 K; robustness study v1.3, 423 K only)"
C0140_T423,manual,0,C0140,C0140,423.0,1.1157107528299093,0.8332653470337391,-1288678292185.068,0.9653282169252634,590caa5e0e79,1470e4b1eac5,5e1d50a6e395,0,True,0,43.526,2.856079718220195,2.757720515140379,150.44184937304638,0.012728913172810998,1.6897901579650438e-13,ae73669,2026-10-04T00:42:12+00:00,2.8703126189964268,150.47841776001565,True,0.004679109819872835,3.25,2.757720515140379,0.25019215408582085,5.0,2.4231676359066065e-12,True,True,-2.3449542556909058,-2.175577362755999,-2.0967405630014877,-2.048838433003775,-2.0158179746342637,-1.9721135057540293,-1.9436874544155371,-1.9232653223460898,-1.907655260758796,-1.895208675937924,-1.8849764661220243,,10262,91,1.5,False,False,"variant-qitT30 (v1.1-frozen + |Qit_eff| -30% at 423 K; robustness study v1.3, 423 K only)"
C0141_T423,manual,0,C0141,C0141,423.0,0.8031468074768782,1.1108021393418313,-651734295301.1394,1.057393580302596,244afea5bddf,1470e4b1eac5,5e1d50a6e395,0,True,0,48.832,2.5349203523516977,3.0044701638408386,159.0121483880541,0.011695222682192558,1.6897901579650443e-13,ae73669,2026-10-04T00:20:50+00:00,2.543509843936373,159.247364830246,True,0.004512018773540681,3.0,3.0044701638408386,0.22850948616223796,5.0,1.727009077154739e-12,True,True,-2.294983878722184,-2.1713535637813837,-2.1074131111377348,-2.0668839192099178,-2.038336736846189,-1.999984377075805,-1.9748352522191155,-1.956748903683986,-1.9429529947063768,-1.9319915046178258,-1.923017612565886,,12017,92,1.5,False,False,"variant-qitT30 (v1.1-frozen + |Qit_eff| -30% at 423 K; robustness study v1.3, 423 K only)"
C0142_T423,manual,0,C0142,C0142,423.0,0.9696169264614584,0.965873870998621,-1047926864586.7704,0.8773622140288353,c59db72060fe,1470e4b1eac5,5e1d50a6e395,0,True,0,44.09,2.8346467515842653,2.939692514318437,154.8243420045745,0.011948766281173211,1.6897901579650446e-13,ae73669,2026-10-04T00:19:34+00:00,2.8490331888788543,154.7048673828496,True,0.004199208032682882,3.25,2.939692514318437,0.23394548855854314,5.0,1.7280020703498938e-12,True,True,-2.3834547178924734,-2.2131388544654516,-2.132235558270467,-2.0826445718677276,-2.0483093326917596,-2.002747724297247,-1.97309912890836,-1.9518243007882052,-1.935592543437484,-1.9226769336228287,-1.9120812234354414,,11081,92,1.5,False,False,"variant-qitT30 (v1.1-frozen + |Qit_eff| -30% at 423 K; robustness study v1.3, 423 K only)"
C0143_T423,manual,0,C0143,C0143,423.0,1.0570531748235226,1.089911775290966,-888583324849.6056,1.195258981734514,b94279520f9d,1470e4b1eac5,5e1d50a6e395,0,True,0,41.246,2.8610302740450946,2.722469121523845,158.27513998359387,0.012894693932820762,1.6897901579650446e-13,ae73669,2026-10-04T00:19:25+00:00,2.873841064095999,158.20830489539682,True,0.004891404731566371,3.25,2.722469121523845,0.25331900695024606,5.0,2.394112601858799e-12,True,True,-2.3277367035535694,-2.1597165918588703,-2.082620789040458,-2.0361036318286216,-2.0042029992755004,-1.962247129923965,-1.9351764132041838,-1.9158689169059104,-1.9012082571318623,-1.8895889617745547,-1.880089268850371,,10613,91,1.5,False,False,"variant-qitT30 (v1.1-frozen + |Qit_eff| -30% at 423 K; robustness study v1.3, 423 K only)"
C0144_T423,manual,0,C0144,C0144,423.0,1.065290980786085,0.9591633331030608,-1389483158476.6506,0.9114680513739586,f3a5fc519ddf,1470e4b1eac5,5e1d50a6e395,0,True,0,33.374,3.368937312739107,2.8681431249518443,154.57567748102963,0.012244568650344444,1.689790157965045e-13,ae73669,2026-10-04T00:18:35+00:00,3.3828841698282814,154.57994061022006,True,0.004271116023297723,3.75,2.8681431249518443,0.23999188834271257,5.0,1.0063835686492583e-12,True,True,-2.6043681590464596,-2.2710793646233283,-2.1563293173606612,-2.093189256773608,-2.0518474168851184,-1.9993793715220758,-1.9664323428483856,-1.9432656823111207,-1.9258176518690833,-1.9120565095245512,-1.9008386618272552,,10613,91,1.5,False,False,"variant-qitT30 (v1.1-frozen + |Qit_eff| -30% at 423 K; robustness study v1.3, 423 K only)"
C0145_T423,manual,0,C0145,C0145,423.0,0.9527639426290988,1.0851482708007096,-549010640010.2377,1.015837521106005,4ad8ba40f9eb,1470e4b1eac5,5e1d50a6e395,0,True,0,48.097,2.310305498537896,2.866864361752943,158.29324782778087,0.012250405762639378,1.6897901579650446e-13,ae73669,2026-10-04T00:21:35+00:00,2.322411575996276,158.39906812891653,True,0.004478659603350036,2.75,2.866864361752943,0.24006633717619377,5.0,2.117411592747677e-12,True,True,-2.254523023644515,-2.147232257633879,-2.087779050190698,-2.048769647870381,-2.0206948519516295,-1.9822139391366747,-1.956509430495654,-1.9377919569670297,-1.9233822435883259,-1.911849526192772,-1.9023514568615494,,11198,92,1.5,False,False,"variant-qitT30 (v1.1-frozen + |Qit_eff| -30% at 423 K; robustness study v1.3, 423 K only)"
C0146_T423,manual,0,C0146,C0146,423.0,0.8238846551626922,0.8417947214096785,-1148789780214.429,0.8485994938760997,52849ce17448,1470e4b1eac5,5e1d50a6e395,0,True,0,49.509,2.6627687279878183,3.0576968451346183,150.9034938452296,0.011490340383992772,1.6897901579650449e-13,ae73669,2026-10-04T00:40:23+00:00,2.6739039951678563,151.47743904252226,True,0.004076428816022276,3.0,3.0576968451346183,0.22468360865843934,5.0,1.321369532701696e-12,True,True,-2.3399445918035586,-2.199596910782368,-2.129245299392954,-2.0852172214350952,-2.0543927175219054,-2.013111849241586,-1.986040276838251,-1.9665220959812628,-1.951582326592003,-1.9396671058025596,-1.9298752889252897,,11900,93,1.5,False,False,"variant-qitT30 (v1.1-frozen + |Qit_eff| -30% at 423 K; robustness study v1.3, 423 K only)"
C0147_T423,manual,0,C0147,C0147,423.0,1.1113578107208013,1.1142350900918243,-785793975926.9357,1.128800767287612,9aca98eb2c5f,1470e4b1eac5,5e1d50a6e395,0,True,0,35.39,2.7557562612350326,2.716205301684835,159.04646361208597,0.012924411276093959,1.689790157965044e-13,ae73669,2026-10-04T00:42:20+00:00,2.7574936521953783,159.4201029622097,True,0.004799040864234839,3.25,2.716205301684835,0.2538993376551201,5.0,9.711953463664713e-13,True,True,-2.3132384885348127,-2.158594252643854,-2.0839198231543095,-2.0378671599500806,-2.005884808154029,-1.9633595970052002,-1.9356611068976677,-1.9157885633532634,-1.9006360682812653,-1.8885892304674388,-1.8787153275755653,,10262,92,1.5,False,False,"variant-qitT30 (v1.1-frozen + |Qit_eff| -30% at 423 K; robustness study v1.3, 423 K only)"
C0148_T423,manual,0,C0148,C0148,423.0,1.1661494575440885,0.8980074424296618,-668652407824.9932,1.150642555952072,a0a13de4b104,1470e4b1eac5,5e1d50a6e395,0,True,0,42.026,2.018365699362101,2.621824266655835,152.34812646036679,0.013383747286599858,1.6897901579650443e-13,ae73669,2026-10-04T00:44:21+00:00,2.023532912552573,152.58260998033984,True,0.005167249189204147,2.5,2.621824266655835,0.2636331001337231,5.0,2.2309940306106323e-12,True,True,-2.1641995715032145,-2.0798461576892393,-2.0303654829389615,-1.9969165639206303,-1.9723756303402942,-1.9381018073409282,-1.9147867694143519,-1.897587407285278,-1.8842131693525674,-1.8734222723648006,-1.8644751248024587,,10028,92,1.5,False,False,"variant-qitT30 (v1.1-frozen + |Qit_eff| -30% at 423 K; robustness study v1.3, 423 K only)"
C0149_T423,manual,0,C0149,C0149,423.0,0.8536648578941822,1.170473701879382,-1265900663100.183,0.8704924575984478,c510f7a90b43,1470e4b1eac5,5e1d50a6e395,0,True,0,61.437,3.685277770062054,3.1225888989061197,160.9600915183591,0.01125775371775836,1.6897901579650454e-13,ae73669,2026-10-04T00:23:36+00:00,3.6936284708255145,161.48325331678637,True,0.003830439315346228,4.25,3.1225888989061197,0.21937240808833353,5.0,1.5730474940200525e-12,True,True,-3.008675673924708,-2.372634178308566,-2.2224652105311704,-2.146860287209574,-2.0993826001586333,-2.0411000063300277,-2.005538985997279,-1.9809982187630517,-1.962769127519333,-1.94854825649199,-1.937059593452269,,11783,93,1.5,False,False,"variant-qitT30 (v1.1-frozen + |Qit_eff| -30% at 423 K; robustness study v1.3, 423 K only)"
C0150_T423,manual,0,C0150,C0150,423.0,0.920055590197444,0.90290216691792,-931868585757.9113,1.0877266097813845,ada46d586ac3,1470e4b1eac5,5e1d50a6e395,0,True,0,33.74,2.463099539104049,2.8334072388112115,152.57451775470415,0.012392182844968947,1.689790157965044e-13,ae73669,2026-10-04T00:18:45+00:00,2.467699900719492,153.05887462398803,True,0.00480615043329305,3.0,2.8334072388112115,0.2431986915464567,5.0,2.8176060208878556e-12,True,True,-2.2502259995952225,-2.13598621322875,-2.0758393629677894,-2.0373727277658955,-2.0101101200077762,-1.9732296643846818,-1.9488527459365015,-1.9312044474498182,-1.9176647473739314,-1.9068521872456852,-1.8979604140411201,,11432,92,1.5,False,False,"variant-qitT30 (v1.1-frozen + |Qit_eff| -30% at 423 K; robustness study v1.3, 423 K only)"
C0151_T423,manual,0,C0151,C0151,423.0,1.0075711842626334,1.0288612108677626,-1006594512611.6276,0.9833075892180204,3efb0cf31193,1470e4b1eac5,5e1d50a6e395,0,True,0,52.405,2.9187717505604094,2.856342688721691,156.6411702878494,0.012294972465082592,1.6897901579650446e-13,ae73669,2026-10-04T00:45:02+00:00,2.928584525859592,157.08150845726038,True,0.004302499921687665,3.5,2.856342688721691,0.24100166556952377,5.0,1.9179931209919963e-12,True,True,-2.3860686061580765,-2.2024270243108544,-2.1189268212319483,-2.068653400992592,-2.0341983374708867,-1.9888826661484855,-1.9596263640297151,-1.9387412900131582,-1.9228668060089638,-1.9102724395382027,-1.8999648559261915,,10847,93,1.5,False,False,"variant-qitT30 (v1.1-frozen + |Qit_eff| -30% at 423 K; robustness study v1.3, 423 K only)"
C0152_T423,manual,0,C0152,C0152,423.0,1.0392777018249035,0.8005221370607615,-964444653131.0676,0.8998957797884941,c13ed3735a34,1470e4b1eac5,5e1d50a6e395,0,True,0,44.506,2.2387333272554315,2.816012185019584,149.4510422057297,0.01246665941072832,1.689790157965045e-13,ae73669,2026-10-04T00:40:13+00:00,2.2403162944170476,149.90396225655329,True,0.004528999242203509,2.75,2.816012185019584,0.2449064829046205,5.0,2.2716302811311114e-12,True,True,-2.236190409478025,-2.1350429269622504,-2.077996674256487,-2.04019670149355,-2.012793818520508,-1.9749110014182358,-1.9493461404503183,-1.9305651855585884,-1.915993475714678,-1.9042499052904311,-1.8945178556910838,,10613,92,1.5,False,False,"variant-qitT30 (v1.1-frozen + |Qit_eff| -30% at 423 K; robustness study v1.3, 423 K only)"
C0153_T423,manual,0,C0153,C0153,423.0,0.9268485106527804,1.1311916198581458,-1100998239591.7178,1.1790699370205402,fb9df686218e,1470e4b1eac5,5e1d50a6e395,0,True,0,33.023,3.3039692519809907,2.850097689046409,159.4957293913839,0.012322676421401172,1.6897901579650443e-13,ae73669,2026-10-04T00:44:32+00:00,3.3148654288282575,159.69903152195897,True,0.004858254539474397,3.75,2.850097689046409,0.24145384108730159,5.0,1.864765665779119e-12,True,True,-2.520854534517246,-2.227392024263759,-2.1248794278470853,-2.0685655858166374,-2.0318148509518843,-1.985413493546818,-1.9564836658304365,-1.9362778238474088,-1.9211542448117827,-1.9092949554177059,-1.8996789779963599,,11315,92,1.5,False,False,"variant-qitT30 (v1.1-frozen + |Qit_eff| -30% at 423 K; robustness study v1.3, 423 K only)"
C0154_T423,manual,0,C0154,C0154,423.0,0.8994340669363737,0.9987761411815882,-700315779075.0265,0.961929577961564,9247f4e4fbb0,1470e4b1eac5,5e1d50a6e395,0,True,0,41.194,2.3476139597657384,2.931528876086924,155.72571836265615,0.011981900998858899,1.689790157965045e-13,ae73669,2026-10-04T00:19:59+00:00,2.361739909064636,155.72204878736156,True,0.004370468631923665,2.75,2.931528876086924,0.2346152198113482,5.0,9.706471737480626e-13,True,True,-2.2676249641178616,-2.15802072318042,-2.097850316110253,-2.058558675050681,-2.0303616142663836,-1.9918050267597107,-1.966095562062546,-1.9473897725597193,-1.932994224271307,-1.9214742731137817,-1.9119867117398481,,11549,92,1.5,False,False,"variant-qitT30 (v1.1-frozen + |Qit_eff| -30% at 423 K; robustness study v1.3, 423 K only)"
C0155_T423,manual,0,C0155,C0155,423.0,1.1870046880096197,1.0696569677442311,-1361224655993.2827,1.0669355388730764,ddf9f684b4f9,1470e4b1eac5,5e1d50a6e395,0,True,0,41.671,3.588359784285108,2.7282785263044302,157.77884658483455,0.012868133829759265,1.6897901579650443e-13,ae73669,2026-10-04T00:39:17+00:00,3.601788217616739,157.72962279575543,True,0.004663923511267347,4.0,2.7282785263044302,0.25267828631346884,5.0,1.285861759886298e-12,True,True,-2.796208225595814,-2.2821411255989874,-2.147068895902898,-2.0775491010575133,-2.0334331810229886,-1.9787714172120474,-1.9451027054420686,-1.9216968793602116,-1.9042037913892125,-1.8904844310445683,-1.8793489713499028,,9794,92,1.5,False,False,"variant-qitT30 (v1.1-frozen + |Qit_eff| -30% at 423 K; robustness study v1.3, 423 K only)"
C0156_T423,manual,0,C0156,C0156,423.0,1.1417963348329068,0.9424885775893926,-1244083318859.3389,1.0387773156166076,20590699e235,1470e4b1eac5,5e1d50a6e395,0,True,0,45.885,3.0794035007096796,2.7303139405928745,153.8846143319914,0.012857045129816828,1.6897901579650446e-13,ae73669,2026-10-04T00:42:58+00:00,3.0928884482169527,153.95455441816142,True,0.004762407703616144,3.5,2.7303139405928745,0.2526531197000176,5.0,2.672392076145303e-12,True,True,-2.4151879376411736,-2.1967454237743453,-2.105728201664072,-2.0526565479455496,-2.016883341824856,-1.9704279852626256,-1.9407096559688766,-1.9195851518901368,-1.9035610383837172,-1.890858831666022,-1.88046522933922,,10145,92,1.5,False,False,"variant-qitT30 (v1.1-frozen + |Qit_eff| -30% at 423 K; robustness study v1.3, 423 K only)"
C0157_T423,manual,0,C0157,C0157,423.0,0.8292142696678639,1.013395482674241,-817426892928.7792,0.9338225297629832,48fa1c755aa2,1470e4b1eac5,5e1d50a6e395,0,True,0,52.408,2.5769141429213547,3.02997005864043,156.22351254836775,0.011596604865560304,1.6897901579650446e-13,ae73669,2026-10-04T00:21:43+00:00,2.5906710218361146,156.2815118596832,True,0.004274309146338441,3.0,3.02997005864043,0.22661040750196818,5.0,1.4736625114129692e-12,True,True,-2.3202643697555927,-2.1890809178746706,-2.1215007260532293,-2.078691820324214,-2.0485279685357627,-2.007953560012115,-1.9812887180682437,-1.9620671725745487,-1.9473714077764623,-1.9356691404260247,-1.9260688419733163,,11900,92,1.5,False,False,"variant-qitT30 (v1.1-frozen + |Qit_eff| -30% at 423 K; robustness study v1.3, 423 K only)"
C0158_T423,manual,0,C0158,C0158,423.0,0.9941401582211256,0.8567604955285788,-1483856431208.551,1.100959037616849,1291a496754d,1470e4b1eac5,5e1d50a6e395,0,True,0,39.792,3.2307984685716757,2.784693239787334,151.0619573726849,0.012606895158517147,1.6897901579650446e-13,ae73669,2026-10-04T00:20:14+00:00,3.23324462864677,151.4355577684855,True,0.0049833785120095234,3.75,2.784693239787334,0.2476492416681058,5.0,2.2182573738362526e-12,True,True,-2.4618388471154793,-2.203564835776282,-2.1079082082527765,-2.054446705969685,-2.019229502954595,-1.9743592331024307,-1.9461065390261454,-1.9262136537686059,-1.9112205520411851,-1.8993918588316976,-1.8897489565341945,,10964,92,1.5,False,False,"variant-qitT30 (v1.1-frozen + |Qit_eff| -30% at 423 K; robustness study v1.3, 423 K only)"
C0159_T423,manual,0,C0159,C0159,423.0,1.0815579053014517,1.1874038908630609,-581556253135.2043,0.8217353295534849,945eecc35628,1470e4b1eac5,5e1d50a6e395,0,True,0,40.477,2.616867129329767,2.9317092100546343,161.49328314248652,0.011982974200522733,1.689790157965045e-13,ae73669,2026-10-04T00:20:06+00:00,2.631093697614897,161.36344578732326,True,0.003742656442164598,3.0,2.9317092100546343,0.23439421205295816,5.0,2.9693082308817245e-12,True,True,-2.3635624775947397,-2.2159009316915297,-2.1388602047598604,-2.0895713509184106,-2.054578639310701,-2.007134224540716,-1.9757057953146666,-1.9529205183838472,-1.9354218675202082,-1.9214353757227454,-1.909923517211629,,10496,91,1.5,False,False,"variant-qitT30 (v1.1-frozen + |Qit_eff| -30% at 423 K; robustness study v1.3, 423 K only)"
C0160_T423,manual,0,C0160,C0160,423.0,1.0791822891682386,0.9303420521318913,-758827797137.2008,0.9774698253721,9e59ebc59583,1470e4b1eac5,5e1d50a6e395,0,True,0,33.569,2.2636133710907296,2.77091834588804,153.58192189036956,0.012669520493860383,1.6897901579650454e-13,ae73669,2026-10-04T00:19:09+00:00,2.267740294821147,153.8644767119456,True,0.004596941063725521,2.75,2.77091834588804,0.24887504301336322,5.0,1.3550390785079065e-12,True,True,-2.2359272669775896,-2.13196053917307,-2.0735935748801255,-2.0350110811217483,-2.00709296069847,-1.9685914729763487,-1.9426918138058793,-1.9237209650072375,-1.9090414868164531,-1.8972398216446729,-1.8874810652258218,,10496,92,1.5,False,False,"variant-qitT30 (v1.1-frozen + |Qit_eff| -30% at 423 K; robustness study v1.3, 423 K only)"
C0161_T423,manual,0,C0161,C0161,423.0,0.9916055675595998,1.001226012408733,-1177678398787.975,1.0951208774000407,ab9cd96594ea,1470e4b1eac5,5e1d50a6e395,0,True,0,50.882,3.1194234723683345,2.811043053581151,155.67621928766974,0.012491182236953785,1.6897901579650446e-13,ae73669,2026-10-04T00:22:27+00:00,3.132471877801262,155.93548144997138,True,0.0047090191353060295,3.5,2.811043053581151,0.2450752495849589,5.0,2.135109876678793e-12,True,True,-2.4297699844560916,-2.2035144600659926,-2.1123484161061232,-2.059905790533025,-2.0248456203443452,-1.9796753340986082,-1.9510092218076829,-1.930754692868371,-1.915465570485241,-1.9033964555660436,-1.8935568861972192,,10964,91,1.5,False,False,"variant-qitT30 (v1.1-frozen + |Qit_eff| -30% at 423 K; robustness study v1.3, 423 K only)"
C0162_T423,manual,0,C0162,C0162,423.0,0.8315261088311673,0.8688097544014455,-530772481113.6722,0.8653854735195637,91157b41e19d,1470e4b1eac5,5e1d50a6e395,0,True,0,51.501,1.7341751773827572,3.0111040314942725,151.75247603153622,0.011666539743728612,1.6897901579650443e-13,ae73669,2026-10-04T00:41:15+00:00,1.7363948966761735,152.1749302656569,True,0.0042238984406243645,2.25,3.0111040314942725,0.2283130251865062,5.0,1.3243364738180219e-12,True,True,-2.2049797194447347,-2.1316249955546285,-2.0862064721737035,-2.054604552576316,-2.031002436120545,-1.997518914526079,-1.9744440763308861,-1.9572950436798198,-1.943898712996947,-1.9330579351320838,-1.9240516789325617,,11900,92,1.5,False,False,"variant-qitT30 (v1.1-frozen + |Qit_eff| -30% at 423 K; robustness study v1.3, 423 K only)"
C0163_T423,manual,0,C0163,C0163,423.0,1.1439491935074328,1.1994760766625403,-1409643742255.8665,1.157305829226971,f92de86fa1b3,1470e4b1eac5,5e1d50a6e395,0,True,0,37.144,3.9617504664737964,2.7372914374320234,161.49149293753973,0.012827112961724703,1.6897901579650446e-13,ae73669,2026-10-04T00:42:57+00:00,3.9662785993604057,161.71317227394678,True,0.004740056907627625,4.5,2.7372914374320234,0.25170693768701957,5.0,2.1655350303927863e-12,True,True,-3.8245188337985585,-2.3720285155172633,-2.1794106349617848,-2.0942870552278694,-2.043581734672158,-1.9835728456064265,-1.9479181484385386,-1.9236449481461892,-1.9057568100715083,-1.8918710806385202,-1.8806898045683016,,10145,92,1.5,False,False,"variant-qitT30 (v1.1-frozen + |Qit_eff| -30% at 423 K; robustness study v1.3, 423 K only)"
C0164_T423,manual,0,C0164,C0164,423.0,1.176865066215396,0.8125970348715783,-1042410796508.193,1.1354190301150084,3e71ee64d06e,1470e4b1eac5,5e1d50a6e395,0,True,0,42.501,2.3848969798734467,2.6190214172434536,149.5694774306105,0.013397193210112839,1.6897901579650446e-13,ae73669,2026-10-04T00:45:03+00:00,2.3971908999315916,149.84162262496386,True,0.0051227404954707345,2.75,2.6190214172434536,0.26400715261287105,5.0,2.2588617767721853e-12,True,True,-2.206879374714515,-2.0992051208355313,-2.041213007327328,-2.0036634176654875,-1.9768209457165877,-1.9401723404151117,-1.9157052244764148,-1.897850512430268,-1.8840612109447137,-1.8729861793248896,-1.8638327559419792,,9911,93,1.5,False,False,"variant-qitT30 (v1.1-frozen + |Qit_eff| -30% at 423 K; robustness study v1.3, 423 K only)"
C0165_T423,manual,0,C0165,C0165,423.0,0.8894290115684271,1.1432374633848668,-898036126978.6954,0.8435497511178256,473cf1de3efe,1470e4b1eac5,5e1d50a6e395,0,True,0,59.391,3.028068970838606,3.0744635742356365,160.20719268748363,0.011431507959969452,1.6897901579650449e-13,ae73669,2026-10-04T00:24:36+00:00,3.0357884192905966,160.54406537544753,True,0.00389162730862637,3.5,3.0744635742356365,0.22304830079963212,5.0,1.4232731539474372e-12,True,True,-2.47645693559613,-2.263471885798155,-2.169999339116196,-2.1143863197634003,-2.076511903795237,-2.0269803667352093,-1.9951791821228846,-1.9725713978118706,-1.955445323811328,-1.9418964769103115,-1.9308346765910924,,11432,92,1.5,False,False,"variant-qitT30 (v1.1-frozen + |Qit_eff| -30% at 423 K; robustness study v1.3, 423 K only)"
C0166_T423,manual,0,C0166,C0166,423.0,0.9370214395225048,0.986603219807148,-1310444966889.918,1.023287480324507,a34e5c4d0394,1470e4b1eac5,5e1d50a6e395,0,True,0,34.983,3.302831945443024,2.8961567581717076,155.2866572310505,0.012127220187549973,1.6897901579650438e-13,ae73669,2026-10-04T00:19:21+00:00,3.3142733480931543,155.39337617293103,True,0.004619817561305781,3.75,2.8961567581717076,0.23757312695330782,5.0,2.120091812889795e-12,True,True,-2.5384263848862254,-2.2444166494531856,-2.1398023487130446,-2.0819280239515425,-2.0439961607874766,-1.995891020262817,-1.9657497783841402,-1.944610558223179,-1.9287310244828462,-1.9162387371022234,-1.906080041946835,,11315,92,1.5,False,False,"variant-qitT30 (v1.1-frozen + |Qit_eff| -30% at 423 K; robustness study v1.3, 423 K only)"
C0167_T423,manual,0,C0167,C0167,423.0,1.0495851911604404,1.0575130708515643,-626091914251.4468,0.9055867791175842,0a1ebc43eaa3,1470e4b1eac5,5e1d50a6e395,0,True,0,50.432,2.3775985976040848,2.8602100270310986,157.57092859936378,0.012278514350524142,1.6897901579650446e-13,ae73669,2026-10-04T00:45:53+00:00,2.391033575354937,157.74666788889957,True,0.004100552224673831,2.75,2.8602100270310986,0.24065686683894483,5.0,1.968537591180896e-12,True,True,-2.2839754364097327,-2.166689668605865,-2.1020970802247745,-2.0597799186114156,-2.029327296035658,-1.9875527159692359,-1.9595991147194187,-1.9392036100019276,-1.9234706213392732,-1.9108541778529673,-1.9004439466389849,,10613,93,1.5,False,False,"variant-qitT30 (v1.1-frozen + |Qit_eff| -30% at 423 K; robustness study v1.3, 423 K only)"
C0168_T423,manual,0,C0168,C0168,423.0,1.0035598259419205,0.8857659310102463,-1340125712566.0776,0.8143350537866354,90461a02404d,1470e4b1eac5,5e1d50a6e395,0,True,0,47.966,3.1002501891802843,2.9561582007543157,152.35200880988842,0.011882086217744274,1.6897901579650446e-13,ae73669,2026-10-04T00:41:01+00:00,3.1152874141589137,152.43821722401285,True,0.004101952501395523,3.5,2.9561582007543157,0.23266039267615712,5.0,1.5595572844405981e-12,True,True,-2.4792994968982067,-2.2506697314767594,-2.154495010048662,-2.0981515170766394,-2.0600623170747676,-2.010463308312599,-1.9786483395770569,-1.9559887531746467,-1.9387727812946771,-1.9251073006586474,-1.9139121750642916,,10847,91,1.5,False,False,"variant-qitT30 (v1.1-frozen + |Qit_eff| -30% at 423 K; robustness study v1.3, 423 K only)"
C0169_T423,manual,0,C0169,C0169,423.0,0.9160805698484182,1.1582031421363357,-719431374222.0402,1.1067907933145762,fb9315a04561,1470e4b1eac5,5e1d50a6e395,0,True,0,32.725,2.7512031466648854,2.877057554477686,160.3505538718047,0.012208199395282246,1.6897901579650449e-13,ae73669,2026-10-04T00:45:04+00:00,2.7515795835532275,160.76675033988204,True,0.004622796761428216,3.25,2.877057554477686,0.23909592296098772,5.0,1.3351542094142133e-12,True,True,-2.3279967145778513,-2.1760777330068164,-2.1028975286504314,-2.0578866796993998,-2.026707101326318,-1.985388649544534,-1.9585909174014908,-1.93943766641853,-1.9248835658222723,-1.9133483860435518,-1.9039206482941318,,11432,92,1.5,False,False,"variant-qitT30 (v1.1-frozen + |Qit_eff| -30% at 423 K; robustness study v1.3, 423 K only)"
C0170_T423,manual,0,C0170,C0170,423.0,0.8574659548699857,0.9148503363132476,-1073002330958.8431,0.9271530576050282,ea5555c2afd0,1470e4b1eac5,5e1d50a6e395,0,True,0,41.296,2.7361358848277577,2.9905679158255136,153.14074579500792,0.011746836435453833,1.6897901579650454e-13,ae73669,2026-10-04T00:20:41+00:00,2.7380397771354077,153.5836568620415,True,0.004358244808171411,3.25,2.9905679158255136,0.22985123139909955,5.0,1.278697633888548e-12,True,True,-2.344217843395855,-2.194540141292849,-2.1215993948501617,-2.076508354021218,-2.0451675656569335,-2.0034729992087112,-1.9763005169523342,-1.9567949655672694,-1.9419147644520642,-1.930079078380786,-1.9203745222356265,,11666,92,1.5,False,False,"variant-qitT30 (v1.1-frozen + |Qit_eff| -30% at 423 K; robustness study v1.3, 423 K only)"
C0171_T423,manual,0,C0171,C0171,423.0,1.1699868865311145,1.040838410705328,-990457228384.912,1.0438781008124352,7f1101405f93,1470e4b1eac5,5e1d50a6e395,0,True,0,46.246,2.917670251731535,2.720742522915562,156.91816360654477,0.012902759884844395,1.689790157965044e-13,ae73669,2026-10-04T00:40:04+00:00,2.927355768204407,157.2178386062131,True,0.00450565750244483,3.5,2.720742522915562,0.25348497251663843,5.0,1.03113004246147e-12,True,True,-2.3677594644047066,-2.183438857922349,-2.099629192267445,-2.049121489594399,-2.0144676881708166,-1.9688196056997986,-1.939289211835619,-1.9181704357557394,-1.9020922269436562,-1.889317384696129,-1.8788479500968056,,9911,93,1.5,False,False,"variant-qitT30 (v1.1-frozen + |Qit_eff| -30% at 423 K; robustness study v1.3, 423 K only)"
C0172_T423,manual,0,C0172,C0172,423.0,1.1029027592390777,0.9711379043757916,-623224036768.0789,1.0719912897795438,4c2e32abaa76,1470e4b1eac5,5e1d50a6e395,0,True,0,44.924,2.143695862047772,2.7089939112100883,154.75084836978354,0.012957084312534131,1.6897901579650446e-13,ae73669,2026-10-04T00:43:44+00:00,2.1554384717177126,155.22880400759982,True,0.004632582378034347,2.5,2.7089939112100883,0.254757961663619,5.0,1.1363860058294207e-12,True,True,-2.2029116993347757,-2.1087405431923223,-2.0546585939635094,-2.0185045854756267,-1.9921686154892955,-1.955642107585926,-1.9309593540447914,-1.912835614245775,-1.8987921056377866,-1.8874927152430887,-1.8781451710495156,,10262,93,1.5,False,False,"variant-qitT30 (v1.1-frozen + |Qit_eff| -30% at 423 K; robustness study v1.3, 423 K only)"
C0173_T423,manual,0,C0173,C0173,423.0,0.8153688576072455,1.09709989130497,-1440265730954.7063,0.9553173232823612,82f2cd734853,1470e4b1eac5,5e1d50a6e395,0,True,0,49.565,3.7908165962391154,3.095421358979103,158.70002564482377,0.011355178637800606,1.6897901579650446e-13,ae73669,2026-10-04T00:22:33+00:00,3.800675743121758,158.9717715918737,True,0.0042495962799888026,4.25,3.095421358979103,0.22144083268178213,5.0,1.306325694753908e-12,True,True,-3.221358375461639,-2.3718810637707533,-2.2122302222307355,-2.1358634561229137,-2.089023410055618,-2.0325483653739362,-1.998580844902907,-1.9753317032188837,-1.9581547311925942,-1.9448060291412244,-1.9340534464230819,,12017,92,1.5,False,False,"variant-qitT30 (v1.1-frozen + |Qit_eff| -30% at 423 K; robustness study v1.3, 423 K only)"
C0174_T423,manual,0,C0174,C0174,423.0,0.9614964418113232,0.8295275770127774,-852197711355.9843,1.1849574081599712,9c91a14e6045,1470e4b1eac5,5e1d50a6e395,0,True,0,40.351,2.1223795573377866,2.7337097493355524,150.07245239470507,0.012839313229220222,1.6897901579650446e-13,ae73669,2026-10-04T00:20:54+00:00,2.1352066178239513,150.2062746280005,True,0.005202914348007828,2.5,2.7337097493355524,0.252539719266472,5.0,1.0417361417935922e-12,True,True,-2.174847842720076,-2.089092403200291,-2.040280084988906,-2.0078407305598462,-1.9843060920040214,-1.951789471982125,-1.9298907450098872,-1.9138459213007895,-1.901432883586443,-1.891458205919563,-1.8832159139785627,,11081,93,1.5,False,False,"variant-qitT30 (v1.1-frozen + |Qit_eff| -30% at 423 K; robustness study v1.3, 423 K only)"
C0175_T423,manual,0,C0175,C0175,423.0,1.0739627279341222,1.1019908666610718,-1207389598712.3252,0.8924520194530488,9cc91a884910,1470e4b1eac5,5e1d50a6e395,0,True,0,41.218,3.4295132311137357,2.9032321497578137,158.9054056884136,0.012099290226051078,1.689790157965044e-13,ae73669,2026-10-04T00:20:47+00:00,3.4384660501625524,159.3252069980704,True,0.004016516611213945,4.0,2.9032321497578137,0.23681361100884576,5.0,2.1691887513895876e-12,True,True,-2.674153817189971,-2.299287722658409,-2.1758087738205134,-2.108504078750955,-2.0646120630959772,-2.00908943686864,-1.974338655590131,-1.9499681045653336,-1.931654978404858,-1.9172401057125263,-1.9055096981417776,,10496,93,1.5,False,False,"variant-qitT30 (v1.1-frozen + |Qit_eff| -30% at 423 K; robustness study v1.3, 423 K only)"
C0176_T423,manual,0,C0176,C0176,423.0,1.0533011443912983,0.8454122599214315,-710333189927.0415,1.0008453719317911,b17af97433e4,1470e4b1eac5,5e1d50a6e395,0,True,0,30.755,1.9491629569668698,2.748484561312192,150.8165382400256,0.012770954916378507,1.6897901579650446e-13,ae73669,2026-10-04T00:19:40+00:00,1.9556326828374548,151.2918249961676,True,0.004676600576365349,2.5,2.748484561312192,0.2511104182726055,5.0,2.3030833152494827e-12,True,True,-2.183021598182249,-2.100930735205097,-2.0519991835936344,-2.018636683793341,-1.9940258196337721,-1.9594794164267495,-1.935869535054074,-1.9183985950530393,-1.9047822845307372,-1.8937766282331516,-1.8846382926695033,,10613,92,1.5,False,False,"variant-qitT30 (v1.1-frozen + |Qit_eff| -30% at 423 K; robustness study v1.3, 423 K only)"
C0177_T423,manual,0,C0177,C0177,423.0,0.9657303355634212,1.12297199703753,-1355083011090.7554,0.9218672811985016,9b6141fe39ea,1470e4b1eac5,5e1d50a6e395,0,True,0,49.318,3.7160860530823028,2.9757141848917903,159.52128499290274,0.011807422145274808,1.6897901579650449e-13,ae73669,2026-10-04T00:23:16+00:00,3.720584206215448,160.05733982135152,True,0.004115224816086321,4.25,2.9757141848917903,0.2307744434023607,5.0,1.5562533752444923e-12,True,True,-3.0516480335511975,-2.357034494015104,-2.2032381383274244,-2.1267955466553157,-2.079036799714094,-2.0205852878589705,-1.9849687490687786,-1.9603864163120632,-1.9421134995455547,-1.9278449093539738,-1.9163057106845383,,11081,92,1.5,False,False,"variant-qitT30 (v1.1-frozen + |Qit_eff| -30% at 423 K; robustness study v1.3, 423 K only)"
C0178_T423,manual,0,C0178,C0178,423.0,0.807207327708602,0.9538249876350164,-939366821199.6556,1.1387140046805144,ca3dce2d0c11,1470e4b1eac5,5e1d50a6e395,0,True,0,52.781,2.6078095969182216,2.937286229196887,154.13072071352462,0.0119587355942668,1.6897901579650446e-13,ae73669,2026-10-04T00:42:08+00:00,2.621158613385126,154.27982139078694,True,0.004855948856174867,3.0,2.937286229196887,0.23413639090511587,5.0,1.2053170961312532e-12,True,True,-2.279313145041672,-2.1532328607647995,-2.0901575621980357,-2.0508055695136735,-2.023341093058588,-1.9867196935736133,-1.9628412540201527,-1.945716140139668,-1.9326717556530724,-1.9223147361888666,-1.913838586834029,,11900,91,1.5,False,False,"variant-qitT30 (v1.1-frozen + |Qit_eff| -30% at 423 K; robustness study v1.3, 423 K only)"
C0179_T423,manual,0,C0179,C0179,423.0,1.119636706635356,1.0778399650007486,-1122139277867.973,0.8339041281491518,7ddf95e081be,1470e4b1eac5,5e1d50a6e395,0,True,0,38.507,3.238756503788365,2.908474896462577,158.31002608401212,0.012077524164483065,1.689790157965044e-13,ae73669,2026-10-04T00:43:36+00:00,3.2403651141784016,158.74179065357353,True,0.003958160824545291,3.75,2.908474896462577,0.23638221303867088,5.0,2.6864554942595694e-12,True,True,-2.560611979924188,-2.2796319755723764,-2.1698905787760414,-2.1069591487721975,-2.064849987140195,-2.010466476897046,-1.9758366593092385,-1.9512953745615462,-1.9327208768146156,-1.9180220849123468,-1.9060106289571859,,10145,92,1.5,False,False,"variant-qitT30 (v1.1-frozen + |Qit_eff| -30% at 423 K; robustness study v1.3, 423 K only)"
C0180_T423,manual,0,C0180,C0180,423.0,1.152346596866846,0.9100860629230738,-1489280914887.786,0.8620432682335377,860a186bd4c5,1470e4b1eac5,5e1d50a6e395,0,True,0,46.672,3.4047072767720183,2.8432816069932203,153.0683445572364,0.012350471396419956,1.6897901579650443e-13,ae73669,2026-10-04T00:45:50+00:00,3.416486866445008,153.2998259948245,True,0.004100596855162965,4.0,2.8432816069932203,0.2422023941642605,5.0,2.8842923473056007e-12,True,True,-2.636606769119342,-2.2810957094154096,-2.161533907187282,-2.0960640912996267,-2.053262258404287,-1.998954203773966,-1.9648190917907944,-1.9407801559238238,-1.9226444294661027,-1.908316465808613,-1.8966171651781027,,10028,93,1.5,False,False,"variant-qitT30 (v1.1-frozen + |Qit_eff| -30% at 423 K; robustness study v1.3, 423 K only)"
C0181_T423,manual,0,C0181,C0181,423.0,0.864928662031889,1.034127127751708,-572256003506.4817,1.1668035134673118,6bbe649c9ddf,1470e4b1eac5,5e1d50a6e395,0,True,0,64.575,2.2138862829283585,2.8643132877209188,156.59705456924712,0.012261007610692596,1.6897901579650443e-13,ae73669,2026-10-04T00:25:41+00:00,2.2182312451589965,157.11948653927809,True,0.004817857419698718,2.75,2.8643132877209188,0.24032256822070489,5.0,1.506821195477518e-12,True,True,-2.2138839638027,-2.1199782009900385,-2.067452401533223,-2.0328816282808235,-2.007972980888079,-1.9738209532674296,-1.9510185064395555,-1.934429295781469,-1.921671993456299,-1.9114738379919745,-1.9030851532225932,,11666,92,1.5,False,False,"variant-qitT30 (v1.1-frozen + |Qit_eff| -30% at 423 K; robustness study v1.3, 423 K only)"
C0182_T423,manual,0,C0182,C0182,423.0,0.9109402265399694,0.8891996268182993,-1222225115634.501,0.9999591168016196,2ea2a66b2958,1470e4b1eac5,5e1d50a6e395,0,True,0,34.765,2.903129831911817,2.8980247576371494,152.21893316227113,0.01211823379219335,1.6897901579650446e-13,ae73669,2026-10-04T00:19:56+00:00,2.914491450415196,152.8120584349869,True,0.004484899078641339,3.25,2.8980247576371494,0.23754793860873613,5.0,1.4891295931838511e-12,True,True,-2.3651764979328487,-2.190829413017606,-2.111950085800354,-2.064656452355262,-2.03233654872763,-1.989934772255135,-1.9626099116127385,-1.9431190401613425,-1.9283090655143986,-1.916560673090517,-1.906945871863821,,11432,93,1.5,False,False,"variant-qitT30 (v1.1-frozen + |Qit_eff| -30% at 423 K; robustness study v1.3, 423 K only)"
C0183_T423,manual,0,C0183,C0183,423.0,1.0235224794596434,1.1667332854121923,-843221889808.774,1.07898826636374,1d32cb1a9aa0,1470e4b1eac5,5e1d50a6e395,0,True,0,46.931,2.9735453227037487,2.81315873456265,160.61779330361537,0.012483129413950071,1.6897901579650449e-13,ae73669,2026-10-04T00:46:40+00:00,2.9768228450602994,161.1753731960316,True,0.004545155653895733,3.5,2.81315873456265,0.2447462902816379,5.0,1.1925260131107851e-12,True,True,-2.3936638153183916,-2.1987797564223626,-2.112902971341436,-2.061828528395997,-2.0270681520224527,-1.9816414302533039,-1.9524931043026932,-1.9317776497266885,-1.916087769111509,-1.9036765270862799,-1.8935444464235183,,10730,92,1.5,False,False,"variant-qitT30 (v1.1-frozen + |Qit_eff| -30% at 423 K; robustness study v1.3, 423 K only)"
C0184_T423,manual,0,C0184,C0184,423.0,1.0296316154301166,0.9884309340268372,-1127084138803.184,1.1878082565963268,4af294346508,1470e4b1eac5,5e1d50a6e395,0,True,0,49.84,2.9989573090673454,2.735523628075268,155.188157070681,0.012832893745969453,1.6897901579650446e-13,ae73669,2026-10-04T00:41:51+00:00,2.9990838372526847,155.5936398851462,True,0.005067053663187307,3.5,2.735523628075268,0.25214465507177763,5.0,1.553879005030354e-12,True,True,-2.362922283728665,-2.170262733249312,-2.0878353818689797,-2.039439397027047,-2.0067380482343777,-1.9642410644155706,-1.9370785946701101,-1.9178050085061278,-1.9032153599080228,-1.8916754015983983,-1.8822533299329647,,10730,92,1.5,False,False,"variant-qitT30 (v1.1-frozen + |Qit_eff| -30% at 423 K; robustness study v1.3, 423 K only)"
C0185_T423,manual,0,C0185,C0185,423.0,0.9421586535871028,1.0675500255078076,-811375323683.0234,0.8832442283630372,79cefd6fdac4,1470e4b1eac5,5e1d50a6e395,0,True,0,35.129,2.704815315083305,2.9709974671295423,157.92847972267316,0.011824896014469174,1.6897901579650443e-13,ae73669,2026-10-04T00:45:40+00:00,2.7108001742382717,158.4935499720571,True,0.004028266399730163,3.25,2.9709974671295423,0.2312768890992428,5.0,2.0785096877090283e-12,True,True,-2.360505286746033,-2.2083057641255124,-2.132247703990958,-2.084618124475401,-2.051249179722169,-2.006549792770614,-1.9772558634658268,-1.9561626519316182,-1.9400412945106555,-1.9272026696633686,-1.9166665372331821,,11198,93,1.5,False,False,"variant-qitT30 (v1.1-frozen + |Qit_eff| -30% at 423 K; robustness study v1.3, 423 K only)"
C0186_T423,manual,0,C0186,C0186,423.0,0.8819754894822837,0.812466086819768,-1395182333886.6233,1.0507745575159788,1bffe6c260c5,1470e4b1eac5,5e1d50a6e395,0,True,0,38.683,2.9626881207613622,2.8824437828786076,149.65266014357758,0.0121822399146482,1.689790157965045e-13,ae73669,2026-10-04T00:21:20+00:00,2.967421231999289,150.10015789911267,True,0.004828180660158539,3.5,2.8824437828786076,0.238988790328049,5.0,2.1151005230936513e-12,True,True,-2.362844830041284,-2.181883017003558,-2.1031784366171493,-2.0567686824272706,-2.0253475533921654,-1.9844383097534797,-1.9582323978556828,-1.9395995651493512,-1.9254686475039706,-1.9142728518398635,-1.9051182387697865,,11549,92,1.5,False,False,"variant-qitT30 (v1.1-frozen + |Qit_eff| -30% at 423 K; robustness study v1.3, 423 K only)"
C0187_T423,manual,0,C0187,C0187,423.0,1.1945023339241745,1.1317967128008604,-539374730549.7527,0.9703787434846164,740e45bad5e3,1470e4b1eac5,5e1d50a6e395,0,True,0,40.789,2.4080301015708314,2.7426864070454493,159.68497239883123,0.012800887290495081,1.689790157965045e-13,ae73669,2026-10-04T00:40:45+00:00,2.4188134888639836,159.91950954368988,True,0.004201258937640083,3.0,2.7426864070454493,0.25131868924008555,5.0,1.010708877702271e-12,True,True,-2.274321427141249,-2.1534520589430084,-2.0873717678643358,-2.0442087315887076,-2.013194675399625,-1.970698255363383,-1.94228443982723,-1.921560744244711,-1.9055770405940027,-1.8927599262888122,-1.882183599972143,,9794,93,1.5,False,False,"variant-qitT30 (v1.1-frozen + |Qit_eff| -30% at 423 K; robustness study v1.3, 423 K only)"
C0188_T423,manual,0,C0188,C0188,423.0,1.1272122241556644,0.8562278311699629,-906516121700.406,0.9485178716480732,c775522e7003,1470e4b1eac5,5e1d50a6e395,0,True,0,43.111,2.302269623640977,2.7461371891994437,151.2030017206459,0.012782195809302519,1.6897901579650443e-13,ae73669,2026-10-04T00:44:27+00:00,2.3140570143794914,151.39759150519956,True,0.004651647190946474,2.75,2.7461371891994437,0.25128615170456325,5.0,2.356597253330934e-12,True,True,-2.2379994633661684,-2.1312499924440362,-2.0718429306619526,-2.032729621129093,-2.004484044701033,-1.9655745559416715,-1.9394024143969424,-1.9202175719651213,-1.905356484158914,-1.8933945338185822,-1.883491229683022,,10145,92,1.5,False,False,"variant-qitT30 (v1.1-frozen + |Qit_eff| -30% at 423 K; robustness study v1.3, 423 K only)"
C0189_T423,manual,0,C0189,C0189,423.0,0.8396968238055706,1.1755843508988617,-1028071270324.2898,1.0288640543818477,3361aa8d33ed,1470e4b1eac5,5e1d50a6e395,0,True,0,48.076,3.2974722819790196,3.015904718687995,160.9294127863674,0.011651905621039125,1.6897901579650449e-13,ae73669,2026-10-04T00:23:21+00:00,3.3079838773649355,161.207024588103,True,0.004384884181741834,3.75,3.015904718687995,0.22753187205609052,5.0,2.461867224480013e-12,True,True,-2.557153236361949,-2.263285223101051,-2.1580692160117905,-2.0997741593289305,-2.06156594888825,-2.0131749786635367,-1.982945406789213,-1.9618179202144477,-1.9460028425407951,-1.9336030417604633,-1.9235512752357105,,11783,89,1.5,False,False,"variant-qitT30 (v1.1-frozen + |Qit_eff| -30% at 423 K; robustness study v1.3, 423 K only)"
C0190_T423,manual,0,C0190,C0190,423.0,0.9873685445636512,0.9447183977812528,-678517197258.7705,0.811336075887084,4db9dafa655b,1470e4b1eac5,5e1d50a6e395,0,True,0,42.863,2.1853617008678996,2.9463700126723733,154.24100112451077,0.011921361494402961,1.689790157965044e-13,ae73669,2026-10-04T00:21:38+00:00,2.1940543298371633,154.7262691219337,True,0.003920405755068641,2.75,2.9463700126723733,0.23345132212925937,5.0,1.7295351618248352e-12,True,True,-2.270563001655501,-2.1677671816526627,-2.1084672361276113,-2.0687007219638676,-2.0396672380027137,-1.9993040552621144,-1.9719633457462769,-1.9518522356506949,-1.9362462804319014,-1.9236741426041235,-1.9132621196110589,,10964,93,1.5,False,False,"variant-qitT30 (v1.1-frozen + |Qit_eff| -30% at 423 K; robustness study v1.3, 423 K only)"
C0191_T423,manual,0,C0191,C0191,423.0,1.0998529504984618,1.023811598494649,-1259972607716.918,1.1159511629492045,1ad3cf6b3cf0,1470e4b1eac5,5e1d50a6e395,0,True,0,43.508,3.3083140825476915,2.7370820984834663,156.31707252519544,0.012826259498066291,1.6897901579650446e-13,ae73669,2026-10-04T00:21:31+00:00,3.3199682955151872,156.3938483026164,True,0.004874642184496887,3.75,2.7370820984834663,0.25192507997672087,5.0,2.3251521568045162e-12,True,True,-2.521340629461182,-2.222515550223501,-2.117126186879583,-2.058901352550269,-2.0207379640784175,-1.9723047294057519,-1.9419199810629608,-1.9205835065263084,-1.9045371454802442,-1.8918999777792818,-1.8816131533642797,,10379,92,1.5,False,False,"variant-qitT30 (v1.1-frozen + |Qit_eff| -30% at 423 K; robustness study v1.3, 423 K only)"
C0192_T423,manual,0,C0192,C0192,423.0,1.094562317803502,0.9831174056977032,-643170030787.5872,0.8871530741453171,ce3fd741d07a,1470e4b1eac5,5e1d50a6e395,0,True,0,30.189,2.220999402701401,2.825694504481197,155.35330708750283,0.012426514165397053,1.6897901579650446e-13,ae73669,2026-10-04T00:20:10+00:00,2.2249017631564763,155.82384604442535,True,0.004204368188825289,2.75,2.825694504481197,0.2437929530914699,5.0,1.1629241149908044e-12,True,True,-2.255203130457117,-2.150397514326792,-2.0905020417791143,-2.0505220643649507,-2.021413695815808,-1.9810449876870804,-1.9537570777882602,-1.933709747534032,-1.918165882762222,-1.9056506807748115,-1.8952898192596066,,10379,91,1.5,False,False,"variant-qitT30 (v1.1-frozen + |Qit_eff| -30% at 423 K; robustness study v1.3, 423 K only)"
C0193_T423,manual,0,C0193,C0193,423.0,0.9820833448320628,1.0602666843682529,-1295289487577.9749,1.191718050092459,72ac53635503,1470e4b1eac5,5e1d50a6e395,0,True,0,54.354,3.4504798958518395,2.7945776129043445,157.3796879116859,0.012564796059462511,1.689790157965045e-13,ae73669,2026-10-04T00:24:11+00:00,3.456301588793628,157.70842096988403,True,0.004877810319556117,4.0,2.7945776129043445,0.24651256817367215,5.0,2.008515317326757e-12,True,True,-2.6182752572003856,-2.240179173003332,-2.1259650449469905,-2.065613575508984,-2.0269425670952197,-1.9787699041341724,-1.9490296316552094,-1.9283585533033996,-1.9129273478784046,-1.9008445560939966,-1.8910552918895385,,11081,92,1.5,False,False,"variant-qitT30 (v1.1-frozen + |Qit_eff| -30% at 423 K; robustness study v1.3, 423 K only)"
C0194_T423,manual,0,C0194,C0194,423.0,0.8406559497117997,0.8161316644400358,-878982056863.606,0.974287762120366,63336d46d846,1470e4b1eac5,5e1d50a6e395,0,True,0,47.923,2.1404078584715127,2.9359857138238143,149.86475586834501,0.011961813530617104,1.6897901579650449e-13,ae73669,2026-10-04T00:42:56+00:00,2.1529846816538423,150.2512690233097,True,0.0045696258802273015,2.5,2.9359857138238143,0.2344693194587574,5.0,1.0622058698626316e-12,True,True,-2.2201947501354677,-2.13027181768325,-2.078964864341308,-2.044827859689356,-2.0200461038615027,-1.9857907767856726,-1.9627139082453835,-1.9458031194809684,-1.9327185294449807,-1.9222029719669849,-1.9135126324963752,,11783,93,1.5,False,False,"variant-qitT30 (v1.1-frozen + |Qit_eff| -30% at 423 K; robustness study v1.3, 423 K only)"
C0195_T423,manual,0,C0195,C0195,423.0,1.1281771704554555,1.1405326921492815,-1055575063452.1244,1.0546841543167829,ed6bf78acb52,1470e4b1eac5,5e1d50a6e395,0,True,0,36.113,3.260133995863194,2.7648599941966348,159.8956518588951,0.01269947590173422,1.6897901579650449e-13,ae73669,2026-10-04T00:44:12+00:00,3.263135458670322,160.21822747489645,True,0.004576568714613799,3.75,2.7648599941966348,0.2491806310842723,5.0,2.0908274301868037e-12,True,True,-2.5185282880845343,-2.2348961315102245,-2.12934696269423,-2.0699564124416168,-2.030650136969157,-1.9803825427608162,-1.9486611495535366,-1.9263180077001805,-1.9094851440395073,-1.8962142016961259,-1.8854036956855884,,10145,92,1.5,False,False,"variant-qitT30 (v1.1-frozen + |Qit_eff| -30% at 423 K; robustness study v1.3, 423 K only)"
C0196_T423,manual,0,C0196,C0196,423.0,1.198594580963254,0.8723948646336794,-1422838944010.4363,1.026516790688038,cb5e4e95e200,1470e4b1eac5,5e1d50a6e395,0,True,0,43.5,3.1804763077978806,2.69715234256764,151.63862145402496,0.013013289186513573,1.6897901579650443e-13,ae73669,2026-10-04T00:46:34+00:00,3.1890131551048793,152.02644961202705,True,0.0047073520815742245,3.75,2.69715234256764,0.25594089648093965,5.0,2.97361389664531e-12,True,True,-2.4510306576101084,-2.203140087736374,-2.106196469429494,-2.0508646257406764,-2.0139665990911535,-1.966431246843706,-1.9361897950464282,-1.9147444277366832,-1.898492499727786,-1.8856129190410484,-1.8750728530697554,,9794,93,1.5,False,False,"variant-qitT30 (v1.1-frozen + |Qit_eff| -30% at 423 K; robustness study v1.3, 423 K only)"
C0197_T423,manual,0,C0197,C0197,423.0,0.8860603902488947,1.1968189220875505,-511748392134.9049,0.9461715675890444,aa6181554c52,1470e4b1eac5,5e1d50a6e395,0,True,0,60.46,2.5132691434941212,2.990911461043811,161.627831695217,0.011747911794466149,1.6897901579650449e-13,ae73669,2026-10-04T00:26:42+00:00,2.5172054168175864,161.97514912023775,True,0.004142508368916048,3.0,2.990911461043811,0.2295634991378356,5.0,3.0183745697605023e-12,True,True,-2.317150693223251,-2.188824300638746,-2.1210423409333052,-2.077570432036702,-2.046712648888073,-2.004947669886909,-1.9773702370126518,-1.9574443252559095,-1.9421919655289464,-1.9300393229017427,-1.9200668813086452,,11549,92,1.5,False,False,"variant-qitT30 (v1.1-frozen + |Qit_eff| -30% at 423 K; robustness study v1.3, 423 K only)"
C0198_T423,manual,0,C0198,C0198,423.0,0.9400007545948028,0.9269034165889024,-1162552900612.3542,1.1136040840297938,3e869880f904,1470e4b1eac5,5e1d50a6e395,0,True,0,34.057,2.9006991865383207,2.8232775833953228,153.30185225622338,0.012436687123388674,1.6897901579650446e-13,ae73669,2026-10-04T00:20:30+00:00,2.9118076794958383,153.78737408449632,True,0.004738449462537205,3.25,2.8232775833953228,0.2440612196285025,5.0,1.1627261653490706e-12,True,True,-2.343475632226598,-2.171933762827274,-2.0948493346818644,-2.0487786144411606,-2.0173574252352635,-1.9762167388128058,-1.949759769946747,-1.9309188343401642,-1.9166224953318316,-1.9052952913206844,-1.8960352347364735,,11198,93,1.5,False,False,"variant-qitT30 (v1.1-frozen + |Qit_eff| -30% at 423 K; robustness study v1.3, 423 K only)"
C0199_T423,manual,0,C0199,C0199,423.0,1.0274667575955392,1.0040296625345946,-775936848483.9797,0.8089895632117987,fbbb5e643414,1470e4b1eac5,5e1d50a6e395,0,True,0,50.998,2.4970243432435146,2.9436062888522008,156.09862963358233,0.011933285417561055,1.6897901579650443e-13,ae73669,2026-10-04T00:47:31+00:00,2.4974440957914616,156.5457618872228,True,0.003944979011953519,3.0,2.9436062888522008,0.23358875315976607,5.0,1.4767195501411568e-12,True,True,-2.327526081964572,-2.1968205183484546,-2.126620484347806,-2.0811483178866914,-2.0486334817379985,-2.0042600068982273,-1.9746827734180725,-1.9531440021924014,-1.9365450309938446,-1.9232399718967887,-1.9122630054247196,,10730,92,1.5,False,False,"variant-qitT30 (v1.1-frozen + |Qit_eff| -30% at 423 K; robustness study v1.3, 423 K only)"
C0200_T423,manual,0,C0200,C0200,423.0,1.0194279450923205,0.8261301670223475,-1195163359865.546,0.9242136150598526,95d819fdaad1,1470e4b1eac5,5e1d50a6e395,0,True,0,47.278,2.6867000551213622,2.8361718773539533,150.26096937937655,0.012379324207662384,1.6897901579650443e-13,ae73669,2026-10-04T00:42:39+00:00,2.694875898235954,150.75892255916668,True,0.00444380571535489,3.25,2.8361718773539533,0.2430376695030612,5.0,1.8776876149765906e-12,True,True,-2.314820242364235,-2.1710112546725404,-2.0995555273229702,-2.0549572607177975,-2.0237564794543994,-1.9819560879187785,-1.954502213731576,-1.9346699152427465,-1.9194588675158186,-1.907303062981001,-1.8972944067225237,,10847,93,1.5,False,False,"variant-qitT30 (v1.1-frozen + |Qit_eff| -30% at 423 K; robustness study v1.3, 423 K only)"
C0201_T423,manual,0,C0201,C0201,423.0,0.9068515066057444,1.1048510070890187,-870252897031.6052,1.0031926535069942,5ce52964648a,1470e4b1eac5,5e1d50a6e395,0,True,0,34.377,2.8797376237559487,2.9372798470265193,158.8625322031926,0.011959831236288868,1.6897901579650449e-13,ae73669,2026-10-04T00:46:14+00:00,2.8925439022950754,159.13704086461627,True,0.00428215179320581,3.25,2.9372798470265193,0.23400929703480322,5.0,8.614480656587986e-13,True,True,-2.380807580090323,-2.205668993344158,-2.124939336611191,-2.0761256893072737,-2.042617748502102,-1.9985319104539274,-1.9700956212917218,-1.9498284887361277,-1.9344517610449283,-1.922274948580518,-1.9123271777708548,,11432,93,1.5,False,False,"variant-qitT30 (v1.1-frozen + |Qit_eff| -30% at 423 K; robustness study v1.3, 423 K only)"
C0202_T423,manual,0,C0202,C0202,423.0,0.8670842677354813,0.9747794393450022,-1454407007433.474,0.8362506587058306,98db72c86eeb,1470e4b1eac5,5e1d50a6e395,0,True,0,41.454,3.521500470812323,3.0913480329523897,155.15281625419897,0.011368402898629526,1.6897901579650449e-13,ae73669,2026-10-04T00:22:02+00:00,3.5278679637020947,155.51350159671662,True,0.004042170140655105,4.0,3.0913480329523897,0.22190958528593596,5.0,1.9706553184232947e-12,True,True,-2.764077866062095,-2.3285066743644762,-2.199585912584973,-2.131439904212757,-2.0877041337467372,-2.033100534337086,-1.9992968024757733,-1.9757448186396607,-1.9581247917220568,-1.9443005433185416,-1.9330795033202477,,11666,92,1.5,False,False,"variant-qitT30 (v1.1-frozen + |Qit_eff| -30% at 423 K; robustness study v1.3, 423 K only)"
C0203_T423,manual,0,C0203,C0203,423.0,1.154507641494274,1.0944839086383582,-607099147513.5088,1.1410611134022477,649c3e9fdf99,1470e4b1eac5,5e1d50a6e395,0,True,0,43.164,2.4181721609133495,2.671310953546792,158.4223066872446,0.013139557100275843,1.689790157965044e-13,ae73669,2026-10-04T00:41:29+00:00,2.427451222715834,158.88903311192016,True,0.00470128388540122,3.0,2.671310953546792,0.25836778833821744,5.0,2.3731869613993944e-12,True,True,-2.238802817568825,-2.1231113269633584,-2.0608807367483806,-2.0206039790479573,-1.9918381061202632,-1.9526486565491892,-1.926585799367113,-1.9076453311070407,-1.8930764434968652,-1.8814192734480788,-1.8718178729720898,,10028,93,1.5,False,False,"variant-qitT30 (v1.1-frozen + |Qit_eff| -30% at 423 K; robustness study v1.3, 423 K only)"
C0204_T423,manual,0,C0204,C0204,423.0,1.1249250520020724,0.9185421641916036,-974363273940.9803,1.1628937378525734,a7c0b0871db8,1470e4b1eac5,5e1d50a6e395,0,True,0,45.914,2.569655868017038,2.66029542500658,152.9823388996736,0.01319207124684261,1.6897901579650443e-13,ae73669,2026-10-04T00:45:13+00:00,2.5822323069654076,153.0848010803893,True,0.005150430667108012,3.0,2.66029542500658,0.2596372048019463,5.0,1.4710109193055182e-12,True,True,-2.2478790065177296,-2.1216129292211003,-2.0570849600242855,-2.016325748965452,-1.987624941999215,-1.9489827128396953,-1.9235187350426872,-1.9051019774122782,-1.8909738571807388,-1.8796870118490558,-1.8703992891676031,,10145,92,1.5,False,False,"variant-qitT30 (v1.1-frozen + |Qit_eff| -30% at 423 K; robustness study v1.3, 423 K only)"
C0205_T423,manual,0,C0205,C0205,423.0,0.8124887082725764,1.0382694695144892,-1087173588573.9326,0.8581344522535801,4b791e8039e8,1470e4b1eac5,5e1d50a6e395,0,True,0,53.389,3.0833958942979875,3.126211236505422,157.04756637050266,0.011243476848008188,1.6897901579650449e-13,ae73669,2026-10-04T00:24:15+00:00,3.0977608861855415,157.04531708359647,True,0.004005176685556973,3.5,3.126211236505422,0.21925608094172597,5.0,1.7110083604203234e-12,True,True,-2.485287903768891,-2.2635105731985528,-2.169988273261016,-2.115261903839051,-2.0783469249545554,-2.0304660035512803,-1.999936769656769,-1.9783221636326669,-1.9619928175348256,-1.9490993700468935,-1.9385882882616923,,11900,92,1.5,False,False,"variant-qitT30 (v1.1-frozen + |Qit_eff| -30% at 423 K; robustness study v1.3, 423 K only)"
C0206_T423,manual,0,C0206,C0206,423.0,0.9647689163684844,0.8824158933013678,-737516541033.9833,1.075078699365258,628b35dca115,1470e4b1eac5,5e1d50a6e395,0,True,0,41.172,2.092145904347085,2.7868599704583676,151.91998383339734,0.012596993198558596,1.6897901579650446e-13,ae73669,2026-10-04T00:22:19+00:00,2.105926167541598,151.85844197619886,True,0.004892905047220543,2.5,2.7868599704583676,0.2474707090008348,5.0,2.6647844154601466e-12,True,True,-2.1945512924822084,-2.1068997871965283,-2.056335950231337,-2.0224847754377757,-1.9978125735130012,-1.9635845166555554,-1.940453807878164,-1.9234716552335203,-1.9103155139441088,-1.8997331051291224,-1.8909816751532003,,11081,91,1.5,False,False,"variant-qitT30 (v1.1-frozen + |Qit_eff| -30% at 423 K; robustness study v1.3, 423 K only)"
C0207_T423,manual,0,C0207,C0207,423.0,1.0523323848843575,1.161113888397813,-1327930408529.9373,0.9960501160472632,da99e57231c1,1470e4b1eac5,5e1d50a6e395,0,True,0,41.447,3.754038538367505,2.86987467684331,160.5259288645583,0.01223918913343364,1.689790157965045e-13,ae73669,2026-10-04T00:22:13+00:00,3.75530680826267,160.90676667795577,True,0.00436505985194369,4.25,2.86987467684331,0.23963312225844913,5.0,1.5634718217114537e-12,True,True,-3.126311164478178,-2.3478215373825666,-2.189055974099985,-2.11147825020236,-2.063354134600356,-2.004746936069892,-1.9691643453499896,-1.9446513518000506,-1.9264500771162585,-1.9122473539666418,-1.9007667110082531,,10496,92,1.5,False,False,"variant-qitT30 (v1.1-frozen + |Qit_eff| -30% at 423 K; robustness study v1.3, 423 K only)"
C0208_T423,manual,0,C0208,C0208,423.0,1.069073174893856,0.8926426284015179,-825136544182.8966,1.1106998059898614,8056ab304a28,1470e4b1eac5,5e1d50a6e395,0,True,0,29.789,2.260284131535477,2.7034720434807404,152.21246707941754,0.012982569953103212,1.6897901579650443e-13,ae73669,2026-10-04T00:20:40+00:00,2.2633991760973906,152.50585402259836,True,0.005028020111378496,2.75,2.7034720434807404,0.25538278487553656,5.0,1.1659987384713786e-12,True,True,-2.2059296347939195,-2.10673940226368,-2.0515316238943884,-2.015222171271649,-1.9890365608655727,-1.9530377476314875,-1.9288904384663748,-1.9112362128040448,-1.897594440712484,-1.8866393286470313,-1.8775893247287847,,10496,92,1.5,False,False,"variant-qitT30 (v1.1-frozen + |Qit_eff| -30% at 423 K; robustness study v1.3, 423 K only)"
C0209_T423,manual,0,C0209,C0209,423.0,0.956600496172905,1.163924840092659,-1234420479275.286,0.8182446327060462,3e03e515dcdf,1470e4b1eac5,5e1d50a6e395,0,True,0,49.893,3.6242596049110163,3.0675409368079496,160.83688854526235,0.01145761011062526,1.6897901579650449e-13,ae73669,2026-10-04T00:25:01+00:00,3.6382347819143845,160.75528962964393,True,0.003716934655630078,4.0,3.0675409368079496,0.22351069667458104,5.0,1.831114745725119e-12,True,True,-2.9202949206232987,-2.3687588178403844,-2.222375217457373,-2.14648577530869,-2.098124582998267,-2.0380282633747426,-2.0009636533886983,-1.9752048489350569,-1.955971701190748,-1.9409059603797356,-1.9286933063388056,,11081,91,1.5,False,False,"variant-qitT30 (v1.1-frozen + |Qit_eff| -30% at 423 K; robustness study v1.3, 423 K only)"
C0210_T423,manual,0,C0210,C0210,423.0,0.8167295400053263,0.9064965926110744,-588350017555.058,1.047786904871464,8aa265d1a33b,1470e4b1eac5,5e1d50a6e395,0,True,0,50.262,1.9176824357214768,2.937147852466535,152.7109123166143,0.011958428990121334,1.6897901579650446e-13,ae73669,2026-10-04T00:43:47+00:00,1.9275000167447818,153.06534914120556,True,0.0045177029801891175,2.5,2.937147852466535,0.23423790752851859,5.0,1.4552424562008892e-12,True,True,-2.192198195231791,-2.1149619192376687,-2.0690070889987395,-2.0377610683403153,-2.0147813531174483,-1.9826670646665767,-1.9608490323861967,-1.944792677276249,-1.9323422204366825,-1.9223258709944195,-1.9140448570806685,,12017,93,1.5,False,False,"variant-qitT30 (v1.1-frozen + |Qit_eff| -30% at 423 K; robustness study v1.3, 423 K only)"
C0211_T423,manual,0,C0211,C0211,423.0,1.104256673529744,1.036789071559906,-1475109478458.7622,0.9310628212988376,54bd98452c7a,1470e4b1eac5,5e1d50a6e395,0,True,0,39.924,3.7033655175056923,2.8580541824948624,156.94655724954632,0.012288500343891838,1.689790157965044e-13,ae73669,2026-10-04T00:44:52+00:00,3.7094141492480484,157.39940758901727,True,0.0042493870327739575,4.25,2.8580541824948624,0.24075713298361445,5.0,1.1758315675292064e-12,True,True,-3.0129545913265128,-2.33868581789119,-2.186440924470538,-2.110364206992883,-2.0626863155999584,-2.004135891914313,-1.9683127555165763,-1.9434986120115898,-1.9249935052372484,-1.910501114030707,-1.8987495575733317,,10262,93,1.5,False,False,"variant-qitT30 (v1.1-frozen + |Qit_eff| -30% at 423 K; robustness study v1.3, 423 K only)"
C0212_T423,manual,0,C0212,C0212,423.0,1.1744650259613991,0.950282511115074,-1107997941784.5603,0.9529702264815568,055b4ac9af6e,1470e4b1eac5,5e1d50a6e395,0,True,0,45.27,2.885241655359532,2.755555139017463,154.222582430599,0.01274034593139277,1.6897901579650446e-13,ae73669,2026-10-04T00:47:20+00:00,2.8980994213167675,154.58286383460705,True,0.004378704245967093,3.25,2.755555139017463,0.2502324420649444,5.0,2.03125908026178e-12,True,True,-2.3698605405905364,-2.1906003460051755,-2.107423740908896,-2.05687274197449,-2.0220140142338145,-1.9758742675851522,-1.9458808494372715,-1.9243524485295882,-1.9079134409095793,-1.8948187796886322,-1.884063514192343,,9911,93,1.5,False,False,"variant-qitT30 (v1.1-frozen + |Qit_eff| -30% at 423 K; robustness study v1.3, 423 K only)"
C0213_T423,manual,0,C0213,C0213,423.0,0.8619493365287781,1.080552154034376,-955491889268.16,1.069644771143794,9147f8953cd9,1470e4b1eac5,5e1d50a6e395,0,True,0,55.458,2.9555319936855793,2.943655654818657,158.11496687278114,0.011934134595811611,1.689790157965045e-13,ae73669,2026-10-04T00:27:38+00:00,2.961001967781956,158.392679963414,True,0.0045030794447860015,3.5,2.943655654818657,0.23348810401998812,5.0,2.562751319311872e-12,True,True,-2.388516669043065,-2.202837583978161,-2.121013478495904,-2.0724638083568308,-2.039497870297362,-1.9965348535885235,-1.9690518416687255,-1.949566996618738,-1.9348389366400758,-1.9232090683950012,-1.913729947679064,,11666,92,1.5,False,False,"variant-qitT30 (v1.1-frozen + |Qit_eff| -30% at 423 K; robustness study v1.3, 423 K only)"
C0214_T423,manual,0,C0214,C0214,423.0,0.914308849349618,0.8489059150218964,-1367309428751.4688,0.8901047259569168,cf8aa64fb19f,1470e4b1eac5,5e1d50a6e395,0,True,0,31.743,3.034419139945342,2.9580727905986537,151.05972889757103,0.01187388475578308,1.689790157965045e-13,ae73669,2026-10-04T00:21:02+00:00,3.0436188594360636,151.34845592738077,True,0.004419441468179824,3.5,2.9580727905986537,0.23257105434896716,5.0,1.958905143713415e-12,True,True,-2.4293363130817873,-2.2240929379676966,-2.136110397308622,-2.084365658814737,-2.049349967789996,-2.0037508177663153,-1.9745196915224272,-1.9537182680970562,-1.9379286399642364,-1.9254071705161049,-1.915158993601852,,11432,92,1.5,False,False,"variant-qitT30 (v1.1-frozen + |Qit_eff| -30% at 423 K; robustness study v1.3, 423 K only)"
C0215_T423,manual,0,C0215,C0215,423.0,1.001792972162366,1.1202109716832638,-692277944646.7758,1.182611062377691,666800ad2004,1470e4b1eac5,5e1d50a6e395,0,True,0,50.261,2.614454956173034,2.7628085269123153,159.16544867837322,0.012708074848095897,1.6897901579650449e-13,ae73669,2026-10-04T00:48:22+00:00,2.6271749668203914,159.08168867430683,True,0.004798551399785507,3.0,2.7628085269123153,0.24946265597433429,5.0,2.000044117941625e-12,True,True,-2.2759649465910754,-2.1431961178043886,-2.076297501174243,-2.0343371417912817,-2.0049371137193894,-1.9655793333975515,-1.9398194473360084,-1.9212974006344354,-1.907161583198172,-1.8959202359270981,-1.8867078090972491,,10964,91,1.5,False,False,"variant-qitT30 (v1.1-frozen + |Qit_eff| -30% at 423 K; robustness study v1.3, 423 K only)"
C0216_T423,manual,0,C0216,C0216,423.0,1.0451108679175376,0.9480609759688378,-1275098165497.1838,1.097467378154397,7c1380254359,1470e4b1eac5,5e1d50a6e395,0,True,0,49.472,3.1405001605431826,2.763842890232353,154.01099240793192,0.012702230778564048,1.6897901579650446e-13,ae73669,2026-10-04T00:43:29+00:00,3.1524119294504187,154.24291215430185,True,0.004733309401014937,3.5,2.763842890232353,0.2494819389198949,5.0,1.6762158037835927e-12,True,True,-2.4305703556595954,-2.198482883687723,-2.106241768637376,-2.0534130466770684,-2.018163003130975,-1.9727937765472467,-1.9440035959382373,-1.9236488923177493,-1.9082708222408387,-1.896120001111475,-1.8862044057486569,,10613,93,1.5,False,False,"variant-qitT30 (v1.1-frozen + |Qit_eff| -30% at 423 K; robustness study v1.3, 423 K only)"
C0217_T423,manual,0,C0217,C0217,423.0,0.9325403422117232,1.020908645540476,-661407967098.0573,0.9798168923705816,82162dc0f34a,1470e4b1eac5,5e1d50a6e395,0,True,0,38.469,2.3387011587105673,2.895230947050998,156.39542443211053,0.012130924152914353,1.689790157965045e-13,ae73669,2026-10-04T00:46:53+00:00,2.352620509836973,156.44462814600013,True,0.004417402731046722,2.75,2.895230947050998,0.23766783728183502,5.0,2.7471294906005407e-12,True,True,-2.262425287149803,-2.1531577023691924,-2.093010822164177,-2.053675387019564,-2.0254190899712072,-1.9867457434163465,-1.9609369438857656,-1.9421488498124886,-1.9276844866646177,-1.9161061126352539,-1.9065681940933705,,11315,92,1.5,False,False,"variant-qitT30 (v1.1-frozen + |Qit_eff| -30% at 423 K; robustness study v1.3, 423 K only)"
C0218_T423,manual,0,C0218,C0218,423.0,0.8912045422941447,0.8525434687733651,-1014875889755.7854,1.1596521452069282,2ed494ad549d,1470e4b1eac5,5e1d50a6e395,0,True,0,37.66,2.453788677335731,2.8177411498215967,150.86103563091746,0.01245997701148972,1.6897901579650449e-13,ae73669,2026-10-04T00:22:39+00:00,2.459395439158552,151.30861371032046,True,0.005024386484985734,3.0,2.8177411498215967,0.24466579340319267,5.0,2.0278509416059305e-12,True,True,-2.232188212198708,-2.122463873521423,-2.0649689043288837,-2.028307162797293,-2.002374519611745,-1.9673556556429392,-1.944244543090697,-1.9275283054233898,-1.9147121438333121,-1.9044827589442948,-1.8960743922651113,,11432,92,1.5,False,False,"variant-qitT30 (v1.1-frozen + |Qit_eff| -30% at 423 K; robustness study v1.3, 423 K only)"
C0219_T423,manual,0,C0219,C0219,423.0,1.1786342103034255,1.178145492821932,-925540270283.8182,0.8677327491343022,c2c187c11158,1470e4b1eac5,5e1d50a6e395,0,True,0,43.613,3.150155199078281,2.8585145736880486,161.17851874535393,0.012287560502570181,1.6897901579650443e-13,ae73669,2026-10-04T00:42:13+00:00,3.162053637401601,161.47833007215596,True,0.0038465355466597564,3.75,2.8585145736880486,0.24060424022687796,5.0,1.1730914352856725e-12,True,True,-2.5153516309339357,-2.263078672791825,-2.1586903080514603,-2.097651512331646,-2.0563924951403734,-2.0026778680728037,-1.9682614617087142,-1.9437913680754542,-1.925235519616032,-1.9105343307372094,-1.898511949188276,,9911,93,1.5,False,False,"variant-qitT30 (v1.1-frozen + |Qit_eff| -30% at 423 K; robustness study v1.3, 423 K only)"
C0220_T423,manual,0,C0220,C0220,423.0,1.148842562735081,0.8088292934000493,-558428979478.7765,0.8396401423960924,754d840fe4dc,1470e4b1eac5,5e1d50a6e395,0,True,0,43.714,1.6090082663459715,2.7703673887284137,149.8257983590198,0.012670398491556373,1.6897901579650449e-13,ae73669,2026-10-04T00:45:57+00:00,1.6238403902641365,149.94429556690417,True,0.004333062454949824,2.0,2.7703673887284137,0.24909736961527382,5.0,2.0740807847158224e-12,True,True,-2.174057644513404,-2.102643166115074,-2.0572786523310547,-2.0251890569572653,-2.0009311097800793,-1.9660633756907813,-1.9416990873328481,-1.9233961132695963,-1.9089713207035266,-1.8972097260824208,-1.8873735902952424,,10145,93,1.5,False,False,"variant-qitT30 (v1.1-frozen + |Qit_eff| -30% at 423 K; robustness study v1.3, 423 K only)"
C0221_T423,manual,0,C0221,C0221,423.0,0.8364243388175965,1.134408287703991,-1382018007338.047,1.1315099995583295,3dd86c05fd80,1470e4b1eac5,5e1d50a6e395,0,True,0,50.917,3.770838579128799,2.978178094635472,159.64202252215952,0.011798025433720388,1.6897901579650449e-13,ae73669,2026-10-04T00:25:06+00:00,3.776447446828643,159.99272938717567,True,0.004691633430667585,4.25,2.978178094635472,0.23055971718736962,5.0,1.5533383160575414e-12,True,True,-3.1469313953676035,-2.330184415157917,-2.178561013231419,-2.1065383911979914,-2.062553744690619,-2.0097315551107937,-1.9780812400238836,-1.9564760211074277,-1.9405473160582378,-1.9281906719308555,-1.918252681558489,,11900,92,1.5,False,False,"variant-qitT30 (v1.1-frozen + |Qit_eff| -30% at 423 K; robustness study v1.3, 423 K only)"
C0222_T423,manual,0,C0222,C0222,423.0,0.9902486953884364,0.9918235965073108,-794297147542.2383,0.9016769975423812,b88d88a071ee,1470e4b1eac5,5e1d50a6e395,0,True,0,42.294,2.4873894056512738,2.8983391816812785,155.58915993017837,0.012117807295231603,1.689790157965044e-13,ae73669,2026-10-04T00:23:02+00:00,2.489139286223463,156.04779391283725,True,0.004232409069779022,3.0,2.8983391816812785,0.23742066931899944,5.0,1.973020457910789e-12,True,True,-2.3007170321549357,-2.1751722734413295,-2.1082369173407782,-2.0650824124881275,-2.0343273405207296,-1.992498066404641,-1.9647111938449364,-1.9445259912464368,-1.9290003954980641,-1.916575958200522,-1.9063400528432493,,10964,92,1.5,False,False,"variant-qitT30 (v1.1-frozen + |Qit_eff| -30% at 423 K; robustness study v1.3, 423 K only)"
C0223_T423,manual,0,C0223,C0223,423.0,1.0778306651860476,1.0646942988038064,-1142239796929.0615,1.0193786464631558,b3e0fd9bcf01,1470e4b1eac5,5e1d50a6e395,0,True,0,43.511,3.2241513031928144,2.804222622247616,157.6777892980059,0.012522061186284713,1.6897901579650443e-13,ae73669,2026-10-04T00:22:57+00:00,3.2274537956148115,158.204029329861,True,0.004502357835796819,3.75,2.804222622247616,0.24560974614063733,5.0,2.8486468801375212e-12,True,True,-2.500779537870452,-2.2333296323411336,-2.1311281536354767,-2.0731825685115193,-2.034692266055322,-1.9853252836546988,-1.9540942913556227,-1.9320603429919467,-1.9154401088878426,-1.9023241784617075,-1.891631570402557,,10496,92,1.5,False,False,"variant-qitT30 (v1.1-frozen + |Qit_eff| -30% at 423 K; robustness study v1.3, 423 K only)"
C0224_T423,manual,0,C0224,C0224,423.0,1.0864291463047266,0.8218566562980414,-1448417950421.5718,1.1751664496958254,39824f1def01,1470e4b1eac5,5e1d50a6e395,0,True,0,29.083,3.0689296824795007,2.6777330109740816,149.82891289489518,0.013105929097918328,1.6897901579650446e-13,ae73669,2026-10-04T00:21:09+00:00,3.0815854721645244,149.72094750662268,True,0.00534445791789278,3.5,2.6777330109740816,0.25797958875279353,5.0,1.923697866891936e-12,True,True,-2.368296467549816,-2.1623665980555584,-2.078043412891778,-2.029328846535127,-1.9966758895320469,-1.954467760979817,-1.927560064102475,-1.9084660584884876,-1.8939958085978188,-1.8825321858737087,-1.8731562486138318,,10379,92,1.5,False,False,"variant-qitT30 (v1.1-frozen + |Qit_eff| -30% at 423 K; robustness study v1.3, 423 K only)"
C0225_T423,manual,0,C0225,C0225,423.0,0.9990055847913026,1.147455543652177,-617025005631.1488,0.8959928587079048,7e6db89b02e4,1470e4b1eac5,5e1d50a6e395,0,True,0,50.806,2.576607355451807,2.9241174198957918,160.2605797236728,0.012013307792366298,1.6897901579650443e-13,ae73669,2026-10-04T00:25:52+00:00,2.5902923992091864,160.44646891999392,True,0.0040594513003166565,3.0,2.9241174198957918,0.23508788490811602,5.0,1.6472667686645337e-12,True,True,-2.3334478631060636,-2.1952508386504777,-2.123060521920791,-2.0769281154726102,-2.044222769090963,-1.9999621060360804,-1.9707061909406451,-1.949533326788886,-1.9332973746573552,-1.920337395746114,-1.9096833560145898,,10964,92,1.5,False,False,"variant-qitT30 (v1.1-frozen + |Qit_eff| -30% at 423 K; robustness study v1.3, 423 K only)"
C0226_T423,manual,0,C0226,C0226,423.0,0.827835275232792,0.9790895756334066,-1216456986032.4265,1.063031842932105,1deca5579b5e,1470e4b1eac5,5e1d50a6e395,0,True,0,54.875,3.128182479860345,2.971870273543392,154.98953171998585,0.011821133844343941,1.6897901579650443e-13,ae73669,2026-10-04T00:44:42+00:00,3.1409972260831083,155.12724841696013,True,0.0045782405494913785,3.5,2.971870273543392,0.23125342626493683,5.0,1.8968443107395422e-12,True,True,-2.444015304289236,-2.219198473367768,-2.129615037308103,-2.078393957728472,-2.0442961466089264,-2.000562777777568,-1.9729407622596513,-1.953495708967503,-1.9388622161979865,-1.9273408653561688,-1.917969579139267,,11900,93,1.5,False,False,"variant-qitT30 (v1.1-frozen + |Qit_eff| -30% at 423 K; robustness study v1.3, 423 K only)"
C0227_T423,manual,0,C0227,C0227,423.0,1.140411901473999,1.0519404027611017,-845083512365.818,0.9580268416553736,3ca5dec9144a,1470e4b1eac5,5e1d50a6e395,0,True,0,38.826,2.715285051374592,2.7812480223864084,157.35449166589143,0.012624363639396823,1.6897901579650449e-13,ae73669,2026-10-04T00:45:32+00:00,2.7197800254544835,157.78373057125194,True,0.004342765157538999,3.25,2.7812480223864084,0.2477484058561364,5.0,2.271374304140574e-12,True,True,-2.335079635250086,-2.1813313243880934,-2.104903317346203,-2.057109500961418,-2.023630576884319,-1.9787526720097746,-1.94929474762061,-1.9280443313770197,-1.9117724757304728,-1.898790504287624,-1.8881183251895994,,10145,92,1.5,False,False,"variant-qitT30 (v1.1-frozen + |Qit_eff| -30% at 423 K; robustness study v1.3, 423 K only)"
C0228_T423,manual,0,C0228,C0228,423.0,1.182496029511094,0.9353036526590586,-727819562889.6356,0.9361629329621792,11587570f91f,1470e4b1eac5,5e1d50a6e395,0,True,0,45.571,2.229594262454301,2.735009070186097,153.7829991935543,0.012834748111725152,1.6897901579650443e-13,ae73669,2026-10-04T00:48:06+00:00,2.23233242302124,154.2509453379296,True,0.004452133061231385,2.75,2.735009070186097,0.25224390763860977,5.0,1.3024471729910232e-12,True,True,-2.2366228279531013,-2.1326447973035885,-2.073507616698857,-2.0341258153437902,-2.0054871221708885,-1.9657958356601855,-1.9389657942049796,-1.9192446544692021,-1.9039427198579317,-1.8916126501527457,-1.8813970216502607,,9911,92,1.5,False,False,"variant-qitT30 (v1.1-frozen + |Qit_eff| -30% at 423 K; robustness study v1.3, 423 K only)"
C0229_T423,manual,0,C0229,C0229,423.0,0.8949323732405902,1.00817732475698,-1333690585568.5474,1.041118296980858,f1b6b42a0c7a,1470e4b1eac5,5e1d50a6e395,0,True,0,60.199,3.3940188927996173,2.9308203551616456,155.91921113891482,0.01198537112707493,1.6897901579650449e-13,ae73669,2026-10-04T00:28:38+00:00,3.4058384899979237,156.1328203099861,True,0.004449638058127631,3.75,2.9308203551616456,0.2346110763803314,5.0,1.46711261266745e-12,True,True,-2.599754066026968,-2.2593732388822136,-2.148269925233425,-2.0883284062651764,-2.0495369127374596,-2.0008465062323495,-1.9706049535733183,-1.9495116330319462,-1.933728235600355,-1.9213485134913824,-1.911305400637481,,11549,93,1.5,False,False,"variant-qitT30 (v1.1-frozen + |Qit_eff| -30% at 423 K; robustness study v1.3, 423 K only)"
C0230_T423,manual,0,C0230,C0230,423.0,0.9285897120833396,0.8655933652073146,-999761542305.3503,0.8240755360573531,f4365958bddf,1470e4b1eac5,5e1d50a6e395,0,True,0,30.076,2.490364064167548,2.9767867360552587,151.68336551449758,0.011799825939772055,1.6897901579650449e-13,ae73669,2026-10-04T00:21:32+00:00,2.491774699731346,152.1328510880238,True,0.004144049455520049,3.0,2.9767867360552587,0.23105180962960487,5.0,1.1478387684782376e-12,True,True,-2.3099783260897793,-2.1850991302035134,-2.118600446044743,-2.075760887828673,-2.045237896384076,-2.00371091170331,-1.9760943349916986,-1.9560038248698342,-1.9405275977808396,-1.9281243989611674,-1.9178918298636762,,11315,92,1.5,False,False,"variant-qitT30 (v1.1-frozen + |Qit_eff| -30% at 423 K; robustness study v1.3, 423 K only)"
C0231_T423,manual,0,C0231,C0231,423.0,1.0410262435674666,1.1911694165319204,-1065651078708.4698,1.103300191834569,cf44acef71eb,1470e4b1eac5,5e1d50a6e395,0,True,0,49.891,3.3881983619140192,2.806662519000364,161.2732013085153,0.012512187598161821,1.6897901579650449e-13,ae73669,2026-10-04T00:49:12+00:00,3.39994796069814,161.4698448593368,True,0.004451653080939315,3.75,2.806662519000364,0.2452913134798192,5.0,1.526560005857909e-12,True,True,-2.5979363781663976,-2.2525872579979667,-2.1385291538671964,-2.0766178063587932,-2.0363926872259444,-1.9857264664296115,-1.954169582631569,-1.9321270557482864,-1.9156201977425245,-1.9026667527564363,-1.8921547612539202,,10613,93,1.5,False,False,"variant-qitT30 (v1.1-frozen + |Qit_eff| -30% at 423 K; robustness study v1.3, 423 K only)"
C0232_T423,manual,0,C0232,C0232,423.0,1.0120760235935449,0.9632087845355272,-904715992510.3188,1.013496521860361,ddbe45005532,1470e4b1eac5,5e1d50a6e395,0,True,0,49.658,2.5843690646363138,2.812948344447051,154.56759363741963,0.01248219358788445,1.689790157965045e-13,ae73669,2026-10-04T00:44:19+00:00,2.5981152434365433,154.6198853175058,True,0.004620348087423489,3.0,2.812948344447051,0.24496479762768222,5.0,2.6620738424585653e-12,True,True,-2.289368914511556,-2.157655758983346,-2.090060312213385,-2.047273734054239,-2.01711442786346,-1.9764895561280038,-1.9497240987848596,-1.9303779476885712,-1.9155478641736923,-1.9037090861760606,-1.8939740543584862,,10847,92,1.5,False,False,"variant-qitT30 (v1.1-frozen + |Qit_eff| -30% at 423 K; robustness study v1.3, 423 K only)"
C0233_T423,manual,0,C0233,C0233,423.0,0.9245549965649844,1.093504424020648,-1033777869306.5046,0.9091276183724404,112661fd42e7,1470e4b1eac5,5e1d50a6e395,0,True,0,34.563,3.1260049932922733,2.989132754181275,158.64189679851614,0.011754287381680191,1.689790157965044e-13,ae73669,2026-10-04T00:47:28+00:00,3.1394777265496474,158.77921232166847,True,0.004048086083012338,3.5,2.989132754181275,0.2297608157357269,5.0,9.389052550418906e-13,True,True,-2.490208812277042,-2.2540948027540053,-2.1568779653317494,-2.1003883065965945,-2.0624020769240907,-2.0132322370070264,-1.9819204381351558,-1.9597614370649656,-1.943022172922864,-1.9298036953850903,-1.9190253864987572,,11315,91,1.5,False,False,"variant-qitT30 (v1.1-frozen + |Qit_eff| -30% at 423 K; robustness study v1.3, 423 K only)"
C0234_T423,manual,0,C0234,C0234,423.0,0.8519198432564736,0.8360769081860782,-633686709217.7272,1.1264595832675697,9fabd850a489,1470e4b1eac5,5e1d50a6e395,0,True,0,38.274,1.7898149603097198,2.8462349472174564,150.3507583980545,0.012335985609937587,1.6897901579650449e-13,ae73669,2026-10-04T00:23:18+00:00,1.799406222313328,150.44482749608048,True,0.005099908487279124,2.25,2.8462349472174564,0.24215168819979532,5.0,1.5467594370262828e-12,True,True,-2.156990190593021,-2.0878105592098617,-2.045892589052745,-2.0171007049217486,-1.9957831984770553,-1.9657943402822535,-1.9452897892154308,-1.930132293346605,-1.9183390494565442,-1.9088261459020957,-1.9009443745757904,,11783,92,1.5,False,False,"variant-qitT30 (v1.1-frozen + |Qit_eff| -30% at 423 K; robustness study v1.3, 423 K only)"
C0235_T423,manual,0,C0235,C0235,423.0,1.1643986225128171,1.1073559861630202,-1300897110253.5725,0.8462592694908381,9e5f158825bb,1470e4b1eac5,5e1d50a6e395,0,True,0,43.169,3.598248696120924,2.8936334217486177,159.1678668671388,0.012139596205383749,1.6897901579650449e-13,ae73669,2026-10-04T00:42:56+00:00,3.6127758455217247,159.21069505580644,True,0.003948186464790082,4.0,2.8936334217486177,0.23757362512282518,5.0,1.139430896764089e-12,True,True,-2.8675359230635302,-2.3427687324090076,-2.1986004097442406,-2.1231479870703973,-2.0748067543049795,-2.0144166759624564,-1.9769582746366108,-1.9508066943938407,-1.9312039249747328,-1.915795758787136,-1.903266949056105,,10028,92,1.5,False,False,"variant-qitT30 (v1.1-frozen + |Qit_eff| -30% at 423 K; robustness study v1.3, 423 K only)"
C0236_T423,manual,0,C0236,C0236,423.0,1.1064827505499124,0.8797910820692778,-1183632929809.3916,0.8743953488767148,80deff88d9cb,1470e4b1eac5,5e1d50a6e395,0,True,0,46.384,2.824227648287261,2.830538161904392,152.09851874334805,0.012404702764523668,1.6897901579650443e-13,ae73669,2026-10-04T00:46:44+00:00,2.8382721149310273,152.19687244249002,True,0.004360606009720597,3.25,2.830538161904392,0.24343624057865884,5.0,1.0316834192503066e-12,True,True,-2.366127646964632,-2.1974066185235217,-2.116891243398033,-2.0674089285121715,-2.0330729610463134,-1.987374120401243,-1.9575178526132486,-1.9360147883418728,-1.9195530722682814,-1.9064136376210146,-1.8956035052016456,,10262,92,1.5,False,False,"variant-qitT30 (v1.1-frozen + |Qit_eff| -30% at 423 K; robustness study v1.3, 423 K only)"
C0237_T423,manual,0,C0237,C0237,423.0,0.8190169412642718,1.1510931927710772,-750920077785.8496,1.1545460253953934,be1dee42cb81,1470e4b1eac5,5e1d50a6e395,0,True,0,49.145,2.7829275881554403,2.954005320317847,160.09032272015799,0.011893460732502572,1.6897901579650446e-13,ae73669,2026-10-04T00:25:55+00:00,2.7909130917458795,160.37256044241295,True,0.0047299461373198,3.25,2.954005320317847,0.2325594896945844,5.0,1.6095146049277531e-12,True,True,-2.3310369610946466,-2.1785242129177855,-2.106606892500714,-2.062836952012725,-2.0327207441947204,-1.9930704836474569,-1.9675173679640843,-1.9493364676647076,-1.9355703212369921,-1.9246917569589739,-1.915823127872512,,12017,92,1.5,False,False,"variant-qitT30 (v1.1-frozen + |Qit_eff| -30% at 423 K; robustness study v1.3, 423 K only)"
C0238_T423,manual,0,C0238,C0238,423.0,0.9541391238570214,0.919446162506938,-1416514160111.5464,0.9872103076428176,433a4b2e9b0c,1470e4b1eac5,5e1d50a6e395,0,True,0,43.466,3.3017823625486216,2.8899014427416585,153.2271128379621,0.012152527571331876,1.6897901579650443e-13,ae73669,2026-10-04T00:23:45+00:00,3.3133112729755516,153.43575487100992,True,0.004617171960463529,3.75,2.8899014427416585,0.23818428602837535,5.0,1.2980224534109297e-12,True,True,-2.5373528500301656,-2.244336040234355,-2.1397208024869974,-2.081781099075486,-2.0437748690810094,-1.9955188280837308,-1.9652315683916222,-1.9439543180506833,-1.9279457324982845,-1.9153333849365135,-1.9050631749249367,,11081,92,1.5,False,False,"variant-qitT30 (v1.1-frozen + |Qit_eff| -30% at 423 K; robustness study v1.3, 423 K only)"
C0239_T423,manual,0,C0239,C0239,423.0,1.0666731208562852,1.0497187722474337,-521948874928.05725,1.0916302759200334,472f225fc46b,1470e4b1eac5,5e1d50a6e395,0,True,0,44.502,2.17533023762326,2.73470756998718,157.13710872451824,0.012836872155997934,1.6897901579650446e-13,ae73669,2026-10-04T00:23:41+00:00,2.1840975540987366,157.45444835980206,True,0.004607524432038586,2.75,2.73470756998718,0.2522012974221125,5.0,1.3997996544456539e-12,True,True,-2.2115340457389387,-2.1150074358408357,-2.0599584290756137,-2.023300041680803,-1.996668721998386,-1.9598406903374495,-1.935034228271282,-1.9168670029432306,-1.902820784949157,-1.8915407839674818,-1.8822249548482748,,10613,93,1.5,False,False,"variant-qitT30 (v1.1-frozen + |Qit_eff| -30% at 423 K; robustness study v1.3, 423 K only)"
C0240_T423,manual,0,C0240,C0240,423.0,1.062313288450241,0.9055151768028736,-1020773429423.5706,0.8015953999012709,dcaa2f49ac84,1470e4b1eac5,5e1d50a6e395,0,True,0,31.124,2.637002765091418,2.911965356935685,153.02831262953998,0.012060888142623507,1.6897901579650446e-13,ae73669,2026-10-04T00:21:41+00:00,2.650582655642265,153.20215652583613,True,0.003960984341520309,3.0,2.911965356935685,0.23633449721905406,5.0,1.92332855316096e-12,True,True,-2.3458935277029496,-2.2009019188273564,-2.1263678445095686,-2.0790496695655407,-2.0456005014309997,-2.0003761214710396,-1.9704427938937765,-1.9487193479100724,-1.9320065177623993,-1.918620710335297,-1.9075801059107693,,10613,93,1.5,False,False,"variant-qitT30 (v1.1-frozen + |Qit_eff| -30% at 423 K; robustness study v1.3, 423 K only)"
C0241_T423,manual,0,C0241,C0241,423.0,0.9748838141560554,1.0252225890755653,-915767031721.7708,1.1194419581443071,d4b80a3cbf5d,1470e4b1eac5,5e1d50a6e395,0,True,0,56.589,2.7526458661515014,2.8033391992693755,156.3709668698246,0.012525241547966744,1.6897901579650454e-13,ae73669,2026-10-04T00:26:49+00:00,2.753477387981866,156.71627366433177,True,0.0048258370896948006,3.25,2.8033391992693755,0.2457761432364403,5.0,2.1451670292156276e-12,True,True,-2.311854430818616,-2.161558072225256,-2.0893597680610325,-2.0449973571289686,-2.014271188695013,-1.973527221306786,-1.9470593203090272,-1.92810506889972,-1.9136736418382558,-1.9022138900565215,-1.8928310658217613,,11081,92,1.5,False,False,"variant-qitT30 (v1.1-frozen + |Qit_eff| -30% at 423 K; robustness study v1.3, 423 K only)"
C0242_T423,manual,0,C0242,C0242,423.0,0.8021571625024081,0.895150301605463,-1253712958656.2517,0.9395081900060176,3033a058a748,1470e4b1eac5,5e1d50a6e395,0,True,0,52.696,2.9751095627665642,3.046385268574104,152.48732393692077,0.011533664290657322,1.6897901579650446e-13,ae73669,2026-10-04T00:45:35+00:00,2.9784362138802885,152.96220862113051,True,0.004376120942468488,3.5,3.046385268574104,0.22544724949881653,5.0,2.608591606455444e-12,True,True,-2.407580734493283,-2.2192707751837255,-2.1368038828278557,-2.088010648264557,-2.0549228299505984,-2.0118166149215195,-1.9842176554745592,-1.9646183368013002,-1.9497756311512338,-1.9380326937120882,-1.9284436838878265,,12017,92,1.5,False,False,"variant-qitT30 (v1.1-frozen + |Qit_eff| -30% at 423 K; robustness study v1.3, 423 K only)"
C0243_T423,manual,0,C0243,C0243,423.0,1.114727494493127,1.1738681718707085,-686729915440.0825,1.0316236644983292,3ae15f6c6852,1470e4b1eac5,5e1d50a6e395,0,True,0,35.977,2.738973916587809,2.770124684255398,160.89769069019178,0.012675428463443241,1.6897901579650446e-13,ae73669,2026-10-04T00:46:08+00:00,2.740420372552602,161.19864119161048,True,0.004456861482348021,3.25,2.770124684255398,0.24870040417273928,5.0,1.1208273892338028e-12,True,True,-2.33469193827622,-2.1781358507889217,-2.101298448889037,-2.0535347819699368,-2.0202054110017906,-1.9757046162652474,-1.9466185470789683,-1.9257079406039475,-1.909742619818488,-1.8970373514294137,-1.886616010991313,,10262,92,1.5,False,False,"variant-qitT30 (v1.1-frozen + |Qit_eff| -30% at 423 K; robustness study v1.3, 423 K only)"
C0244_T423,manual,0,C0244,C0244,423.0,1.157017603516579,0.8388871029019356,-803841502405.7031,1.0597338166087866,14b579a7132e,1470e4b1eac5,5e1d50a6e395,0,True,0,41.717,2.078351012709112,2.65933229401667,150.52544771664088,0.013195805299192979,1.6897901579650446e-13,ae73669,2026-10-04T00:48:48+00:00,2.0918737985642832,150.41514952263447,True,0.0050024954352565175,2.5,2.65933229401667,0.2598406779197377,5.0,2.3449390347194507e-12,True,True,-2.181614559954496,-2.092980758487148,-2.041489305525121,-2.00684780048403,-1.981500343592597,-1.9461705090043664,-1.9221639751804658,-1.9044568214483344,-1.8906832543760268,-1.8795641009858874,-1.8703387776020177,,10028,92,1.5,False,False,"variant-qitT30 (v1.1-frozen + |Qit_eff| -30% at 423 K; robustness study v1.3, 423 K only)"
C0245_T423,manual,0,C0245,C0245,423.0,0.869435827434063,1.1175819404423235,-1136571140959.859,0.9676694128662348,42a9a3c393aa,1470e4b1eac5,5e1d50a6e395,0,True,0,55.741,3.344930969840466,3.014577831636765,159.3255899875582,0.011656425603820303,1.6897901579650449e-13,ae73669,2026-10-04T00:29:34+00:00,3.358849069968743,159.2891943150144,True,0.004240630479548756,3.75,3.014577831636765,0.22769220853202715,5.0,2.9432860334358567e-12,True,True,-2.5959676207545708,-2.2777050217482904,-2.1670928409622894,-2.1062398624427305,-2.066467073122409,-2.016169779100693,-1.9847612678862596,-1.9627993571226627,-1.946346464231672,-1.9334346038241879,-1.9229576292072241,,11666,92,1.5,False,False,"variant-qitT30 (v1.1-frozen + |Qit_eff| -30% at 423 K; robustness study v1.3, 423 K only)"
C0246_T423,manual,0,C0246,C0246,423.0,0.9046739239245654,0.9617291674017906,-532878151163.45886,1.1975994028151034,118db68ee117,1470e4b1eac5,5e1d50a6e395,0,True,0,33.542,1.9647385131517354,2.7953726355036888,154.33756421251704,0.012559863870243144,1.6897901579650443e-13,ae73669,2026-10-04T00:22:06+00:00,1.9689670139426576,154.8045539119856,True,0.0050026283435415375,2.5,2.7953726355036888,0.2465956687703652,5.0,1.667111269364797e-12,True,True,-2.170703024278906,-2.0923247625229786,-2.0462165812077986,-2.0150550731110424,-1.9922245137764132,-1.9604312323942619,-1.9389009176860494,-1.9230904644034823,-1.910850142255228,-1.9010150676627249,-1.892892152489341,,11549,91,1.5,False,False,"variant-qitT30 (v1.1-frozen + |Qit_eff| -30% at 423 K; robustness study v1.3, 423 K only)"
C0247_T423,manual,0,C0247,C0247,423.0,1.017091954126954,1.0814596094191071,-1403632094152.2715,0.87970320135355,600b8f911d29,1470e4b1eac5,5e1d50a6e395,0,True,0,50.129,3.7004141544106592,2.960362475905363,158.32745409148842,0.011867826535001022,1.6897901579650443e-13,ae73669,2026-10-04T00:50:03+00:00,3.7069512287942534,158.97279973436486,True,0.004019865180060627,4.25,2.960362475905363,0.23205025195380197,5.0,1.4063975678491047e-12,True,True,-3.0240344771913135,-2.3588493824914987,-2.2055246687493804,-2.128524546750369,-2.080162160754332,-2.0206971263937645,-1.9843023933046633,-1.9591029628639591,-1.940323860660834,-1.9256288101343009,-1.913722806009352,,10847,93,1.5,False,False,"variant-qitT30 (v1.1-frozen + |Qit_eff| -30% at 423 K; robustness study v1.3, 423 K only)"
C0248_T423,manual,0,C0248,C0248,423.0,1.0360072314739228,0.8594682037830353,-562524504959.5833,0.9902184408158065,cf647b0c33ff,1470e4b1eac5,5e1d50a6e395,0,True,0,43.411,1.7497341583472392,2.7621192339434995,151.29085458718257,0.012708491578608766,1.6897901579650446e-13,ae73669,2026-10-04T00:45:02+00:00,1.749768069177644,151.62615292031526,True,0.0047153397301965445,2.25,2.7621192339434995,0.24981524778622818,5.0,1.493232552950462e-12,True,True,-2.166640709544106,-2.0934185091026425,-2.0482408890390738,-2.0168473002899012,-1.9934080865019848,-1.9601423560546656,-1.9371898785455728,-1.9201059919896324,-1.9067394690682344,-1.89590599452571,-1.8868923798701454,,10613,90,1.5,False,False,"variant-qitT30 (v1.1-frozen + |Qit_eff| -30% at 423 K; robustness study v1.3, 423 K only)"
C0249_T423,manual,0,C0249,C0249,423.0,0.9484799101948738,1.1838662646710874,-1497059232555.3298,1.0824790615588429,19db3e8dc68e,1470e4b1eac5,5e1d50a6e395,0,True,0,32.892,4.073840119977316,2.9148329439662977,161.11290208796714,0.012052324055729596,1.6897901579650446e-13,ae73669,2026-10-04T00:48:01+00:00,4.086544849931498,161.14970359163894,True,0.004540665935372747,4.5,2.9148329439662977,0.23575705646081435,5.0,1.1625932509097452e-12,True,True,-4.366360708520598,-2.43318926052003,-2.2155699008850043,-2.12493997024032,-2.072176143377708,-2.010765095235652,-1.9747737991238257,-1.9504777370708983,-1.932680322394065,-1.9189291997896556,-1.9078981672125888,,11198,92,1.5,False,False,"variant-qitT30 (v1.1-frozen + |Qit_eff| -30% at 423 K; robustness study v1.3, 423 K only)"
C0250_T423,manual,0,C0250,C0250,423.0,0.8774134147912265,0.9397320479154588,-834528344683.3491,0.8530335865914822,f0e4c55b3553,1470e4b1eac5,5e1d50a6e395,0,True,0,41.487,2.421691968264476,3.015183191665688,154.03297974653458,0.011651863269425503,1.689790157965045e-13,ae73669,2026-10-04T00:24:00+00:00,2.43179714820673,154.40251192085435,True,0.003986169970405776,3.0,3.015183191665688,0.22788239917945102,5.0,1.4825763438132371e-12,True,True,-2.3014774592190226,-2.1833573791262224,-2.119351232709425,-2.077794904465567,-2.0480643255273296,-2.007501294470225,-1.9804888188796619,-1.9608396101610641,-1.9457143301084905,-1.933604620309597,-1.9236254178617807,,11549,93,1.5,False,False,"variant-qitT30 (v1.1-frozen + |Qit_eff| -30% at 423 K; robustness study v1.3, 423 K only)"
C0251_T423,manual,0,C0251,C0251,423.0,1.1898862812668085,1.016884272545576,-1228965479880.5713,1.1695631235837936,431b0b326046,1470e4b1eac5,5e1d50a6e395,0,True,0,45.547,3.2372321025469035,2.6569071656139034,156.06667532438135,0.013210140699873904,1.6897901579650443e-13,ae73669,2026-10-04T00:43:42+00:00,3.2388358164512985,156.4717802714305,True,0.0050211919001705765,3.75,2.6569071656139034,0.2598304202499373,5.0,2.2528108140898165e-12,True,True,-2.4664904755241075,-2.198241597266792,-2.098533660964073,-2.0425627260218806,-2.0055739475880365,-1.9583101891043144,-1.9284832762859632,-1.9074591602579116,-1.8916046993585311,-1.8790925567341914,-1.8688904044867343,,9794,92,1.5,False,False,"variant-qitT30 (v1.1-frozen + |Qit_eff| -30% at 423 K; robustness study v1.3, 423 K only)"
C0252_T423,manual,0,C0252,C0252,423.0,1.1321763902902604,0.9959693275392056,-1346076835878.1934,1.147673263773322,c271cdd3d8b4,1470e4b1eac5,5e1d50a6e395,0,True,0,48.648,3.3761864474507632,2.7011926509994106,155.43044976708043,0.012995099205627258,1.6897901579650443e-13,ae73669,2026-10-04T00:47:33+00:00,3.3887123036187425,155.5507927095764,True,0.004864965857439934,3.75,2.7011926509994106,0.25542556431496716,5.0,9.453831217976746e-13,True,True,-2.5565679596176807,-2.223616677809868,-2.1136905252882814,-2.054093354199297,-2.015386583753713,-1.9666016093177783,-1.9361541102262128,-1.914830644845245,-1.8988186605352353,-1.8862204007114844,-1.8759713912951983,,10145,93,1.5,False,False,"variant-qitT30 (v1.1-frozen + |Qit_eff| -30% at 423 K; robustness study v1.3, 423 K only)"
C0253_T423,manual,0,C0253,C0253,423.0,0.8446920797228814,1.0730987071990967,-717386296018.9581,0.8311947975307703,b68f590ab5b1,1470e4b1eac5,5e1d50a6e395,0,True,0,48.856,2.5704025393274517,3.0974054638160893,158.15640410620358,0.011346933483520564,1.6897901579650449e-13,ae73669,2026-10-04T00:26:45+00:00,2.584163687750097,158.37497606859756,True,0.003903474903830721,3.0,3.0974054638160893,0.22139888509704186,5.0,2.2521745989831982e-12,True,True,-2.350633301222292,-2.214805353982845,-2.143814201786435,-2.098481668041758,-2.0663730937158054,-2.0229742742129906,-1.994330880055992,-1.973627159377744,-1.957768187304564,-1.9451214909929297,-1.9347343495646967,,11783,92,1.5,False,False,"variant-qitT30 (v1.1-frozen + |Qit_eff| -30% at 423 K; robustness study v1.3, 423 K only)"
C0254_T423,manual,0,C0254,C0254,423.0,0.9782700199633836,0.8031824819743634,-1114170106127.8582,1.010636518150568,9d7daae622ce,1470e4b1eac5,5e1d50a6e395,0,True,0,39.861,2.4816406837530636,2.8042352667601174,149.40917561547025,0.012518707834921006,1.6897901579650446e-13,ae73669,2026-10-04T00:24:25+00:00,2.4840606951489006,149.74579087557638,True,0.004820871106130275,3.0,2.8042352667601174,0.24596700363904456,5.0,1.7238693111876202e-12,True,True,-2.253707458051449,-2.136852592427145,-2.0754782796885687,-2.0362415039141566,-2.0084182567682722,-1.9707196275945666,-1.9457313113670083,-1.9275854081155783,-1.9136224875966605,-1.9024404961355468,-1.893220692637444,,11081,92,1.5,False,False,"variant-qitT30 (v1.1-frozen + |Qit_eff| -30% at 423 K; robustness study v1.3, 423 K only)"
C0255_T423,manual,0,C0255,C0255,423.0,1.0907858971506357,1.1276033788919448,-945382923819.1248,0.9183262541890144,36c4785de568,1470e4b1eac5,5e1d50a6e395,0,True,0,41.026,3.061917849448559,2.862085579266635,159.65491564087264,0.01227160673309069,1.6897901579650443e-13,ae73669,2026-10-04T00:24:23+00:00,3.074468832737976,159.75059567149742,True,0.004180728560823686,3.5,2.862085579266635,0.24037584109643476,5.0,1.076749800432708e-12,True,True,-2.4601674595426477,-2.2378584495089977,-2.142296751523686,-2.0858069774658126,-2.047438025147222,-1.9973216947737629,-1.965140743379803,-1.9422384581718983,-1.9248646322994811,-1.9110985709623451,-1.8998418464291635,,10379,92,1.5,False,False,"variant-qitT30 (v1.1-frozen + |Qit_eff| -30% at 423 K; robustness study v1.3, 423 K only)"
C0256_T423,manual,0,C0256,C0256,423.0,1.0921106349676848,0.8040580667555333,-613950738683.3429,1.104194064438343,06b5989640d4,1470e4b1eac5,5e1d50a6e395,0,True,0,28.404,1.6658919321257548,2.65804337542363,149.32659185293687,0.013201467329009986,1.6897901579650443e-13,ae73669,2026-10-04T00:22:09+00:00,1.675752138283234,149.75119657297347,True,0.004940117947739162,2.25,2.65804337542363,0.2600476936601189,5.0,1.0355188928556913e-12,True,True,-2.130325979955538,-2.063303704193075,-2.0216155981843995,-1.9925121420823104,-1.9707133808387214,-1.939673499105673,-1.9181846666995919,-1.902150460008956,-1.8895809885259398,-1.8793777947429477,-1.8708779275205363,,10379,93,1.5,False,False,"variant-qitT30 (v1.1-frozen + |Qit_eff| -30% at 423 K; robustness study v1.3, 423 K only)"
C0257_T423,manual,0,C0257,C0257,423.0,0.9796811606734992,1.1269240602850914,-1445636578835.5469,0.8247748114168645,2454d5eab901,1470e4b1eac5,5e1d50a6e395,0,True,0,49.239,3.8812883904165374,3.0496789847114294,159.7511199890128,0.011523995777712383,1.6897901579650446e-13,ae73669,2026-10-04T00:27:39+00:00,3.8948784877864053,159.76940870946387,True,0.003760649809495396,4.25,3.0496789847114294,0.224888753092939,5.0,2.4665849510946033e-12,True,True,-3.5198741724071443,-2.428783807237648,-2.244312925001879,-2.1572012957785165,-2.1038314483453657,-2.039356498684525,-2.0004283210844815,-1.9736835689798453,-1.9538553556856757,-1.938396909513158,-1.9259077505847342,,11081,91,1.5,False,False,"variant-qitT30 (v1.1-frozen + |Qit_eff| -30% at 423 K; robustness study v1.3, 423 K only)"
C0258_T423,manual,0,C0258,C0258,423.0,0.8444545082747936,0.9968393333256244,-845853653736.4125,1.0420120630413294,1901e3428b98,1470e4b1eac5,5e1d50a6e395,0,True,0,53.218,2.573109966386904,2.9486544014881138,155.57666881905286,0.011913225944951008,1.689790157965045e-13,ae73669,2026-10-04T00:46:29+00:00,2.5862367624956266,155.69041981894648,True,0.004612007306297943,3.0,2.9486544014881138,0.2331681200780972,5.0,1.8548516510376743e-12,True,True,-2.2929210455142153,-2.1658544889592712,-2.1008995808076447,-2.059930281209252,-2.0311425182580023,-1.9925185005723387,-1.9671941778666304,-1.9489665045393023,-1.9350459402239064,-1.9239706213563101,-1.9148913026910026,,11783,92,1.5,False,False,"variant-qitT30 (v1.1-frozen + |Qit_eff| -30% at 423 K; robustness study v1.3, 423 K only)"
C0259_T423,manual,0,C0259,C0259,423.0,1.1320248402655124,1.072423060238361,-1217636136338.1147,0.936862101778388,bb822a89d1c6,1470e4b1eac5,5e1d50a6e395,0,True,0,34.036,3.3717204233364124,2.8290350103304065,157.9930632654122,0.012413566299587935,1.6897901579650443e-13,ae73669,2026-10-04T00:46:42+00:00,3.3852613470349806,158.17852245630692,True,0.004204763881341432,3.75,2.8290350103304065,0.2433198398723578,5.0,1.047681581246851e-12,True,True,-2.6125499826622254,-2.2734078900611254,-2.1563706243160117,-2.0918154905764124,-2.04947757425092,-1.9956776077969185,-1.961872689794252,-1.9381044947942845,-1.9202099913792186,-1.9061034318993921,-1.8946097253472671,,10145,91,1.5,False,False,"variant-qitT30 (v1.1-frozen + |Qit_eff| -30% at 423 K; robustness study v1.3, 423 K only)"
C0260_T423,manual,0,C0260,C0260,423.0,1.1897446494549513,0.9406007692217828,-1334747727029.0256,0.958694788813591,73013d6ecdeb,1470e4b1eac5,5e1d50a6e395,0,True,0,43.809,3.2274791190864045,2.7552556488659286,153.90921405804846,0.012741886538057027,1.6897901579650443e-13,ae73669,2026-10-04T00:49:32+00:00,3.2304621951264005,154.36624388325237,True,0.004511773019259367,3.75,2.7552556488659286,0.2502423947804762,5.0,7.78837949435261e-13,True,True,-2.500730866489258,-2.231464265856141,-2.1281309319217794,-2.0694000995550406,-2.030305747615388,-1.980016807177594,-1.9480738705728315,-1.925451052445974,-1.9083255600301643,-1.8947662664738119,-1.8836786217966703,,9794,92,1.5,False,False,"variant-qitT30 (v1.1-frozen + |Qit_eff| -30% at 423 K; robustness study v1.3, 423 K only)"
C0261_T423,manual,0,C0261,C0261,423.0,0.8771628733724356,1.0162102915346622,-728711839765.3103,1.0638958178460598,21f977cf9b5d,1470e4b1eac5,5e1d50a6e395,0,True,0,54.101,2.4301448858313948,2.9030089967106623,156.1538199191574,0.012098851603385715,1.6897901579650454e-13,ae73669,2026-10-04T00:30:29+00:00,2.438532809486005,156.69881068331338,True,0.0045013888378489676,3.0,2.9030089967106623,0.23699430288775195,5.0,1.512616340008195e-12,True,True,-2.2625591748483407,-2.149185190949564,-2.088731774568194,-2.0498395485230296,-2.022189204307452,-1.9847087212378711,-1.9599171432464846,-1.9419766157692921,-1.9282253474433322,-1.917255850012611,-1.908245266400533,,11549,93,1.5,False,False,"variant-qitT30 (v1.1-frozen + |Qit_eff| -30% at 423 K; robustness study v1.3, 423 K only)"
C0262_T423,manual,0,C0262,C0262,423.0,0.94990096911788,0.8603450790047646,-1062747702002.5254,0.896660890057683,5d5a0fcad519,1470e4b1eac5,5e1d50a6e395,0,True,0,32.166,2.571696758086028,2.9093824899478467,151.43283455285638,0.012070773637673895,1.6897901579650443e-13,ae73669,2026-10-04T00:22:38+00:00,2.585533460301691,151.5372119883404,True,0.004427627842021648,3.0,2.9093824899478467,0.23663742096730997,5.0,2.8358946519697236e-12,True,True,-2.3049093989751452,-2.1740310770165854,-2.1063807314892617,-2.06341717387542,-2.033066637053738,-1.9920851273931177,-1.9650083949364134,-1.9453898186885554,-1.9303188121486128,-1.9182648942932439,-1.9083361471533218,,11198,92,1.5,False,False,"variant-qitT30 (v1.1-frozen + |Qit_eff| -30% at 423 K; robustness study v1.3, 423 K only)"
C0263_T423,manual,0,C0263,C0263,423.0,1.0373189993202687,1.183185274153948,-996809407137.3344,1.176030508801341,d1408f09d1a2,1470e4b1eac5,5e1d50a6e395,0,True,0,46.527,3.253687956929728,2.768843915714203,161.0147381646758,0.012681392507671451,1.689790157965044e-13,ae73669,2026-10-04T00:50:50+00:00,3.2547968539968575,161.38586904437724,True,0.004826222762064608,3.75,2.768843915714203,0.2488092175539948,5.0,2.3526982353024316e-12,True,True,-2.4940886835726617,-2.2179522999016954,-2.116680079629142,-2.060118884983661,-2.0228695336578344,-1.9754692487432588,-1.945711585168294,-1.9248344368172086,-1.9091575486299117,-1.8968330551930004,-1.886818899100517,,10613,92,1.5,False,False,"variant-qitT30 (v1.1-frozen + |Qit_eff| -30% at 423 K; robustness study v1.3, 423 K only)"
C0264_T423,manual,0,C0264,C0264,423.0,1.0157801639288664,0.9610351949930191,-1033127991482.6156,1.0907663241028789,fa490c047187,1470e4b1eac5,5e1d50a6e395,0,True,0,48.591,2.7819152008475925,2.7772516671793643,154.4293239635316,0.01264133212392207,1.689790157965044e-13,ae73669,2026-10-04T00:45:51+00:00,2.7900260362958105,154.72421881657266,True,0.004869567924711401,3.25,2.7772516671793643,0.24823860811813922,5.0,1.3036303981854832e-12,True,True,-2.3168028624208374,-2.1619315308197695,-2.0882520418954718,-2.043142902890975,-2.011950658064869,-1.9706219486384426,-1.9437717462708441,-1.9245295636016144,-1.9098646032404816,-1.8982071583649482,-1.8886524126137514,,10847,92,1.5,False,False,"variant-qitT30 (v1.1-frozen + |Qit_eff| -30% at 423 K; robustness study v1.3, 423 K only)"
C0265_T423,manual,0,C0265,C0265,423.0,0.9032528426498176,1.0823479406535623,-903408912010.4908,0.9865423835814,15839b39020a,1470e4b1eac5,5e1d50a6e395,0,True,0,33.294,2.881353189721106,2.946905307270141,158.24659604343188,0.011920945558695765,1.6897901579650449e-13,ae73669,2026-10-04T00:48:35+00:00,2.8941702270551586,158.4796031701377,True,0.0042570234025116225,3.25,2.946905307270141,0.23322958297587038,5.0,2.1747444178780575e-12,True,True,-2.3833354092739185,-2.207845423194341,-2.1269360638325123,-2.0780065428196037,-2.044414316319546,-2.000207901108585,-1.971684511880767,-1.951348621181507,-1.9359148684446157,-1.92368929538125,-1.9136989625878136,,11549,93,1.5,False,False,"variant-qitT30 (v1.1-frozen + |Qit_eff| -30% at 423 K; robustness study v1.3, 423 K only)"
C0266_T423,manual,0,C0266,C0266,423.0,0.869686346501112,0.8382016658782959,-1304095157422.1252,1.153681990876794,2573b3d6cbed,1470e4b1eac5,5e1d50a6e395,0,True,0,39.305,2.8829758140724047,2.850738067351923,150.39811957283027,0.012316974466386073,1.689790157965045e-13,ae73669,2026-10-04T00:24:39+00:00,2.8953379572540707,150.64530707511682,True,0.005038471452790276,3.25,2.850738067351923,0.24171784750146916,5.0,2.497376392791143e-12,True,True,-2.3233863397274077,-2.1606055498891386,-2.08767716544449,-2.044218004227968,-2.014639644878818,-1.9759843683980522,-1.9511630113760308,-1.9335009173617324,-1.920105574824016,-1.909495958886026,-1.9008250949206924,,11666,93,1.5,False,False,"variant-qitT30 (v1.1-frozen + |Qit_eff| -30% at 423 K; robustness study v1.3, 423 K only)"
C0267_T423,manual,0,C0267,C0267,423.0,1.157159212976694,1.1184636436402795,-636351773515.3436,0.8737273421138525,5a7f7f651233,1470e4b1eac5,5e1d50a6e395,0,True,0,43.379,2.5426527983326426,2.831973243061256,159.44569437699002,0.012400712154220561,1.6897901579650438e-13,ae73669,2026-10-04T00:44:26+00:00,2.5529888771545837,159.66716210410144,True,0.004074250187603117,3.0,2.831973243061256,0.2430649807928301,5.0,2.0604780510026594e-12,True,True,-2.3245244585846305,-2.1876020744644493,-2.11493975308411,-2.0681062960408596,-2.034710770112568,-1.9892465509914998,-1.9590105179501085,-1.9370265182216564,-1.9201045901673113,-1.9065533732436353,-1.895381727253086,,10028,92,1.5,False,False,"variant-qitT30 (v1.1-frozen + |Qit_eff| -30% at 423 K; robustness study v1.3, 423 K only)"
C0268_T423,manual,0,C0268,C0268,423.0,1.1148790221661329,0.8944631986320019,-753463133238.256,0.8455600172281266,562386b02d8e,1470e4b1eac5,5e1d50a6e395,0,True,0,46.868,2.168656211497597,2.8244204159533157,152.5918838721283,0.012431169369180787,1.6897901579650449e-13,ae73669,2026-10-04T00:48:20+00:00,2.179130731125832,152.92072227308086,True,0.004092888612477441,2.75,2.8244204159533157,0.2440037740189796,5.0,1.7409869839380826e-12,True,True,-2.248104395769874,-2.1470694866758,-2.088652534105483,-2.0494147504136224,-2.0207258371648935,-1.9807631107083166,-1.9536235506865847,-1.9336126254098633,-1.9180502787571587,-1.9054880164351329,-1.8950649543044273,,10262,93,1.5,False,False,"variant-qitT30 (v1.1-frozen + |Qit_eff| -30% at 423 K; robustness study v1.3, 423 K only)"
C0269_T423,manual,0,C0269,C0269,423.0,0.802394711598754,1.1747511595487594,-1186953112483.025,1.125565733760595,e26a4285714e,1470e4b1eac5,5e1d50a6e395,0,True,0,50.899,3.546765296310955,3.017433592871239,160.80752338579484,0.011646416785414008,1.6897901579650438e-13,ae73669,2026-10-04T00:27:36+00:00,3.556918773351448,161.04308781357045,True,0.004624591511395871,4.0,3.017433592871239,0.22737922709115044,5.0,1.3402989529288004e-12,True,True,-2.7475170267760456,-2.2886135331078243,-2.1648868293348555,-2.101376780176327,-2.061275967740689,-2.0119553360226314,-1.9818726484097835,-1.961143562915941,-1.9457742029755742,-1.9338076720361181,-1.9241592906886238,,12017,92,1.5,False,False,"variant-qitT30 (v1.1-frozen + |Qit_eff| -30% at 423 K; robustness study v1.3, 423 K only)"
C0270_T423,manual,0,C0270,C0270,423.0,0.9734726510941982,0.904822876304388,-520519789308.3096,0.9084284741431476,b18a003cd97d,1470e4b1eac5,5e1d50a6e395,0,True,0,41.395,1.813334966525332,2.8659239253833793,152.8431302829412,0.012252437729975649,1.6897901579650443e-13,ae73669,2026-10-04T00:25:07+00:00,1.8264030578930421,152.90369782347258,True,0.004403850504413013,2.25,2.8659239253833793,0.24035478192702311,5.0,1.0011626944139707e-12,True,True,-2.197785224000407,-2.119661251758463,-2.0717650680807056,-2.038602925234293,-2.013905371352621,-1.9789463636639264,-1.9548922495377674,-1.937026263728444,-1.9230716467192672,-1.9117774960054315,-1.90239177693256,,11081,92,1.5,False,False,"variant-qitT30 (v1.1-frozen + |Qit_eff| -30% at 423 K; robustness study v1.3, 423 K only)"
C0271_T423,manual,0,C0271,C0271,423.0,1.0609885282814502,1.026109629869461,-1415986414067.4473,1.0126027803868056,25476ad76fb6,1470e4b1eac5,5e1d50a6e395,0,True,0,44.115,3.5745487001003533,2.8269873975403517,156.4955576767203,0.01242196710524652,1.6897901579650446e-13,ae73669,2026-10-04T00:25:07+00:00,3.587785722887522,156.61199223441346,True,0.004557929116384323,4.0,2.8269873975403517,0.24356191078730624,5.0,2.534856660322711e-12,True,True,-2.7853689162627906,-2.2917031114250257,-2.1590179040482185,-2.0904648170488915,-2.0469144678766034,-1.9929360361860478,-1.9596940922589599,-1.9365941121919505,-1.9193373822890858,-1.905809625149141,-1.8948346868846797,,10613,92,1.5,False,False,"variant-qitT30 (v1.1-frozen + |Qit_eff| -30% at 423 K; robustness study v1.3, 423 K only)"
C0272_T423,manual,0,C0272,C0272,423.0,1.066031215339899,0.9201399441808462,-916764060035.348,0.8807678539305925,5730851daacd,1470e4b1eac5,5e1d50a6e395,0,True,0,30.541,2.500513607773899,2.8469974215367055,153.37279390683716,0.012333783089651027,1.6897901579650446e-13,ae73669,2026-10-04T00:22:40+00:00,2.5006871875823893,153.74770146545146,True,0.0042980398947627466,3.0,2.8469974215367055,0.2419515909108333,5.0,1.0899770669370312e-12,True,True,-2.2977397957653993,-2.1705682694671857,-2.1029257876067007,-2.0593399568717574,-2.0282718623623697,-1.985978410732746,-1.9578335985325475,-1.9373483235263556,-1.9215611359123828,-1.9089036936424837,-1.8984574129263037,,10613,90,1.5,False,False,"variant-qitT30 (v1.1-frozen + |Qit_eff| -30% at 423 K; robustness study v1.3, 423 K only)"
C0273_T423,manual,0,C0273,C0273,423.0,0.9536076538264752,1.0488302502781153,-1021725752390.9211,1.198078833147883,5315840f67d7,1470e4b1eac5,5e1d50a6e395,0,True,0,51.464,2.977965074348565,2.7970192037003607,157.03428229242843,0.012553604715449137,1.6897901579650449e-13,ae73669,2026-10-04T00:28:31+00:00,2.980635740347802,157.46329550033965,True,0.004953293412769936,3.5,2.7970192037003607,0.24632491608925886,5.0,1.4919280495045751e-12,True,True,-2.362759098120501,-2.175213188183362,-2.094263154219023,-2.046615163009378,-2.0143941561460195,-1.9725262067599352,-1.9457938806096948,-1.9268530487258397,-1.9125374619616091,-1.9012315504186155,-1.8920140361659945,,11198,92,1.5,False,False,"variant-qitT30 (v1.1-frozen + |Qit_eff| -30% at 423 K; robustness study v1.3, 423 K only)"
C0274_T423,manual,0,C0274,C0274,423.0,0.8199373450130225,0.8804767098277808,-683886644430.4585,0.968734148144722,70538d9e975f,1470e4b1eac5,5e1d50a6e395,0,True,0,51.117,2.0071224848718474,2.9719347624279657,151.98209814918528,0.011819317950581614,1.689790157965045e-13,ae73669,2026-10-04T00:47:20+00:00,2.0094218634422965,152.3105592173746,True,0.004542987182184038,2.5,2.9719347624279657,0.231415138955225,5.0,2.0335043287594747e-12,True,True,-2.214044024481508,-2.130649321513377,-2.0816762505148647,-2.0485997637798983,-2.0243696232219346,-1.9906178441461342,-1.9677423792425315,-1.9509262265332787,-1.9378923666067838,-1.9274075842707727,-1.9187382761054266,,12017,92,1.5,False,False,"variant-qitT30 (v1.1-frozen + |Qit_eff| -30% at 423 K; robustness study v1.3, 423 K only)"
C0275_T423,manual,0,C0275,C0275,423.0,1.1075139712542297,1.1502116803079845,-1250700769945.979,1.0602133296430112,b03b2a6a63a9,1470e4b1eac5,5e1d50a6e395,0,True,0,36.249,3.598884286583002,2.7888559321432016,160.16047403757227,0.012591402501683505,1.6897901579650446e-13,ae73669,2026-10-04T00:47:19+00:00,3.6123090695841626,160.08425025769336,True,0.00451414985490464,4.0,2.7888559321432016,0.2469186399359861,5.0,2.0894671098096204e-12,True,True,-2.8222861686271346,-2.2949812000310392,-2.158119390441455,-2.087890008132942,-2.0433991747305393,-1.9883770782524266,-1.9545671650892482,-1.9311142235841106,-1.9136207388501452,-1.8999258930201506,-1.8888286240078949,,10262,92,1.5,False,False,"variant-qitT30 (v1.1-frozen + |Qit_eff| -30% at 423 K; robustness study v1.3, 423 K only)"
C0276_T423,manual,0,C0276,C0276,423.0,1.1654183991253375,0.836763820424676,-1133436824195.087,1.0321207854896783,5be5fa92bdb8,1470e4b1eac5,5e1d50a6e395,0,True,0,43.649,2.609332934748119,2.685170343434727,150.47627369983397,0.01307006023357398,1.6897901579650446e-13,ae73669,2026-10-04T00:50:16+00:00,2.623186779677287,150.46305917601245,True,0.004870881539413489,3.0,2.685170343434727,0.2572183000287961,5.0,2.1776743487540584e-12,True,True,-2.270248398771847,-2.1371445556991935,-2.0695351538661746,-2.026910862238417,-1.9969101727062717,-1.9564961593875045,-1.929820354762129,-1.9104867695840742,-1.8956227965259347,-1.883722410962032,-1.8739094651416228,,10028,93,1.5,False,False,"variant-qitT30 (v1.1-frozen + |Qit_eff| -30% at 423 K; robustness study v1.3, 423 K only)"
C0277_T423,manual,0,C0277,C0277,423.0,0.8528547428548336,1.1064728077501058,-801120247691.8698,0.9405919637531042,5dae974f760f,1470e4b1eac5,5e1d50a6e395,0,True,0,52.66,2.776270536947419,3.0243947678411702,159.01430709870635,0.011618621195012158,1.6897901579650449e-13,ae73669,2026-10-04T00:31:22+00:00,2.783419657830516,159.36658932035834,True,0.004208125459811651,3.25,3.0243947678411702,0.22695532903185411,5.0,1.5360775909083893e-12,True,True,-2.370698290857944,-2.211572590886669,-2.134747335132189,-2.087409987817884,-2.0545761212809137,-2.0110063961577542,-1.9827084777944999,-1.9624607762451876,-1.947060848292126,-1.9348454074815977,-1.924854386901899,,11783,92,1.5,False,False,"variant-qitT30 (v1.1-frozen + |Qit_eff| -30% at 423 K; robustness study v1.3, 423 K only)"
C0278_T423,manual,0,C0278,C0278,423.0,0.9240120824426412,0.963901275768876,-1404462292790.4128,1.1199389711022376,5b938994d818,1470e4b1eac5,5e1d50a6e395,0,True,0,34.449,3.3905032219184457,2.8573362298899854,154.4702506620691,0.01229033610624495,1.6897901579650446e-13,ae73669,2026-10-04T00:23:13+00:00,3.4023277981462643,154.8891072249592,True,0.004735099926058753,3.75,2.8573362298899854,0.24096408329671765,5.0,1.8157492737652994e-12,True,True,-2.573313801430233,-2.2380921830631944,-2.129850981275723,-2.071708448051259,-2.034169768076242,-1.9871334515035695,-1.9579512098493392,-1.9376037355250597,-1.9223789458450873,-1.910436240214313,-1.900746283382617,,11315,93,1.5,False,False,"variant-qitT30 (v1.1-frozen + |Qit_eff| -30% at 423 K; robustness study v1.3, 423 K only)"
C0279_T423,manual,0,C0279,C0279,423.0,1.0114486139267682,1.0926175739616155,-533997192047.5364,0.8026790656149387,89e9ea238817,1470e4b1eac5,5e1d50a6e395,0,True,0,47.971,2.3221760136897913,2.9687723142465545,158.76367248513768,0.011833710543118079,1.6897901579650446e-13,ae73669,2026-10-04T00:51:38+00:00,2.3361501310267165,158.9344538195217,True,0.0038305506843037502,2.75,2.9687723142465545,0.23144968433424393,5.0,8.478686502888522e-13,True,True,-2.3073336007845415,-2.1910408675498387,-2.1255697253684134,-2.0821792273786413,-2.0507290238476683,-2.0073062977099045,-1.978088079028167,-1.9566981605617944,-1.9401612443392553,-1.9268790579307329,-1.915906401502918,,10847,92,1.5,False,False,"variant-qitT30 (v1.1-frozen + |Qit_eff| -30% at 423 K; robustness study v1.3, 423 K only)"
C0280_T423,manual,0,C0280,C0280,423.0,1.0416536785662174,0.8647179711610079,-1499542234465.4795,0.917242457345128,dad5e841c7bc,1470e4b1eac5,5e1d50a6e395,0,True,0,46.359,3.291654041275397,2.857231030806569,151.5506599458921,0.012289726590525837,1.6897901579650446e-13,ae73669,2026-10-04T00:46:38+00:00,3.302024543446347,151.80636636338951,True,0.0045185570954244525,3.75,2.857231030806569,0.24107750920833923,5.0,2.4036655361498416e-12,True,True,-2.539286841732754,-2.2480192512069648,-2.1419622552737905,-2.082772312971417,-2.043759428094957,-1.993981958785635,-1.96257350115751,-1.9404145644254023,-1.9236822037567372,-1.9104577787528239,-1.899658648854766,,10613,92,1.5,False,False,"variant-qitT30 (v1.1-frozen + |Qit_eff| -30% at 423 K; robustness study v1.3, 423 K only)"
C0281_T423,manual,0,C0281,C0281,423.0,0.9291326515376568,1.191848925873637,-565904793329.5369,1.010139374062419,87f0aca2eb71,1470e4b1eac5,5e1d50a6e395,0,True,0,33.432,2.584959331069518,2.914511957540554,161.40418657843986,0.012052865952875118,1.6897901579650449e-13,ae73669,2026-10-04T00:49:08+00:00,2.5983973870457397,161.43664297547093,True,0.004315637983718298,3.0,2.914511957540554,0.23586909396041286,5.0,1.8206881732215437e-12,True,True,-2.313736473813553,-2.1790856443556783,-2.1097465981018146,-2.065796489869046,-2.0348126607317694,-1.993122667665194,-1.9657284235815584,-1.9459909852118473,-1.930910419149234,-1.9189096734602622,-1.9090707417563195,,11315,92,1.5,False,False,"variant-qitT30 (v1.1-frozen + |Qit_eff| -30% at 423 K; robustness study v1.3, 423 K only)"
C0282_T423,manual,0,C0282,C0282,423.0,0.8939974989742041,0.9344334561377764,-1227596440352.4995,0.8301111072301866,1711cd9b4361,1470e4b1eac5,5e1d50a6e395,0,True,0,39.16,3.0480142908488053,3.04117328834591,153.8890819079115,0.011553405015027208,1.689790157965045e-13,ae73669,2026-10-04T00:25:19+00:00,3.059589704843811,154.0172663849252,True,0.004092852973860333,3.5,3.04117328834591,0.22582319752336846,5.0,1.1533580179528763e-12,True,True,-2.464241935977171,-2.2509251241135417,-2.158955251228687,-2.104664000894913,-2.067843685792595,-2.0198197609088524,-1.9890133538827202,-1.9670953489910792,-1.9504673758864146,-1.937290001806202,-1.9265124971534275,,11549,92,1.5,False,False,"variant-qitT30 (v1.1-frozen + |Qit_eff| -30% at 423 K; robustness study v1.3, 423 K only)"
C0283_T423,manual,0,C0283,C0283,423.0,1.181476278230548,1.008852780982852,-833940485492.3486,1.1471762262284757,15b1f38e1d28,1470e4b1eac5,5e1d50a6e395,0,True,0,45.625,2.5770654915004982,2.648062128923055,155.83955394957454,0.013253461067487104,1.6897901579650446e-13,ae73669,2026-10-04T00:45:12+00:00,2.5899356474921262,155.92538684896752,True,0.004979194166492833,3.0,2.648062128923055,0.2607814828100555,5.0,1.8493496054743796e-12,True,True,-2.258761969158398,-2.128591659113507,-2.0618631888375987,-2.0196255863016828,-1.9898438327591823,-1.9497034989670687,-1.923235055533922,-1.9040889736653335,-1.8894022313345633,-1.8776706933326055,-1.8680185076255296,,9911,92,1.5,False,False,"variant-qitT30 (v1.1-frozen + |Qit_eff| -30% at 423 K; robustness study v1.3, 423 K only)"
C0284_T423,manual,0,C0284,C0284,423.0,1.139380706101656,0.978221045061946,-716676308773.458,1.169083670154214,a78a5df6dbcd,1470e4b1eac5,5e1d50a6e395,0,True,0,47.566,2.3074812200027615,2.6497055457778287,154.89754772303826,0.013244825922059307,1.6897901579650436e-13,ae73669,2026-10-04T00:49:08+00:00,2.318962316152139,155.070779720412,True,0.005091153607046456,2.75,2.6497055457778287,0.26066686082314894,5.0,2.538520697535525e-12,True,True,-2.207399944637195,-2.1037488620441414,-2.04665030050892,-2.009279709502898,-1.9824087649883015,-1.9455718787008067,-1.92093032484326,-1.9029507024117764,-1.88907919344738,-1.8779537453007538,-1.8687727536441718,,10145,92,1.5,False,False,"variant-qitT30 (v1.1-frozen + |Qit_eff| -30% at 423 K; robustness study v1.3, 423 K only)"
C0285_T423,manual,0,C0285,C0285,423.0,0.8269148968160153,1.052614574506879,-1344829812645.912,0.8519689109176398,817d03f76e66,1470e4b1eac5,5e1d50a6e395,0,True,0,55.117,3.5376161892131153,3.1375608507571173,157.5074386363996,0.01120351524263896,1.689790157965045e-13,ae73669,2026-10-04T00:28:31+00:00,3.547295823159988,157.80895879000323,True,0.003992798665034245,4.0,3.1375608507571173,0.21838927027480623,5.0,2.834011297087991e-12,True,True,-2.788122260478723,-2.3373720425374596,-2.206681872194617,-2.1379543245983093,-2.093965353889567,-2.0391948294071383,-2.005392700392497,-1.9819039139284098,-1.9643720992042688,-1.9506456906376055,-1.9395249215333443,,11900,92,1.5,False,False,"variant-qitT30 (v1.1-frozen + |Qit_eff| -30% at 423 K; robustness study v1.3, 423 K only)"
C0286_T423,manual,0,C0286,C0286,423.0,0.9995370801538228,0.8209795903414489,-948641087859.869,1.0819995239377025,b5eb236b1bc4,1470e4b1eac5,5e1d50a6e395,0,True,0,39.129,2.2603794881111283,2.750587682769354,149.92167769970027,0.012761061839954974,1.689790157965044e-13,ae73669,2026-10-04T00:25:46+00:00,2.263579879573304,150.2789891571148,True,0.005045527766452554,2.75,2.750587682769354,0.2509362305212163,5.0,1.0101676439777663e-12,True,True,-2.2067249299754077,-2.109235659338606,-2.0551349182976457,-2.0196193427930567,-1.9940357122048746,-1.958895739569123,-1.9353365470758737,-1.918113573908854,-1.904803639199424,-1.894113186739737,-1.885280186818613,,10964,92,1.5,False,False,"variant-qitT30 (v1.1-frozen + |Qit_eff| -30% at 423 K; robustness study v1.3, 423 K only)"
C0287_T423,manual,0,C0287,C0287,423.0,1.0870710771530867,1.148136343434453,-1116775120608.5083,0.9891536809504032,133acd1ef858,1470e4b1eac5,5e1d50a6e395,0,True,0,40.656,3.3819593471554024,2.8340368912001734,160.1776579685026,0.012392276933773297,1.6897901579650446e-13,ae73669,2026-10-04T00:25:48+00:00,3.3946237764869314,160.2881689065724,True,0.004229226938277778,3.75,2.8340368912001734,0.2428280235607198,5.0,1.7849248883846325e-12,True,True,-2.6153259728917413,-2.27061359503873,-2.1537008211804953,-2.0895947467054605,-2.0476955352110635,-1.9946309680973824,-1.9614058017455582,-1.9381105051039305,-1.920613541745626,-1.9068488898368328,-1.8956543926435303,,10379,93,1.5,False,False,"variant-qitT30 (v1.1-frozen + |Qit_eff| -30% at 423 K; robustness study v1.3, 423 K only)"
C0288_T423,manual,0,C0288,C0288,423.0,1.0768002089112998,0.991148891299963,-1294047262519.598,0.8085161767899991,de9492606518,1470e4b1eac5,5e1d50a6e395,0,True,0,32.358,3.3057110998062167,2.94360892971059,155.67328966143856,0.011933807127480312,1.6897901579650446e-13,ae73669,2026-10-04T00:23:12+00:00,3.3182794827002753,155.90204813690312,True,0.003989567191960185,3.75,2.94360892971059,0.23352949836169584,5.0,2.2233322863029704e-12,True,True,-2.597380590428816,-2.2907815389905317,-2.176957415602957,-2.1127492199303055,-2.0701474172255847,-2.0154873947775807,-1.9808516710174435,-1.956365870327607,-1.9378573101464056,-1.923220985441803,-1.9112650772360902,,10496,92,1.5,False,False,"variant-qitT30 (v1.1-frozen + |Qit_eff| -30% at 423 K; robustness study v1.3, 423 K only)"
C0289_T423,manual,0,C0289,C0289,423.0,0.9893275301903486,1.0655652701854703,-642462934367.3586,1.1125455707311631,b0e3636a3b86,1470e4b1eac5,5e1d50a6e395,0,True,0,51.306,2.4081841011702196,2.7895883817203813,157.60037567110587,0.012586627786780106,1.6897901579650446e-13,ae73669,2026-10-04T00:29:22+00:00,2.4185079175588395,158.09716015255782,True,0.0045668055560068475,3.0,2.7895883817203813,0.24701956113739418,5.0,1.327089479974397e-12,True,True,-2.2474300783627656,-2.1346038237719873,-2.0739654045169686,-2.0347770246753125,-2.0068301265677038,-1.9688311525991242,-1.9436211104181298,-1.9253388894960186,-1.9113026089980718,-1.9000906106200826,-1.8908701996580348,,10964,93,1.5,False,False,"variant-qitT30 (v1.1-frozen + |Qit_eff| -30% at 423 K; robustness study v1.3, 423 K only)"
C0290_T423,manual,0,C0290,C0290,423.0,0.8369565732777119,0.8081490091979504,-1058175279758.8706,0.9456980746239424,cf829e2e9235,1470e4b1eac5,5e1d50a6e395,0,True,0,50.21,2.4100686116281516,2.9627816461269885,149.64650391078044,0.011854525084580606,1.6897901579650446e-13,ae73669,2026-10-04T00:48:11+00:00,2.421073022466273,150.14195391929326,True,0.0044311471253451265,2.75,2.9627816461269885,0.23226309582334095,5.0,9.789235258994208e-13,True,True,-2.2638491779039307,-2.1537696053627062,-2.094809240466058,-2.056795142040248,-2.0297186823000097,-1.9929141841978857,-1.9684716806357607,-1.950713689821429,-1.9370515980373397,-1.9261158400221414,-1.9171048613083865,,11900,93,1.5,False,False,"variant-qitT30 (v1.1-frozen + |Qit_eff| -30% at 423 K; robustness study v1.3, 423 K only)"
C0291_T423,manual,0,C0291,C0291,423.0,1.1494837068021295,1.135282930731773,-882237330079.0786,1.0254581708461046,8365b47c5b30,1470e4b1eac5,5e1d50a6e395,0,True,0,35.335,2.968650266321712,2.7568159586249474,159.76243418945663,0.012736058866140166,1.6897901579650449e-13,ae73669,2026-10-04T00:47:54+00:00,2.972584225259355,160.05009220881993,True,0.0044590038339286635,3.5,2.7568159586249474,0.24995426510530447,5.0,1.8084430824792343e-12,True,True,-2.39794773437559,-2.200636646419579,-2.1126574869825605,-2.060002715574967,-2.0240118640197395,-1.9767644855422832,-1.946302104338504,-1.9245714376689356,-1.9080609477101642,-1.8949649422900774,-1.8842478896666215,,10145,91,1.5,False,False,"variant-qitT30 (v1.1-frozen + |Qit_eff| -30% at 423 K; robustness study v1.3, 423 K only)"
C0292_T423,manual,0,C0292,C0292,423.0,1.1792623843997716,0.8518618941307068,-515125789679.5869,1.0535942174494266,f03418381b46,1470e4b1eac5,5e1d50a6e395,0,True,0,43.408,1.6468773963094774,2.6392557121806832,150.96002577889732,0.013295417490932836,1.6897901579650449e-13,ae73669,2026-10-04T00:51:00+00:00,1.6585635280699025,151.30635278168756,True,0.004780051266243361,2.0,2.6392557121806832,0.2618907001752668,5.0,1.0048351040126136e-12,True,True,-2.1375990002374894,-2.068668039459166,-2.025458460989669,-1.9951467691240794,-1.9723680015310494,-1.9398282729638154,-1.9172337471615792,-1.9003404398109462,-1.8870774223291251,-1.876298020787351,-1.8673087029028643,,9911,93,1.5,False,False,"variant-qitT30 (v1.1-frozen + |Qit_eff| -30% at 423 K; robustness study v1.3, 423 K only)"
C0293_T423,manual,0,C0293,C0293,423.0,0.8917466949671508,1.1790218077600003,-1425317147746.682,0.9737845733761789,f427252de195,1470e4b1eac5,5e1d50a6e395,0,True,0,53.811,3.954601732815155,3.0241725400563357,161.0780898731129,0.011620604751163546,1.6897901579650446e-13,ae73669,2026-10-04T00:32:16+00:00,3.9603402635989537,161.36428614407637,True,0.004166664371719881,4.5,3.0241725400563357,0.22684653594500556,5.0,1.6453737935118457e-12,True,True,-3.7973677817565386,-2.418138834934062,-2.226124654135391,-2.1401622353222245,-2.0887414967699827,-2.0277796336009795,-1.9915621610813368,-1.9669354847213019,-1.9488147830218858,-1.934771270116164,-1.9234809584670587,,11432,92,1.5,False,False,"variant-qitT30 (v1.1-frozen + |Qit_eff| -30% at 423 K; robustness study v1.3, 423 K only)"
C0294_T423,manual,0,C0294,C0294,423.0,0.9316062070429324,0.9473875552415848,-775351880118.2509,1.1906281974166633,15f5559bdfbf,1470e4b1eac5,5e1d50a6e395,0,True,0,33.454,2.3214402582668034,2.7826261202481275,153.9036659955889,0.012616831908365529,1.689790157965044e-13,ae73669,2026-10-04T00:23:47+00:00,2.3340190542495223,154.0028878522154,True,0.0051117724468249,2.75,2.7826261202481275,0.2477778195555487,5.0,1.2366089055526608e-12,True,True,-2.2135093356505195,-2.1128130114660415,-2.057978785544166,-2.022350690393112,-1.9968676461269697,-1.962129823052942,-1.9390301719525578,-1.9222528047294045,-1.9093579471239222,-1.8990496829241479,-1.8905677661524156,,11315,92,1.5,False,False,"variant-qitT30 (v1.1-frozen + |Qit_eff| -30% at 423 K; robustness study v1.3, 423 K only)"
C0295_T423,manual,0,C0295,C0295,423.0,1.0440903298556805,1.0217779509723186,-1161188659258.1868,0.8866499695926905,dd52b025c563,1470e4b1eac5,5e1d50a6e395,0,True,0,49.999,3.160082059362769,2.902515379936989,156.53022335087763,0.012101288604542895,1.6897901579650443e-13,ae73669,2026-10-04T00:52:28+00:00,3.171151534422122,156.72794729531103,True,0.004027987493727955,3.75,2.902515379936989,0.2369792554892324,5.0,2.038125150876162e-12,True,True,-2.500588115315471,-2.252288937294915,-2.151619749320153,-2.0933434795640418,-2.0541970624162804,-2.0035126468733524,-1.97118589224701,-1.9482607127726723,-1.9309042634999778,-1.9171683814153682,-1.9059445863828455,,10613,93,1.5,False,False,"variant-qitT30 (v1.1-frozen + |Qit_eff| -30% at 423 K; robustness study v1.3, 423 K only)"
C0296_T423,manual,0,C0296,C0296,423.0,1.0028134878724813,0.8497866526246072,-867528751492.5002,0.9965532802045344,c4e1df31c4cf,1470e4b1eac5,5e1d50a6e395,0,True,0,46.143,2.2171938802394124,2.7950839909205523,150.92990899784238,0.012559876229222208,1.689790157965044e-13,ae73669,2026-10-04T00:47:24+00:00,2.221439482689611,151.40071885182138,True,0.004680295703385922,2.75,2.7950839909205523,0.24674800547101372,5.0,1.5945271144271489e-12,True,True,-2.2201558944920348,-2.122665546006671,-2.0676862145902573,-2.03128410146003,-2.004921747661805,-1.9685381504939898,-1.9440437996657274,-1.9260911342851665,-1.912192659063161,-1.9010146403146402,-1.8917689812498333,,10964,91,1.5,False,False,"variant-qitT30 (v1.1-frozen + |Qit_eff| -30% at 423 K; robustness study v1.3, 423 K only)"
C0297_T423,manual,0,C0297,C0297,423.0,0.915242962166667,1.1195245929062367,-1192024244926.87,1.0761686116456983,202277250754,1470e4b1eac5,5e1d50a6e395,0,True,0,32.167,3.431416863335898,2.9126692011559148,159.2614079676593,0.012060340385397356,1.6897901579650446e-13,ae73669,2026-10-04T00:49:41+00:00,3.439553455901412,159.77564511973785,True,0.0044530578058076436,4.0,2.9126692011559148,0.2360351321480575,5.0,1.2057037974674365e-12,True,True,-2.633933624717622,-2.2664481334159507,-2.150886938487341,-2.0891015701242686,-2.0492848900428986,-1.9994817500389694,-1.9686518490144316,-1.9472012960980958,-1.9311829740530362,-1.9186404346988803,-1.9084802006891082,,11432,93,1.5,False,False,"variant-qitT30 (v1.1-frozen + |Qit_eff| -30% at 423 K; robustness study v1.3, 423 K only)"
C0298_T423,manual,0,C0298,C0298,423.0,0.8614071615040303,0.9511717841029168,-608221079222.8579,0.8586375337094069,b218a8692f44,1470e4b1eac5,5e1d50a6e395,0,True,0,41.479,2.0838611486862932,3.0164203799097917,154.3566587776197,0.01164716387850408,1.6897901579650449e-13,ae73669,2026-10-04T00:26:01+00:00,2.098360556867507,154.52075103737812,True,0.004132328893616601,2.5,3.0164203799097917,0.22778259225944286,5.0,1.1243200695095871e-12,True,True,-2.2520338885478153,-2.159068849588278,-2.104709840858321,-2.0680445393795615,-2.0411984215616434,-2.0038107109771826,-1.9784716291670137,-1.9598423704080372,-1.9454003939679128,-1.9337798138539624,-1.9241682702168814,,11666,92,1.5,False,False,"variant-qitT30 (v1.1-frozen + |Qit_eff| -30% at 423 K; robustness study v1.3, 423 K only)"
C0299_T423,manual,0,C0299,C0299,423.0,1.1738368295133117,1.07985914722085,-1455242004245.5195,1.163983567431569,daf8b9c30be9,1470e4b1eac5,5e1d50a6e395,0,True,0,43.227,3.7591519107580282,2.6951898148424576,157.97645847860997,0.013024839808018204,1.6897901579650446e-13,ae73669,2026-10-04T00:45:55+00:00,3.7618337784532434,158.32448927840514,True,0.004951998874507374,4.25,2.6951898148424576,0.2559047553393757,5.0,2.5401610408471364e-12,True,True,-3.105158909385525,-2.3022097258138707,-2.147900536065729,-2.073623638372953,-2.0278702891250058,-1.972422196613963,-1.938860262194184,-1.915761801790162,-1.8986127752675448,-1.8852276093659857,-1.874403270588838,,9911,92,1.5,False,False,"variant-qitT30 (v1.1-frozen + |Qit_eff| -30% at 423 K; robustness study v1.3, 423 K only)"
C0300_T423,manual,0,C0300,C0300,423.0,1.1036155071109532,0.9073841936886312,-1088130709715.1876,1.142119602113962,cef879906287,1470e4b1eac5,5e1d50a6e395,0,True,0,44.9,2.7255492469812657,2.685176384808497,152.67568917239254,0.013070729669884791,1.689790157965045e-13,ae73669,2026-10-04T00:49:53+00:00,2.7285837124217314,153.11743337668926,True,0.005046442644937531,3.25,2.685176384808497,0.25714592500124867,5.0,1.9381356013563096e-12,True,True,-2.284152461425372,-2.1388698532040498,-2.0684729342317674,-2.025033147597829,-1.9948511895903618,-1.9546756123357574,-1.9284528911341228,-1.909595136077638,-1.895183130915689,-1.8837001673728437,-1.8742697781542,,10262,92,1.5,False,False,"variant-qitT30 (v1.1-frozen + |Qit_eff| -30% at 423 K; robustness study v1.3, 423 K only)"
C0301_T423,manual,0,C0301,C0301,423.0,0.8161972831934691,1.0360973551869392,-975363193079.8292,0.8367240205407143,a4be825f8fad,1470e4b1eac5,5e1d50a6e395,0,True,0,54.336,2.8984429321494893,3.130445344001343,157.0388289062755,0.011228270180912464,1.6897901579650443e-13,ae73669,2026-10-04T00:29:26+00:00,2.9108291597437512,157.4702267545968,True,0.003812773567800535,3.25,3.130445344001343,0.21896031027044627,5.0,9.802504221754151e-13,True,True,-2.427586780811484,-2.246082796316652,-2.1620181722536826,-2.111052971366121,-2.07600776838632,-2.0298212962727735,-1.999979035154813,-1.9786823948993295,-1.9625075359221147,-1.9496871456753202,-1.9392053220727064,,12017,93,1.5,False,False,"variant-qitT30 (v1.1-frozen + |Qit_eff| -30% at 423 K; robustness study v1.3, 423 K only)"
C0302_T423,manual,0,C0302,C0302,423.0,0.9575216390192508,0.8935250319540501,-1324913421645.7605,1.0042512502521277,7fde762ae162,1470e4b1eac5,5e1d50a6e395,0,True,0,41.083,3.0814503630653953,2.8640663058643594,152.34257282302931,0.012260776865018357,1.6897901579650449e-13,ae73669,2026-10-04T00:26:28+00:00,3.0952598798026347,152.38940498099106,True,0.004688380347698249,3.5,2.8640663058643594,0.24046947621284398,5.0,1.9488167697031097e-12,True,True,-2.4230587053818744,-2.2080503046828115,-2.11908886322575,-2.0674551674733284,-2.0327682045776134,-1.987880980434542,-1.9592686288038998,-1.938984313895713,-1.923630546771161,-1.9114820112611872,-1.9015575591015825,,11081,92,1.5,False,False,"variant-qitT30 (v1.1-frozen + |Qit_eff| -30% at 423 K; robustness study v1.3, 423 K only)"
C0303_T423,manual,0,C0303,C0303,423.0,1.070103608816862,1.163237176835537,-734670379199.0876,0.924687084928155,ed87adb54e67,1470e4b1eac5,5e1d50a6e395,0,True,0,41.297,2.801290959130287,2.865356682232976,160.6951961009272,0.012257757619711342,1.6897901579650446e-13,ae73669,2026-10-04T00:26:30+00:00,2.8126198617801315,160.9427377434139,True,0.004165382208691809,3.25,2.865356682232976,0.24008657933370586,5.0,1.1258424748028517e-12,True,True,-2.377723830772858,-2.208718781856765,-2.1269504267137704,-2.0763823163560127,-2.041188208816079,-1.9942933381936097,-1.9636908412890277,-1.9417089574825437,-1.9249342562484577,-1.91158897047474,-1.9006445954402427,,10496,92,1.5,False,False,"variant-qitT30 (v1.1-frozen + |Qit_eff| -30% at 423 K; robustness study v1.3, 423 K only)"
C0304_T423,manual,0,C0304,C0304,423.0,1.0524846993386745,0.8815349649637938,-1237735923379.6597,1.181917878612876,a5a75213b1d2,1470e4b1eac5,5e1d50a6e395,0,True,0,28.531,2.8954523541105313,2.7020318518157573,151.76758042181672,0.012989566661275745,1.6897901579650443e-13,ae73669,2026-10-04T00:23:41+00:00,2.906783495962305,152.21502234797546,True,0.005036802387647341,3.25,2.7020318518157573,0.2555111436918705,5.0,1.3888982808506696e-12,True,True,-2.319191908382885,-2.1498341764429534,-2.0738190179903815,-2.028388272188722,-1.9973877009206864,-1.9567498026640675,-1.930565461760445,-1.911881882017246,-1.8976784166346508,-1.886405336975923,-1.8771749429859534,,10496,93,1.5,False,False,"variant-qitT30 (v1.1-frozen + |Qit_eff| -30% at 423 K; robustness study v1.3, 423 K only)"
C0305_T423,manual,0,C0305,C0305,423.0,0.9650057263672353,1.1618000764399767,-827676768414.6761,0.8892170403152705,3af0ec38756c,1470e4b1eac5,5e1d50a6e395,0,True,0,50.059,2.9521718185987456,2.9728809651630637,160.6737592936328,0.011818379175915413,1.6897901579650446e-13,ae73669,2026-10-04T00:30:13+00:00,2.9584283041740638,160.92597465030155,True,0.003961608137397688,3.5,2.9728809651630637,0.23102509333907284,5.0,1.1721621936966464e-12,True,True,-2.435719938749265,-2.239562759052227,-2.150468497426564,-2.096762676950211,-2.0599215252436647,-2.0114423123997103,-1.980149335341579,-1.9578271369670026,-1.9408766327067466,-1.9274420804110113,-1.9164575139146458,,11081,93,1.5,False,False,"variant-qitT30 (v1.1-frozen + |Qit_eff| -30% at 423 K; robustness study v1.3, 423 K only)"
C0306_T423,manual,0,C0306,C0306,423.0,0.8110783319920302,0.9176530819386244,-1474586470983.9224,1.0689516700804234,c1cd4c071b9a,1470e4b1eac5,5e1d50a6e395,0,True,0,54.105,3.3855620713914414,2.9844486148467246,153.06269068709244,0.011771270221789037,1.6897901579650446e-13,ae73669,2026-10-04T00:49:05+00:00,3.397989176247363,153.40146467928517,True,0.004654462317777639,3.75,2.9844486148467246,0.2302900760932166,5.0,1.0618884244140148e-12,True,True,-2.5776574271367045,-2.249614635809832,-2.143419078842294,-2.0864537445829647,-2.04973130548583,-2.0038019710184027,-1.9753637333423912,-1.9555654308095165,-1.9407700810609372,-1.9291766704999143,-1.9197790415449993,,11900,93,1.5,False,False,"variant-qitT30 (v1.1-frozen + |Qit_eff| -30% at 423 K; robustness study v1.3, 423 K only)"
C0307_T423,manual,0,C0307,C0307,423.0,1.1235995527356863,1.0389626670628789,-586923763155.9373,0.9520826235413552,9cde0f33d777,1470e4b1eac5,5e1d50a6e395,0,True,0,37.724,2.2646752256084333,2.7762142341925364,156.9656273958141,0.01264664710060511,1.6897901579650449e-13,ae73669,2026-10-04T00:48:32+00:00,2.2690489690536078,157.3270469862294,True,0.004391873556289278,2.75,2.7762142341925364,0.2482614101826614,5.0,1.2312182523510629e-12,True,True,-2.25011099119968,-2.1428350002303476,-2.0822652516458695,-2.0420892930059393,-2.0129559174006246,-1.9727090199360195,-1.9456047100161822,-1.9257447220355133,-1.9103773569967404,-1.8980246000783898,-1.8878123031854726,,10145,92,1.5,False,False,"variant-qitT30 (v1.1-frozen + |Qit_eff| -30% at 423 K; robustness study v1.3, 423 K only)"
C0308_T423,manual,0,C0308,C0308,423.0,1.1531966380774974,0.9738916475325824,-954187639988.9587,0.930192730948329,bf37ac4594d0,1470e4b1eac5,5e1d50a6e395,0,True,0,46.621,2.6987323449957605,2.7787213153492623,154.98914927948576,0.012635090011147532,1.689790157965044e-13,ae73669,2026-10-04T00:51:47+00:00,2.705378638614868,155.4589781104815,True,0.004323224216581095,3.25,2.7787213153492623,0.2480530181052309,5.0,1.0527082677791455e-12,True,True,-2.3298111478137424,-2.178852447224449,-2.1033640765310584,-2.0560350413074717,-2.022825444818839,-1.9782253544732582,-1.9488857367549983,-1.9276807867656034,-1.9114167021636246,-1.8984216598615622,-1.8877245095216406,,10028,93,1.5,False,False,"variant-qitT30 (v1.1-frozen + |Qit_eff| -30% at 423 K; robustness study v1.3, 423 K only)"
C0309_T423,manual,0,C0309,C0309,423.0,0.8656624473631382,1.0951754342764617,-1107352802529.9312,1.047112937644124,65440b0797c8,1470e4b1eac5,5e1d50a6e395,0,True,0,61.642,3.238553405237727,2.964362921865608,158.5662898577348,0.011851777516323889,1.6897901579650449e-13,ae73669,2026-10-04T00:33:18+00:00,3.240054676008945,158.96370010155303,True,0.004489765487898281,3.75,2.964362921865608,0.23175631081183384,5.0,2.149750586018722e-12,True,True,-2.5107373481054878,-2.2434957974531953,-2.14377546597211,-2.087852582329739,-2.050974324891254,-2.004026941202143,-1.9745613333375334,-1.953900971874741,-1.9383969895779698,-1.9262165097687465,-1.9163258142720767,,11666,92,1.5,False,False,"variant-qitT30 (v1.1-frozen + |Qit_eff| -30% at 423 K; robustness study v1.3, 423 K only)"
C0310_T423,manual,0,C0310,C0310,423.0,0.9071028124541044,0.8252479542046786,-694940177723.7654,0.8173744343221188,cc1a25ae9c37,1470e4b1eac5,5e1d50a6e395,0,True,0,32.131,1.880755516690936,2.9670666241413817,150.4182196117121,0.011837329122174556,1.6897901579650443e-13,ae73669,2026-10-04T00:24:19+00:00,1.8947579320352887,150.66222415394267,True,0.004130928610399993,2.25,2.9670666241413817,0.23192977817044555,5.0,1.2551227418500233e-12,True,True,-2.221233450266999,-2.139701769650544,-2.090227297619848,-2.056162205852583,-2.0308764580066017,-1.9951805254221426,-1.9706636054374607,-1.9524652823476878,-1.9382520846429938,-1.9267462772036485,-1.9171813630179515,,11432,93,1.5,False,False,"variant-qitT30 (v1.1-frozen + |Qit_eff| -30% at 423 K; robustness study v1.3, 423 K only)"
C0311_T423,manual,0,C0311,C0311,423.0,1.0195688154548406,1.1055388610810042,-1370502737350.762,1.110025730729103,bce8821ecb7e,1470e4b1eac5,5e1d50a6e395,0,True,0,50.683,3.686087525725786,2.819129865300613,158.79844695992972,0.01245688392145681,1.6897901579650446e-13,ae73669,2026-10-04T00:53:19+00:00,3.69363734162493,159.05828120995469,True,0.004608428294851866,4.25,2.819129865300613,0.24420937340720555,5.0,1.84013610915643e-12,True,True,-2.9537135519535016,-2.303333570192709,-2.159455989856274,-2.088302992135004,-2.044006964038995,-1.9899666713923456,-1.9571282111149468,-1.9345003599744592,-1.9176990065152557,-1.9045905824734173,-1.8939970254505538,,10847,93,1.5,False,False,"variant-qitT30 (v1.1-frozen + |Qit_eff| -30% at 423 K; robustness study v1.3, 423 K only)"
C0312_T423,manual,0,C0312,C0312,423.0,1.027325912564993,0.9275783125311136,-662303075194.3589,1.0200526382774115,149d844a35a7,1470e4b1eac5,5e1d50a6e395,0,True,0,47.217,2.0963964235757095,2.7760245424770833,153.41990177360276,0.01264624162557896,1.6897901579650443e-13,ae73669,2026-10-04T00:48:12+00:00,2.1103472585281655,153.29967425780845,True,0.004676234696048978,2.5,2.7760245424770833,0.2484195308064654,5.0,1.6460072289035291e-12,True,True,-2.2064191504993036,-2.115460525282779,-2.062718707593053,-2.027291967462014,-2.001411447065978,-1.965424421661665,-1.9410517033421737,-1.923130407278381,-1.909230335168622,-1.8980385245904001,-1.8887751221695304,,10730,91,1.5,False,False,"variant-qitT30 (v1.1-frozen + |Qit_eff| -30% at 423 K; robustness study v1.3, 423 K only)"
C0313_T423,manual,0,C0313,C0313,423.0,0.9397494740784168,1.0031588818877937,-1276160045526.922,0.902547112479806,058d0e12e328,1470e4b1eac5,5e1d50a6e395,0,True,0,33.208,3.298659783260956,2.9719884148786395,155.94628236835206,0.011820726588183176,1.6897901579650443e-13,ae73669,2026-10-04T00:50:14+00:00,3.3099557792353176,156.194939170484,True,0.00424396414264528,3.75,2.9719884148786395,0.2312244199201379,5.0,2.0987127442799883e-12,True,True,-2.569149472426988,-2.272029519781925,-2.1636462983425417,-2.103079601796287,-2.0631500500000484,-2.0122514433051855,-1.9802157096203947,-1.9576829070820394,-1.9407212387447315,-1.9273558277237763,-1.916472335167364,,11198,92,1.5,False,False,"variant-qitT30 (v1.1-frozen + |Qit_eff| -30% at 423 K; robustness study v1.3, 423 K only)"
C0314_T423,manual,0,C0314,C0314,423.0,0.8874822359532119,0.873074958100915,-922585303895.1754,1.132184097915888,cb6894c17110,1470e4b1eac5,5e1d50a6e395,0,True,0,39.995,2.363182545567268,2.8339562751581635,151.5587394216437,0.012389502364543229,1.689790157965045e-13,ae73669,2026-10-04T00:26:41+00:00,2.3765166409636067,151.74086125689007,True,0.004988492389309343,2.75,2.8339562751581635,0.2431850708520273,5.0,2.6381449410063988e-12,True,True,-2.225049370493644,-2.1218237813682412,-2.0662487844008903,-2.0303454943347505,-2.004751968343091,-1.9699589791829266,-1.946868348299059,-1.930111926229304,-1.9172374375841323,-1.9069461371003813,-1.8984775694039298,,11549,93,1.5,False,False,"variant-qitT30 (v1.1-frozen + |Qit_eff| -30% at 423 K; robustness study v1.3, 423 K only)"
C0315_T423,manual,0,C0315,C0315,423.0,1.1999056097120049,1.1959440883249044,-1011967774480.5812,0.8405103638768197,56e5af793bb5,1470e4b1eac5,5e1d50a6e395,0,True,0,43.462,3.333117310362275,2.8798344184683584,161.69296015428102,0.012197820699621715,1.6897901579650449e-13,ae73669,2026-10-04T00:46:39+00:00,3.34727728063219,161.8170638816393,True,0.0038690489503106096,3.75,2.8798344184683584,0.23869910874000821,5.0,2.579261916275342e-12,True,True,-2.6263364381794134,-2.2998689352905073,-2.1802301579366827,-2.1128005684613567,-2.0680429291760825,-2.010592509309934,-1.9741932454674482,-1.9484785989432378,-1.9290592378629303,-1.913717754790189,-1.9011977240031228,,9677,92,1.5,False,False,"variant-qitT30 (v1.1-frozen + |Qit_eff| -30% at 423 K; robustness study v1.3, 423 K only)"
C0316_T423,manual,0,C0316,C0316,423.0,1.1295026950538158,0.8168134298175573,-1379231897182.7627,0.8686204593628646,7b9f6fa78197,1470e4b1eac5,5e1d50a6e395,0,True,0,42.146,2.962919159523605,2.8122316101855307,150.02392257981245,0.012484088947762742,1.6897901579650446e-13,ae73669,2026-10-04T00:50:36+00:00,2.967953507881424,150.51495610704592,True,0.004381211841806229,3.5,2.8122316101855307,0.24515937441995544,5.0,8.51471670948456e-13,True,True,-2.3991203200721283,-2.206010779120797,-2.1194912765602063,-2.0676430730572,-2.0321540664708224,-1.9854323235417453,-1.9551589195059913,-1.9334468454888278,-1.9168631053038434,-1.9036431456951926,-1.892774372149975,,10145,92,1.5,False,False,"variant-qitT30 (v1.1-frozen + |Qit_eff| -30% at 423 K; robustness study v1.3, 423 K only)"
C0317_T423,manual,0,C0317,C0317,423.0,0.8420663513243198,1.1396565679460764,-555351881310.3438,1.1603453535586596,be5d91c6e90e,1470e4b1eac5,5e1d50a6e395,0,True,0,47.56,2.4386625154272252,2.912918232423523,159.77780008119785,0.012059293197508727,1.6897901579650443e-13,ae73669,2026-10-04T00:30:14+00:00,2.445801966398541,160.17801187134296,True,0.004622947992567796,3.0,2.912918232423523,0.23602707683260424,5.0,2.015605170124077e-12,True,True,-2.257856100413335,-2.1452374946182506,-2.085639172410517,-2.0474654000720918,-2.020413751431593,-1.983881118533836,-1.95982112894191,-1.9424739926108927,-1.9292203685210378,-1.918678145713044,-1.9100408430660178,,11783,93,1.5,False,False,"variant-qitT30 (v1.1-frozen + |Qit_eff| -30% at 423 K; robustness study v1.3, 423 K only)"
C0318_T423,manual,0,C0318,C0318,423.0,0.981846560165286,0.9837906356900932,-1143423685804.0095,0.9807045184075832,97e23e84b916,1470e4b1eac5,5e1d50a6e395,0,True,0,43.803,3.0275479153889155,2.8736676716237555,155.24985984671545,0.012221118251169031,1.689790157965045e-13,ae73669,2026-10-04T00:27:12+00:00,3.0349895338727326,155.47639043509443,True,0.004513121499775577,3.5,2.8736676716237555,0.23952800643953578,5.0,2.259957161528334e-12,True,True,-2.418886670931056,-2.2133406393121886,-2.1249617343053826,-2.0728837671271076,-2.0376078710311916,-1.991656886036273,-1.9622206670907474,-1.9413005143286637,-1.9254444044487378,-1.91288905366036,-1.9026278645547319,,11081,92,1.5,False,False,"variant-qitT30 (v1.1-frozen + |Qit_eff| -30% at 423 K; robustness study v1.3, 423 K only)"
C0319_T423,manual,0,C0319,C0319,423.0,1.094410028681159,1.0593971882015467,-795070120133.4596,1.0981605023145675,119db6a42ebe,1470e4b1eac5,5e1d50a6e395,0,True,0,42.441,2.6420012729533897,2.7305230756682657,157.45465877503423,0.012856724083910842,1.6897901579650449e-13,ae73669,2026-10-04T00:27:12+00:00,2.653664490856362,157.7378851772956,True,0.004586198678325271,3.0,2.7305230756682657,0.2525652838985863,5.0,2.5396213772468536e-12,True,True,-2.289265387401812,-2.1502765320772306,-2.080341575416331,-2.0364475328459144,-2.005657599090669,-1.9643620748357724,-1.9372619616926778,-1.9177264385198969,-1.9027813102285414,-1.890869676320048,-1.8810874810683182,,10379,93,1.5,False,False,"variant-qitT30 (v1.1-frozen + |Qit_eff| -30% at 423 K; robustness study v1.3, 423 K only)"
C0320_T423,manual,0,C0320,C0320,423.0,1.0985282126814129,0.9438422407954932,-1178267312236.1304,0.9048875156790018,c6255a0ef56a,1470e4b1eac5,5e1d50a6e395,0,True,0,30.587,2.98621887099506,2.833376162646336,154.08858833831397,0.012393175127977997,1.689790157965044e-13,ae73669,2026-10-04T00:24:12+00:00,2.988123488583544,154.49377331336635,True,0.004332363293429138,3.5,2.833376162646336,0.24309748682194393,5.0,1.1509851032929532e-12,True,True,-2.4157955272443767,-2.2156588530974015,-2.1267579179837006,-2.0736315054927617,-2.037335835351316,-1.9896699016402195,-1.9588903574012346,-1.9368881758063223,-1.9201347483411364,-1.906817413244356,-1.8958969108407888,,10379,92,1.5,False,False,"variant-qitT30 (v1.1-frozen + |Qit_eff| -30% at 423 K; robustness study v1.3, 423 K only)"
C0321_T423,manual,0,C0321,C0321,423.0,0.9859574038535356,1.0244933966547252,-760195745155.2152,1.0223936196416616,c41f87c48408,1470e4b1eac5,5e1d50a6e395,0,True,0,53.503,2.5048666421108727,2.8346484539887347,156.44853955008801,0.012387971351053916,1.6897901579650443e-13,ae73669,2026-10-04T00:31:07+00:00,2.506405596464873,156.78040417738887,True,0.004567140796954071,3.0,2.8346484539887347,0.24295708828089052,5.0,1.8127616570743885e-12,True,True,-2.2791775433549843,-2.1553686937546206,-2.09026095208736,-2.0485923135877746,-2.019038646312799,-1.9790321607597723,-1.9525784173189262,-1.9334254683630556,-1.918732403348207,-1.9069998076818624,-1.8973520244419646,,11081,92,1.5,False,False,"variant-qitT30 (v1.1-frozen + |Qit_eff| -30% at 423 K; robustness study v1.3, 423 K only)"
C0322_T423,manual,0,C0322,C0322,423.0,0.8399343952536583,0.8553583975881338,-1406262421980.5002,0.8428505703806878,d234f59145bd,1470e4b1eac5,5e1d50a6e395,0,True,0,49.311,3.1200195714365364,3.0669100557077904,151.34430464668645,0.011456473352735613,1.6897901579650443e-13,ae73669,2026-10-04T00:49:55+00:00,3.1344454348584145,151.52937924746513,True,0.004165761268718938,3.5,3.0669100557077904,0.22394071832974113,5.0,2.1539316934272863e-12,True,True,-2.479441762190512,-2.2514665067517172,-2.1579947562282316,-2.1038960257765003,-2.0676057440307614,-2.020697101527087,-1.9908213128406291,-1.969649437181804,-1.9536264836591195,-1.9409490507071256,-1.9305923084047552,,11783,93,1.5,False,False,"variant-qitT30 (v1.1-frozen + |Qit_eff| -30% at 423 K; robustness study v1.3, 423 K only)"
C0323_T423,manual,0,C0323,C0323,423.0,1.1273637741804123,1.1762575183063744,-528290593065.3214,1.1345252521336078,af06fe65aefc,1470e4b1eac5,5e1d50a6e395,0,True,0,36.523,2.4798757396401254,2.7014329469155287,160.8664249584994,0.012994780262453355,1.6897901579650449e-13,ae73669,2026-10-04T00:49:09+00:00,2.4823440066771076,161.25194832278683,True,0.0047265166829544465,3.0,2.7014329469155287,0.25531407608966156,5.0,1.3303957706200349e-12,True,True,-2.2578656006498856,-2.1352620252930943,-2.070347388421362,-2.0286467102006944,-1.9990006359356682,-1.9587879266834134,-1.9321571209546433,-1.9128623017181459,-1.8980557245561616,-1.8862310598806156,-1.8765073438154876,,10145,92,1.5,False,False,"variant-qitT30 (v1.1-frozen + |Qit_eff| -30% at 423 K; robustness study v1.3, 423 K only)"
C0324_T423,manual,0,C0324,C0324,423.0,1.1946439657360317,0.8115952674299479,-895432233810.4248,1.1564418662339448,f01684d01782,1470e4b1eac5,5e1d50a6e395,0,True,0,41.862,2.1420477960589235,2.5934027068498913,149.52545425820702,0.013528456252110297,1.689790157965044e-13,ae73669,2026-10-04T00:52:29+00:00,2.1537752991913255,149.77046734965583,True,0.005153691119221984,2.5,2.5934027068498913,0.2667200236285819,5.0,1.918887166255089e-12,True,True,-2.1682586731351785,-2.0782921729458224,-2.0269621017645036,-1.9927562793030678,-1.967873437803943,-1.9333688598241068,-1.9100232047451973,-1.892846680020217,-1.8795076764049483,-1.8687517584238778,-1.8598355856152715,,9794,93,1.5,False,False,"variant-qitT30 (v1.1-frozen + |Qit_eff| -30% at 423 K; robustness study v1.3, 423 K only)"
C0325_T423,manual,0,C0325,C0325,423.0,0.8822260309010744,1.1324716474860907,-1039151608012.6168,0.8647175382822753,4b5df95db3d8,1470e4b1eac5,5e1d50a6e395,0,True,0,52.145,3.230273719926791,3.07165111236097,159.83957368652202,0.011441922199703749,1.689790157965045e-13,ae73669,2026-10-04T00:34:11+00:00,3.23297986881191,160.3916116561336,True,0.003927336691497868,3.75,3.07165111236097,0.2232579227501173,5.0,2.017627797038993e-12,True,True,-2.55792880850266,-2.2853799776835273,-2.1797305743197803,-2.1195087718704966,-2.079408627726247,-2.0279169650495024,-1.9953494587849576,-1.9724005668018374,-1.955117380737223,-1.9415010095815572,-1.930418729933475,,11549,92,1.5,False,False,"variant-qitT30 (v1.1-frozen + |Qit_eff| -30% at 423 K; robustness study v1.3, 423 K only)"
C0326_T423,manual,0,C0326,C0326,423.0,0.9407375946640968,0.9875561568886042,-627337853424.2511,1.0942568063735962,e905389739b5,1470e4b1eac5,5e1d50a6e395,0,True,0,35.277,2.1910596758352088,2.81862109396384,155.22546482154297,0.01245736734506416,1.6897901579650449e-13,ae73669,2026-10-04T00:24:54+00:00,2.1981872425319926,155.76689990002768,True,0.0046705679174829495,2.75,2.81862109396384,0.24444850659853484,5.0,1.2978420421694281e-12,True,True,-2.214784739784343,-2.1199974008229394,-2.066405287004187,-2.0309062154412687,-2.005212265613807,-1.9698123800672087,-1.9460543952366087,-1.9287000183956762,-1.9153093209456529,-1.9045737288097953,-1.8957203369678775,,11198,93,1.5,False,False,"variant-qitT30 (v1.1-frozen + |Qit_eff| -30% at 423 K; robustness study v1.3, 423 K only)"
C0327_T423,manual,0,C0327,C0327,423.0,1.0283198475837707,1.068230062350631,-1311156015843.153,0.9768017821013928,230b186ecf90,1470e4b1eac5,5e1d50a6e395,0,True,0,47.678,3.5102735390693165,2.874866710368615,157.84298728402945,0.012217187813480811,1.689790157965045e-13,ae73669,2026-10-04T00:54:07+00:00,3.513409090865821,158.2139531384684,True,0.0044036136360923964,4.0,2.874866710368615,0.239300586992326,5.0,1.3477639143610887e-12,True,True,-2.724194735231211,-2.2923550632979475,-2.1650587426485504,-2.0978107534051182,-2.0546463582095766,-2.00073878246359,-1.967354826917688,-1.94409129194644,-1.9266855580773736,-1.9130287497104594,-1.901943178404495,,10730,92,1.5,False,False,"variant-qitT30 (v1.1-frozen + |Qit_eff| -30% at 423 K; robustness study v1.3, 423 K only)"
C0328_T423,manual,0,C0328,C0328,423.0,1.024834269657731,0.8898911196738482,-722444438375.5326,0.8931199315935373,489b275c86ae,1470e4b1eac5,5e1d50a6e395,0,True,0,47.959,2.1016474383736847,2.845379579995048,152.37966569556076,0.012340127154829598,1.6897901579650446e-13,ae73669,2026-10-04T00:49:00+00:00,2.116233815052834,152.40459840527586,True,0.00434884769249078,2.5,2.845379579995048,0.2421621314315187,5.0,1.7617660802438095e-12,True,True,-2.2306302227269703,-2.136504983898974,-2.0816364852777394,-2.044655163286281,-2.0175706114388863,-1.9798041079542745,-1.9541478274424522,-1.9352362013960795,-1.9205372359906274,-1.9086803652333826,-1.8988502554718822,,10730,91,1.5,False,False,"variant-qitT30 (v1.1-frozen + |Qit_eff| -30% at 423 K; robustness study v1.3, 423 K only)"
C0329_T423,manual,0,C0329,C0329,423.0,0.9123613078147174,1.165845526382327,-1342968190088.8682,1.185821348056197,ada5e50cef8f,1470e4b1eac5,5e1d50a6e395,0,True,0,33.817,3.7760326492218548,2.881693427490507,160.51303965452666,0.012189302977821942,1.6897901579650443e-13,ae73669,2026-10-04T00:50:48+00:00,3.7826324927169717,160.81035813892709,True,0.004834823844267395,4.25,2.881693427490507,0.23863389562253715,5.0,3.165552798899408e-12,True,True,-3.1565664746601367,-2.3193966376220625,-2.1663039807839715,-2.093753287270954,-2.0494634294183425,-1.9962624209266837,-1.9643642893681663,-1.942574612687467,-1.9264992328541253,-1.9140211279780546,-1.9039797438573574,,11432,92,1.5,False,False,"variant-qitT30 (v1.1-frozen + |Qit_eff| -30% at 423 K; robustness study v1.3, 423 K only)"
C0330_T423,manual,0,C0330,C0330,423.0,0.86467814296484,0.910773979499936,-989504052326.0833,0.955985341966152,65f3653e6856,1470e4b1eac5,5e1d50a6e395,0,True,0,41.348,2.5873290705888063,2.959460507601803,152.97562189280134,0.011869072739280229,1.6897901579650454e-13,ae73669,2026-10-04T00:27:22+00:00,2.6015125410029687,153.00402484904197,True,0.004482903342648993,3.0,2.959460507601803,0.23238717811011714,5.0,1.182293846158089e-12,True,True,-2.304298835359531,-2.1741754176134953,-2.10764091482866,-2.0656424861026528,-2.0361018702231375,-1.9964020876589872,-1.9703089147645771,-1.9514827512519863,-1.9370724405617168,-1.9255832085891262,-1.9161461202877057,,11666,92,1.5,False,False,"variant-qitT30 (v1.1-frozen + |Qit_eff| -30% at 423 K; robustness study v1.3, 423 K only)"
C0331_T423,manual,0,C0331,C0331,423.0,1.1522049874067306,1.0332448523491622,-1072006118483.8414,1.0728553362190725,178a75a7ac75,1470e4b1eac5,5e1d50a6e395,0,True,0,43.246,3.0293434507873274,2.718554809995987,156.68312657640615,0.012912996709945309,1.6897901579650443e-13,ae73669,2026-10-04T00:47:23+00:00,3.0369015963372727,156.90492073658845,True,0.0047637841483478445,3.5,2.718554809995987,0.2537045673327395,5.0,1.2795528525622046e-12,True,True,-2.398376606361058,-2.1912051999629973,-2.1024096509237284,-2.0500922571860087,-2.014636714683711,-1.9684094897173445,-1.9387592616232217,-1.9176634084244373,-1.9016580653386883,-1.8889729596260965,-1.8785969959893953,,10028,92,1.5,False,False,"variant-qitT30 (v1.1-frozen + |Qit_eff| -30% at 423 K; robustness study v1.3, 423 K only)"
C0332_T423,manual,0,C0332,C0332,423.0,1.11948517896235,0.9545111369341612,-1439147513359.7852,1.0447719383984804,8cbec9b58cdf,1470e4b1eac5,5e1d50a6e395,0,True,0,46.278,3.4273420082342603,2.755011056786289,154.26147005293845,0.012743017249558298,1.6897901579650446e-13,ae73669,2026-10-04T00:51:22+00:00,3.4361124335026947,154.52674020800595,True,0.004613945445090308,4.0,2.755011056786289,0.250267102898515,5.0,2.80518458874663e-12,True,True,-2.6141813156768556,-2.2485347397996307,-2.13222476099584,-2.0697097724545577,-2.0292590152647993,-1.9784000608786938,-1.9467027014293226,-1.9245112487456741,-1.907845260026675,-1.8947277290110032,-1.8840512362678574,,10145,93,1.5,False,False,"variant-qitT30 (v1.1-frozen + |Qit_eff| -30% at 423 K; robustness study v1.3, 423 K only)"
C0333_T423,manual,0,C0333,C0333,423.0,0.806969778612256,1.0769590754061935,-622392992489.0399,0.9278522979468108,774a3c37615f,1470e4b1eac5,5e1d50a6e395,0,True,0,49.946,2.416803994185697,3.0645014937470645,158.1451606618408,0.011467837007770015,1.6897901579650446e-13,ae73669,2026-10-04T00:31:04+00:00,2.4270097102711046,158.44325618736045,True,0.004012523539105094,3.0,3.0645014937470645,0.2238694409158147,5.0,1.8686695519907605e-12,True,True,-2.2994750364682237,-2.183318556841037,-2.1206005227749056,-2.0799936289065912,-2.051016399286368,-2.0116195301621222,-1.9855050782178592,-1.9665904584757605,-1.9520878775275712,-1.9405184883039555,-1.931015943597689,,11900,93,1.5,False,False,"variant-qitT30 (v1.1-frozen + |Qit_eff| -30% at 423 K; robustness study v1.3, 423 K only)"
C0334_T423,manual,0,C0334,C0334,423.0,0.9671414986252784,0.8461055140942335,-1210110067389.9055,1.1076845467090606,07205083c165,1470e4b1eac5,5e1d50a6e395,0,True,0,39.917,2.7556826764104363,2.7840196983284224,150.70061970612724,0.012609568330105705,1.6897901579650449e-13,ae73669,2026-10-04T00:27:52+00:00,2.757482542194064,151.06852495566437,True,0.0050517059934966895,3.25,2.7840196983284224,0.24775118073868696,5.0,1.4896829044918719e-12,True,True,-2.2960029720137856,-2.1494175190568696,-2.079538019035633,-2.0367681852688935,-2.0072029275171475,-1.968031320414946,-1.9425703412132918,-1.924309576317078,-1.9103808674015743,-1.8992997806007463,-1.8902108312549166,,11081,92,1.5,False,False,"variant-qitT30 (v1.1-frozen + |Qit_eff| -30% at 423 K; robustness study v1.3, 423 K only)"
C0335_T423,manual,0,C0335,C0335,423.0,1.0546259045600892,1.122082858160138,-855332911014.5569,0.8150342099368573,948d0b00eb0d,1470e4b1eac5,5e1d50a6e395,0,True,0,41.274,2.9123282822125574,2.9581753763658942,159.59438090475743,0.011876412199247696,1.6897901579650449e-13,ae73669,2026-10-04T00:27:54+00:00,2.923435345014484,160.05277287365394,True,0.0037268736421384617,3.5,2.9581753763658942,0.23223928876642994,5.0,2.2790695700006287e-12,True,True,-2.438671137597595,-2.2466823034365424,-2.156867895774141,-2.1019948118324203,-2.0640384761216035,-2.013695967152951,-1.9809516617809864,-1.9574671617185397,-1.9395584149903453,-1.9253147375872681,-1.9136337592085688,,10613,93,1.5,False,False,"variant-qitT30 (v1.1-frozen + |Qit_eff| -30% at 423 K; robustness study v1.3, 423 K only)"
C0336_T423,manual,0,C0336,C0336,423.0,1.0746046334505082,0.8288358934223652,-1352417093701.6606,1.078508847951889,c48998d7fda3,1470e4b1eac5,5e1d50a6e395,0,True,0,28.942,2.939072832772559,2.7249450100447854,150.17800992698693,0.01288065609631348,1.6897901579650446e-13,ae73669,2026-10-04T00:24:41+00:00,2.946539550034377,150.65705246759808,True,0.004897311545427954,3.5,2.7249450100447854,0.2533360044111198,5.0,1.3805483055829134e-12,True,True,-2.344749081184823,-2.1648825392392923,-2.0852394440485478,-2.0378547991800113,-2.0055839759293073,-1.963319958893982,-1.9360839097455074,-1.9166323723136824,-1.901827519698954,-1.8900620149458098,-1.8804159079630323,,10496,93,1.5,False,False,"variant-qitT30 (v1.1-frozen + |Qit_eff| -30% at 423 K; robustness study v1.3, 423 K only)"
C0337_T423,manual,0,C0337,C0337,423.0,0.9620279118418692,1.1028784349560738,-707135958597.064,0.998894476145506,68aa562206c4,1470e4b1eac5,5e1d50a6e395,0,True,0,48.451,2.610509790663119,2.882043237985244,158.84355558893887,0.012186737506584689,1.6897901579650446e-13,ae73669,2026-10-04T00:31:55+00:00,2.6241277199383193,158.76191560706815,True,0.004338667331536146,3.0,2.882043237985244,0.23871571436120537,5.0,1.7545945114731105e-12,True,True,-2.313033404777033,-2.175952413609786,-2.105919570506558,-2.061676975255271,-2.030537714832675,-1.9886772648261601,-1.9611742888481154,-1.9413479741448372,-1.92618752156894,-1.914112543153267,-1.9042038402156392,,11081,91,1.5,False,False,"variant-qitT30 (v1.1-frozen + |Qit_eff| -30% at 423 K; robustness study v1.3, 423 K only)"
C0338_T423,manual,0,C0338,C0338,423.0,0.8144484538584948,0.9704501785337925,-1123447233811.021,1.1663239885121583,0411bdd6ceb0,1470e4b1eac5,5e1d50a6e395,0,True,0,54.132,2.948243446647949,2.9312339206041806,154.6179898965671,0.011983461047102753,1.6897901579650443e-13,ae73669,2026-10-04T00:50:49+00:00,2.9544249331282684,155.1663485623415,True,0.004819317110762404,3.5,2.9312339206041806,0.234613040951621,5.0,2.0371910118287307e-12,True,True,-2.3582151257592994,-2.181494645653932,-2.1045962105610654,-2.0592908555272857,-2.028665988484136,-1.9889130727261883,-1.963568723367257,-1.9456353244929905,-1.93209751515713,-1.9214177314814487,-1.912719713246905,,12017,92,1.5,False,False,"variant-qitT30 (v1.1-frozen + |Qit_eff| -30% at 423 K; robustness study v1.3, 423 K only)"
C0339_T423,manual,0,C0339,C0339,423.0,1.1018715385347604,1.097982357442379,-940015905536.7112,0.8609785210341215,b189eb4c26f6,1470e4b1eac5,5e1d50a6e395,0,True,0,34.689,2.988590625963167,2.8898005083774225,158.86203047711766,0.012154762266671426,1.6897901579650446e-13,ae73669,2026-10-04T00:49:44+00:00,2.990199964378318,159.24994210913502,True,0.0040198804969842315,3.5,2.8898005083774225,0.23798985793255567,5.0,1.5498378084102798e-12,True,True,-2.446313287535173,-2.239964278862026,-2.1472395347378206,-2.091481163767082,-2.053246457048644,-2.0028946533404604,-1.9703301877183397,-1.9470485581911248,-1.9293289546947272,-1.9152535310438004,-1.9037204721457694,,10262,92,1.5,False,False,"variant-qitT30 (v1.1-frozen + |Qit_eff| -30% at 423 K; robustness study v1.3, 423 K only)"
C0340_T423,manual,0,C0340,C0340,423.0,1.1689671099185943,0.9141639962792396,-572782963514.328,0.8328203663229943,31aa942712f2,1470e4b1eac5,5e1d50a6e395,0,True,0,44.219,1.9300265918958925,2.7983444739773895,153.22388730436992,0.012546256978860935,1.6897901579650443e-13,ae73669,2026-10-04T00:53:13+00:00,1.9392695764580745,153.80876967692407,True,0.0040650480756715904,2.5,2.7983444739773895,0.2463457731469323,5.0,1.102559016308291e-12,True,True,-2.2206823494012338,-2.1325335293160372,-2.0790569132456223,-2.0421954883427067,-2.0147988579848346,-1.9760566836086773,-1.9493931973300644,-1.929567149399508,-1.9140585363256637,-1.901485821265583,-1.8910194795149529,,9911,93,1.5,False,False,"variant-qitT30 (v1.1-frozen + |Qit_eff| -30% at 423 K; robustness study v1.3, 423 K only)"
C0341_T423,manual,0,C0341,C0341,423.0,0.8565310552716255,1.0417191095650196,-1490710883401.3342,1.138216895610094,3acb97a2a1d3,1470e4b1eac5,5e1d50a6e395,0,True,0,58.911,3.7258538005088475,2.937671491307294,156.86791075255235,0.011958258147151879,1.6897901579650456e-13,ae73669,2026-10-04T00:35:10+00:00,3.7288305645091926,157.31056448832803,True,0.0047589516080779794,4.25,2.937671491307294,0.2339820577948632,5.0,2.77661250964427e-12,True,True,-3.0262579467556328,-2.3093417232693643,-2.1656293295245974,-2.096313469064601,-2.0537118969350043,-2.002298300859743,-1.971354725182875,-1.9501657688688439,-1.9345053886658845,-1.9223320755459514,-1.9125245406431823,,11666,92,1.5,False,False,"variant-qitT30 (v1.1-frozen + |Qit_eff| -30% at 423 K; robustness study v1.3, 423 K only)"
C0342_T423,manual,0,C0342,C0342,423.0,0.9166234839707612,0.8850728675723076,-839902530424.2969,0.9207836035639048,89127c33b58d,1470e4b1eac5,5e1d50a6e395,0,True,0,34.45,2.27687223516104,2.9164827150183315,152.18336018219662,0.012041853760377747,1.6897901579650446e-13,ae73669,2026-10-04T00:25:29+00:00,2.2843994874928497,152.41635517724654,True,0.004452274825534629,2.75,2.9164827150183315,0.23601695311958212,5.0,2.6571627942079476e-12,True,True,-2.253515767554876,-2.1500212176620406,-2.0922419557927414,-2.0541865514295843,-2.0267225215274607,-1.9889521373367385,-1.9636160348408371,-1.945096940945844,-1.9307912654094919,-1.9193066512898596,-1.9098220770292686,,11432,92,1.5,False,False,"variant-qitT30 (v1.1-frozen + |Qit_eff| -30% at 423 K; robustness study v1.3, 423 K only)"
C0343_T423,manual,0,C0343,C0343,423.0,1.004187235608697,1.1590924717485904,-1219681214541.1968,1.0003483470529315,b2042872404f,1470e4b1eac5,5e1d50a6e395,0,True,0,47.241,3.573309352096209,2.893692484467673,160.48250516695717,0.01213913072678775,1.6897901579650443e-13,ae73669,2026-10-04T00:54:55+00:00,3.5863331841630504,160.54432477838952,True,0.00435729772849362,4.0,2.893692484467673,0.23759997417924386,5.0,1.0316445312000786e-12,True,True,-2.8028277458703497,-2.3077158537345377,-2.1732626722034536,-2.1035825514949464,-2.0592567826645016,-2.0042960360102975,-1.9704756605270604,-1.9470087050191576,-1.9295078166018427,-1.9158124116195745,-1.9047199778670785,,10847,92,1.5,False,False,"variant-qitT30 (v1.1-frozen + |Qit_eff| -30% at 423 K; robustness study v1.3, 423 K only)"
C0344_T423,manual,0,C0344,C0344,423.0,1.0489577561616898,0.987479567527771,-810195141471.9224,1.1164482951164243,23981d6d7c7a,1470e4b1eac5,5e1d50a6e395,0,True,0,48.678,2.4862901306377054,2.736367875560355,155.21933778047264,0.012828749132628057,1.6897901579650446e-13,ae73669,2026-10-04T00:49:49+00:00,2.488040042706205,155.64296428567704,True,0.004869394431554846,3.0,2.736367875560355,0.25208557189842024,5.0,1.0979064879457212e-12,True,True,-2.250729020612199,-2.131310123066229,-2.0685339002742253,-2.0283716291951692,-1.9998896554010566,-1.961328400030578,-1.935818062071671,-1.9173369153774182,-1.9031504187203607,-1.8918156874505518,-1.8824900945937695,,10613,92,1.5,False,False,"variant-qitT30 (v1.1-frozen + |Qit_eff| -30% at 423 K; robustness study v1.3, 423 K only)"
C0345_T423,manual,0,C0345,C0345,423.0,0.9364785000681876,1.0568314634263516,-1126315111294.389,0.8124198608100415,47d2b332eac4,1470e4b1eac5,5e1d50a6e395,0,True,0,34.253,3.19681886544436,3.050507026982633,157.70566159679643,0.011519733494217806,1.689790157965045e-13,ae73669,2026-10-04T00:51:22+00:00,3.2040363913327985,158.32757049559086,True,0.0038066439213679795,3.75,3.050507026982633,0.22495236963095128,5.0,1.962770610620047e-12,True,True,-2.547388903138347,-2.285318089535046,-2.180529878520277,-2.1201143177220314,-2.0796193835737578,-2.0273002291446516,-1.9940080561030926,-1.9704433542240465,-1.952632386978408,-1.938557568076819,-1.927071985970948,,11315,93,1.5,False,False,"variant-qitT30 (v1.1-frozen + |Qit_eff| -30% at 423 K; robustness study v1.3, 423 K only)"
C0346_T423,manual,0,C0346,C0346,423.0,0.8903638858348132,0.8134662777185441,-542157156392.9319,1.029361103847623,7b36933db4f1,1470e4b1eac5,5e1d50a6e395,0,True,0,36.699,1.5817900115277268,2.8417821741264793,149.7144413346657,0.012354594730924005,1.6897901579650446e-13,ae73669,2026-10-04T00:27:59+00:00,1.5956446079208828,149.82482721860714,True,0.004879644518067185,2.0,2.8417821741264793,0.2426009525462954,5.0,2.0643998446603317e-12,True,True,-2.148982677077006,-2.08548766668379,-2.0455680849627766,-2.017551240959401,-1.9965067187067649,-1.966484692263799,-1.9456859871315966,-1.9301730319800054,-1.918023089810321,-1.9081714962360121,-1.899974488855174,,11432,92,1.5,False,False,"variant-qitT30 (v1.1-frozen + |Qit_eff| -30% at 423 K; robustness study v1.3, 423 K only)"
C0347_T423,manual,0,C0347,C0347,423.0,1.1778848174959422,1.1425641052424909,-1398255509324.3718,0.949601573869586,84a1bda49577,1470e4b1eac5,5e1d50a6e395,0,True,0,41.776,3.829393120467204,2.8241829285736784,160.02561654828995,0.012435770838840577,1.6897901579650443e-13,ae73669,2026-10-04T00:48:05+00:00,3.842941684619672,160.0510742299792,True,0.004257221071877728,4.25,2.8241829285736784,0.24363987969664525,5.0,1.064159626748264e-12,True,True,-3.3366201163655003,-2.3740119011795864,-2.20006897977722,-2.1168393856713053,-2.0655732632905806,-2.003375467745074,-1.9656747472007987,-1.9397010438519429,-1.9204016496618694,-1.9053272895513278,-1.8931286191973051,,9911,92,1.5,False,False,"variant-qitT30 (v1.1-frozen + |Qit_eff| -30% at 423 K; robustness study v1.3, 423 K only)"
C0348_T423,manual,0,C0348,C0348,423.0,1.144980388879776,0.8696807645261289,-1031022321432.8289,0.9714434072375298,8d286d116bdc,1470e4b1eac5,5e1d50a6e395,0,True,0,47.146,2.5405568586881415,2.733538476589348,151.63274437795332,0.012840949185335276,1.6897901579650443e-13,ae73669,2026-10-04T00:52:10+00:00,2.5505718993094413,151.75236045161583,True,0.004703829574481576,3.0,2.733538476589348,0.2524557917935943,5.0,1.431764266640231e-12,True,True,-2.274627978033695,-2.146570627954986,-2.0797434696367123,-2.037076543076385,-2.006823944804278,-1.9658160302530392,-1.938611444928921,-1.9188385205226277,-1.9036098125146441,-1.8914028726287349,-1.8813285566743898,,10145,92,1.5,False,False,"variant-qitT30 (v1.1-frozen + |Qit_eff| -30% at 423 K; robustness study v1.3, 423 K only)"
C0349_T423,manual,0,C0349,C0349,423.0,0.8324464872479439,1.1988013327121734,-909420560114.0856,1.0512539990246297,a75283fe2286,1470e4b1eac5,5e1d50a6e395,0,True,0,51.705,3.155268748284073,3.009281407641633,161.576680228943,0.011677450959663166,1.689790157965045e-13,ae73669,2026-10-04T00:31:56+00:00,3.1659436376619174,161.7694674340703,True,0.004216222277290172,3.75,3.009281407641633,0.22804228534721366,5.0,1.3053951182112672e-12,True,True,-2.4801678738524195,-2.240710397083468,-2.145971379749211,-2.091841656953143,-2.055816004993704,-2.009643884932576,-1.9805308192894113,-1.9600784873806578,-1.944719700220588,-1.9326519478888116,-1.9228547753020384,,11900,93,1.5,False,False,"variant-qitT30 (v1.1-frozen + |Qit_eff| -30% at 423 K; robustness study v1.3, 423 K only)"
C0350_T423,manual,0,C0350,C0350,423.0,0.9910740721970795,0.9312166385352612,-1259081452153.623,0.8843090001493693,363718b4cbf8,1470e4b1eac5,5e1d50a6e395,0,True,0,41.135,3.0857637313903257,2.9214844436043483,153.69680385709316,0.012022356055127683,1.6897901579650449e-13,ae73669,2026-10-04T00:28:33+00:00,3.1001969263818125,153.8436043884902,True,0.004273860126349007,3.5,2.9214844436043483,0.23548960878761332,5.0,1.3515022434518187e-12,True,True,-2.4595565340231813,-2.2366838043037145,-2.1428948435828117,-2.0879902793111604,-2.0509072169435543,-2.00268350360071,-1.9718085828511527,-1.9498573971483077,-1.9332069882409242,-1.9200104140743248,-1.9092144973433947,,10964,92,1.5,False,False,"variant-qitT30 (v1.1-frozen + |Qit_eff| -30% at 423 K; robustness study v1.3, 423 K only)"
C0351_T423,manual,0,C0351,C0351,423.0,1.0785403583198785,1.000545784831047,-677459031343.4601,1.1882878061383964,eda4ac2ced03,1470e4b1eac5,5e1d50a6e395,0,True,0,42.793,2.299513507824604,2.681823454420289,155.56314712448628,0.013087559695378764,1.6897901579650449e-13,ae73669,2026-10-04T00:28:37+00:00,2.3100441551482795,155.79474761972284,True,0.0050967457592317,2.75,2.681823454420289,0.2574156582949901,5.0,1.0509785184838692e-12,True,True,-2.207475173443033,-2.1052833159312234,-2.0489949966976826,-2.012173816065175,-1.9857146387445979,-1.9494771635866364,-1.9252687855547619,-1.907627430621699,-1.8940328364070191,-1.88314132439127,-1.8741624313028853,,10496,92,1.5,False,False,"variant-qitT30 (v1.1-frozen + |Qit_eff| -30% at 423 K; robustness study v1.3, 423 K only)"
C0352_T423,manual,0,C0352,C0352,423.0,1.0825883615761995,0.8574346285313368,-983637063764.0356,1.0077921103686094,839a7cd15df2,1470e4b1eac5,5e1d50a6e395,0,True,0,28.422,2.426600107173907,2.7440776040758887,151.1945456491568,0.012791695919490694,1.6897901579650443e-13,ae73669,2026-10-04T00:25:10+00:00,2.4356311095519656,151.53215687300832,True,0.004629191467818759,3.0,2.7440776040758887,0.2514859152315279,5.0,2.1360889580660448e-12,True,True,-2.247072555583195,-2.132312958009931,-2.070748285549588,-2.0309570877052865,-2.002548419112391,-1.9638202984743827,-1.9380123434335201,-1.9192088000974088,-1.9047062980898766,-1.8930718730623912,-1.883465563313687,,10496,93,1.5,False,False,"variant-qitT30 (v1.1-frozen + |Qit_eff| -30% at 423 K; robustness study v1.3, 423 K only)"
C0353_T423,manual,0,C0353,C0353,423.0,0.9950613234192132,1.1865353990346192,-1081809908151.6266,0.9148961532860994,68087e336584,1470e4b1eac5,5e1d50a6e395,0,True,0,49.583,3.41861355641754,2.9542403754750493,161.34166716069154,0.011892755046380661,1.6897901579650449e-13,ae73669,2026-10-04T00:32:45+00:00,3.4285777133330493,161.79757682772444,True,0.003963776795907887,4.0,2.9542403754750493,0.232494453401202,5.0,2.531477317551158e-12,True,True,-2.6692164657549022,-2.3014725458972514,-2.1795604445199626,-2.1130690455409464,-2.06972205526984,-2.01494817278503,-1.9807318662442255,-1.9567851498156725,-1.9388265108681515,-1.9247175261348395,-1.9132565015408907,,10964,93,1.5,False,False,"variant-qitT30 (v1.1-frozen + |Qit_eff| -30% at 423 K; robustness study v1.3, 423 K only)"
C0354_T423,manual,0,C0354,C0354,423.0,0.8286820352077484,0.9431694339960812,-743860136717.5579,1.1448291473090648,f05ba9799306,1470e4b1eac5,5e1d50a6e395,0,True,0,58.669,2.2619701551460536,2.897885407854923,153.787561472579,0.012119515263213703,1.689790157965044e-13,ae73669,2026-10-04T00:51:48+00:00,2.2655095732872823,154.04826312593667,True,0.0049416351452475004,2.75,2.897885407854923,0.23749597329912095,5.0,1.3818984862656267e-12,True,True,-2.219218927259517,-2.1236357211192023,-2.070896507200338,-2.03643123170975,-2.0117052427718063,-1.9779271163936822,-1.9554381077678318,-1.93910050687994,-1.9265463472240365,-1.916514750031234,-1.908264891140355,,11900,92,1.5,False,False,"variant-qitT30 (v1.1-frozen + |Qit_eff| -30% at 423 K; robustness study v1.3, 423 K only)"
C0355_T423,manual,0,C0355,C0355,423.0,1.1411551907658577,1.012518360093236,-1317676733247.9358,0.8277645945549011,45dc0315534e,1470e4b1eac5,5e1d50a6e395,0,True,0,42.116,3.396355047559091,2.8966698713259467,156.3314649167522,0.012125903428284575,1.6897901579650446e-13,ae73669,2026-10-04T00:50:26+00:00,3.408951120679801,156.61286409810916,True,0.0038805553178786643,3.75,2.8966698713259467,0.2374305140163057,5.0,1.5907750246945302e-12,True,True,-2.65514693707089,-2.3004395981496764,-2.1784655278423295,-2.1111024076536355,-2.0668577835657436,-2.0105250240599775,-1.9750416702534117,-1.9500394645190806,-1.9311795287014033,-1.9162858948450838,-1.904131495295654,,10145,93,1.5,False,False,"variant-qitT30 (v1.1-frozen + |Qit_eff| -30% at 423 K; robustness study v1.3, 423 K only)"
C0356_T423,manual,0,C0356,C0356,423.0,1.1863765139132738,0.9994556177407504,-1200535161420.703,0.8558777566999197,8d00538c9b60,1470e4b1eac5,5e1d50a6e395,0,True,0,46.236,3.170536766533268,2.836679229907754,155.88424045839355,0.01237986381358861,1.689790157965044e-13,ae73669,2026-10-04T00:54:00+00:00,3.180688525929318,156.26882516342965,True,0.004019815059517949,3.75,2.836679229907754,0.24269244304937387,5.0,1.3226873214903154e-12,True,True,-2.5088795986009838,-2.2540352910450845,-2.1504965776518565,-2.0903985797810405,-2.049933056376941,-1.9973890508123362,-1.9637602253082695,-1.939841427807824,-1.9216858374812908,-1.907284132806393,-1.8954914022526834,,9794,93,1.5,False,False,"variant-qitT30 (v1.1-frozen + |Qit_eff| -30% at 423 K; robustness study v1.3, 423 K only)"
C0357_T423,manual,0,C0357,C0357,423.0,0.8988919142633677,1.0687816064804792,-860971015878.0217,1.1729934636503458,40eedb95b71c,1470e4b1eac5,5e1d50a6e395,0,True,0,53.515,2.7669376935105605,2.8513447846367335,157.66280706000464,0.012316660866698036,1.6897901579650443e-13,ae73669,2026-10-04T00:36:04+00:00,2.7716296289662115,157.92616960371504,True,0.004895930120994521,3.25,2.8513447846367335,0.24141864796498083,5.0,2.3173051167116155e-12,True,True,-2.3124862298627433,-2.1625233162407884,-2.091331421828417,-2.0478524781280916,-2.017860923789375,-1.9782589523025367,-1.9526480065327174,-1.9343715822184606,-1.9204968660379431,-1.909507016499911,-1.9005290312049263,,11549,92,1.5,False,False,"variant-qitT30 (v1.1-frozen + |Qit_eff| -30% at 423 K; robustness study v1.3, 423 K only)"
C0358_T423,manual,0,C0358,C0358,423.0,0.9277826458215712,0.8011976558715106,-1464667850174.0098,0.993062699586153,9294602cc01b,1470e4b1eac5,5e1d50a6e395,0,True,0,32.541,3.046209207007534,2.872336346320191,149.3355720084638,0.012224537758146359,1.6897901579650438e-13,ae73669,2026-10-04T00:26:02+00:00,3.0571495148341272,149.45482912531395,True,0.004828615433360613,3.5,2.872336346320191,0.23988237305587617,5.0,2.927987488819185e-12,True,True,-2.400057482070667,-2.1974909958220046,-2.1125328255058187,-2.063045426913233,-2.0297405863840394,-1.9865640779611828,-1.9589829143600253,-1.9393922761272655,-1.9245383138629564,-1.9127675537079591,-1.9031389855957104,,11315,92,1.5,False,False,"variant-qitT30 (v1.1-frozen + |Qit_eff| -30% at 423 K; robustness study v1.3, 423 K only)"
C0359_T423,manual,0,C0359,C0359,423.0,1.0402982398867606,1.1303213607519864,-600748414173.7223,1.0859091207385063,5312b32131eb,1470e4b1eac5,5e1d50a6e395,0,True,0,45.299,2.495693116219601,2.7763814752928035,159.55963138770247,0.012646535591286402,1.6897901579650443e-13,ae73669,2026-10-04T00:55:41+00:00,2.496227842772797,159.97157502887882,True,0.004634654171967124,3.0,2.7763814752928035,0.24818212876923462,5.0,1.5248080575958056e-12,True,True,-2.270548378495473,-2.146924618653597,-2.0817645998800565,-2.0400102452030207,-2.0103754242055336,-1.9702438411750898,-1.9437087254031944,-1.9245044239554694,-1.9097797029127361,-1.8980284294012857,-1.8883706389580799,,10613,92,1.5,False,False,"variant-qitT30 (v1.1-frozen + |Qit_eff| -30% at 423 K; robustness study v1.3, 423 K only)"
C0360_T423,manual,0,C0360,C0360,423.0,1.0065506685525178,0.9020189497619868,-1432118426077.068,1.194169057533145,f800704ef6b2,1470e4b1eac5,5e1d50a6e395,0,True,0,47.544,3.266553816161346,2.744527711671319,152.4421281242252,0.012790402658252147,1.6897901579650446e-13,ae73669,2026-10-04T00:50:37+00:00,3.271240839731352,152.69358623671692,True,0.005218687079774492,3.75,2.744527711671319,0.2513639119371865,5.0,2.174607837913407e-12,True,True,-2.4679455090961735,-2.1967188179941126,-2.0998154556912043,-2.046274454365147,-2.011216605525039,-1.9667782692209541,-1.93892822452163,-1.9193818277288557,-1.9046862867995227,-1.8931157831597847,-1.8836995324777595,,10847,92,1.5,False,False,"variant-qitT30 (v1.1-frozen + |Qit_eff| -30% at 423 K; robustness study v1.3, 423 K only)"
C0361_T423,manual,0,C0361,C0361,423.0,0.919121477380395,1.0295481618493796,-506371330469.8467,0.876859037950635,f7e06d7ae547,1470e4b1eac5,5e1d50a6e395,0,True,0,35.385,2.116927771624906,2.96598396152601,156.8036462855446,0.011844083246526345,1.6897901579650443e-13,ae73669,2026-10-04T00:51:58+00:00,2.131063622141353,156.8934120812341,True,0.004048184522472986,2.5,2.96598396152601,0.2317534244539298,5.0,2.960881752683181e-12,True,True,-2.255713367248462,-2.159094746302044,-2.1028146477240277,-2.0649157612402695,-2.0371928716881778,-1.998619861902858,-1.9725029367772537,-1.9533167024182234,-1.9384524895128057,-1.9264985488190458,-1.916615663139052,,11432,91,1.5,False,False,"variant-qitT30 (v1.1-frozen + |Qit_eff| -30% at 423 K; robustness study v1.3, 423 K only)"
C0362_T423,manual,0,C0362,C0362,423.0,0.8542070329189301,0.8971206489950418,-1168906062841.4155,1.0563037626445293,d33868f0824d,1470e4b1eac5,5e1d50a6e395,0,True,0,41.149,2.834354172873725,2.921153115073223,152.4264794624565,0.012023342857313482,1.689790157965045e-13,ae73669,2026-10-04T00:28:41+00:00,2.84806066326222,152.48029202263814,True,0.004788781425628254,3.25,2.921153115073223,0.23556944440212207,5.0,1.5010527543157792e-12,True,True,-2.3375208884373393,-2.178321344257913,-2.1046641228294876,-2.060162206970982,-2.029640558598479,-1.9895035858632535,-1.963606485304056,-1.9451320071448808,-1.931099588446103,-1.919974768386019,-1.9108768606926962,,11783,92,1.5,False,False,"variant-qitT30 (v1.1-frozen + |Qit_eff| -30% at 423 K; robustness study v1.3, 423 K only)"
C0363_T423,manual,0,C0363,C0363,423.0,1.166777653992176,1.1711661364883184,-765681295655.6677,0.9648251473903656,b5ebcd385146,1470e4b1eac5,5e1d50a6e395,0,True,0,42.688,2.8663228618484324,2.78381769374925,160.83151765808685,0.012613873680186056,1.6897901579650443e-13,ae73669,2026-10-04T00:48:48+00:00,2.8798067181306477,160.83922222880142,True,0.004196324660639579,3.25,2.78381769374925,0.24739489630478625,5.0,1.3148926392148041e-12,True,True,-2.383453233086982,-2.2031965983091784,-2.1183363770083656,-2.0664147400867483,-2.030482917353041,-1.982817028037578,-1.9518144633750405,-1.9295821353954286,-1.9126310914286446,-1.89915152250021,-1.8880992058437724,,9911,91,1.5,False,False,"variant-qitT30 (v1.1-frozen + |Qit_eff| -30% at 423 K; robustness study v1.3, 423 K only)"
C0364_T423,manual,0,C0364,C0364,423.0,1.1119989771395922,0.8409061666578055,-648539954796.4335,0.9429382976144552,5bddf5d39084,1470e4b1eac5,5e1d50a6e395,0,True,0,43.149,1.840167051168399,2.7396266889270438,150.73507013260863,0.012811890948809293,1.6897901579650443e-13,ae73669,2026-10-04T00:52:53+00:00,1.8545276375894542,150.81493175446465,True,0.004625721170364175,2.25,2.7396266889270438,0.2519541218964102,5.0,2.5353266412273893e-12,True,True,-2.1794933266495624,-2.1007233478183736,-2.0526712632862543,-2.019472536862243,-1.9947676610942,-1.959795625317147,-1.9357052726997133,-1.917782623582791,-1.9037582103166792,-1.8923867665842327,-1.8829200408584452,,10262,91,1.5,False,False,"variant-qitT30 (v1.1-frozen + |Qit_eff| -30% at 423 K; robustness study v1.3, 423 K only)"
C0365_T423,manual,0,C0365,C0365,423.0,0.8244169119745494,1.1149289045482873,-1286017172969.8777,1.0344680670648814,aac17ce27a26,1470e4b1eac5,5e1d50a6e395,0,True,0,50.505,3.5762917126423375,3.031328902381236,159.14217046891844,0.011592916157171305,1.6897901579650449e-13,ae73669,2026-10-04T00:32:47+00:00,3.5894348233372444,159.16190877571967,True,0.0044382799294723895,4.0,3.031328902381236,0.2263497813090289,5.0,2.410408011183434e-12,True,True,-2.796621381627294,-2.30659481834592,-2.1772247587676747,-2.1109661817056886,-2.0691348161391834,-2.0176485597502194,-1.9861989292540263,-1.9644936096199164,-1.948375429363966,-1.9358073050487983,-1.9256597580352044,,11900,92,1.5,False,False,"variant-qitT30 (v1.1-frozen + |Qit_eff| -30% at 423 K; robustness study v1.3, 423 K only)"
C0366_T423,manual,0,C0366,C0366,423.0,0.951842799782753,0.958281883224845,-889229518361.3896,0.8050255961716175,bde488855cff,1470e4b1eac5,5e1d50a6e395,0,True,0,41.973,2.563782626397982,2.9971172366562406,154.66828919619135,0.011721638070085458,1.6897901579650446e-13,ae73669,2026-10-04T00:29:16+00:00,2.5772821506531445,154.75336206698398,True,0.003990096657199981,3.0,2.9971172366562406,0.22929197104010635,5.0,2.1611398492203485e-12,True,True,-2.339914968325709,-2.2040703678283755,-2.132750129698738,-2.0870706929418383,-2.054632934325727,-2.0106393033664047,-1.9814741978933494,-1.9603074940485006,-1.944033497224507,-1.931011692491287,-1.9202831764352153,,11198,92,1.5,False,False,"variant-qitT30 (v1.1-frozen + |Qit_eff| -30% at 423 K; robustness study v1.3, 423 K only)"
C0367_T423,manual,0,C0367,C0367,423.0,1.064260546863079,1.0858338359743356,-1049230022355.914,1.1222860798239709,dccced653551,1470e4b1eac5,5e1d50a6e395,0,True,0,40.727,3.1167975396935237,2.758471741718275,158.2280591999997,0.012727960097896486,1.6897901579650443e-13,ae73669,2026-10-04T00:29:18+00:00,3.129708051594895,158.2280320628926,True,0.004696421256944991,3.5,2.758471741718275,0.2498582004649384,5.0,9.180191329338783e-13,True,True,-2.4294214953536484,-2.2009555919097665,-2.1084553376217015,-2.0550974535773063,-2.0193612389533855,-1.973247927566059,-1.9439476318907825,-1.9232325348147001,-1.9075908282057181,-1.895241194870788,-1.8851717995020172,,10613,91,1.5,False,False,"variant-qitT30 (v1.1-frozen + |Qit_eff| -30% at 423 K; robustness study v1.3, 423 K only)"
C0368_T423,manual,0,C0368,C0368,423.0,1.0569008603692054,0.9667568974196912,-548176764510.5719,0.9841952867805958,17bed5f48806,1470e4b1eac5,5e1d50a6e395,0,True,0,30.949,2.016743189606574,2.77929458448775,154.71909604991518,0.01263186286596002,1.6897901579650449e-13,ae73669,2026-10-04T00:25:41+00:00,2.021666073274539,155.0110467627696,True,0.004562336431265069,2.5,2.77929458448775,0.24807306217169992,5.0,1.8351257276590077e-12,True,True,-2.2059815126759275,-2.1176600772388228,-2.0654399770339125,-2.029988807298358,-2.003915192520848,-1.9674354103372664,-1.9425954889885624,-1.9242693949132457,-1.9100227558991427,-1.8985325977622798,-1.8890098493839045,,10613,92,1.5,False,False,"variant-qitT30 (v1.1-frozen + |Qit_eff| -30% at 423 K; robustness study v1.3, 423 K only)"
C0369_T423,manual,0,C0369,C0369,423.0,0.9693801164627076,1.0892246335744855,-1388360202312.4695,1.0884198054671288,829e9be784df,1470e4b1eac5,5e1d50a6e395,0,True,0,50.978,3.6778876138377714,2.865581479747527,158.3567401425211,0.012256572989605061,1.689790157965044e-13,ae73669,2026-10-04T00:33:37+00:00,3.686377052376937,158.6732031159872,True,0.004528054155804087,4.25,2.865581479747527,0.24009873708339083,5.0,8.9395851832208e-13,True,True,-2.9403707031025945,-2.3067068268451774,-2.1644164240280572,-2.093877581624895,-2.0499333471690924,-1.9963108824332467,-1.9637299471989833,-1.9412854415061414,-1.9246252412133067,-1.9116309441534713,-1.9011327993385174,,11081,93,1.5,False,False,"variant-qitT30 (v1.1-frozen + |Qit_eff| -30% at 423 K; robustness study v1.3, 423 K only)"
C0370_T423,manual,0,C0370,C0370,423.0,0.8045571837574244,0.8341523312032223,-788932006806.1351,0.8713800486177207,20858e7651be,1470e4b1eac5,5e1d50a6e395,0,True,0,52.393,2.0544867933846316,3.0386645481845136,150.58812518989188,0.01156143966025939,1.6897901579650443e-13,ae73669,2026-10-04T00:52:41+00:00,2.0669132813765723,150.68254187358437,True,0.004349881583061734,2.5,3.0386645481845136,0.22617928125400358,5.0,2.8362284981821626e-12,True,True,-2.2363978635749504,-2.1487823751520447,-2.0976112959754705,-2.0631366086857406,-2.037913402234273,-2.0028013484987084,-1.979003052545623,-1.961498476329805,-1.9479202868591683,-1.9369880830801245,-1.927940755259942,,12017,92,1.5,False,False,"variant-qitT30 (v1.1-frozen + |Qit_eff| -30% at 423 K; robustness study v1.3, 423 K only)"
C0371_T423,manual,0,C0371,C0371,423.0,1.117036252096295,1.1101098954677582,-1151514987461.269,1.1513356450945138,496b33315958,1470e4b1eac5,5e1d50a6e395,0,True,0,38.765,3.3385130187438308,2.7222909614465767,158.9021162098635,0.012896072761868967,1.6897901579650443e-13,ae73669,2026-10-04T00:51:05+00:00,3.351564714748792,158.95720856708272,True,0.004825681847666289,3.75,2.7222909614465767,0.2532742852213794,5.0,2.5864888509208887e-12,True,True,-2.542336704556832,-2.2265628464461065,-2.1181458013371155,-2.0586838659490825,-2.019848629705091,-1.970711222975145,-1.9399726884560746,-1.9184328337286123,-1.9022607458957306,-1.889542525167626,-1.8792022487703806,,10262,92,1.5,False,False,"variant-qitT30 (v1.1-frozen + |Qit_eff| -30% at 423 K; robustness study v1.3, 423 K only)"
C0372_T423,manual,0,C0372,C0372,423.0,1.1624391660094262,0.8779154568910599,-1268747879192.2332,1.1294747464358807,c25c0e92b209,1470e4b1eac5,5e1d50a6e395,0,True,0,43.514,2.938904927944007,2.6587050681410624,151.7172235074048,0.013199748043060563,1.689790157965044e-13,ae73669,2026-10-04T00:54:44+00:00,2.94624050151776,152.20911997056803,True,0.004987241512696118,3.5,2.6587050681410624,0.25981293253340415,5.0,9.177224952194862e-13,True,True,-2.338178964679441,-2.157029498746551,-2.0767296919139775,-2.0288981237299946,-1.996294841925834,-1.9535624399218086,-1.9260085504440134,-1.906325001189916,-1.8913419607098325,-1.8794343585329991,-1.8696716141388554,,10028,93,1.5,False,False,"variant-qitT30 (v1.1-frozen + |Qit_eff| -30% at 423 K; robustness study v1.3, 423 K only)"
C0373_T423,manual,0,C0373,C0373,423.0,0.8749730676412583,1.1538957707583903,-671668303199.1124,0.8494695961475373,b8a63cdd67f4,1470e4b1eac5,5e1d50a6e395,0,True,0,59.23,2.6844289631852787,3.070819689054436,160.47198375973647,0.011444869905486411,1.6897901579650446e-13,ae73669,2026-10-04T00:37:04+00:00,2.692967485310968,160.79319118985813,True,0.0037890970712646486,3.25,3.070819689054436,0.2233349074958145,5.0,1.3076989930203861e-12,True,True,-2.3759314561684644,-2.2248600565069707,-2.148566564989879,-2.100569386863241,-2.0668631460079507,-2.0216439430396043,-1.9919943773616713,-1.970653725324632,-1.954356040761498,-1.9413891396124607,-1.9307581724228833,,11549,93,1.5,False,False,"variant-qitT30 (v1.1-frozen + |Qit_eff| -30% at 423 K; robustness study v1.3, 423 K only)"
C0374_T423,manual,0,C0374,C0374,423.0,0.9022830311208964,0.9230429768562316,-1005593561567.3662,1.016511584445834,3a67a8bad4cb,1470e4b1eac5,5e1d50a6e395,0,True,0,36.201,2.6420142426114155,2.8944288904428177,153.28737474528452,0.012133456211914636,1.6897901579650438e-13,ae73669,2026-10-04T00:26:38+00:00,2.6541790879693714,153.53718096197906,True,0.004515274091478012,3.0,2.8944288904428177,0.23782494102558235,5.0,1.5632327580686256e-12,True,True,-2.3013967850660157,-2.165975219382157,-2.0981554741997646,-2.0557434298373276,-2.0260722405770117,-1.9863811868752195,-1.9603958077746224,-1.941692004702794,-1.9273983767142722,-1.9160154728382235,-1.9066740514951446,,11549,93,1.5,False,False,"variant-qitT30 (v1.1-frozen + |Qit_eff| -30% at 423 K; robustness study v1.3, 423 K only)"
C0375_T423,manual,0,C0375,C0375,423.0,1.0148167449980974,1.0454879723489283,-930912578478.4556,0.912338237836957,081acdf5678e,1470e4b1eac5,5e1d50a6e395,0,True,0,49.958,2.8426230969882487,2.896000014094225,157.22336136349725,0.012128223778485703,1.6897901579650446e-13,ae73669,2026-10-04T00:56:31+00:00,2.8568734295858627,157.16782593486818,True,0.004203681875776024,3.25,2.896000014094225,0.23754274818131726,5.0,1.8152253411752292e-12,True,True,-2.383250036111242,-2.210271327595744,-2.128286716475859,-2.0780546389110146,-2.0432821384639275,-1.9971549353230416,-1.9671561818597447,-1.945644931360197,-1.9292442227785176,-1.916202798448094,-1.9055103774201163,,10847,92,1.5,False,False,"variant-qitT30 (v1.1-frozen + |Qit_eff| -30% at 423 K; robustness study v1.3, 423 K only)"
C0376_T423,manual,0,C0376,C0376,423.0,1.032035233080387,0.8237407013773919,-1097743789665.401,0.8208652026951313,40c2edcf2ae6,1470e4b1eac5,5e1d50a6e395,0,True,0,45.572,2.530161625645784,2.8927490529497217,150.33825295083915,0.012139123449770962,1.689790157965044e-13,ae73669,2026-10-04T00:51:23+00:00,2.538691520776734,150.55441809238656,True,0.004270920597948193,3.0,2.8927490529497217,0.23810016099434697,5.0,2.4134474831944273e-12,True,True,-2.308196068793744,-2.1786803772311085,-2.1104001580484195,-2.066587803850329,-2.035426843874346,-1.9930635695177896,-1.964880275097254,-1.9443545213669737,-1.9285209740528149,-1.9158126719651671,-1.9053129401533768,,10730,92,1.5,False,False,"variant-qitT30 (v1.1-frozen + |Qit_eff| -30% at 423 K; robustness study v1.3, 423 K only)"
C0377_T423,manual,0,C0377,C0377,423.0,0.944611954689026,1.1446429826319218,-961843591183.424,1.1002850338816643,024103704f3e,1470e4b1eac5,5e1d50a6e395,0,True,0,33.714,3.11421748187196,2.8664204897247183,159.9576442620304,0.01225313174724153,1.6897901579650443e-13,ae73669,2026-10-04T00:52:32+00:00,3.1272349416315723,159.8883264231794,True,0.004548041203154207,3.5,2.8664204897247183,0.24001579912278614,5.0,1.3086511041482396e-12,True,True,-2.4422697144969034,-2.2150851636867914,-2.123023942903591,-2.069955875208016,-2.0344514137921683,-1.9887170849318345,-1.9597310451534435,-1.9392880481657182,-1.9238869554059936,-1.911752896873444,-1.9018784651039333,,11198,91,1.5,False,False,"variant-qitT30 (v1.1-frozen + |Qit_eff| -30% at 423 K; robustness study v1.3, 423 K only)"
C0378_T423,manual,0,C0378,C0378,423.0,0.8781288657337427,0.975508750975132,-1361930966377.2583,0.9329523202031852,bf55299c1008,1470e4b1eac5,5e1d50a6e395,0,True,0,41.764,3.3648553464108137,3.003749232267642,155.05509175372944,0.011696692398545917,1.689790157965045e-13,ae73669,2026-10-04T00:29:23+00:00,3.3788538306910376,155.00934523281384,True,0.004277085412755604,3.75,3.003749232267642,0.22869499020338016,5.0,2.7407481594031297e-12,True,True,-2.601762868946241,-2.2759885532553663,-2.1648347989848795,-2.1040354886012844,-2.064404364845597,-2.0143590853467663,-1.9831107733091005,-1.9612395965250615,-1.944832227417307,-1.9319369310866836,-1.9214578736460337,,11549,91,1.5,False,False,"variant-qitT30 (v1.1-frozen + |Qit_eff| -30% at 423 K; robustness study v1.3, 423 K only)"
C0379_T423,manual,0,C0379,C0379,423.0,1.1907057810574768,1.0561567731201649,-701558887027.204,1.0381032291799783,25514e3139cb,1470e4b1eac5,5e1d50a6e395,0,True,0,44.506,2.4863720788603043,2.6991536357845582,157.42333520000957,0.013005019693835482,1.6897901579650449e-13,ae73669,2026-10-04T00:49:33+00:00,2.4881491134283986,157.84512796590099,True,0.004614004130109641,3.0,2.6991536357845582,0.25560414846875834,5.0,2.5522184042227127e-12,True,True,-2.267153407941996,-2.1422573602817847,-2.075868786432376,-2.0331053621924804,-2.002635786284097,-1.9611900781288076,-1.9336466842837925,-1.9136283657658115,-1.8982232364677452,-1.8858889858043175,-1.8757224284288454,,9794,92,1.5,False,False,"variant-qitT30 (v1.1-frozen + |Qit_eff| -30% at 423 K; robustness study v1.3, 423 K only)"
C0380_T423,manual,0,C0380,C0380,423.0,1.1361086949706078,0.9317715920507909,-818792009726.1667,1.0662423186004162,ee88a7779e98,1470e4b1eac5,5e1d50a6e395,0,True,0,45.882,2.358495596819596,2.692910112199544,153.51042350673472,0.013033636969338257,1.6897901579650443e-13,ae73669,2026-10-04T00:53:40+00:00,2.3720958962299625,153.51717743673836,True,0.004798396916171596,2.75,2.692910112199544,0.2563611519957551,5.0,2.132146792004677e-12,True,True,-2.2300176507952734,-2.1205013968191735,-2.0606671486250185,-2.021647079788183,-1.993642665903997,-1.9553003320218645,-1.9296662189467562,-1.9109599654447,-1.8965214539978696,-1.8849343797351445,-1.8753660981503544,,10145,91,1.5,False,False,"variant-qitT30 (v1.1-frozen + |Qit_eff| -30% at 423 K; robustness study v1.3, 423 K only)"
C0381_T423,manual,0,C0381,C0381,423.0,0.8485447496175766,1.0124425515532494,-1244667493738.234,0.9610418558120728,63b096b76014,1470e4b1eac5,5e1d50a6e395,0,True,0,54.016,3.2661478637817063,3.0185704570251963,156.16303458980207,0.01164021618380611,1.6897901579650443e-13,ae73669,2026-10-04T00:33:41+00:00,3.27093238145161,156.52403124727144,True,0.004364389523208392,3.75,3.0185704570251963,0.22747911163165385,5.0,2.2936538470396537e-12,True,True,-2.5382688347559568,-2.2597870135629274,-2.157126271335482,-2.0997354301332205,-2.0619369306561244,-2.013843345347686,-1.9836511791008313,-1.9624656050757743,-1.9465527849132243,-1.9340389538302696,-1.9238678042078226,,11783,92,1.5,False,False,"variant-qitT30 (v1.1-frozen + |Qit_eff| -30% at 423 K; robustness study v1.3, 423 K only)"
C0382_T423,manual,0,C0382,C0382,423.0,0.9775148693472148,0.8675263054668904,-579077196307.4803,1.1783768247812985,ffd0e588771c,1470e4b1eac5,5e1d50a6e395,0,True,0,43.435,1.7871220595254245,2.7212924375789056,151.33926214711548,0.012897762140484695,1.6897901579650446e-13,ae73669,2026-10-04T00:29:59+00:00,1.7960995768225532,151.6069603297255,True,0.005237228010448286,2.25,2.7212924375789056,0.2537012012378442,5.0,2.2512015118162767e-12,True,True,-2.1428433061578622,-2.0726236413488266,-2.029950553138863,-2.000574420839227,-1.9787855907434924,-1.9480715479514847,-1.927024582762311,-1.9114387587220205,-1.8992943654880854,-1.8894856365495138,-1.8813494680006846,,11081,92,1.5,False,False,"variant-qitT30 (v1.1-frozen + |Qit_eff| -30% at 423 K; robustness study v1.3, 423 K only)"
C0383_T423,manual,0,C0383,C0383,423.0,1.089951117709279,1.1884056523442268,-1480479849502.4443,0.8990081656724215,ca8971f91117,1470e4b1eac5,5e1d50a6e395,0,True,0,41.815,4.071613141661586,2.9303399674049344,161.42400737924757,0.011989637507234684,1.6897901579650446e-13,ae73669,2026-10-04T00:30:00+00:00,4.08492253730212,161.52438774419943,True,0.004052228104005396,4.5,2.9303399674049344,0.23438840190994278,5.0,1.5548577512403695e-12,True,True,-4.3477300860932235,-2.4752077186706085,-2.2482299252626894,-2.150710443922126,-2.0930323361711713,-2.024995207584415,-1.9846319662662326,-1.9571619534331777,-1.9369155451660611,-1.9211939470919368,-1.9085284777318885,,10379,92,1.5,False,False,"variant-qitT30 (v1.1-frozen + |Qit_eff| -30% at 423 K; robustness study v1.3, 423 K only)"
C0384_T423,manual,0,C0384,C0384,423.0,1.0875381458550692,0.9523000817745924,-837680563330.6504,1.1553940713405608,bf095b505172,1470e4b1eac5,5e1d50a6e395,0,True,0,30.504,2.437627776598486,2.6872326732443472,154.0945493027337,0.013061083393380761,1.6897901579650449e-13,ae73669,2026-10-04T00:26:12+00:00,2.445002226260667,154.45802197952645,True,0.00492179918525765,3.0,2.6872326732443472,0.2569129200651665,5.0,2.8313161095277937e-12,True,True,-2.2302777787055934,-2.1166237816443223,-2.0561899624330464,-2.0173172949887417,-1.989658193254361,-1.9520928705703091,-1.927165882376249,-1.9090684299417757,-1.8951534355016386,-1.8840207976204852,-1.874851357876775,,10379,93,1.5,False,False,"variant-qitT30 (v1.1-frozen + |Qit_eff| -30% at 423 K; robustness study v1.3, 423 K only)"
C0385_T423,manual,0,C0385,C0385,423.0,0.9750709984451532,1.079463081434369,-1223829670809.2097,0.8719238035380841,ee2e7849a77f,1470e4b1eac5,5e1d50a6e395,0,True,0,48.097,3.4043408950585174,2.984184776241368,158.29532160287874,0.01177367157368715,1.6897901579650443e-13,ae73669,2026-10-04T00:34:25+00:00,3.415968275071383,158.53746694428705,True,0.0038946103960399224,4.0,2.984184776241368,0.2301469699645052,5.0,1.1423537629384199e-12,True,True,-2.658782443276442,-2.3023526053137533,-2.1822353250783078,-2.1164475868638606,-2.073471442071437,-2.01906397030925,-1.9850067522449812,-1.9611300856728766,-1.9431965701524982,-1.929088082990025,-1.91761344959841,,11081,93,1.5,False,False,"variant-qitT30 (v1.1-frozen + |Qit_eff| -30% at 423 K; robustness study v1.3, 423 K only)"
C0386_T423,manual,0,C0386,C0386,423.0,0.8476942718029022,0.8470348309725524,-577392990700.9005,1.0925759721547366,1e8f4353a0ab,1470e4b1eac5,5e1d50a6e395,0,True,0,51.172,1.7317619418003072,2.865607011560553,150.73129616859762,0.012253417964355478,1.6897901579650446e-13,ae73669,2026-10-04T00:53:33+00:00,1.7341004691139013,151.1583324309454,True,0.004908297701306071,2.25,2.865607011560553,0.2404341344018576,5.0,1.4230468288014356e-12,True,True,-2.158374998595375,-2.090696573775542,-2.049232595723758,-2.0205742258460915,-1.9992701459105824,-1.9691887049912413,-1.948553589430958,-1.9332683872433636,-1.9213591128159189,-1.9117427524414712,-1.9037689631031636,,11783,92,1.5,False,False,"variant-qitT30 (v1.1-frozen + |Qit_eff| -30% at 423 K; robustness study v1.3, 423 K only)"
C0387_T423,manual,0,C0387,C0387,423.0,1.135227318108082,1.1214465279132129,-1488019701093.4353,0.9848364006727934,f95541e1c439,1470e4b1eac5,5e1d50a6e395,0,True,0,39.244,3.923309600527143,2.826393193132238,159.38535809412346,0.012425851525117514,1.6897901579650443e-13,ae73669,2026-10-04T00:51:45+00:00,3.9325683128631197,159.58704360339192,True,0.004268600634466832,4.5,2.826393193132238,0.24347276758479863,5.0,2.2514604832538982e-12,True,True,-3.6648207336666836,-2.3922169948345857,-2.2033942281406738,-2.117077616709745,-2.0649092687743327,-2.002484220005563,-1.9650505077461262,-1.9394179378503296,-1.920448207325116,-1.9056738400201358,-1.8937440948564412,,10145,93,1.5,False,False,"variant-qitT30 (v1.1-frozen + |Qit_eff| -30% at 423 K; robustness study v1.3, 423 K only)"
C0388_T423,manual,0,C0388,C0388,423.0,1.1931309837847948,0.8907959092408418,-1120786515064.5376,0.9067163929343224,49f1d9daefcd,1470e4b1eac5,5e1d50a6e395,0,True,0,41.319,2.7498780098602884,2.759230875887958,152.41408323557727,0.012722873827368402,1.6897901579650443e-13,ae73669,2026-10-04T00:55:26+00:00,2.7498940686393456,152.8356065638247,True,0.004454021792951679,3.25,2.759230875887958,0.2499538563964635,5.0,3.0938987590897808e-12,True,True,-2.337204721518572,-2.17973303438352,-2.1024472655424034,-2.0543730048161866,-2.0207802404760136,-1.9757966293783273,-1.946250816610971,-1.9248996986845504,-1.9085156091381636,-1.8954147796939578,-1.8846211566288753,,9794,90,1.5,False,False,"variant-qitT30 (v1.1-frozen + |Qit_eff| -30% at 423 K; robustness study v1.3, 423 K only)"
C0389_T423,manual,0,C0389,C0389,423.0,0.8806093815714121,1.16523368768394,-944656400009.9896,1.014406318217516,09f26f7f0c58,1470e4b1eac5,5e1d50a6e395,0,True,0,59.93,3.1396260113151606,2.9743531771946072,160.63652248229167,0.01181280103096948,1.6897901579650446e-13,ae73669,2026-10-04T00:38:04+00:00,3.151691358000593,160.71820101624334,True,0.0042080284324901044,3.5,2.9743531771946072,0.23089088930684293,5.0,2.2726053685448187e-12,True,True,-2.477149283841095,-2.240479947487792,-2.1452584290741994,-2.0904761106873306,-2.0538632846810203,-2.006751138942246,-1.9769276088425785,-1.955915123493007,-1.9400988077352557,-1.9276471110182904,-1.917520975386903,,11549,93,1.5,False,False,"variant-qitT30 (v1.1-frozen + |Qit_eff| -30% at 423 K; robustness study v1.3, 423 K only)"
C0390_T423,manual,0,C0390,C0390,423.0,0.9454746633768082,0.9085874516516924,-1356596002355.218,0.8437503699213267,8f2ffd58f451,1470e4b1eac5,5e1d50a6e395,0,True,0,37.851,3.186815675122921,2.986103143719611,153.07276914568547,0.01176426109724538,1.6897901579650449e-13,ae73669,2026-10-04T00:27:16+00:00,3.1952272289646846,153.56398861866572,True,0.004056118202769106,3.75,2.986103143719611,0.2301997557967263,5.0,1.144365852079332e-12,True,True,-2.5134949044492694,-2.260267937201069,-2.1597474866335755,-2.1020647050255925,-2.0635095316726404,-2.013790795832482,-1.9821735753885208,-1.9597818767267123,-1.9428397940888484,-1.9294353452806967,-1.9184832977084543,,11198,93,1.5,False,False,"variant-qitT30 (v1.1-frozen + |Qit_eff| -30% at 423 K; robustness study v1.3, 423 K only)"
C0391_T423,manual,0,C0391,C0391,423.0,1.032953254878521,1.0357243668287992,-704944440163.672,1.12727171741426,d06e00057724,1470e4b1eac5,5e1d50a6e395,0,True,0,51.57,2.435780802270071,2.747698109004318,156.69105490712138,0.012776660381452348,1.6897901579650449e-13,ae73669,2026-10-04T00:57:23+00:00,2.4433683135710957,156.96688255307157,True,0.004727612116990472,3.0,2.747698109004318,0.25096490711725844,5.0,1.3668590500995159e-12,True,True,-2.244797137197132,-2.1297703525331295,-2.0684282185324383,-2.0289224606818235,-2.000801221403029,-1.9626153273731355,-1.9372996530186715,-1.9189425513882579,-1.9048461777617547,-1.8935826491074628,-1.8843164266476569,,10730,93,1.5,False,False,"variant-qitT30 (v1.1-frozen + |Qit_eff| -30% at 423 K; robustness study v1.3, 423 K only)"
C0392_T423,manual,0,C0392,C0392,423.0,1.0139418590813876,0.8077149961143733,-1262249525636.4346,1.0434311747550964,d7d5f439cbe1,1470e4b1eac5,5e1d50a6e395,0,True,0,46.105,2.7332743458091318,2.771043884438583,149.51975436404786,0.012667629584059231,1.6897901579650446e-13,ae73669,2026-10-04T00:52:10+00:00,2.735461965979521,149.96796440800685,True,0.004922692492005814,3.25,2.771043884438583,0.24900800421662073,5.0,1.4763449395843212e-12,True,True,-2.296478835196854,-2.1512049345006683,-2.0810282255895616,-2.0378042228572415,-2.0078028104805927,-1.9678887882426424,-1.9418329962957968,-1.9230830373586558,-1.9087414595521983,-1.89730464438057,-1.887904187620926,,10847,92,1.5,False,False,"variant-qitT30 (v1.1-frozen + |Qit_eff| -30% at 423 K; robustness study v1.3, 423 K only)"
C0393_T423,manual,0,C0393,C0393,423.0,0.9013772461563349,1.136449557170272,-672303552739.3221,0.9355468444526196,b40f0eb85254,1470e4b1eac5,5e1d50a6e395,0,True,0,35.952,2.6375691318528633,2.9793463436033285,159.859418220201,0.011792654374210057,1.6897901579650449e-13,ae73669,2026-10-04T00:53:08+00:00,2.650164931094181,160.1716884343242,True,0.004038131711639604,3.0,2.9793463436033285,0.230540441567192,5.0,8.921891003765836e-13,True,True,-2.339581006493531,-2.197566739157729,-2.1253307266431745,-2.0797799348134567,-2.047757290776438,-2.0047632742837065,-1.9765560134802695,-1.956246596041919,-1.9407331088721425,-1.9283884298222438,-1.918266759890654,,11549,93,1.5,False,False,"variant-qitT30 (v1.1-frozen + |Qit_eff| -30% at 423 K; robustness study v1.3, 423 K only)"
C0394_T423,manual,0,C0394,C0394,423.0,0.8725356757640839,0.9930843774229288,-1025405271910.131,1.105515431240201,336a4fafebc5,1470e4b1eac5,5e1d50a6e395,0,True,0,41.698,2.850838109139605,2.897773656500501,155.40435489075128,0.012120487375478472,1.689790157965045e-13,ae73669,2026-10-04T00:30:05+00:00,2.8643448157963776,155.3371334948207,True,0.00475679155128733,3.25,2.897773656500501,0.23744495157671233,5.0,1.275413802348524e-12,True,True,-2.341347830911148,-2.178255051775457,-2.103296937906766,-2.0581178963505193,-2.0271775556145744,-1.9865577094379738,-1.9604031949309813,-1.941779911637915,-1.9276583666216356,-1.9164799164547779,-1.907350640592178,,11549,91,1.5,False,False,"variant-qitT30 (v1.1-frozen + |Qit_eff| -30% at 423 K; robustness study v1.3, 423 K only)"
C0395_T423,manual,0,C0395,C0395,423.0,1.1599708750844002,1.0627995159476995,-913057848811.1497,0.8233617972582579,ded42cc4fab1,1470e4b1eac5,5e1d50a6e395,0,True,0,45.492,2.863939679490976,2.8749759912447153,157.87955762665206,0.012216697552623376,1.6897901579650443e-13,ae73669,2026-10-04T00:50:18+00:00,2.878408696986337,157.81325449811777,True,0.0038946663590916017,3.25,2.8749759912447153,0.23928841706157597,5.0,8.787571365020952e-13,True,True,-2.4125700302938506,-2.2296485486976287,-2.1423393368233143,-2.0885467819772714,-2.051149490769971,-2.0013076572533937,-1.9687312199125842,-1.9452818281590758,-1.9273467516916682,-1.9130461777684138,-1.901292794596757,,10028,91,1.5,False,False,"variant-qitT30 (v1.1-frozen + |Qit_eff| -30% at 423 K; robustness study v1.3, 423 K only)"
C0396_T423,manual,0,C0396,C0396,423.0,1.1178745407611133,0.949346124753356,-545824893750.2504,0.8952417775988579,0f623e4f6382,1470e4b1eac5,5e1d50a6e395,0,True,0,46.826,1.9745184961377846,2.7911731813267693,154.285441731273,0.012578476315136193,1.689790157965044e-13,ae73669,2026-10-04T00:54:27+00:00,1.977966487399996,154.75124220919244,True,0.004283324807167713,2.5,2.7911731813267693,0.2469790887476656,5.0,1.1201595206955517e-12,True,True,-2.216207925364113,-2.127380305213321,-2.074122273536529,-2.037666477656982,-2.010701615916303,-1.972758244214182,-1.946774692090406,-1.927525641819956,-1.9125127895704506,-1.9003719636606915,-1.8902865950613783,,10145,92,1.5,False,False,"variant-qitT30 (v1.1-frozen + |Qit_eff| -30% at 423 K; robustness study v1.3, 423 K only)"
C0397_T423,manual,0,C0397,C0397,423.0,0.8054507855325937,1.0190871510654689,-1392668912187.2188,1.1773457653820514,3d8e9be64456,1470e4b1eac5,5e1d50a6e395,0,True,0,53.704,3.5082061197721375,2.964429169855992,156.1446222175059,0.011851258606066655,1.6897901579650443e-13,ae73669,2026-10-04T00:34:35+00:00,3.5106585841174485,156.42217504180365,True,0.004907466358660317,4.0,2.964429169855992,0.23178734287229458,5.0,1.580121902273531e-12,True,True,-2.676297078079741,-2.2601429394955566,-2.1443386512216183,-2.08459868486139,-2.0468113384254676,-2.0002652318986387,-1.9718217432097527,-1.9521874290728727,-1.937605747653744,-1.9262355250425867,-1.9170557139053894,,12017,92,1.5,False,False,"variant-qitT30 (v1.1-frozen + |Qit_eff| -30% at 423 K; robustness study v1.3, 423 K only)"
C0398_T423,manual,0,C0398,C0398,423.0,0.9717809110879898,0.851502462849021,-805070130154.4905,0.9573734227567912,feacde08a412,1470e4b1eac5,5e1d50a6e395,0,True,0,39.276,2.1234968367181657,2.8371178348287147,151.0609553978891,0.012375288869551505,1.6897901579650443e-13,ae73669,2026-10-04T00:30:39+00:00,2.1371556432010186,151.42893963156578,True,0.004545391631143896,2.5,2.8371178348287147,0.24295013677864052,5.0,2.6145116752250142e-12,True,True,-2.217553568809411,-2.1254185301638358,-2.0723124285349757,-2.03675386924217,-2.0108248184190143,-1.974819793968977,-1.950453427947718,-1.9325380900143028,-1.9186394171534658,-1.9074446547792026,-1.8981749563136279,,10964,93,1.5,False,False,"variant-qitT30 (v1.1-frozen + |Qit_eff| -30% at 423 K; robustness study v1.3, 423 K only)"
C0399_T423,manual,0,C0399,C0399,423.0,1.0593569681048394,1.180211127176881,-1129513648338.616,1.0653088327497244,3f4e80b96edd,1470e4b1eac5,5e1d50a6e395,0,True,0,41.539,3.4699388466867407,2.815798115918141,161.03404779304753,0.012471990765352176,1.6897901579650443e-13,ae73669,2026-10-04T00:30:42+00:00,3.473658135800917,161.3503349345935,True,0.004502119314572934,4.0,2.815798115918141,0.24445499696865405,5.0,1.743830702607188e-12,True,True,-2.674755203950077,-2.272916634384016,-2.1501369078595305,-2.084748581937794,-2.042629975860672,-1.989910909935861,-1.9572272595571047,-1.9344519406536764,-1.917419404986618,-1.9040642193841664,-1.893231446778647,,10613,92,1.5,False,False,"variant-qitT30 (v1.1-frozen + |Qit_eff| -30% at 423 K; robustness study v1.3, 423 K only)"
C0400_T423,manual,0,C0400,C0400,423.0,1.0636221423745156,0.8734603337943554,-632459118962.2878,0.82879574932158,376f0f8b119f,1470e4b1eac5,5e1d50a6e395,0,True,0,29.607,1.9155457272095544,2.8545680673970426,151.94599683161235,0.012300501299252847,1.6897901579650443e-13,ae73669,2026-10-04T00:26:41+00:00,1.9264431083054285,152.32699064897054,True,0.004048094763936491,2.5,2.8545680673970426,0.2413739981258537,5.0,2.058207163028264e-12,True,True,-2.2198829685042285,-2.134148997807045,-2.08217712295605,-2.0463846183487027,-2.0198028377092636,-1.9822457242433755,-1.9564215748669815,-1.9372331182136688,-1.9222320628353635,-1.910077188799392,-1.899963609801086,,10613,93,1.5,False,False,"variant-qitT30 (v1.1-frozen + |Qit_eff| -30% at 423 K; robustness study v1.3, 423 K only)"
C0401_T423,manual,0,C0401,C0401,423.0,0.951136875152588,1.194728824496269,-1307953490875.6614,1.1485952492803335,2e53bbdb10e3,1470e4b1eac5,5e1d50a6e395,0,True,0,51.383,3.7866103193262934,2.8689413701076956,161.3604578174632,0.01224317483523099,1.6897901579650449e-13,ae73669,2026-10-04T00:35:17+00:00,3.7951678254435532,161.58712812562314,True,0.0047279319826529255,4.25,2.8689413701076956,0.2397185725812897,5.0,2.5377233577091542e-12,True,True,-3.1925083824376235,-2.3295305966085804,-2.1722587162195146,-2.0976385089672114,-2.052024396171716,-1.9971519977876346,-1.9642018643521002,-1.9416688467544603,-1.9250305585655247,-1.9121059486420082,-1.9016984328158686,,11198,92,1.5,False,False,"variant-qitT30 (v1.1-frozen + |Qit_eff| -30% at 423 K; robustness study v1.3, 423 K only)"
C0402_T423,manual,0,C0402,C0402,423.0,0.8222160134464502,0.9255938075482846,-891768123023.2119,0.9158295437693597,fa55fa497847,1470e4b1eac5,5e1d50a6e395,0,True,0,53.617,2.471649368069818,3.0272164051661083,153.50395878325023,0.011606076452187584,1.689790157965045e-13,ae73669,2026-10-04T00:54:26+00:00,2.4754509678184045,153.9699384050828,True,0.004269322327892953,3.0,3.0272164051661083,0.22693128327416115,5.0,1.0805332323338135e-12,True,True,-2.2962279302831803,-2.1771253241593875,-2.113965115805747,-2.0734231024648637,-2.0446296706438813,-2.0056166393059205,-1.979804007271939,-1.9611100579583036,-1.9467674645319986,-1.935314572953477,-1.925897337066821,,12017,92,1.5,False,False,"variant-qitT30 (v1.1-frozen + |Qit_eff| -30% at 423 K; robustness study v1.3, 423 K only)"
C0403_T423,manual,0,C0403,C0403,423.0,1.1097305584698915,1.0058756172657013,-1044742073863.7448,1.011460829526186,6c9571e5a3e3,1470e4b1eac5,5e1d50a6e395,0,True,0,40.3,2.921106593274405,2.76854240965129,155.9041801012695,0.01268142738447271,1.6897901579650443e-13,ae73669,2026-10-04T00:52:26+00:00,2.9305941069308945,156.42733715537133,True,0.00444481089958333,3.5,2.76854240965129,0.2489753441800349,5.0,2.7636254560382793e-12,True,True,-2.3744449365565425,-2.190108971332047,-2.106411882937918,-2.056018958639505,-2.0214666264872903,-1.9759809269227497,-1.9465720909141448,-1.925547451404549,-1.9095446202666793,-1.8968318607830414,-1.886414749976383,,10262,93,1.5,False,False,"variant-qitT30 (v1.1-frozen + |Qit_eff| -30% at 423 K; robustness study v1.3, 423 K only)"
C0404_T423,manual,0,C0404,C0404,423.0,1.1674526557326317,0.9818810850381852,-1411883470602.3335,1.0833148825913668,38de0d30f12f,1470e4b1eac5,5e1d50a6e395,0,True,0,47.129,3.4512891009120406,2.712654205035874,155.08532381447736,0.012940702320736077,1.6897901579650443e-13,ae73669,2026-10-04T00:56:13+00:00,3.4572630465733463,155.56935248287607,True,0.0047582494267499435,4.0,2.712654205035874,0.25429447100489555,5.0,2.058656629975531e-12,True,True,-2.629132932624587,-2.2457248965640058,-2.127210642512233,-2.0639578446906506,-2.0231604794551723,-1.9719876372547536,-1.9401543079353067,-1.9178919823572238,-1.9011849920237527,-1.8880421528989135,-1.8773493751291537,,9911,92,1.5,False,False,"variant-qitT30 (v1.1-frozen + |Qit_eff| -30% at 423 K; robustness study v1.3, 423 K only)"
C0405_T423,manual,0,C0405,C0405,423.0,0.8549251407384872,1.06213700696826,-524657068774.1041,0.9877346586436032,f532a8ee88c3,1470e4b1eac5,5e1d50a6e395,0,True,0,67.314,2.21747979344397,2.965976110622409,157.6474550965084,0.011844687501617957,1.6897901579650454e-13,ae73669,2026-10-04T00:39:12+00:00,2.22165226467069,158.0364913919915,True,0.004322431586645847,2.75,2.965976110622409,0.23170071076073745,5.0,1.439327343280073e-12,True,True,-2.250816514925255,-2.151527053834188,-2.0954230888012186,-2.0582748053519255,-2.0314014510741427,-1.9944132865699131,-1.9696281560006395,-1.951552267057316,-1.9376259059529959,-1.926476392781082,-1.9172932725398353,,11783,91,1.5,False,False,"variant-qitT30 (v1.1-frozen + |Qit_eff| -30% at 423 K; robustness study v1.3, 423 K only)"
C0406_T423,manual,0,C0406,C0406,423.0,0.921358973160386,0.81722149848938,-1175095358863.473,1.1704965829849243,1d83fe146451,1470e4b1eac5,5e1d50a6e395,0,True,0,34.919,2.6118708606376817,2.784196656624126,149.68668310918403,0.012608390824775429,1.6897901579650443e-13,ae73669,2026-10-04T00:27:51+00:00,2.6251773772865876,149.62472539235856,True,0.005207618002909012,3.0,2.784196656624126,0.24777964159834734,5.0,9.47205855417188e-13,True,True,-2.25262081757434,-2.127742293981109,-2.065508752422398,-2.0267190290575168,-1.9996359639510681,-1.9634576492636906,-1.939786643701329,-1.9227465522151548,-1.9097193309135212,-1.8993403377342226,-1.8908192124969783,,11432,93,1.5,False,False,"variant-qitT30 (v1.1-frozen + |Qit_eff| -30% at 423 K; robustness study v1.3, 423 K only)"
C0407_T423,manual,0,C0407,C0407,423.0,1.0088312704116107,1.1385158859193325,-765347578562.7961,0.8506474547088146,be79f6fa7972,1470e4b1eac5,5e1d50a6e395,0,True,0,49.846,2.8009884890836196,2.958708255916786,160.040698982793,0.011874240462016284,1.6897901579650446e-13,ae73669,2026-10-04T00:58:13+00:00,2.812601214758218,160.29252774888292,True,0.003948696473847491,3.25,2.958708255916786,0.2322036723850789,5.0,1.659577543494636e-12,True,True,-2.3981863225616418,-2.227844353815286,-2.1449491886212866,-2.0935428864406105,-2.0577069316755447,-2.0098887561995817,-1.978645780322747,-1.956187281216694,-1.9390403902681546,-1.925394160541393,-1.9141999745878961,,10847,92,1.5,False,False,"variant-qitT30 (v1.1-frozen + |Qit_eff| -30% at 423 K; robustness study v1.3, 423 K only)"
C0408_T423,manual,0,C0408,C0408,423.0,1.0380729213356972,0.9164757654070854,-1205934789031.744,0.9669305089861154,dd7de04a0152,1470e4b1eac5,5e1d50a6e395,0,True,0,47.214,2.953333869558531,2.8262041633230828,153.14589242863818,0.012423890667289116,1.6897901579650443e-13,ae73669,2026-10-04T00:52:57+00:00,2.9593513124275037,153.6788015268586,True,0.004479786992317042,3.5,2.8262041633230828,0.24379325242044034,5.0,1.4265848365612131e-12,True,True,-2.387169178642682,-2.1983333959825293,-2.1140238009269945,-2.063628820565275,-2.0292160926902745,-1.9840618188465924,-1.954936294065697,-1.9341362210195205,-1.9183115595867395,-1.9057423791405697,-1.8954430534213005,,10613,92,1.5,False,False,"variant-qitT30 (v1.1-frozen + |Qit_eff| -30% at 423 K; robustness study v1.3, 423 K only)"
C0409_T423,manual,0,C0409,C0409,423.0,0.9254898071289064,1.0393097139894962,-857528294436.6335,1.061925321444869,5cb5d6210dac,1470e4b1eac5,5e1d50a6e395,0,True,0,39.979,2.6967969321041974,2.8722824958547744,156.87978376147032,0.012227327742253609,1.6897901579650443e-13,ae73669,2026-10-04T00:53:48+00:00,2.7033199787329347,157.16137220433157,True,0.004536186458156305,3.25,2.8722824958547744,0.23961467524774596,5.0,1.515678494953173e-12,True,True,-2.3141309667783965,-2.1703398603378816,-2.0995939477460923,-2.0556805984380886,-2.025094368152565,-1.9843514211752213,-1.9577907895323015,-1.9387345727991567,-1.9242098478041605,-1.912668446774166,-1.9032148920832905,,11315,93,1.5,False,False,"variant-qitT30 (v1.1-frozen + |Qit_eff| -30% at 423 K; robustness study v1.3, 423 K only)"
C0410_T423,manual,0,C0410,C0410,423.0,0.8982291016727686,0.8842381492257119,-1441804482601.583,0.8790619716048241,1d604a90e339,1470e4b1eac5,5e1d50a6e395,0,True,0,40.073,3.2554270360253947,2.9973266661424036,152.23987618406488,0.011720352204745998,1.6897901579650446e-13,ae73669,2026-10-04T00:30:45+00:00,3.2572393153777535,152.65072673313395,True,0.004298957276231881,3.75,2.9973266661424036,0.22933054605141054,5.0,1.5152424461677018e-12,True,True,-2.5358314887030025,-2.2611026777943892,-2.1581501201239264,-2.1002514825686793,-2.061971854193507,-2.0130553753219336,-1.982185799854623,-1.9604252974321572,-1.944013407997989,-1.9310593372701996,-1.9204951379119208,,11549,92,1.5,False,False,"variant-qitT30 (v1.1-frozen + |Qit_eff| -30% at 423 K; robustness study v1.3, 423 K only)"
C0411_T423,manual,0,C0411,C0411,423.0,1.185646181181073,1.159829504042864,-617748513817.7871,1.1998885698616504,eee9e94e09e6,1470e4b1eac5,5e1d50a6e395,0,True,0,41.223,2.5837424767939488,2.6408236629289332,160.330735578401,0.013290559538642064,1.689790157965044e-13,ae73669,2026-10-04T00:51:00+00:00,2.596428881659651,160.41046416658622,True,0.004919029840323475,3.0,2.6408236629289332,0.26141109496929105,5.0,1.597022352574794e-12,True,True,-2.262220209094261,-2.130017042360152,-2.0623880937162813,-2.019621683826068,-1.98949227510656,-1.948935758593912,-1.9222446279570886,-1.9029751483982995,-1.888221344574949,-1.8764567346758319,-1.8667928316571054,,9794,92,1.5,False,False,"variant-qitT30 (v1.1-frozen + |Qit_eff| -30% at 423 K; robustness study v1.3, 423 K only)"
C0412_T423,manual,0,C0412,C0412,423.0,1.1433682784438133,0.8280257143080235,-984890141524.3744,1.1217426110059023,24dcbad34837,1470e4b1eac5,5e1d50a6e395,0,True,0,43.031,2.337202243539968,2.6447315306572374,150.10819107434114,0.01326804616050695,1.6897901579650446e-13,ae73669,2026-10-04T00:55:10+00:00,2.350789929977912,150.18988159453056,True,0.005180538056323498,2.75,2.6447315306572374,0.26133526445952066,5.0,1.4161484485075704e-12,True,True,-2.2050520682353274,-2.1008864044843985,-2.044051268100403,-2.007023212193059,-1.980459573810791,-1.9440862330600295,-1.919749289412726,-1.9019699468968727,-1.8882309358884386,-1.8771930262075314,-1.868069025553367,,10145,91,1.5,False,False,"variant-qitT30 (v1.1-frozen + |Qit_eff| -30% at 423 K; robustness study v1.3, 423 K only)"
C0413_T423,manual,0,C0413,C0413,423.0,0.8309382289648056,1.103590987622738,-1074693659320.4736,0.8009670745581389,e5f68ff7710e,1470e4b1eac5,5e1d50a6e395,0,True,0,49.493,3.226460646141471,3.1719056105896057,159.07931149558075,0.011083666564939138,1.6897901579650446e-13,ae73669,2026-10-04T00:35:25+00:00,3.229774717451745,159.65439165283303,True,0.00373403950490171,3.75,3.1719056105896057,0.2158803018117039,5.0,2.614670991581868e-12,True,True,-2.574374770679431,-2.3029296733784035,-2.196633504556468,-2.135821319967206,-2.0952493861741206,-2.043069184752344,-2.0100226356454414,-1.9867176918054894,-1.9691569510128684,-1.9553165477747898,-1.9440486155754566,,11900,92,1.5,False,False,"variant-qitT30 (v1.1-frozen + |Qit_eff| -30% at 423 K; robustness study v1.3, 423 K only)"
C0414_T423,manual,0,C0414,C0414,423.0,0.9957119051367044,0.9727374084293844,-724670408293.6049,1.0338266670703888,2357890bc422,1470e4b1eac5,5e1d50a6e395,0,True,0,42.957,2.31521452059254,2.8064977063576975,154.85212722110003,0.012510597009234105,1.6897901579650443e-13,ae73669,2026-10-04T00:31:22+00:00,2.3278452199120765,155.025298728857,True,0.004680977190805943,2.75,2.8064977063576975,0.24555729508777158,5.0,2.2082733935793625e-12,True,True,-2.2398147156155117,-2.1339042902965963,-2.0754435358294874,-2.0371550588053497,-2.0096204840402834,-1.9718835196983198,-1.946656711704392,-1.92826441691253,-1.9140855583318461,-1.9027219651563392,-1.893350825122191,,10964,92,1.5,False,False,"variant-qitT30 (v1.1-frozen + |Qit_eff| -30% at 423 K; robustness study v1.3, 423 K only)"
C0415_T423,manual,0,C0415,C0415,423.0,1.0832820493727922,1.095597441494465,-1338823494501.412,0.9387822262942792,55ead2456e74,1470e4b1eac5,5e1d50a6e395,0,True,0,40.993,3.6238332250579393,2.8717763565719534,158.67207273171113,0.012230685931627428,1.6897901579650446e-13,ae73669,2026-10-04T00:31:23+00:00,3.637241494075085,158.89520308774286,True,0.004169248410968074,4.0,2.8717763565719534,0.23951623652416779,5.0,1.8488067659900574e-12,True,True,-2.8799335598635345,-2.3248642215156896,-2.1822899741519013,-2.109100686328571,-2.0626902947720804,-2.005219882645765,-1.9698489874155127,-1.945279223634046,-1.92693004554231,-1.9125491858118615,-1.900883987443076,,10496,91,1.5,False,False,"variant-qitT30 (v1.1-frozen + |Qit_eff| -30% at 423 K; robustness study v1.3, 423 K only)"
C0416_T423,manual,0,C0416,C0416,423.0,1.0809792939573526,0.8401722516864538,-1000480053946.376,0.857322270423174,f73da9f6edf4,1470e4b1eac5,5e1d50a6e395,0,True,0,27.882,2.416489672433314,2.833781767634699,150.82866038590214,0.012389833583362294,1.6897901579650446e-13,ae73669,2026-10-04T00:27:10+00:00,2.42717416198113,151.22115709182182,True,0.004191720961365282,3.0,2.833781767634699,0.24323159818560394,5.0,2.4301922069495796e-12,True,True,-2.2781625465508903,-2.1598926261857287,-2.095620035687348,-2.05377960659253,-2.0237650539850263,-1.9826539765336901,-1.955130042018892,-1.9350080601601112,-1.9194467352028703,-1.9069345269018083,-1.8965829989846998,,10496,93,1.5,False,False,"variant-qitT30 (v1.1-frozen + |Qit_eff| -30% at 423 K; robustness study v1.3, 423 K only)"
C0417_T423,manual,0,C0417,C0417,423.0,0.9935439068824052,1.1157604459673167,-934107360430.0618,1.1654026851058006,df2fe4f32647,1470e4b1eac5,5e1d50a6e395,0,True,0,46.196,2.9978355734830138,2.7887704194147913,159.0590069759872,0.0125909400052805,1.6897901579650449e-13,ae73669,2026-10-04T00:36:03+00:00,2.998097329450023,159.47430944014306,True,0.004845319626180553,3.5,2.7887704194147913,0.2470252416534951,5.0,2.0023413535433304e-12,True,True,-2.380296132497751,-2.1847668307335355,-2.1006490477047333,-2.051140359543055,-2.0176507305250238,-1.9741165023865654,-1.946309865543615,-1.9266036955724593,-1.9117075935254875,-1.8999418454388497,-1.8903483198709632,,10964,92,1.5,False,False,"variant-qitT30 (v1.1-frozen + |Qit_eff| -30% at 423 K; robustness study v1.3, 423 K only)"
C0418_T423,manual,0,C0418,C0418,423.0,0.8333229288458824,0.9606881614774464,-1272419490851.462,0.9951402720063924,b88c59e958ac,1470e4b1eac5,5e1d50a6e395,0,True,0,55.649,3.1763004720802894,3.0006931324525383,154.50520958588575,0.01170840064987077,1.6897901579650449e-13,ae73669,2026-10-04T00:55:22+00:00,3.1853586206420803,155.01445907308332,True,0.004350326156120668,3.75,3.0006931324525383,0.22895442773704566,5.0,2.3776589427646738e-12,True,True,-2.4784814113586813,-2.2364522494732695,-2.142172076231726,-2.088618420509139,-2.0530742819240717,-2.007577221930631,-1.9788752945065031,-1.9586763132679865,-1.9434743895451867,-1.9315024248570565,-1.9217611777301933,,11900,93,1.5,False,False,"variant-qitT30 (v1.1-frozen + |Qit_eff| -30% at 423 K; robustness study v1.3, 423 K only)"
C0419_T423,manual,0,C0419,C0419,423.0,1.145887729525566,1.0835252437740563,-666070321574.8071,1.077489972487092,5273c4312804,1470e4b1eac5,5e1d50a6e395,0,True,0,36.618,2.491996866576472,2.7075773657372153,158.1931317146973,0.012964978457169738,1.6897901579650446e-13,ae73669,2026-10-04T00:53:02+00:00,2.4930612438622997,158.6245678971428,True,0.004688841099943232,3.0,2.7075773657372153,0.2547693283660213,5.0,1.6750796698721078e-12,True,True,-2.263780680515396,-2.1395823018515996,-2.0738851888246392,-2.031684664789664,-2.001674682086262,-1.9609386050826225,-1.9339268485820365,-1.9143292752079992,-1.8992700837342025,-1.8872282005251797,-1.8773138784060643,,10145,92,1.5,False,False,"variant-qitT30 (v1.1-frozen + |Qit_eff| -30% at 423 K; robustness study v1.3, 423 K only)"
C0420_T423,manual,0,C0420,C0420,423.0,1.175482526794076,0.9044008795171976,-783303453586.9956,1.0055665127933024,3c6931a7da61,1470e4b1eac5,5e1d50a6e395,0,True,0,43.431,2.2314427711623126,2.693350543085509,152.698658245874,0.013031283613545499,1.6897901579650443e-13,ae73669,2026-10-04T00:56:57+00:00,2.233880547775401,153.1206597510652,True,0.004704632879174883,2.75,2.693350543085509,0.25634153597648834,5.0,1.0521012141463409e-12,True,True,-2.2187808968152596,-2.117359748125308,-2.0600208040116823,-2.021969193612118,-1.9943603359919817,-1.9561755712025337,-1.9304101413234194,-1.911492357961899,-1.896824867795717,-1.8850128031037696,-1.875230952252976,,9911,92,1.5,False,False,"variant-qitT30 (v1.1-frozen + |Qit_eff| -30% at 423 K; robustness study v1.3, 423 K only)"
C0421_T423,manual,0,C0421,C0421,423.0,0.8879062820225955,1.0272638585418463,-1155156031250.9536,0.9232679665088652,debc344c4d1c,1470e4b1eac5,5e1d50a6e395,0,True,0,59.025,3.1608563562867418,3.0025838055394583,156.65310987684876,0.011701587241614854,1.6897901579650449e-13,ae73669,2026-10-04T00:40:11+00:00,3.1717001672660645,156.8820126560122,True,0.004071537300921498,3.75,3.0025838055394583,0.22874438372788347,5.0,2.659058084990162e-12,True,True,-2.495731167922169,-2.252211444328991,-2.1547462766016294,-2.0987276848478706,-2.0612866916586996,-2.013066726660272,-1.9824850935776344,-1.9608925384886409,-1.9446046607901022,-1.931755225132372,-1.921285306130383,,11549,93,1.5,False,False,"variant-qitT30 (v1.1-frozen + |Qit_eff| -30% at 423 K; robustness study v1.3, 423 K only)"
C0422_T423,manual,0,C0422,C0422,423.0,0.9356387034058572,0.896411082521081,-551340963691.473,1.1435326110571622,9b515ccf16fc,1470e4b1eac5,5e1d50a6e395,0,True,0,35.737,1.8239596029759901,2.7749698674367456,152.30448542532065,0.012650639125011265,1.6897901579650446e-13,ae73669,2026-10-04T00:28:28+00:00,1.8369156962063702,152.31726655948424,True,0.005068785808793869,2.25,2.7749698674367456,0.24856489753637545,5.0,1.9580329013932084e-12,True,True,-2.157001536177408,-2.0845778043098844,-2.0408000936044624,-2.01075914021971,-1.9885269747338048,-1.9572618632513603,-1.935889820096929,-1.92009270873,-1.9078020695415,-1.897887532871248,-1.889672255601427,,11315,92,1.5,False,False,"variant-qitT30 (v1.1-frozen + |Qit_eff| -30% at 423 K; robustness study v1.3, 423 K only)"
C0423_T423,manual,0,C0423,C0423,423.0,1.0480626463890077,1.1719733890146018,-1383216108195.4836,0.8354026604443789,b8507ff1cc64,1470e4b1eac5,5e1d50a6e395,0,True,0,51.287,3.882497751832873,2.9981904803021284,161.04485013385428,0.011720509513103631,1.689790157965045e-13,ae73669,2026-10-04T00:59:05+00:00,3.89589165067642,161.0860448071495,True,0.0037563295644858275,4.25,2.9981904803021284,0.22887594204576248,5.0,1.80664644859317e-12,True,True,-3.525871894555958,-2.4279379803952383,-2.241567517000725,-2.1533879725961107,-2.099280943095704,-2.033814158657899,-1.9942286694078757,-1.967005735015149,-1.9468085627231881,-1.9310535082906595,-1.9183185777927956,,10613,91,1.5,False,False,"variant-qitT30 (v1.1-frozen + |Qit_eff| -30% at 423 K; robustness study v1.3, 423 K only)"
C0424_T423,manual,0,C0424,C0424,423.0,1.005039257183671,0.9941226083785296,-583244720473.8855,0.9438945300877094,9c313c5503f8,1470e4b1eac5,5e1d50a6e395,0,True,0,50.235,2.1470968366849945,2.848115526686971,155.59571902459828,0.012329466604948311,1.6897901579650443e-13,ae73669,2026-10-04T00:53:48+00:00,2.159089791912441,155.75165023622907,True,0.004220178213341368,2.5,2.848115526686971,0.24180410091339255,5.0,1.570111483471849e-12,True,True,-2.236323660187745,-2.1392084502434137,-2.0831560797671362,-2.045585235638446,-2.0181752414575924,-1.9801153590856588,-1.954379016376629,-1.9354790907178676,-1.9208355652127673,-1.909055711363584,-1.8993129494103131,,10847,93,1.5,False,False,"variant-qitT30 (v1.1-frozen + |Qit_eff| -30% at 423 K; robustness study v1.3, 423 K only)"
C0425_T423,manual,0,C0425,C0425,423.0,0.9175064045935868,1.0744075547903775,-1478292205370.9626,1.027170257270336,db55e4686a34,1470e4b1eac5,5e1d50a6e395,0,True,0,37.85,3.792792173644328,2.9448377137925354,157.96648143481596,0.011929647014150127,1.689790157965044e-13,ae73669,2026-10-04T00:54:27+00:00,3.802763189293588,158.2476591880848,True,0.004517236734014529,4.25,2.9448377137925354,0.23335552476814952,5.0,1.2683448041839185e-12,True,True,-3.2136964904249523,-2.348342391717438,-2.1890548072828415,-2.113160835892957,-2.0666671246657344,-2.0106211214877545,-1.9768881663437654,-1.9537738305369374,-1.9366757440401103,-1.923372406461658,-1.9126440982382855,,11432,92,1.5,False,False,"variant-qitT30 (v1.1-frozen + |Qit_eff| -30% at 423 K; robustness study v1.3, 423 K only)"
C0426_T423,manual,0,C0426,C0426,423.0,0.8589455828070641,0.8052733410149813,-816127535887.0625,0.806810199841857,850e411ee371,1470e4b1eac5,5e1d50a6e395,0,True,0,37.664,2.019939480869895,3.018870144460117,149.76057787704516,0.011635808340950878,1.6897901579650454e-13,ae73669,2026-10-04T00:31:23+00:00,2.026102210129822,150.02283441722912,True,0.0041979945311378,2.5,3.018870144460117,0.22780166927932044,5.0,9.143198351213577e-13,True,True,-2.240299625883302,-2.152346825653853,-2.100375226855417,-2.065113035484563,-2.039184239521059,-2.002898781290663,-1.9781691754598327,-1.9599026618208342,-1.9456845023016365,-1.9342034408413544,-1.9246775591242586,,11666,92,1.5,False,False,"variant-qitT30 (v1.1-frozen + |Qit_eff| -30% at 423 K; robustness study v1.3, 423 K only)"
C0427_T423,manual,0,C0427,C0427,423.0,1.1714125365018844,1.126538674160838,-1249319491907.954,1.1143552128225565,7e4f9f71b441,1470e4b1eac5,5e1d50a6e395,0,True,0,42.622,3.538177296645145,2.7177090728994284,159.40317819472193,0.012918053585017599,1.6897901579650443e-13,ae73669,2026-10-04T00:51:43+00:00,3.547117020535637,159.65114303361904,True,0.004774335591296797,4.0,2.7177090728994284,0.25367105572838183,5.0,1.2522626897178965e-12,True,True,-2.729093893664655,-2.26753002937072,-2.1386160738123046,-2.0714058291053328,-2.0285204895667595,-1.9751876664481047,-1.942261598249313,-1.9193537697082177,-1.902230274699581,-1.8888029183043114,-1.8779079268930967,,9911,92,1.5,False,False,"variant-qitT30 (v1.1-frozen + |Qit_eff| -30% at 423 K; robustness study v1.3, 423 K only)"
C0428_T423,manual,0,C0428,C0428,423.0,1.1010073337703945,0.8614857744425536,-1366552378050.983,1.192431741207838,bf63f8bd2d10,1470e4b1eac5,5e1d50a6e395,0,True,0,45.359,3.048177282277871,2.6683410559582215,151.12005253939685,0.013152183659828566,1.689790157965044e-13,ae73669,2026-10-04T00:55:56+00:00,3.05873764893049,151.2178633389204,True,0.005331194779932731,3.5,2.6683410559582215,0.25887018942112805,5.0,2.6855931720284808e-12,True,True,-2.3623438007853697,-2.160566182641379,-2.0768381328584353,-2.028222740968498,-1.9955500310303598,-1.9532338745845097,-1.9262231328934152,-1.9070476428509573,-1.8925145294207522,-1.881002135183193,-1.8715878729518565,,10379,92,1.5,False,False,"variant-qitT30 (v1.1-frozen + |Qit_eff| -30% at 423 K; robustness study v1.3, 423 K only)"
C0429_T423,manual,0,C0429,C0429,423.0,0.8135289359837771,1.18277719207108,-698863830417.3947,0.8849378824234009,95c54e476ccc,1470e4b1eac5,5e1d50a6e395,0,True,0,50.912,2.7909669734336426,3.118640427876465,161.2798227760036,0.011271657268653297,1.689790157965044e-13,ae73669,2026-10-04T00:36:16+00:00,2.8009672108331167,161.57063711061716,True,0.003957974953427071,3.25,3.118640427876465,0.21969165163275817,5.0,1.5576682905594866e-12,True,True,-2.3977608719509536,-2.233712351415936,-2.1544441155020806,-2.10556010680152,-2.071637741040288,-2.0266175350602094,-1.997387685778236,-1.976486893278356,-1.9606023384332292,-1.9480122250615435,-1.9377224136676667,,11900,92,1.5,False,False,"variant-qitT30 (v1.1-frozen + |Qit_eff| -30% at 423 K; robustness study v1.3, 423 K only)"
C0430_T423,manual,0,C0430,C0430,423.0,0.9596012011170388,0.9378609638661146,-1095525577664.3752,1.0553001951426269,87af0b3decc2,1470e4b1eac5,5e1d50a6e395,0,True,0,41.79,2.824807368534167,2.834735420733231,153.7213538542438,0.012386916502965504,1.689790157965044e-13,ae73669,2026-10-04T00:32:04+00:00,2.8380493826966493,153.65962166875312,True,0.004771879958173146,3.25,2.834735420733231,0.24302388962339083,5.0,1.6838188705285901e-12,True,True,-2.3349753188109097,-2.173838743021746,-2.0984919067350694,-2.052704838762298,-2.0211805887768417,-1.979569152309054,-1.9526230884980935,-1.9333511333387283,-1.9186839409002518,-1.907036789863741,-1.8974982197632024,,11081,92,1.5,False,False,"variant-qitT30 (v1.1-frozen + |Qit_eff| -30% at 423 K; robustness study v1.3, 423 K only)"
C0431_T423,manual,0,C0431,C0431,423.0,1.072122609615326,1.018119828775525,-965980543754.9948,0.9719749320298432,afddf35195fb,1470e4b1eac5,5e1d50a6e395,0,True,0,43.349,2.826925636185876,2.813553152695267,156.32830021447091,0.012480267996654493,1.6897901579650446e-13,ae73669,2026-10-04T00:32:07+00:00,2.8404646935510907,156.37354522866005,True,0.004450027555295743,3.25,2.813553152695267,0.24482753487966424,5.0,1.1091128016005314e-12,True,True,-2.3590021079975494,-2.190550244367118,-2.110638004722912,-2.0616733084007803,-2.0277762751474198,-1.9828001264289035,-1.9535355115815378,-1.9325384984070144,-1.9165204225228714,-1.903776088674544,-1.8933217856981823,,10496,92,1.5,False,False,"variant-qitT30 (v1.1-frozen + |Qit_eff| -30% at 423 K; robustness study v1.3, 423 K only)"
C0432_T423,manual,0,C0432,C0432,423.0,1.0552871733903886,0.9371991999447346,-1466882316395.6404,1.1338960837572811,654cc3a655c4,1470e4b1eac5,5e1d50a6e395,0,True,0,30.825,3.4209827783939195,2.747996823148479,153.59805054316,0.012774910324147994,1.6897901579650446e-13,ae73669,2026-10-04T00:27:41+00:00,3.4301579525754824,153.94193795900424,True,0.004825596178837881,4.0,2.747996823148479,0.25097453861715296,5.0,1.1241517169888862e-12,True,True,-2.5880626257241475,-2.231338655970142,-2.11932589625333,-2.0594960351266605,-2.0209352866326062,-1.9726320294947535,-1.9426338016967972,-1.921684045516062,-1.9059812595109984,-1.893642139793201,-1.8836137091961893,,10613,93,1.5,False,False,"variant-qitT30 (v1.1-frozen + |Qit_eff| -30% at 423 K; robustness study v1.3, 423 K only)"
C0433_T423,manual,0,C0433,C0433,423.0,0.9678702875971794,1.006917305290699,-596607473678.8868,0.8387067306786776,bc40cb119aa8,1470e4b1eac5,5e1d50a6e395,0,True,0,51.226,2.2102814386592646,2.9530064076717486,156.1490432043201,0.011895451892566227,1.689790157965045e-13,ae73669,2026-10-04T00:36:55+00:00,2.2156979074042207,156.62062751836953,True,0.003973205348995174,2.75,2.9530064076717486,0.23283594955436543,5.0,2.5618091127880962e-12,True,True,-2.273954976239838,-2.1695011329775293,-2.109605850732685,-2.0695741447732865,-2.0404154780349746,-1.9999817160097835,-1.97267034784754,-1.9526267688129293,-1.9371034563101532,-1.9246190550373787,-1.9142951503729797,,11081,92,1.5,False,False,"variant-qitT30 (v1.1-frozen + |Qit_eff| -30% at 423 K; robustness study v1.3, 423 K only)"
C0434_T423,manual,0,C0434,C0434,423.0,0.809193541482091,0.8635513342916966,-1195917376317.084,1.021862380951643,be08a9d40cf9,1470e4b1eac5,5e1d50a6e395,0,True,0,51.377,2.7875987584145396,2.9774645502190404,151.38500315999337,0.011797696402973597,1.6897901579650443e-13,ae73669,2026-10-04T00:56:14+00:00,2.7970400486822045,151.64489055967707,True,0.00474429622522572,3.25,2.9774645502190404,0.23095384119951795,5.0,1.4553237087655546e-12,True,True,-2.3313191825607693,-2.1802669044316088,-2.109081462815411,-2.065768733762266,-2.035950581512696,-1.9966172132208007,-1.9711730753454226,-1.9529933116930827,-1.9391701095183556,-1.9282027839771583,-1.919228538501307,,11900,92,1.5,False,False,"variant-qitT30 (v1.1-frozen + |Qit_eff| -30% at 423 K; robustness study v1.3, 423 K only)"
C0435_T423,manual,0,C0435,C0435,423.0,1.1217764619737864,1.1922829493880271,-863669941201.806,0.900841224193573,8da8e1f1572b,1470e4b1eac5,5e1d50a6e395,0,True,0,36.293,3.078494815675946,2.8649657228709464,161.53785541390997,0.012259962343784491,1.6897901579650449e-13,ae73669,2026-10-04T00:53:39+00:00,3.0921675681618375,161.62115841491365,True,0.004052126654275777,3.5,2.8649657228709464,0.24005957856024332,5.0,1.4374339461042706e-12,True,True,-2.477073610232718,-2.2476708885754992,-2.1493853116375714,-2.0912923780638706,-2.0518242432995133,-2.0002551814947536,-1.9671334611712286,-1.9435604600083065,-1.9256785166510846,-1.9115108637418876,-1.8999266271390687,,10145,92,1.5,False,False,"variant-qitT30 (v1.1-frozen + |Qit_eff| -30% at 423 K; robustness study v1.3, 423 K only)"
C0436_T423,manual,0,C0436,C0436,423.0,1.1515559017658237,0.8197902575135232,-746528609655.7975,0.9789925333112478,4497be2fe4cc,1470e4b1eac5,5e1d50a6e395,0,True,0,42.41,1.9356203959541103,2.6953759254330127,149.99832150908134,0.013020402800781677,1.6897901579650443e-13,ae73669,2026-10-04T00:57:40+00:00,1.943748193561897,150.4899377666919,True,0.004654551155436226,2.5,2.6953759254330127,0.2562669383871283,5.0,1.0374539768931434e-12,True,True,-2.178385197700243,-2.095951760256123,-2.04657679012893,-2.012802738836841,-1.9878259811784396,-1.9526648491248817,-1.9285561510158042,-1.910667813017057,-1.8966936891601662,-1.885375580172522,-1.8759604633458884,,10028,93,1.5,False,False,"variant-qitT30 (v1.1-frozen + |Qit_eff| -30% at 423 K; robustness study v1.3, 423 K only)"
C0437_T423,manual,0,C0437,C0437,423.0,0.8639859512448311,1.148495788127184,-1313028499484.0625,1.0999641362577677,ca4f25a5dc1b,1470e4b1eac5,5e1d50a6e395,0,True,0,54.248,3.693405978759136,2.9637438369106213,160.0824176280736,0.0118549005445803,1.6897901579650449e-13,ae73669,2026-10-04T00:41:06+00:00,3.700162780018698,160.6002643427098,True,0.004490478983720569,4.25,2.9637438369106213,0.2317358319487224,5.0,1.5493926067841927e-12,True,True,-2.975790206124361,-2.3178698763410615,-2.1750631075623175,-2.1049286964838823,-2.0614615593967636,-2.008682231451404,-1.976778716511521,-1.954889147649328,-1.938695563457354,-1.9261020851375983,-1.9159540485922961,,11666,93,1.5,False,False,"variant-qitT30 (v1.1-frozen + |Qit_eff| -30% at 423 K; robustness study v1.3, 423 K only)"
C0438_T423,manual,0,C0438,C0438,423.0,0.9101497281342744,0.9809118315577507,-979465659707.7848,0.866810715943575,5be517f08872,1470e4b1eac5,5e1d50a6e395,0,True,0,37.569,2.763252374743641,2.9969443823311157,155.2934146134518,0.011722685091441157,1.6897901579650446e-13,ae73669,2026-10-04T00:29:05+00:00,2.767385926253893,155.67885173556866,True,0.004139570730387392,3.25,2.9969443823311157,0.2292688380051464,5.0,1.3748672339497503e-12,True,True,-2.371656575742484,-2.212980347136295,-2.1355365708077665,-2.087551144984964,-2.05413638016906,-2.009598402917233,-1.9805218194643672,-1.9596256435852009,-1.9436713715508955,-1.930972901386559,-1.9205548576884264,,11432,92,1.5,False,False,"variant-qitT30 (v1.1-frozen + |Qit_eff| -30% at 423 K; robustness study v1.3, 423 K only)"
C0439_T423,manual,0,C0439,C0439,423.0,1.0225795838981866,1.0506560184061526,-1083993907086.5511,1.1620512410998345,7ab12adc5771,1470e4b1eac5,5e1d50a6e395,0,True,0,51.983,3.0857747442317525,2.7632697140105074,157.10067690956265,0.012705687720515491,1.689790157965044e-13,ae73669,2026-10-04T00:59:57+00:00,3.0988394298677457,157.2290574235966,True,0.004906290477121978,3.5,2.7632697140105074,0.24944746497910647,5.0,1.5373240874749783e-12,True,True,-2.4062606140053235,-2.189745996121796,-2.1010925169675145,-2.0498191364696683,-2.0154467051897655,-1.9710720435049758,-1.9428715634424254,-1.9229349769329802,-1.907883271047173,-1.896001822928316,-1.8863164437330584,,10730,92,1.5,False,False,"variant-qitT30 (v1.1-frozen + |Qit_eff| -30% at 423 K; robustness study v1.3, 423 K only)"
C0440_T423,manual,0,C0440,C0440,423.0,1.03051920235157,0.8785547614097595,-886068949475.8844,1.0703706871718168,e63075bbc05b,1470e4b1eac5,5e1d50a6e395,0,True,0,47.156,2.322995309528616,2.7472899576827645,151.8031206996613,0.012776993763852985,1.689790157965044e-13,ae73669,2026-10-04T00:54:35+00:00,2.3361673312270277,151.7147289296546,True,0.004933076124694654,2.75,2.7472899576827645,0.25116891353021525,5.0,9.530033012739025e-13,True,True,-2.2228297625982383,-2.1187037684048637,-2.0615821791622095,-2.024286034196265,-1.997507812722969,-1.960839532650482,-1.9363267701217899,-1.9184426392827276,-1.9046425197354984,-1.8935713171753528,-1.884432251179827,,10730,92,1.5,False,False,"variant-qitT30 (v1.1-frozen + |Qit_eff| -30% at 423 K; robustness study v1.3, 423 K only)"
C0441_T423,manual,0,C0441,C0441,423.0,0.9430044695734978,1.1529635153710842,-1054377981461.5846,0.9507672715932132,665e6e23b31c,1470e4b1eac5,5e1d50a6e395,0,True,0,41.737,3.294811073523962,2.9612482407876306,160.3392753281727,0.011864496634436545,1.689790157965044e-13,ae73669,2026-10-04T00:55:09+00:00,3.305205324045653,160.58135928148675,True,0.004222787365630643,3.75,2.9612482407876306,0.2319632752811649,5.0,1.9985182158404732e-12,True,True,-2.570284297067725,-2.272214337217912,-2.1632664137350455,-2.1023220800461635,-2.0621287698071185,-2.010909270093008,-1.9787114004805868,-1.9561024555892799,-1.9391138475506642,-1.9257506825224024,-1.914887116124559,,11198,92,1.5,False,False,"variant-qitT30 (v1.1-frozen + |Qit_eff| -30% at 423 K; robustness study v1.3, 423 K only)"
C0442_T423,manual,0,C0442,C0442,423.0,0.8828628797084094,0.920535996556282,-654164758510.8876,1.1832393400371073,af36c57d1b97,1470e4b1eac5,5e1d50a6e395,0,True,0,38.749,2.0538493268392473,2.816995702369547,153.01711376783044,0.012463939558813458,1.6897901579650449e-13,ae73669,2026-10-04T00:32:02+00:00,2.0650467473742666,153.09643538623263,True,0.005123922071252188,2.5,2.816995702369547,0.24466121206165742,5.0,1.53705173588925e-12,True,True,-2.180944250354035,-2.0985701695838426,-2.0510004275580846,-2.0191685815452054,-1.9959907784657416,-1.9638921244163015,-1.9422568651531817,-1.9264136048560214,-1.9141700531650503,-1.9043446656838214,-1.8962370951614607,,11549,92,1.5,False,False,"variant-qitT30 (v1.1-frozen + |Qit_eff| -30% at 423 K; robustness study v1.3, 423 K only)"
C0443_T423,manual,0,C0443,C0443,423.0,1.1953483346849678,1.0477019660174849,-1282372144982.2188,0.8878041207790375,7af295c0048e,1470e4b1eac5,5e1d50a6e395,0,True,0,45.723,3.420892834480394,2.8266113943603473,157.3113935699133,0.01242420866787002,1.6897901579650443e-13,ae73669,2026-10-04T00:52:29+00:00,3.4308327397475864,157.89879617293346,True,0.004069130200957774,4.0,2.8266113943603473,0.24352549201201973,5.0,2.1983463236088806e-12,True,True,-2.660307091613366,-2.2900010933530477,-2.166642366129224,-2.0991263679976684,-2.0549794709526004,-1.9989726517568842,-1.9638011587911526,-1.939065462629511,-1.920431487690258,-1.9057312631275762,-1.8937444584590468,,9794,93,1.5,False,False,"variant-qitT30 (v1.1-frozen + |Qit_eff| -30% at 423 K; robustness study v1.3, 423 K only)"
C0444_T423,manual,0,C0444,C0444,423.0,1.125127774477005,0.9642742536962032,-1165230567567.0503,0.8159554179757834,8a1b6f0abf7c,1470e4b1eac5,5e1d50a6e395,0,True,0,45.633,3.0265462609757603,2.890234242879391,154.84765060882344,0.012151851345345147,1.6897901579650446e-13,ae73669,2026-10-04T00:56:42+00:00,3.0341403785451058,155.19751588723452,True,0.004058539120989343,3.5,2.890234242879391,0.2380704028387822,5.0,2.160571244088231e-12,True,True,-2.457993528652988,-2.2439326248559603,-2.149435446794941,-2.0929869763937643,-2.0544036700621073,-2.003689962599482,-1.970906702315438,-1.9474508203335412,-1.929576299053177,-1.9153575518749602,-1.9036899858446343,,10145,92,1.5,False,False,"variant-qitT30 (v1.1-frozen + |Qit_eff| -30% at 423 K; robustness study v1.3, 423 K only)"
C0445_T423,manual,0,C0445,C0445,423.0,0.8376552894711495,1.091414326429367,-771275635808.7063,1.1113410834223032,a718bd72cef4,1470e4b1eac5,5e1d50a6e395,0,True,0,49.868,2.6794738814416394,2.940842366213771,158.38597902109635,0.011945549154415546,1.6897901579650449e-13,ae73669,2026-10-04T00:37:07+00:00,2.68774356744971,158.81162452943508,True,0.0045218036047309906,3.25,2.940842366213771,0.23371450748543604,5.0,2.8061866805350955e-12,True,True,-2.309519494003076,-2.170556890281092,-2.1022129841598707,-2.0598529636571263,-2.03039651866465,-1.991249051280254,-1.965806434435885,-1.9476034273623444,-1.9337645302483897,-1.9227938803008489,-1.9138272023823502,,11900,93,1.5,False,False,"variant-qitT30 (v1.1-frozen + |Qit_eff| -30% at 423 K; robustness study v1.3, 423 K only)"
C0446_T423,manual,0,C0446,C0446,423.0,0.9852839101105928,0.8347672991454602,-1437235936522.484,0.9288712687790394,7f9949daefde,1470e4b1eac5,5e1d50a6e395,0,True,0,40.73,3.1044110107047826,2.875223182801768,150.54305365486454,0.012212886134829981,1.6897901579650449e-13,ae73669,2026-10-04T00:32:45+00:00,3.118862327455611,150.70412945263257,True,0.004539248700201644,3.5,2.875223182801768,0.23957196104679437,5.0,1.9440782972365618e-12,True,True,-2.4413853604433995,-2.218527610207282,-2.1269271157907372,-2.0738439052666027,-2.0381921358271424,-1.9920297631408919,-1.9625606387527446,-1.941631697538354,-1.9257611934400094,-1.9131816919671416,-1.902888027998517,,11081,91,1.5,False,False,"variant-qitT30 (v1.1-frozen + |Qit_eff| -30% at 423 K; robustness study v1.3, 423 K only)"
C0447_T423,manual,0,C0447,C0447,423.0,1.0978116128593682,1.109201940894127,-503180309198.7968,1.0485258564352988,bacafd72d949,1470e4b1eac5,5e1d50a6e395,0,True,0,40.157,2.29051461553427,2.747687168069147,158.97692629752518,0.01277729969128187,1.689790157965044e-13,ae73669,2026-10-04T00:32:48+00:00,2.3000134114500237,159.28288235738324,True,0.004592419156513574,2.75,2.747687168069147,0.25089891844816553,5.0,1.9910604325465202e-12,True,True,-2.239722232553692,-2.132524007400698,-2.0726899845384104,-2.0332558729147947,-2.0047845759243215,-1.9656272253179257,-1.9393771805546896,-1.920209869776987,-1.9054204697830925,-1.8935609187196516,-1.8837769896117904,,10379,92,1.5,False,False,"variant-qitT30 (v1.1-frozen + |Qit_eff| -30% at 423 K; robustness study v1.3, 423 K only)"
C0448_T423,manual,0,C0448,C0448,423.0,1.09684780202806,0.8998968861997128,-1402270714752.376,0.9546638805419206,3abecff1671c,1470e4b1eac5,5e1d50a6e395,0,True,0,29.68,3.2281174717932313,2.8030261195671398,152.6013596393261,0.012525848409603852,1.689790157965044e-13,ae73669,2026-10-04T00:28:10+00:00,3.2310310731349574,153.06392621348442,True,0.00453295698860583,3.75,2.8030261195671398,0.24588025239890174,5.0,1.0718125547538265e-12,True,True,-2.498353812770267,-2.2318237500903564,-2.130138898312454,-2.072539374082729,-2.0342840045803734,-1.9851779572977004,-1.9540461068761543,-1.9320250512719843,-1.9153701211614054,-1.9021928485241353,-1.891424130622179,,10379,92,1.5,False,False,"variant-qitT30 (v1.1-frozen + |Qit_eff| -30% at 423 K; robustness study v1.3, 423 K only)"
C0449_T423,manual,0,C0449,C0449,423.0,0.9843144696205854,1.169219785928726,-538176279515.028,1.0742682557553054,9daebdd7870d,1470e4b1eac5,5e1d50a6e395,0,True,0,46.974,2.484129357398987,2.827894555567963,160.7007281709554,0.012418401501549114,1.6897901579650443e-13,ae73669,2026-10-04T00:37:42+00:00,2.4861414213963946,161.20298782915154,True,0.004531780630193073,3.0,2.827894555567963,0.24344542097392263,5.0,2.0209142045938716e-12,True,True,-2.276196198260885,-2.1536287889043053,-2.0888230201970845,-2.0472488189745706,-2.0177304640918807,-1.9777584727247361,-1.9513429374006739,-1.9322396957649532,-1.9176045186193302,-1.9059343030108575,-1.8963507308751972,,11081,92,1.5,False,False,"variant-qitT30 (v1.1-frozen + |Qit_eff| -30% at 423 K; robustness study v1.3, 423 K only)"
C0450_T423,manual,0,C0450,C0450,423.0,0.8429416187107563,0.9008662395179272,-1138077497482.2998,0.8917009145021438,f9cf0f8d3b74,1470e4b1eac5,5e1d50a6e395,0,True,0,51.3,2.806819031949495,3.0280105692205956,152.73508510670257,0.011602785662370843,1.6897901579650449e-13,ae73669,2026-10-04T00:57:06+00:00,2.819331775662289,152.98891897915334,True,0.004318699848527832,3.25,3.0280105692205956,0.22689552941494748,5.0,2.0116380487136115e-12,True,True,-2.3696785453300997,-2.208844629542722,-2.1323710469728994,-2.085574235323218,-2.0532306690191606,-2.0104017137147254,-1.9825941982734094,-1.9626747373431248,-1.947498539611031,-1.9354377303802426,-1.925554359952058,,11783,92,1.5,False,False,"variant-qitT30 (v1.1-frozen + |Qit_eff| -30% at 423 K; robustness study v1.3, 423 K only)"
C0451_T423,manual,0,C0451,C0451,423.0,1.1304080985486509,1.0299686402082444,-798459469340.7416,1.1871367000043391,be77b1e2ebce,1470e4b1eac5,5e1d50a6e395,0,True,0,42.382,2.5696686324595346,2.662509291252109,156.47581289441237,0.01318216886779221,1.689790157965045e-13,ae73669,2026-10-04T00:54:22+00:00,2.5819837731866064,156.44292823437843,True,0.0050531179445702816,3.0,2.662509291252109,0.2593079011501161,5.0,8.154033004359462e-13,True,True,-2.2536539744938797,-2.1257036775012117,-2.0601878980657804,-2.0187624727746134,-1.989581319337823,-1.9502983794909694,-1.9244343510851414,-1.9057503811789687,-1.8914353012033582,-1.8800131292092293,-1.870624899814795,,10145,92,1.5,False,False,"variant-qitT30 (v1.1-frozen + |Qit_eff| -30% at 423 K; robustness study v1.3, 423 K only)"
C0452_T423,manual,0,C0452,C0452,423.0,1.1975044336169958,0.9571030378341676,-681195283308.6252,1.1090060088783502,045c0bc40bf7,1470e4b1eac5,5e1d50a6e395,0,True,0,44.396,2.198954532291379,2.6373151457554744,154.25647341220355,0.013306454099325356,1.6897901579650449e-13,ae73669,2026-10-04T00:58:24+00:00,2.2051569119187215,154.61762673431605,True,0.004862261291528083,2.75,2.6373151457554744,0.2619479917688611,5.0,1.940557178657064e-12,True,True,-2.198315742477272,-2.1006746166367263,-2.0452788630819305,-2.0084635460123383,-1.9817349890691975,-1.9447608999082042,-1.9198209055875457,-1.901521503854994,-1.8873448311829262,-1.8759376597967685,-1.8664990991392036,,9794,92,1.5,False,False,"variant-qitT30 (v1.1-frozen + |Qit_eff| -30% at 423 K; robustness study v1.3, 423 K only)"
C0453_T423,manual,0,C0453,C0453,423.0,0.8850265096873046,1.0861824117600918,-1255310856737.1963,0.8136212911456824,39af976dc4fb,1470e4b1eac5,5e1d50a6e395,0,True,0,52.144,3.477066086806361,3.113926018824653,158.5551309555593,0.011287833233251892,1.6897901579650449e-13,ae73669,2026-10-04T00:41:58+00:00,3.4802797255168714,159.00498351792814,True,0.003809969515421079,4.0,3.113926018824653,0.22010836506481848,5.0,1.1302339965822204e-12,True,True,-2.740830490096375,-2.336568338201614,-2.2088191622317552,-2.1400003545777735,-2.095404805237105,-2.0393129659893376,-2.004397133905249,-1.980006337775486,-1.9617345769419816,-1.9473894154845268,-1.9357418515779454,,11549,92,1.5,False,False,"variant-qitT30 (v1.1-frozen + |Qit_eff| -30% at 423 K; robustness study v1.3, 423 K only)"
C0454_T423,manual,0,C0454,C0454,423.0,0.9389108039438724,0.8436108738183976,-920912575908.0052,1.0461909547448158,f0dd2f39a759,1470e4b1eac5,5e1d50a6e395,0,True,0,35.455,2.282892630704093,2.819732780379911,150.6932376475895,0.01245095872363825,1.6897901579650449e-13,ae73669,2026-10-04T00:29:41+00:00,2.2914286384364884,151.002503447564,True,0.004901975558904184,2.75,2.819732780379911,0.24451165167918157,5.0,1.2064426044627478e-12,True,True,-2.2224017050338105,-2.1227197580824813,-2.0676428217741196,-2.0315750844120157,-2.0056393062036895,-1.9700845402727625,-1.946298205859933,-1.9289390678662048,-1.9155432685150162,-1.9047972066120062,-1.89592788856688,,11198,92,1.5,False,False,"variant-qitT30 (v1.1-frozen + |Qit_eff| -30% at 423 K; robustness study v1.3, 423 K only)"
C0455_T423,manual,0,C0455,C0455,423.0,1.02643269225955,1.1129568092525006,-1019503606483.3405,0.9265369452536106,617fb6b90604,1470e4b1eac5,5e1d50a6e395,0,True,0,47.371,3.147328975880201,2.9008966339072635,159.22030132409614,0.01210870154496317,1.6897901579650449e-13,ae73669,2026-10-04T01:00:45+00:00,3.1592541050868093,159.3532398583052,True,0.0040320615811814155,3.5,2.9008966339072635,0.23704139122654208,5.0,1.0353809823393512e-12,True,True,-2.4939194621664456,-2.2491701637822015,-2.1494225501767863,-2.091591956947415,-2.0527260113306,-2.0024122229689167,-1.9703507829776854,-1.947642085076451,-1.9304724906548913,-1.9169024251551687,-1.9058281196150815,,10730,93,1.5,False,False,"variant-qitT30 (v1.1-frozen + |Qit_eff| -30% at 423 K; robustness study v1.3, 423 K only)"
C0456_T423,manual,0,C0456,C0456,423.0,1.0204196747392416,0.9412583604454994,-951839803718.0304,0.8410408277064563,103c1ff54702,1470e4b1eac5,5e1d50a6e395,0,True,0,47.753,2.617299304610347,2.9154905748158195,154.08390477236327,0.012046739789824507,1.6897901579650446e-13,ae73669,2026-10-04T00:55:23+00:00,2.631720762070835,154.13957456515647,True,0.0040753457755418,3.0,2.9154905748158195,0.23600526830312504,5.0,2.1726153176956323e-12,True,True,-2.336056049860016,-2.194761993186147,-2.1219355173353613,-2.075674648359335,-2.042975568764343,-1.9987919847383493,-1.969581820279622,-1.9484105167737575,-1.932143334744567,-1.9191304703391683,-1.9084099527157807,,10730,91,1.5,False,False,"variant-qitT30 (v1.1-frozen + |Qit_eff| -30% at 423 K; robustness study v1.3, 423 K only)"
C0457_T423,manual,0,C0457,C0457,423.0,0.9079838078469038,1.0152597017586231,-1111650049686.432,1.1362311404198409,99495de69ab8,1470e4b1eac5,5e1d50a6e395,0,True,0,48.941,3.0448307515489126,2.860452769042527,156.03977605948427,0.012277419717763324,1.6897901579650449e-13,ae73669,2026-10-04T00:55:58+00:00,3.0548882137789217,156.26718485207414,True,0.004880808576982778,3.5,2.860452769042527,0.24065405541536408,5.0,2.3159670295242427e-12,True,True,-2.3964818852579044,-2.193407060337966,-2.1085985558653553,-2.05928111486217,-2.026148175613565,-1.9833252431546942,-1.9561025635819587,-1.9368630749654476,-1.922345457701128,-1.9108928970453813,-1.9015634541065505,,11432,92,1.5,False,False,"variant-qitT30 (v1.1-frozen + |Qit_eff| -30% at 423 K; robustness study v1.3, 423 K only)"
C0458_T423,manual,0,C0458,C0458,423.0,0.8680758006870747,0.8578442260622978,-711089652031.66,0.9031755298376084,50a3834ecd4b,1470e4b1eac5,5e1d50a6e395,0,True,0,37.683,1.9929813251518305,2.955790546813072,151.32110561181966,0.011882742035585318,1.689790157965045e-13,ae73669,2026-10-04T00:32:40+00:00,1.993999853340989,151.75751227729717,True,0.004386017940576584,2.5,2.955790546813072,0.2327873914755874,5.0,9.802206992599004e-13,True,True,-2.220229559882064,-2.135397572234819,-2.0852091805712196,-2.0511523276517436,-2.0261183483024494,-1.9911168470143747,-1.9672995530440618,-1.9497361113052805,-1.936087454095392,-1.9250833309445359,-1.9159664600117219,,11666,92,1.5,False,False,"variant-qitT30 (v1.1-frozen + |Qit_eff| -30% at 423 K; robustness study v1.3, 423 K only)"
C0459_T423,manual,0,C0459,C0459,423.0,1.1556401275098325,1.185393188148737,-1348497728817.1648,1.0241972528398038,af7bf4ee9c2d,1470e4b1eac5,5e1d50a6e395,0,True,0,41.659,3.840246573541873,2.795124651231305,161.20701914868096,0.012564029570146488,1.689790157965044e-13,ae73669,2026-10-04T00:53:11+00:00,3.8537153734728498,161.2780717468113,True,0.004405206313993821,4.25,2.795124651231305,0.2462719116202878,5.0,1.8514737569789112e-12,True,True,-3.3656200316484415,-2.3628090849278767,-2.189154644891502,-2.107022712997434,-2.0567164824997404,-1.995966981830331,-1.9592987837578788,-1.9341085953413737,-1.9154324128583555,-1.9008710501359702,-1.8891056041972336,,10028,92,1.5,False,False,"variant-qitT30 (v1.1-frozen + |Qit_eff| -30% at 423 K; robustness study v1.3, 423 K only)"
C0460_T423,manual,0,C0460,C0460,423.0,1.1227364625781775,0.8015815027058125,-1231233788654.2085,1.096066549792886,228ecfa52ae9,1470e4b1eac5,5e1d50a6e395,0,True,0,44.446,2.6614874235393082,2.6730159370766637,149.2480599928026,0.013128499545976781,1.6897901579650443e-13,ae73669,2026-10-04T00:57:27+00:00,2.6717941181403537,149.5825072870684,True,0.004920895349808049,3.25,2.6730159370766637,0.25849084709594167,5.0,1.1418661155504495e-12,True,True,-2.265168132098836,-2.129398179375368,-2.0621465083971677,-2.020251541497066,-1.990973292050756,-1.9517766092423308,-1.9260405637753275,-1.90744800632066,-1.893185217523206,-1.881784906518218,-1.8723965986291011,,10145,93,1.5,False,False,"variant-qitT30 (v1.1-frozen + |Qit_eff| -30% at 423 K; robustness study v1.3, 423 K only)"
C0461_T423,manual,0,C0461,C0461,423.0,0.8101606916636229,1.1291076257824897,-828323257155.7164,0.9750958945602178,32082c2ea971,1470e4b1eac5,5e1d50a6e395,0,True,0,50.549,2.870681197213286,3.0570884326161214,159.64470040981428,0.011496029237536695,1.6897901579650449e-13,ae73669,2026-10-04T00:37:58+00:00,2.884052888043273,159.62264874413808,True,0.004175949727628628,3.25,3.0570884326161214,0.2243686455938604,5.0,2.1937134314437797e-12,True,True,-2.391751582122588,-2.2191482226148858,-2.1393544353677973,-2.0910938502407506,-2.0579800799403993,-2.0144590688654893,-1.9864351188214364,-1.9664963131762294,-1.9513935675940774,-1.9394521403431502,-1.9297106462232412,,11900,91,1.5,False,False,"variant-qitT30 (v1.1-frozen + |Qit_eff| -30% at 423 K; robustness study v1.3, 423 K only)"
C0462_T423,manual,0,C0462,C0462,423.0,0.9625801421701908,0.9974726356565952,-1494386577047.4077,1.1581538513302805,830568c0ac21,1470e4b1eac5,5e1d50a6e395,0,True,0,45.565,3.6202081769096086,2.821475534474879,155.49458121629078,0.012445597586929629,1.6897901579650446e-13,ae73669,2026-10-04T00:33:31+00:00,3.632991605040483,155.68883315486582,True,0.004865550724319174,4.0,2.821475534474879,0.24411108039542084,5.0,2.075455091592783e-12,True,True,-2.8179882444502407,-2.273297265560907,-2.142146527456569,-2.076370393655639,-2.035217952364107,-1.9848530047034216,-1.9541745171860845,-1.9330044514370424,-1.917269623325026,-1.9049842455017407,-1.8950504604006468,,11081,93,1.5,False,False,"variant-qitT30 (v1.1-frozen + |Qit_eff| -30% at 423 K; robustness study v1.3, 423 K only)"
C0463_T423,manual,0,C0463,C0463,423.0,1.0500045649707317,1.071496818959713,-569072926416.9932,0.8629139043390751,6e0a30238180,1470e4b1eac5,5e1d50a6e395,0,True,0,39.568,2.3226916653887715,2.8903602301137785,158.06264697023116,0.012151661622876956,1.6897901579650446e-13,ae73669,2026-10-04T00:33:27+00:00,2.33641656557238,158.21516376242485,True,0.004053569758328847,2.75,2.8903602301137785,0.23802641938627103,5.0,1.986712998986132e-12,True,True,-2.287117072174206,-2.1727605022715903,-2.1086891958916927,-2.06634212212546,-2.0357012738489466,-1.9934605033588346,-1.9650725020857196,-1.9443039466658347,-1.928253274265241,-1.9153643324108554,-1.9047178520885528,,10613,92,1.5,False,False,"variant-qitT30 (v1.1-frozen + |Qit_eff| -30% at 423 K; robustness study v1.3, 423 K only)"
C0464_T423,manual,0,C0464,C0464,423.0,1.0707668028771875,0.9774688433855772,-1067899356596.172,1.031067080795765,529e656d41be,1470e4b1eac5,5e1d50a6e395,0,True,0,29.339,2.8849695831391595,2.7763725131514847,154.9718203666231,0.012645596175995411,1.6897901579650446e-13,ae73669,2026-10-04T00:28:40+00:00,2.8974791133260154,155.3447940318654,True,0.0045399739937817185,3.25,2.7763725131514847,0.24828533787982213,5.0,2.927072377252607e-12,True,True,-2.3572225155328193,-2.1817953894688245,-2.1011998714856377,-2.052488379076014,-2.0190280748638783,-1.974920902298205,-1.9463751263911813,-1.9259571270905664,-1.9104117581327955,-1.8980606910454234,-1.8879394468172945,,10496,93,1.5,False,False,"variant-qitT30 (v1.1-frozen + |Qit_eff| -30% at 423 K; robustness study v1.3, 423 K only)"
C0465_T423,manual,0,C0465,C0465,423.0,0.9582515902817248,1.053464450314641,-993637513369.3218,0.9477919317781924,d788595e772a,1470e4b1eac5,5e1d50a6e395,0,True,0,52.769,2.9610906375531587,2.92174878347484,157.4226825920843,0.012022388680898832,1.6897901579650443e-13,ae73669,2026-10-04T00:38:35+00:00,2.9661375887939863,158.00167886582344,True,0.0042488966693681116,3.5,2.92174878347484,0.23535092414944442,5.0,2.206286077963613e-12,True,True,-2.4126399163677905,-2.2194849161879677,-2.133108002960089,-2.0814297680635963,-2.046137392013246,-1.9998678823673082,-1.970084629130568,-1.9488676113114194,-1.9327666610177543,-1.9200092355055745,-1.9095795828245254,,11081,92,1.5,False,False,"variant-qitT30 (v1.1-frozen + |Qit_eff| -30% at 423 K; robustness study v1.3, 423 K only)"
C0466_T423,manual,0,C0466,C0466,423.0,0.8184229832142592,0.8233797412365675,-1331114262342.4531,1.1182518396526575,43fb0444ad28,1470e4b1eac5,5e1d50a6e395,0,True,0,51.615,2.8862397741842982,2.9150502792904476,149.94533165013135,0.012047515797807764,1.6897901579650449e-13,ae73669,2026-10-04T00:57:58+00:00,2.8985425178071993,150.13127611778788,True,0.004945433878431625,3.25,2.9150502792904476,0.2361713512623021,5.0,1.5832841332728018e-12,True,True,-2.3317285580464397,-2.1690218639561683,-2.0962693840532545,-2.0529714820092235,-2.023531188033757,-1.9850951403992614,-1.960439972889624,-1.9429093548535408,-1.9296216446664456,-1.9191024955396205,-1.9105092424601793,,12017,93,1.5,False,False,"variant-qitT30 (v1.1-frozen + |Qit_eff| -30% at 423 K; robustness study v1.3, 423 K only)"
C0467_T423,manual,0,C0467,C0467,423.0,1.1059079643338918,1.1458338309079408,-734332709573.2092,0.81070777438581,1d3c3b15e687,1470e4b1eac5,5e1d50a6e395,0,True,0,38.043,2.7714128923970582,2.9265072748579537,160.3026707760261,0.012003959502034306,1.689790157965044e-13,ae73669,2026-10-04T00:55:00+00:00,2.7776571646611377,160.67802304561184,True,0.003833608284301088,3.25,2.9265072748579537,0.2348416273867759,5.0,2.550162403148223e-12,True,True,-2.400140968283294,-2.2311802945565953,-2.147380834571953,-2.094921227794038,-2.0581302292983,-2.00875356780883,-1.9763133974076073,-1.9529036738483259,-1.9349770786876266,-1.920675478431515,-1.9089193032212635,,10262,92,1.5,False,False,"variant-qitT30 (v1.1-frozen + |Qit_eff| -30% at 423 K; robustness study v1.3, 423 K only)"
C0468_T423,manual,0,C0468,C0468,423.0,1.1731858663260937,0.8670938212424517,-851444059982.8959,0.8826030224561692,35d9c6d54cea,1470e4b1eac5,5e1d50a6e395,0,True,0,43.042,2.248661979125807,2.7626670305283465,151.6576650447581,0.012706562406638273,1.6897901579650446e-13,ae73669,2026-10-04T00:59:08+00:00,2.248845084561146,152.07870320639967,True,0.004408373228559359,2.75,2.7626670305283465,0.24969703989961373,5.0,1.040254687945108e-12,True,True,-2.244960369162234,-2.1394618422296685,-2.079659023799861,-2.039893068995492,-2.0109934082589342,-1.9709450805134001,-1.9438594968805933,-1.9239328199679901,-1.9084558204025224,-1.8959719262167087,-1.8856185727451313,,9911,92,1.5,False,False,"variant-qitT30 (v1.1-frozen + |Qit_eff| -30% at 423 K; robustness study v1.3, 423 K only)"
C0469_T423,manual,0,C0469,C0469,423.0,0.8607138551771641,1.1895707499235868,-1213972204364.8362,1.1900974474847317,e5f402163c2d,1470e4b1eac5,5e1d50a6e395,0,True,0,57.494,3.619813101875412,2.927304301903365,161.17866154866888,0.012001351739467448,1.6897901579650449e-13,ae73669,2026-10-04T00:42:56+00:00,3.6322375086557934,161.24293545956337,True,0.004678366612390843,4.0,2.927304301903365,0.23472805215650952,5.0,2.669348553272231e-12,True,True,-2.8352232900752528,-2.2881646715297688,-2.1566717288886443,-2.0908534063541198,-2.049750318478292,-1.9995911212480293,-1.9691714490874725,-1.9482715017077952,-1.9328017751672324,-1.9207698356248846,-1.9110753902128703,,11666,91,1.5,False,False,"variant-qitT30 (v1.1-frozen + |Qit_eff| -30% at 423 K; robustness study v1.3, 423 K only)"
C0470_T423,manual,0,C0470,C0470,423.0,0.9130294930189848,0.9337055552750826,-610748392529.7856,0.9696398634463548,7594b4e00f52,1470e4b1eac5,5e1d50a6e395,0,True,0,37.191,2.0327048392210307,2.8920009870649057,153.7016586999389,0.012143390706465928,1.6897901579650446e-13,ae73669,2026-10-04T00:30:18+00:00,2.0412747727912914,153.9258927998544,True,0.004527965527844544,2.5,2.8920009870649057,0.23804940526386154,5.0,2.2247536127486936e-12,True,True,-2.2156953693387735,-2.12849731754384,-2.0773038692466623,-2.042708881895963,-2.0173499794436056,-1.981995952651564,-1.9580109144147706,-1.940364675030674,-1.926677584585063,-1.9156600315884218,-1.9065445002941965,,11432,92,1.5,False,False,"variant-qitT30 (v1.1-frozen + |Qit_eff| -30% at 423 K; robustness study v1.3, 423 K only)"
C0471_T423,manual,0,C0471,C0471,423.0,1.0005576755851506,1.0096783202141524,-1450757784768.939,1.0529660861939192,773dfae5add1,1470e4b1eac5,5e1d50a6e395,0,True,0,51.371,3.5870540357485274,2.8445743623277986,155.975010198801,0.012345570841874962,1.6897901579650449e-13,ae73669,2026-10-04T01:01:36+00:00,3.600632599583655,156.04537557142817,True,0.004659871989404534,4.0,2.8445743623277986,0.24202335859824262,5.0,7.94473861698286e-13,True,True,-2.7917066082189366,-2.286505933629201,-2.154995674991887,-2.0876909656141023,-2.0451529730665086,-1.992662517941522,-1.960465140875077,-1.9381495746995643,-1.9215113218115172,-1.9084888241002416,-1.897937787344845,,10964,92,1.5,False,False,"variant-qitT30 (v1.1-frozen + |Qit_eff| -30% at 423 K; robustness study v1.3, 423 K only)"
C0472_T423,manual,0,C0472,C0472,423.0,1.046291609853506,0.8314247313886881,-516375153325.4981,1.1677369967103004,077ceb599be0,1470e4b1eac5,5e1d50a6e395,0,True,0,43.762,1.583472226285096,2.664142275561735,150.1657623896926,0.013171761691752845,1.6897901579650449e-13,ae73669,2026-10-04T00:56:07+00:00,1.5968166978335583,150.26095539513435,True,0.005275525592346766,2.0,2.664142275561735,0.25940249760267603,5.0,2.3621878470084484e-12,True,True,-2.11889816892007,-2.0560007358525345,-2.0164932588903457,-1.9887686231292923,-1.9679392034914451,-1.9382083754351533,-1.91759402923384,-1.9022056106362244,-1.8901436195961345,-1.8803561353009262,-1.8722069494351914,,10613,92,1.5,False,False,"variant-qitT30 (v1.1-frozen + |Qit_eff| -30% at 423 K; robustness study v1.3, 423 K only)"
C0473_T423,manual,0,C0473,C0473,423.0,0.9338742442429064,1.1121048834174871,-1418212205171.585,0.8596571601927281,9eed41a4a2e6,1470e4b1eac5,5e1d50a6e395,0,True,0,43.665,3.7987209144099827,3.0510428394994915,159.27495175401464,0.011518626168446025,1.6897901579650449e-13,ae73669,2026-10-04T00:56:42+00:00,3.8100393660890823,159.58183018754912,True,0.003986003752286111,4.25,3.0510428394994915,0.22481546505611194,5.0,8.950843538579889e-13,True,True,-3.2589720579047787,-2.3952350994337013,-2.2275315170628924,-2.1462278274861974,-2.0959395685906057,-2.034821980423516,-1.9977747153540326,-1.9722767583422307,-1.9533562674509444,-1.9385993163158226,-1.926675054960789,,11315,92,1.5,False,False,"variant-qitT30 (v1.1-frozen + |Qit_eff| -30% at 423 K; robustness study v1.3, 423 K only)"
C0474_T423,manual,0,C0474,C0474,423.0,0.8923854809254408,0.967958626523614,-756150495260.9539,1.079824111238122,9bc970828b50,1470e4b1eac5,5e1d50a6e395,0,True,0,39.238,2.350834510908516,2.870044375583234,154.63951830199375,0.012236042403467458,1.689790157965045e-13,ae73669,2026-10-04T00:33:19+00:00,2.364479620959931,154.5036558546199,True,0.004731413184848023,2.75,2.870044375583234,0.23989176699570927,5.0,1.0758356011608683e-12,True,True,-2.2415532707181294,-2.1359168801701585,-2.0784994184654186,-2.0412187204418246,-2.014564792983451,-1.9782471745156576,-1.9541092732050467,-1.9365849175311662,-1.9231202162570733,-1.9123590266563013,-1.9035060154467587,,11432,91,1.5,False,False,"variant-qitT30 (v1.1-frozen + |Qit_eff| -30% at 423 K; robustness study v1.3, 423 K only)"
C0475_T423,manual,0,C0475,C0475,423.0,1.1799679275602102,1.0888531740754843,-1182339261285.9607,0.9974753584712744,62c936acae6b,1470e4b1eac5,5e1d50a6e395,0,True,0,44.083,3.3489885473920693,2.7647176430641935,158.41583597436426,0.012700003539019742,1.6897901579650446e-13,ae73669,2026-10-04T00:53:56+00:00,3.362770993624917,158.30326244871463,True,0.004423125908601179,3.75,2.7647176430641935,0.24920463684066982,5.0,1.0370419263583928e-12,True,True,-2.5817148664464016,-2.255188095867783,-2.1411500739774247,-2.0780770203744567,-2.0366610815027912,-1.983985987716737,-1.9508654570312554,-1.9275698649980761,-1.9100272580989581,-1.896196158022269,-1.8849258946022853,,9911,92,1.5,False,False,"variant-qitT30 (v1.1-frozen + |Qit_eff| -30% at 423 K; robustness study v1.3, 423 K only)"
C0476_T423,manual,0,C0476,C0476,423.0,1.147245829552412,0.924172803387046,-1299450857564.807,0.9193705946207048,6cd7b95da2ba,1470e4b1eac5,5e1d50a6e395,0,True,0,45.323,3.1295758122629804,2.7969641518428277,153.45785951412793,0.012553132789683851,1.6897901579650443e-13,ae73669,2026-10-04T00:58:12+00:00,3.142981800333165,153.72595585440797,True,0.00433225556703686,3.5,2.7969641518428277,0.2463941956375098,5.0,2.0421843538363843e-12,True,True,-2.463273048296958,-2.2266259279715395,-2.1295038594797733,-2.073076115424048,-2.0350889036964612,-1.9857821024318651,-1.954233745328384,-1.9317950601061213,-1.9147613268584345,-1.9012478770923391,-1.89018130220263,,10145,93,1.5,False,False,"variant-qitT30 (v1.1-frozen + |Qit_eff| -30% at 423 K; robustness study v1.3, 423 K only)"
C0477_T423,manual,0,C0477,C0477,423.0,0.8346763528883457,1.0450903777033091,-639008683152.4968,1.0016697071492673,a947a4348f6f,1470e4b1eac5,5e1d50a6e395,0,True,0,52.772,2.3605213483986613,2.98167684144502,157.09586518200845,0.011782898936284836,1.6897901579650449e-13,ae73669,2026-10-04T00:38:51+00:00,2.374231601892987,157.02115958196705,True,0.004376859749883327,2.75,2.98167684144502,0.23042677754690113,5.0,2.4737836823721233e-12,True,True,-2.269129968475396,-2.160150202787919,-2.10076154970685,-2.0621512460348574,-2.0345319015184042,-1.99689848354837,-1.9719022186609583,-1.9537724449965421,-1.9398573759338842,-1.9287478473125133,-1.9196172415799675,,11900,91,1.5,False,False,"variant-qitT30 (v1.1-frozen + |Qit_eff| -30% at 423 K; robustness study v1.3, 423 K only)"
C0478_T423,manual,0,C0478,C0478,423.0,0.9886521469801663,0.8751621123403311,-1035323315300.0474,0.8315051037818194,67645a901d24,1470e4b1eac5,5e1d50a6e395,0,True,0,40.586,2.574273929392914,2.9294752184495843,151.99613227124854,0.011988895622881452,1.6897901579650449e-13,ae73669,2026-10-04T00:34:12+00:00,2.588555468200486,152.09927773780495,True,0.004202410904859791,3.0,2.9294752184495843,0.23492173630774407,5.0,1.842086157105622e-12,True,True,-2.3227828586361032,-2.1881789892399275,-2.118100985135147,-2.073404086288722,-2.041736203539898,-1.9988510711218852,-1.9704359854924554,-1.9498060200817107,-1.933932970241216,-1.9212208208192973,-1.9107378724997002,,10964,92,1.5,False,False,"variant-qitT30 (v1.1-frozen + |Qit_eff| -30% at 423 K; robustness study v1.3, 423 K only)"
C0479_T423,manual,0,C0479,C0479,423.0,1.076082482561469,1.1558192286640403,-899233812466.2638,1.1396360140293835,f16933bde5c9,1470e4b1eac5,5e1d50a6e395,0,True,0,39.437,3.0355311568813526,2.748189197265666,160.2600182162852,0.01277564051464469,1.6897901579650443e-13,ae73669,2026-10-04T00:34:07+00:00,3.0439568596741733,160.56218303187498,True,0.0047852240530148445,3.5,2.748189197265666,0.25078236223483413,5.0,1.5996518944971501e-12,True,True,-2.3997749919588185,-2.19179890295194,-2.1034811809789593,-2.0516694432649123,-2.0166613751264726,-1.9711726769421798,-1.942114483751269,-1.9215127425861167,-1.9059314106195897,-1.8936173170247574,-1.8835706783807138,,10496,92,1.5,False,False,"variant-qitT30 (v1.1-frozen + |Qit_eff| -30% at 423 K; robustness study v1.3, 423 K only)"
C0480_T423,manual,0,C0480,C0480,423.0,1.0846561681479217,0.9111454285681247,-689796024002.1348,1.0580096449702978,db6125c74b9a,1470e4b1eac5,5e1d50a6e395,0,True,0,28.22,2.0942811759886037,2.71604878569054,152.8630374668476,0.012923078193030619,1.6897901579650449e-13,ae73669,2026-10-04T00:29:08+00:00,2.108082829805654,152.64596800758616,True,0.004827940054589597,2.5,2.71604878569054,0.2541373364578389,5.0,2.344795405172069e-12,True,True,-2.1945319795365843,-2.1042960616498645,-2.0520069499708224,-2.016889939469387,-1.9912337822127166,-1.9555473859207855,-1.931363819349461,-1.9135700308351116,-1.8997600322038088,-1.888634027902759,-1.8794199224575607,,10496,91,1.5,False,False,"variant-qitT30 (v1.1-frozen + |Qit_eff| -30% at 423 K; robustness study v1.3, 423 K only)"
C0481_T423,manual,0,C0481,C0481,423.0,0.9970920350402592,1.032043133676052,-1373667115345.5972,0.9630154106765986,e93cc1091c37,1470e4b1eac5,5e1d50a6e395,0,True,0,49.868,3.524332622338284,2.900887865126597,156.7615755420292,0.01210822878887851,1.6897901579650443e-13,ae73669,2026-10-04T00:39:25+00:00,3.531061851924927,156.99985095696545,True,0.004404031971715619,4.0,2.900887865126597,0.2370983280617683,5.0,2.060283053482245e-12,True,True,-2.738697750979872,-2.2963293631283985,-2.1682692226970945,-2.1009519775977488,-2.057851832675367,-2.004130928327963,-1.9709133274210433,-1.9477842069969837,-1.9304870552515085,-1.9169193815039751,-1.9059083121434868,,10964,91,1.5,False,False,"variant-qitT30 (v1.1-frozen + |Qit_eff| -30% at 423 K; robustness study v1.3, 423 K only)"
C0482_T423,manual,0,C0482,C0482,423.0,0.8260624937713147,0.8878961212933064,-957828862592.578,1.1959726966917514,e41b5b45aeba,1470e4b1eac5,5e1d50a6e395,0,True,0,52.178,2.457657974887516,2.8755414881577406,151.9780269526092,0.012212325026156169,1.689790157965045e-13,ae73669,2026-10-04T00:58:50+00:00,2.462745914834018,152.42690125155843,True,0.005031472074768627,3.0,2.8755414881577406,0.23947888373911427,5.0,1.3956279477262352e-12,True,True,-2.2349552012381757,-2.1264166391860324,-2.0698088846917173,-2.033821198380702,-2.0084248197287398,-1.9742246201604716,-1.9517269140492595,-1.935499049641023,-1.9230871908402767,-1.9132016456452672,-1.905091492550416,,11900,92,1.5,False,False,"variant-qitT30 (v1.1-frozen + |Qit_eff| -30% at 423 K; robustness study v1.3, 423 K only)"
C0483_T423,manual,0,C0483,C0483,423.0,1.138498166948557,1.168573136627674,-1101724189706.1467,0.875147046148777,fb07ff9c0ac9,1470e4b1eac5,5e1d50a6e395,0,True,0,39.279,3.4138867531426222,2.8858854649889563,160.87082697710508,0.01217207607273885,1.6897901579650449e-13,ae73669,2026-10-04T00:55:39+00:00,3.4245016771987418,161.11834936239933,True,0.003893696365545892,4.0,2.8858854649889563,0.23822111239038096,5.0,1.6084793420056088e-12,True,True,-2.6727972162923845,-2.304213125372962,-2.179721636156926,-2.111268633174875,-2.0664074693228325,-2.0094208635387343,-1.9736283316734669,-1.9484752127772162,-1.9295481682534326,-1.9146353420625177,-1.902490409407532,,10145,93,1.5,False,False,"variant-qitT30 (v1.1-frozen + |Qit_eff| -30% at 423 K; robustness study v1.3, 423 K only)"
C0484_T423,manual,0,C0484,C0484,423.0,1.1839033704251052,0.8441820427775384,-1468988310545.6829,0.8033197145909071,9dba72f5f0ca,1470e4b1eac5,5e1d50a6e395,0,True,0,42.723,3.193603523303386,2.8489086181354786,151.03985681654285,0.012325450504302162,1.689790157965044e-13,ae73669,2026-10-04T00:59:51+00:00,3.2013279106805794,151.50408366378122,True,0.004100315942345687,3.75,2.8489086181354786,0.241793422249636,5.0,2.396691993779916e-12,True,True,-2.51395114499555,-2.2542755328044732,-2.15054788712691,-2.090739996658197,-2.050601707161152,-1.9985755906332632,-1.9652789671363422,-1.941564597460631,-1.9235308398022282,-1.9091971979771538,-1.8974369010129757,,9794,93,1.5,False,False,"variant-qitT30 (v1.1-frozen + |Qit_eff| -30% at 423 K; robustness study v1.3, 423 K only)"
C0485_T423,manual,0,C0485,C0485,423.0,0.8964791413396597,1.124836216121912,-590595434419.8108,1.124095817282796,199b90d2263a,1470e4b1eac5,5e1d50a6e395,0,True,0,54.527,2.4637998957508263,2.8729163616361686,159.35676848942165,0.012225320786911222,1.689790157965045e-13,ae73669,2026-10-04T00:43:51+00:00,2.46825045911306,159.83663835986457,True,0.004633768775180418,3.0,2.8729163616361686,0.23949231820468264,5.0,1.4296277914915208e-12,True,True,-2.264240026842934,-2.1473759024671324,-2.0856972081392473,-2.046210318314228,-2.018223853110024,-1.9804049326294924,-1.9554699489035476,-1.9374707272123175,-1.9237029959762764,-1.9127397363632297,-1.9037480718321564,,11549,92,1.5,False,False,"variant-qitT30 (v1.1-frozen + |Qit_eff| -30% at 423 K; robustness study v1.3, 423 K only)"
C0486_T423,manual,0,C0486,C0486,423.0,0.9299972377717496,0.9549087181687356,-1240930764935.9106,0.9411346577107906,a6ab1fade2fe,1470e4b1eac5,5e1d50a6e395,0,True,0,37.064,3.1141974210187273,2.9376854664035785,154.39436415071262,0.011956888800512998,1.6897901579650449e-13,ae73669,2026-10-04T00:30:56+00:00,3.128197098401583,154.42313643644044,True,0.004345486559411081,3.5,2.9376854664035785,0.23411221829500145,5.0,1.6156486188137332e-12,True,True,-2.4606920252640707,-2.232940316740128,-2.139528442707544,-2.0854134084425957,-2.0490900693669647,-2.0021266069660575,-1.9722253496701165,-1.9510506290537846,-1.935039175131328,-1.9223818096906782,-1.9120500259173052,,11315,91,1.5,False,False,"variant-qitT30 (v1.1-frozen + |Qit_eff| -30% at 423 K; robustness study v1.3, 423 K only)"
C0487_T423,manual,0,C0487,C0487,423.0,1.0425728149712086,1.0758292622864247,-822563081979.7516,1.0361800581216811,516946ccb2e0,1470e4b1eac5,5e1d50a6e395,0,True,0,45.508,2.730646943468127,2.80163365774994,158.00024401050894,0.012533263379562242,1.6897901579650443e-13,ae73669,2026-10-04T01:02:22+00:00,2.7331303679469703,158.37830582065337,True,0.0045363457013425906,3.25,2.80163365774994,0.24587756901566976,5.0,9.397586875348196e-13,True,True,-2.325920704742751,-2.173732806938786,-2.099202364273005,-2.052961049463876,-2.0207388039809775,-1.9777719759608674,-1.9497183809952177,-1.929561428659641,-1.9141765551132508,-1.9019358337777639,-1.8918971737072372,,10613,92,1.5,False,False,"variant-qitT30 (v1.1-frozen + |Qit_eff| -30% at 423 K; robustness study v1.3, 423 K only)"
C0488_T423,manual,0,C0488,C0488,423.0,1.0105717908591032,0.8541675359010696,-1147560817189.5146,1.1462420608848334,a52a0777cb56,1470e4b1eac5,5e1d50a6e395,0,True,0,45.656,2.674630305639255,2.733837011015078,150.9118238078865,0.012839212894231471,1.6897901579650449e-13,ae73669,2026-10-04T00:56:53+00:00,2.683470304603696,151.28645051070833,True,0.004960544885965921,3.25,2.733837011015078,0.2524711486742386,5.0,2.531928117226816e-12,True,True,-2.269724972128394,-2.1341149891865268,-2.067547845642318,-2.026285685181043,-1.9975541519148936,-1.9592476170802442,-1.934215391114677,-1.9162033277390498,-1.9024337770199904,-1.8914615998006408,-1.8824508686552472,,10847,93,1.5,False,False,"variant-qitT30 (v1.1-frozen + |Qit_eff| -30% at 423 K; robustness study v1.3, 423 K only)"
C0489_T423,manual,0,C0489,C0489,423.0,0.9231051232665776,1.176618491858244,-792851848527.7891,0.8264431390911341,b2eecaea3b10,1470e4b1eac5,5e1d50a6e395,0,True,0,42.538,2.9352143062278766,3.059083535828943,161.18128043730567,0.011488587051732297,1.6897901579650446e-13,ae73669,2026-10-04T00:57:24+00:00,2.9437341596132587,161.52669743931975,True,0.0037194981256836596,3.5,3.059083535828943,0.2242030791795029,5.0,1.094476072271977e-12,True,True,-2.451609223231204,-2.256930033231103,-2.167181165926666,-2.1127342184030864,-2.0752488330225805,-2.0257724436328197,-1.9937583812114936,-1.9708914831096058,-1.9535135860367294,-1.9397333806562729,-1.9284624532950534,,11315,93,1.5,False,False,"variant-qitT30 (v1.1-frozen + |Qit_eff| -30% at 423 K; robustness study v1.3, 423 K only)"
C0490_T423,manual,0,C0490,C0490,423.0,0.8504154257476331,0.946534550189972,-1376536780968.3083,1.009107468277216,37da64205fcb,1470e4b1eac5,5e1d50a6e395,0,True,0,41.376,3.307300224470744,2.9769649264024944,154.02654483447563,0.011800700989942417,1.689790157965045e-13,ae73669,2026-10-04T00:34:01+00:00,3.3193609289259953,154.2091873847279,True,0.0046013098339544945,3.75,2.9769649264024944,0.23087767935153589,5.0,2.4142303003647484e-12,True,True,-2.5419439844787948,-2.249482149238682,-2.146348606459713,-2.089546207977677,-2.0524249452324455,-2.005478853983049,-1.9761418966570625,-1.9556043219621404,-1.9401982240928568,-1.9280921937937419,-1.9182572247068954,,11783,92,1.5,False,False,"variant-qitT30 (v1.1-frozen + |Qit_eff| -30% at 423 K; robustness study v1.3, 423 K only)"
C0491_T423,manual,0,C0491,C0491,423.0,1.1629489459097386,1.0225333176553248,-559973471798.0027,0.9134771302342416,aca71dd6875e,1470e4b1eac5,5e1d50a6e395,0,True,0,47.573,2.1833329031052062,2.7727728303099943,156.52348840644797,0.012662135134861955,1.689790157965044e-13,ae73669,2026-10-04T00:54:43+00:00,2.191826124692735,156.9988030385529,True,0.004189610833138978,2.75,2.7727728303099943,0.2485888675349626,5.0,1.1899804058801422e-12,True,True,-2.244306307371532,-2.141546729258981,-2.0822945464500644,-2.0425534780311163,-2.0135308363833926,-1.9731688810885917,-1.9458192134406356,-1.9256962844701586,-1.9100777976181125,-1.897493055842846,-1.88706854799046,,10028,93,1.5,False,False,"variant-qitT30 (v1.1-frozen + |Qit_eff| -30% at 423 K; robustness study v1.3, 423 K only)"
C0492_T423,manual,0,C0492,C0492,423.0,1.1083541493862867,0.9903203777968884,-927237361669.5404,0.9916497867554426,d03ebfe68ef6,1470e4b1eac5,5e1d50a6e395,0,True,0,46.876,2.6923259635333854,2.7698538236370958,155.43668289238914,0.012675207054680985,1.6897901579650449e-13,ae73669,2026-10-04T00:59:00+00:00,2.6995618934960994,155.92254581899778,True,0.0044564370206540025,3.25,2.7698538236370958,0.24888121349695286,5.0,2.7980797564186873e-12,True,True,-2.3165819348640677,-2.1689011090971455,-2.095346102034963,-2.0493486971481256,-2.0171353450959555,-1.9739640463083297,-1.9456295506147945,-1.925188654643371,-1.909535047974394,-1.8970449375590495,-1.8867761228553175,,10262,93,1.5,False,False,"variant-qitT30 (v1.1-frozen + |Qit_eff| -30% at 423 K; robustness study v1.3, 423 K only)"
C0493_T423,manual,0,C0493,C0493,423.0,0.8208320733159781,1.0662961095571517,-1009303121827.5428,1.0872305769473314,49d8dd9607cc,1470e4b1eac5,5e1d50a6e395,0,True,0,54.187,3.0073916042544337,2.9784528947596574,157.63397903903754,0.011796096981559976,1.6897901579650446e-13,ae73669,2026-10-04T00:39:45+00:00,3.0096433385781043,157.99781604187902,True,0.004629659911168324,3.5,2.9784528947596574,0.23063028736699187,5.0,1.2427336398210042e-12,True,True,-2.4024802846804754,-2.2077286550484416,-2.1245235845983577,-2.075764369016731,-2.042889247921856,-2.0003067209545504,-1.9732135041091752,-1.9540710799415164,-1.939637459348571,-1.9282616655553697,-1.919003818847075,,12017,92,1.5,False,False,"variant-qitT30 (v1.1-frozen + |Qit_eff| -30% at 423 K; robustness study v1.3, 423 K only)"
C0494_T423,manual,0,C0494,C0494,423.0,0.956010325998068,0.810430159419775,-660115252248.9429,0.8545623980462551,b241ea47c873,1470e4b1eac5,5e1d50a6e395,0,True,0,38.886,1.7775961272874166,2.892532393465189,149.85409129684064,0.012139440061680122,1.6897901579650454e-13,ae73669,2026-10-04T00:34:51+00:00,1.7855004651289468,150.04965209378722,True,0.004383902816261028,2.25,2.892532393465189,0.23818519689638426,5.0,2.183705969854136e-12,True,True,-2.1967450802829807,-2.12071919046026,-2.0738613735594176,-2.041312818713922,-2.0170126248519744,-1.98251647165953,-1.9587002419194939,-1.9409599530980899,-1.927068826805261,-1.915801344869559,-1.9064195602277432,,11081,92,1.5,False,False,"variant-qitT30 (v1.1-frozen + |Qit_eff| -30% at 423 K; robustness study v1.3, 423 K only)"
C0495_T423,manual,0,C0495,C0495,423.0,1.0684884376823902,1.1329041421413422,-1280327629297.9717,1.1744124859571456,516ef1a63d2a,1470e4b1eac5,5e1d50a6e395,0,True,0,40.619,3.5994323038505516,2.7548875528401053,159.55701125659704,0.012744990995365526,1.689790157965045e-13,ae73669,2026-10-04T00:34:48+00:00,3.612436111755819,159.56167493430164,True,0.004822048057113623,4.0,2.7548875528401053,0.2501311858280198,5.0,2.104377272988577e-12,True,True,-2.7990284953530944,-2.2724941273721115,-2.1399051504582562,-2.0725630254349143,-2.030146835161734,-1.9779528669616322,-1.946024127288365,-1.9239409264131504,-1.9075049270637485,-1.8946604670338227,-1.884267792470415,,10613,92,1.5,False,False,"variant-qitT30 (v1.1-frozen + |Qit_eff| -30% at 423 K; robustness study v1.3, 423 K only)"
C0496_T423,manual,0,C0496,C0496,423.0,1.0603512980043888,0.8146085020154715,-777535700239.2411,0.9316309534013272,038d0b7d7d5d,1470e4b1eac5,5e1d50a6e395,0,True,0,27.93,1.974320443596706,2.7769543431097286,149.8921267925989,0.012640685636590153,1.6897901579650446e-13,ae73669,2026-10-04T00:29:37+00:00,1.9777607874817755,150.294201083077,True,0.00458265627653579,2.5,2.7769543431097286,0.24847571494064252,5.0,1.1587883430586032e-12,True,True,-2.196014604368268,-2.111388186028584,-2.0610421189988624,-2.0267385853804116,-2.0014373940209595,-1.9659132480980999,-1.9416178210912505,-1.9236234877873268,-1.9095860371194509,-1.8982293690827472,-1.888791035710262,,10613,92,1.5,False,False,"variant-qitT30 (v1.1-frozen + |Qit_eff| -30% at 423 K; robustness study v1.3, 423 K only)"
C0497_T423,manual,0,C0497,C0497,423.0,0.9727686636149884,1.1421544943004849,-1157017314806.5806,1.039516243338585,0e7d92934dd4,1470e4b1eac5,5e1d50a6e395,0,True,0,48.756,3.429732115092955,2.8869024081649193,159.95372039223955,0.0121671539934737,1.6897901579650449e-13,ae73669,2026-10-04T00:40:15+00:00,3.438133819087696,160.37934275879084,True,0.004358262395740185,4.0,2.8869024081649193,0.23821542151985356,5.0,1.3186569891576738e-12,True,True,-2.6422203003758145,-2.272337047421112,-2.1544721296997835,-2.0911041133416957,-2.050127158450121,-1.9987078714860824,-1.9667800218686822,-1.9445182727827275,-1.9278668875664662,-1.9148109952682824,-1.9042225721026023,,10964,93,1.5,False,False,"variant-qitT30 (v1.1-frozen + |Qit_eff| -30% at 423 K; robustness study v1.3, 423 K only)"
C0498_T423,manual,0,C0498,C0498,423.0,0.8001949753612281,0.984738239273429,-510477615520.358,0.8194460909813643,2facbcf2ab7a,1470e4b1eac5,5e1d50a6e395,0,True,0,50.626,2.0158427371753267,3.116275322916299,155.48854032669252,0.01127799567012747,1.6897901579650446e-13,ae73669,2026-10-04T00:59:41+00:00,2.020765708438477,155.87447989608106,True,0.003948100265705801,2.5,3.116275322916299,0.2200949901025388,5.0,2.386745525166867e-12,True,True,-2.2609182342738197,-2.171123378263284,-2.1178443071886317,-2.0816344817601364,-2.055002104930901,-2.0177729619026064,-1.992470711634459,-1.9738441589747602,-1.9593959075342375,-1.947768076482912,-1.9381508231999582,,12017,92,1.5,False,False,"variant-qitT30 (v1.1-frozen + |Qit_eff| -30% at 423 K; robustness study v1.3, 423 K only)"
C0499_T423,manual,0,C0499,C0499,423.0,1.1126125287264583,1.0587425235658885,-1427985441870.9873,1.1016002912074327,9259a6b0aa6f,1470e4b1eac5,5e1d50a6e395,0,True,0,42.837,3.6679836574605846,2.7545883304953196,157.4299345738409,0.012745994434034347,1.6897901579650446e-13,ae73669,2026-10-04T00:56:23+00:00,3.677437570557773,157.93255471216762,True,0.004621201919022108,4.25,2.7545883304953196,0.25019616086838414,5.0,1.8496241757339567e-12,True,True,-2.91500626560262,-2.2935133710810534,-2.1511218422766847,-2.080086766952687,-2.035663572834638,-1.981243650605473,-1.9480357275912028,-1.9250800976179676,-1.9079902200023642,-1.8946262755053525,-1.8838045199669025,,10262,93,1.5,False,False,"variant-qitT30 (v1.1-frozen + |Qit_eff| -30% at 423 K; robustness study v1.3, 423 K only)"
C0500_T423,manual,0,C0500,C0500,423.0,1.1578330881893637,0.9285014364868402,-1060874145478.0104,1.1796981908380983,8e91dd074e2b,1470e4b1eac5,5e1d50a6e395,0,True,0,45.828,2.7357164853756557,2.6411293164766274,153.2872500771058,0.013287281178654683,1.6897901579650443e-13,ae73669,2026-10-04T01:00:37+00:00,2.7375064262315885,153.6923616546776,True,0.005152792280991844,3.25,2.6411293164766274,0.2615682683748279,5.0,1.613551026634409e-12,True,True,-2.2799216718540096,-2.1330282098877418,-2.062145400960763,-2.0184702135292283,-1.9881461315197262,-1.947801776699646,-1.9214782339996423,-1.9025512078824498,-1.8880875274535611,-1.8765638745804296,-1.8671002080969208,,10028,92,1.5,False,False,"variant-qitT30 (v1.1-frozen + |Qit_eff| -30% at 423 K; robustness study v1.3, 423 K only)"
C0501_T423,manual,0,C0501,C0501,423.0,0.8704025648534298,1.0025287564843892,-877619723789.3939,0.8975951507687568,69229e0d8466,1470e4b1eac5,5e1d50a6e395,0,True,0,70.115,2.6503005182073918,3.0120141205704445,155.9260545471718,0.011664828569671404,1.6897901579650449e-13,ae73669,2026-10-04T00:45:01+00:00,2.6622477145497747,156.0948077890736,True,0.004037367057164791,3.0,3.0120141205704445,0.2280464727435477,5.0,1.402671351754461e-12,True,True,-2.3412021569971415,-2.1994051294586665,-2.1277018862444366,-2.08262103979185,-2.0509803395090347,-2.008542757369079,-1.9807072117074425,-1.960656163376691,-1.9453286202363664,-1.933121639364255,-1.9231043436369553,,11666,93,1.5,False,False,"variant-qitT30 (v1.1-frozen + |Qit_eff| -30% at 423 K; robustness study v1.3, 423 K only)"
C0502_T423,manual,0,C0502,C0502,423.0,0.9054892238229514,0.8708945099264384,-1289906500838.697,1.0676614310592414,a1c67952d8c4,1470e4b1eac5,5e1d50a6e395,0,True,0,36.458,2.9576850839106017,2.8657632037435916,151.55479677669504,0.012253291136930088,1.6897901579650449e-13,ae73669,2026-10-04T00:31:32+00:00,2.9629855438813886,152.0381506738654,True,0.004779189294189927,3.5,2.8657632037435916,0.24035657152108636,5.0,1.3121434582041836e-12,True,True,-2.364742583332804,-2.182936068685935,-2.1034275446909,-2.0564173116952125,-2.024542541900926,-1.9830016525195642,-1.9563806480022756,-1.9374558228881387,-1.9231089580595806,-1.9117472475738673,-1.9024612861196164,,11432,92,1.5,False,False,"variant-qitT30 (v1.1-frozen + |Qit_eff| -30% at 423 K; robustness study v1.3, 423 K only)"
C0503_T423,manual,0,C0503,C0503,423.0,1.0180588882416486,1.198417475447059,-644677340984.3445,0.9597265992313624,68e553ab76d2,1470e4b1eac5,5e1d50a6e395,0,True,0,45.924,2.731523006267917,2.880166078013108,161.64081772542582,0.012195397244138102,1.689790157965044e-13,ae73669,2026-10-04T01:03:08+00:00,2.7339482042876044,162.16345956518524,True,0.004193912476762395,3.25,2.880166078013108,0.2387895099154798,5.0,1.9243386628362775e-12,True,True,-2.3553469254601342,-2.1984661452184984,-2.1209202964478373,-2.072571440955655,-2.038782782078485,-1.9936260373381656,-1.9641014881790289,-1.942880357788106,-1.9266852314904355,-1.9138040487223433,-1.9032444179974533,,10847,92,1.5,False,False,"variant-qitT30 (v1.1-frozen + |Qit_eff| -30% at 423 K; robustness study v1.3, 423 K only)"
C0504_T423,manual,0,C0504,C0504,423.0,1.035094854980707,0.9700297106057404,-1321722459979.3557,0.8695704005658627,b8eafb4917c1,1470e4b1eac5,5e1d50a6e395,0,True,0,49.972,3.2907208890641173,2.9171652188335244,154.9679562235614,0.012040627357960305,1.6897901579650443e-13,ae73669,2026-10-04T00:57:44+00:00,3.30095281061169,155.25154306540645,True,0.0042091841931591,3.75,2.9171652188335244,0.23578357671006442,5.0,1.2383642862323306e-12,True,True,-2.567491723875414,-2.271354754352135,-2.1617423512026184,-2.1001116914119033,-2.059320211649644,-2.0071128910262668,-1.974111778345647,-1.950821293057953,-1.933239365094396,-1.9193508842574123,-1.9080165375234375,,10730,92,1.5,False,False,"variant-qitT30 (v1.1-frozen + |Qit_eff| -30% at 423 K; robustness study v1.3, 423 K only)"
C0505_T423,manual,0,C0505,C0505,423.0,0.94761006757617,1.0991350572556258,-739787710830.5692,1.1530416280031204,519455fb9d76,1470e4b1eac5,5e1d50a6e395,0,True,0,44.147,2.643926502579609,2.8169784223629226,158.55993755003288,0.012465688008768403,1.689790157965045e-13,ae73669,2026-10-04T00:58:09+00:00,2.655221539059412,158.73707352427525,True,0.004631748103504186,3.0,2.8169784223629226,0.24447770861159798,5.0,2.1289313345860045e-12,True,True,-2.2884985068072616,-2.1527172420502616,-2.0849948490700307,-2.0427232092009495,-2.013193090032973,-1.973769333385808,-1.9480309910039884,-1.9295553763544946,-1.915472332319618,-1.9042837468300196,-1.8951217991748819,,11198,93,1.5,False,False,"variant-qitT30 (v1.1-frozen + |Qit_eff| -30% at 423 K; robustness study v1.3, 423 K only)"
C0506_T423,manual,0,C0506,C0506,423.0,0.8765012230724096,0.8307822544127703,-1093724871054.2916,0.9824832063168288,f1c284314401,1470e4b1eac5,5e1d50a6e395,0,True,0,39.109,2.531110197808696,2.912891446464241,150.334930092343,0.012056064772747446,1.689790157965045e-13,ae73669,2026-10-04T00:34:40+00:00,2.539459954716733,150.62138202288173,True,0.004714911893402739,3.0,2.912891446464241,0.23637825108349675,5.0,1.5638419046963692e-12,True,True,-2.2773546120448596,-2.155827269942573,-2.0929371070747265,-2.053033962322954,-2.0248784528128914,-1.9869203097208437,-1.9618883149939548,-1.9437803443195736,-1.9298896760803863,-1.918794427384597,-1.9096666248425447,,11549,92,1.5,False,False,"variant-qitT30 (v1.1-frozen + |Qit_eff| -30% at 423 K; robustness study v1.3, 423 K only)"
C0507_T423,manual,0,C0507,C0507,423.0,1.189016241952777,1.10010218732059,-971687757410.1093,1.0902233440428972,5dba037aa8d5,1470e4b1eac5,5e1d50a6e395,0,True,0,42.799,3.0269229681775136,2.6978772725740496,158.65261837554723,0.013011741377585229,1.689790157965044e-13,ae73669,2026-10-04T00:55:27+00:00,3.033895307969461,158.96316843818158,True,0.004741791560384009,3.5,2.6978772725740496,0.25566368499106695,5.0,1.747811429802487e-12,True,True,-2.3992643254095123,-2.191000309882943,-2.101473227439602,-2.048640710147652,-2.0128018376424617,-1.9660413705313087,-1.936037613227712,-1.914690073745164,-1.8984962629751145,-1.885664577376339,-1.8751711994288964,,9794,92,1.5,False,False,"variant-qitT30 (v1.1-frozen + |Qit_eff| -30% at 423 K; robustness study v1.3, 423 K only)"
C0508_T423,manual,0,C0508,C0508,423.0,1.1342368014156818,0.8870449762791396,-604576230049.1333,1.018321231752634,a8de7bc0ac4c,1470e4b1eac5,5e1d50a6e395,0,True,0,46.366,1.8928565669051836,2.695594079944933,152.11449241402974,0.013020092243980338,1.6897901579650446e-13,ae73669,2026-10-04T00:59:46+00:00,1.904962882503003,152.57840010322937,True,0.0046289568329200784,2.25,2.695594079944933,0.25616760676098177,5.0,1.962739244886679e-12,True,True,-2.173935930653575,-2.093463542922493,-2.0449041114616295,-2.011563116421163,-1.9868562333336375,-1.9520281993612811,-1.9281366079209072,-1.9104153896916953,-1.8965813219591363,-1.885385938893039,-1.876081067288132,,10145,93,1.5,False,False,"variant-qitT30 (v1.1-frozen + |Qit_eff| -30% at 423 K; robustness study v1.3, 423 K only)"
C0509_T423,manual,0,C0509,C0509,423.0,0.8467088125646115,1.1563877511769534,-1460866748355.329,0.9106322541832924,d2e9f8da754c,1470e4b1eac5,5e1d50a6e395,0,True,0,49.384,3.9661226764837876,3.109984626727759,160.50178298305252,0.011303013579854335,1.6897901579650449e-13,ae73669,2026-10-04T00:40:35+00:00,3.9706215919875985,160.77567297359695,True,0.004008584068481622,4.5,3.109984626727759,0.2202969802917527,5.0,2.0475478183535295e-12,True,True,-3.8483374781605866,-2.438392773248552,-2.2430635007036357,-2.1556602406162932,-2.103375326353614,-2.0413849101639565,-2.004555254926027,-1.9795124785505525,-1.961085954989157,-1.9468057506215262,-1.9353254017392252,,11783,92,1.5,False,False,"variant-qitT30 (v1.1-frozen + |Qit_eff| -30% at 423 K; robustness study v1.3, 423 K only)"
C0510_T423,manual,0,C0510,C0510,423.0,0.9803306277841328,0.9138154339045288,-872676650993.526,1.1311868276447057,08cce579816d,1470e4b1eac5,5e1d50a6e395,0,True,0,44.141,2.3937582929908308,2.764537998105882,152.8491165175609,0.012698327157953408,1.6897901579650446e-13,ae73669,2026-10-04T00:35:36+00:00,2.405359036324263,153.11023349251434,True,0.0048438642741611216,2.75,2.764537998105882,0.24950013926845313,5.0,1.7242351144010355e-12,True,True,-2.2287631003251587,-2.12059897353274,-2.0625648776247214,-2.025103468854298,-1.9984020231768582,-1.9620939104060602,-1.9379845339001194,-1.9204780858275146,-1.9070189001658242,-1.896253488014261,-1.8873892992402574,,11081,93,1.5,False,False,"variant-qitT30 (v1.1-frozen + |Qit_eff| -30% at 423 K; robustness study v1.3, 423 K only)"
C0511_T423,manual,0,C0511,C0511,423.0,1.092802445217967,1.042897941544652,-1188863854855.299,0.8476660583168268,fda38744e6d3,1470e4b1eac5,5e1d50a6e395,0,True,0,43.415,3.2608677667500277,2.908636083619243,157.20960486115422,0.012076471117961923,1.6897901579650443e-13,ae73669,2026-10-04T00:35:32+00:00,3.264300746410937,157.5889842067546,True,0.0040525034771579874,3.75,2.908636083619243,0.23641131176450825,5.0,1.4756117206696568e-12,True,True,-2.5648921997583676,-2.2771594832088193,-2.167099970785479,-2.10445946886238,-2.0627178166435836,-2.008993440130171,-1.9748789984999873,-1.9507416835406317,-1.932491671426113,-1.9180599529576339,-1.9062729921147763,,10379,92,1.5,False,False,"variant-qitT30 (v1.1-frozen + |Qit_eff| -30% at 423 K; robustness study v1.3, 423 K only)"
