err_wjfet_scale,err_npwell_scale,err_qit_eff_cm2,level,rho,model,set,candidate_id
0.0600071613488254,0.0024380711691268657,0.006630595433570923,nominal,0.0,gp,S1,T0000
0.009761250138687895,0.20716869056967352,0.10118943528090515,nominal,0.0,gp,S1,T0001
0.0029310964005141446,0.12778200435876744,0.04207896490494556,nominal,0.0,gp,S1,T0002
0.14913539842975335,0.24348867129658258,0.12418539677507104,nominal,0.0,gp,S1,T0003
0.11203268740354214,0.029923126726323086,0.01721955170274402,nominal,0.0,gp,S1,T0004
0.31541044854150857,0.14106520851688595,0.0724100795346936,nominal,0.0,gp,S1,T0005
0.040310867685467995,0.0014357162515105106,0.0018777049153969726,nominal,0.0,gp,S1,T0006
0.07866952265334683,0.046466451820687545,0.015957088274410766,nominal,0.0,gp,S1,T0007
0.11780001332452553,0.26384259155225054,0.11944999470312573,nominal,0.0,gp,S1,T0008
0.08291809175694,0.301029891690165,0.1273608880908911,nominal,0.0,gp,S1,T0009
0.06301297255228656,0.1569838706024779,0.06951063041945996,nominal,0.0,gp,S1,T0010
0.086423573402466,0.03818937784858257,0.0209708672720542,nominal,0.0,gp,S1,T0011
0.006747483367036124,0.16929252844940848,0.07491892566233471,nominal,0.0,gp,S1,T0012
0.1603447431976027,0.39144026653946656,0.17108769679840063,nominal,0.0,gp,S1,T0013
0.15474500280448725,0.110107558305059,0.046785807282115476,nominal,0.0,gp,S1,T0014
0.06409303166591192,0.02169340309249396,0.017757505344505372,nominal,0.0,gp,S1,T0015
0.04758598716880781,0.4141873731836294,0.19427456838720764,nominal,0.0,gp,S1,T0016
0.4195322678534187,0.26628160232827774,0.10993701007401575,nominal,0.0,gp,S1,T0017
0.07498502987913715,0.258197529952014,0.11624614097247657,nominal,0.0,gp,S1,T0018
0.027998976162711693,0.3087356531900593,0.14744910792586122,nominal,0.0,gp,S1,T0019
0.10510611671961492,0.24670653151240207,0.1023701929736184,nominal,0.0,gp,S1,T0020
0.023390078618729385,0.21021452848570937,0.08769411072134363,nominal,0.0,gp,S1,T0021
0.1217421337517455,0.4746895139996475,0.2114919711208069,nominal,0.0,gp,S1,T0022
0.06435135919125147,0.16425845399059338,0.06840277345442078,nominal,0.0,gp,S1,T0023
0.19304367763086838,0.10460701350868465,0.03853213087170483,nominal,0.0,gp,S1,T0024
0.02455936529866421,0.0009358380824636694,0.011680030188781372,nominal,0.0,gp,S1,T0025
0.09139284264204962,0.17039970664686463,0.08009147522613709,nominal,0.0,gp,S1,T0026
0.1414773343269893,0.21465866600063477,0.09329828220294507,nominal,0.0,gp,S1,T0027
0.05949929509654507,0.11945614630477444,0.07182349840552735,nominal,0.0,gp,S1,T0028
0.0897067797105633,0.16003024066436558,0.08668052103636169,nominal,0.0,gp,S1,T0029
0.04990294886038278,0.082088875946513,0.03977633541768115,nominal,0.0,gp,S1,T0030
0.00018057829109574544,0.3018470960611053,0.15905094242821874,nominal,0.0,gp,S1,T0031
0.0041651739505230165,0.16590843312772943,0.0814229609800763,nominal,0.0,gp,S1,T0032
0.13346962468137272,0.0164516867244674,0.015905596302683716,nominal,0.0,gp,S1,T0033
0.022752498611091635,0.21082857108297998,0.09541034838454188,nominal,0.0,gp,S1,T0034
0.23007843410886303,0.0697641789959569,0.028091632412733398,nominal,0.0,gp,S1,T0035
0.087519471277559,0.158639168719332,0.07333925287373633,nominal,0.0,gp,S1,T0036
0.22240310217852893,0.31030464593169055,0.13686091390452892,nominal,0.0,gp,S1,T0037
0.13422603430740923,0.021845313747826393,8.706896131958008e-06,nominal,0.0,gp,S1,T0038
0.20778181297918896,0.051641960956973224,0.037849016391097653,nominal,0.0,gp,S1,T0039
0.03623785956258064,0.08091974158717653,0.033271376503043334,nominal,0.0,gp,S1,T0040
0.050208085730949495,0.06055629165715061,0.034031991249045164,nominal,0.0,gp,S1,T0041
0.1670267523820557,0.3421070123239806,0.15463607236922192,nominal,0.0,gp,S1,T0042
0.09919702184224502,0.1362164568397262,0.05589038524970313,nominal,0.0,gp,S1,T0043
0.36888430593684635,0.05735796803936101,0.02158756529821875,nominal,0.0,gp,S1,T0044
0.25214070797851407,0.4217715062422579,0.1957081249017671,nominal,0.0,gp,S1,T0045
0.1520779756003732,0.10899677738956645,0.03446360962717505,nominal,0.0,gp,S1,T0046
0.10955821260522888,0.04927150310293922,0.01418867622709253,nominal,0.0,gp,S1,T0047
0.05877424137413435,0.39807886334466036,0.17883207995836353,nominal,0.0,gp,S1,T0048
0.09924205250327031,0.03497458985622454,0.0048678291738568115,nominal,0.0,gp,S1,T0049
0.1610763551624342,0.2086831492609279,0.1072615185570791,nominal,0.0,gp,S1,T0050
0.16138240747976487,0.4821270303677756,0.22862351754302954,nominal,0.0,gp,S1,T0051
0.25240084610583585,0.08324238046682865,0.038485028632448244,nominal,0.0,gp,S1,T0052
0.14638402724446278,0.46768226308303334,0.21556138626027074,nominal,0.0,gp,S1,T0053
0.01437132111685863,0.1874900567151783,0.08831267499392774,nominal,0.0,gp,S1,T0054
0.05577841775051219,0.07165119027497392,0.030996348484169677,nominal,0.0,gp,S1,T0055
0.09750432732374695,0.3486359278342022,0.1468928224138728,nominal,0.0,gp,S1,T0056
0.04323283678218049,0.21965375206244286,0.08911171929331592,nominal,0.0,gp,S1,T0057
0.006750615887837765,0.13100545015691387,0.058600691916436035,nominal,0.0,gp,S1,T0058
0.26386887810023885,0.06102128596833624,0.019153772719269165,nominal,0.0,gp,S1,T0059
0.08403562103463992,0.36738401906053797,0.15924076986120433,nominal,0.0,gp,S1,T0060
0.07961799914735725,0.03550490803304219,0.026433237147498536,nominal,0.0,gp,S1,T0061
0.24352822661663948,0.017438407573005524,0.0030772522046885985,nominal,0.0,gp,S1,T0062
0.19546252482645443,0.2987657233336117,0.1289751723544629,nominal,0.0,gp,S1,T0063
0.10296616789230859,0.17183305009218833,0.06785329770685987,nominal,0.0,gp,S1,T0064
0.06474966830605473,0.11565041381432109,0.04551133553133081,nominal,0.0,gp,S1,T0065
0.06806623867637086,0.1387922185250279,0.06420460685192969,nominal,0.0,gp,S1,T0066
0.02340089018308456,0.3125872203472691,0.12689258087846889,nominal,0.0,gp,S1,T0067
0.13434288969843197,0.051580051076085556,0.010745132206193848,nominal,0.0,gp,S1,T0068
0.025000307329171863,0.004086449557561545,0.003460151143883911,nominal,0.0,gp,S1,T0069
0.22273935068803852,0.1714034228659503,0.07505038126079017,nominal,0.0,gp,S1,T0070
0.0032402125065672535,0.12377628263952226,0.05420720582242615,nominal,0.0,gp,S1,T0071
0.06991467750208342,0.032643079724824504,0.016960475930200194,nominal,0.0,gp,S1,T0072
0.05347146491808176,0.2644756963195694,0.11346217253091076,nominal,0.0,gp,S1,T0073
0.13701305934417543,0.28848785900866875,0.13934677350753175,nominal,0.0,gp,S1,T0074
0.26753048027611476,0.1314794346518489,0.05376942051716431,nominal,0.0,gp,S1,T0075
0.036676064885685096,0.14133555488056312,0.06418607754393042,nominal,0.0,gp,S1,T0076
0.17884712557619256,0.1100696887246436,0.04212341497470923,nominal,0.0,gp,S1,T0077
0.25777189096463543,0.00251385224198375,0.004555592750748779,nominal,0.0,gp,S1,T0078
0.10761443290170816,0.04130046837717228,0.013466264503702393,nominal,0.0,gp,S1,T0079
0.06985022311212148,0.21836949407760298,0.10797862890386987,nominal,0.0,gp,S1,T0080
0.13062423484207944,0.027655581878227593,0.001954116875392456,nominal,0.0,gp,S1,T0081
0.09138115698993422,0.17403267399057484,0.07298701644748608,nominal,0.0,gp,S1,T0082
0.27733398633183753,0.30595644072569184,0.128518701123573,nominal,0.0,gp,S1,T0083
0.11830605982083828,0.05766837829881967,0.025905492373264647,nominal,0.0,gp,S1,T0084
0.0594842148642072,0.08055588284401118,0.03357663248110193,nominal,0.0,gp,S1,T0085
0.00488885823461377,0.039507127667572924,0.02166465277913452,nominal,0.0,gp,S1,T0086
0.09685908953377789,0.041877198515463405,0.018843115128127197,nominal,0.0,gp,S1,T0087
0.05006958557008252,0.26332625737355875,0.12754277134436132,nominal,0.0,gp,S1,T0088
0.125556839328162,0.2620120607728083,0.11337247644091919,nominal,0.0,gp,S1,T0089
0.09452862972610862,0.22263739351590767,0.10533531617623242,nominal,0.0,gp,S1,T0090
0.05594097951381384,0.13096476316256103,0.0745447328683761,nominal,0.0,gp,S1,T0091
0.18515827042417723,0.012169434588940601,0.006341513440572022,nominal,0.0,gp,S1,T0092
0.11280105227432227,0.051749937846574126,0.028743185733068603,nominal,0.0,gp,S1,T0093
0.09441328283306463,0.1498821408236656,0.07599512282733496,nominal,0.0,gp,S1,T0094
0.07533140164401265,0.1513807145295676,0.07137396077455639,nominal,0.0,gp,S1,T0095
0.14788573202676294,0.31190336020230225,0.1499243389694989,nominal,0.0,gp,S1,T0096
0.08706283342281686,0.05193081714702426,0.02267522814639331,nominal,0.0,gp,S1,T0097
0.08277727288858534,0.1364714932005923,0.049425596030518555,nominal,0.0,gp,S1,T0098
0.26398828406890235,0.0834138512527094,0.028592375077762206,nominal,0.0,gp,S1,T0099
0.030197360356992727,0.07695803762921839,0.03054713238897986,nominal,0.0,gp,S1,T0100
0.07415331478712901,0.15035223084270358,0.06499663494676954,nominal,0.0,gp,S1,T0101
0.050513904187892714,0.23920968777646606,0.10333008573910986,nominal,0.0,gp,S1,T0102
0.09011175357480918,0.016787742371307816,0.01371665299677417,nominal,0.0,gp,S1,T0103
0.15765288275549463,0.19486144904769387,0.08136367114214794,nominal,0.0,gp,S1,T0104
0.04755801037259812,0.3124144304633345,0.1283198543422749,nominal,0.0,gp,S1,T0105
0.32537741303897116,0.14940955657755553,0.08599299104830506,nominal,0.0,gp,S1,T0106
0.04841512268902283,0.1297575691317507,0.06824526871274121,nominal,0.0,gp,S1,T0107
0.04724040633719008,0.12562972433296657,0.05672591919955542,nominal,0.0,gp,S1,T0108
0.07338368009800313,0.4805026632244151,0.20662097452191674,nominal,0.0,gp,S1,T0109
0.04327652918393877,0.0630412034700681,0.026203188080569702,nominal,0.0,gp,S1,T0110
0.028211762857066898,0.08513159176951447,0.04544378923568262,nominal,0.0,gp,S1,T0111
0.056524271382105154,0.09701047393089027,0.028566861563579467,nominal,0.0,gp,S1,T0112
0.10770274208572242,0.08618130752793414,0.04965420361902588,nominal,0.0,gp,S1,T0113
0.004542050926644726,0.06588843951658264,0.027485952462991944,nominal,0.0,gp,S1,T0114
0.10365559351240675,0.04364477687086588,0.02454358236455713,nominal,0.0,gp,S1,T0115
0.12444993150207198,0.45721877996113836,0.21282431099162696,nominal,0.0,gp,S1,T0116
0.20602033721016327,0.06896673032541768,0.0390113147517428,nominal,0.0,gp,S1,T0117
0.26277970319327415,0.24886607803908062,0.11331078902367127,nominal,0.0,gp,S1,T0118
0.017137981956289464,0.30761849836647154,0.1512399557310055,nominal,0.0,gp,S1,T0119
0.133366707363575,0.020784570775967407,0.015253334186974244,nominal,0.0,gp,S1,T0120
0.018080452184401356,0.03050627837291043,0.01112738142008081,nominal,0.0,gp,S1,T0121
0.13775019966482285,0.014098494690612532,0.003831423208870361,nominal,0.0,gp,S1,T0122
0.1893506544151916,0.014014850709875851,0.0022685616314644776,nominal,0.0,gp,S1,T0123
0.15723131655931702,0.09367392455327418,0.05032974238589697,nominal,0.0,gp,S1,T0124
0.03647021118875716,0.129101479270381,0.05349203303433935,nominal,0.0,gp,S1,T0125
0.023225081413731367,0.0972454501954462,0.05826035062990173,nominal,0.0,gp,S1,T0126
0.013018765791070756,0.02928812117074909,0.020545500389326173,nominal,0.0,gp,S1,T0127
0.004308106810441415,0.07395518403555819,0.04043656559796496,nominal,0.0,gp,S1x2,T0000
0.033270904383980456,0.16317712380869878,0.07928653685331531,nominal,0.0,gp,S1x2,T0001
0.07333644995186185,0.009076615809508472,0.010860662157293458,nominal,0.0,gp,S1x2,T0002
0.042166644908675506,0.2168572476535705,0.10965838390266272,nominal,0.0,gp,S1x2,T0003
0.04082063636873968,0.08643005358652812,0.037402484098672605,nominal,0.0,gp,S1x2,T0004
0.10618104898579259,0.061554028022875476,0.03677077724567578,nominal,0.0,gp,S1x2,T0005
0.019003061819930226,0.10580927935024745,0.04270623947505884,nominal,0.0,gp,S1x2,T0006
0.00416827102178663,0.06764010243034192,0.02883953962903369,nominal,0.0,gp,S1x2,T0007
0.028527834963595906,0.4454704846229419,0.19895413689720887,nominal,0.0,gp,S1x2,T0008
0.20134232536602686,0.17245581295039783,0.07239731108654346,nominal,0.0,gp,S1x2,T0009
0.0550823330422129,0.1557309861501011,0.07300720873667797,nominal,0.0,gp,S1x2,T0010
0.012131677186953408,0.1365969667490938,0.05593265884848926,nominal,0.0,gp,S1x2,T0011
0.050940697523022285,0.15671552958348603,0.07296573880632666,nominal,0.0,gp,S1x2,T0012
0.09410515157867841,0.3459960655964459,0.1540309885334409,nominal,0.0,gp,S1x2,T0013
0.10269241267695992,0.12691747906691728,0.05092876938350256,nominal,0.0,gp,S1x2,T0014
0.017111597490347134,0.05097616940296758,0.03335724358175586,nominal,0.0,gp,S1x2,T0015
0.0069404896129801625,0.33084510320540167,0.15896701568957056,nominal,0.0,gp,S1x2,T0016
0.20881722936606012,0.2769920758693937,0.12322899604259913,nominal,0.0,gp,S1x2,T0017
0.05969165917312559,0.3782914212075401,0.16685962396784057,nominal,0.0,gp,S1x2,T0018
0.08261314982685232,0.15782012517223973,0.08087794993210132,nominal,0.0,gp,S1x2,T0019
0.04517569926654975,0.26745129801049017,0.12053112715369702,nominal,0.0,gp,S1x2,T0020
0.0885841071374577,0.034447088935506416,0.018406822011258178,nominal,0.0,gp,S1x2,T0021
0.13017261653420878,0.4271245640717756,0.19357962209343774,nominal,0.0,gp,S1x2,T0022
0.02442636646630359,0.18124390424478445,0.07930684459978381,nominal,0.0,gp,S1x2,T0023
0.11868664274593102,0.14501184050343455,0.05947339031090918,nominal,0.0,gp,S1x2,T0024
0.013216133343276763,0.029553736006911753,0.02379441869522156,nominal,0.0,gp,S1x2,T0025
0.03720329060074246,0.2038111664144216,0.09590484518235351,nominal,0.0,gp,S1x2,T0026
0.03604232652071299,0.14402230400906244,0.06442644725524951,nominal,0.0,gp,S1x2,T0027
0.01433984270456157,0.0020998857182580326,0.01203287244209497,nominal,0.0,gp,S1x2,T0028
0.0036407315576897368,0.131963565324586,0.0685202222585083,nominal,0.0,gp,S1x2,T0029
0.016856394083182017,0.04451353183889729,0.01814660421723462,nominal,0.0,gp,S1x2,T0030
0.06593957588600764,0.2121481713090404,0.11911297920537597,nominal,0.0,gp,S1x2,T0031
0.018211778064093357,0.21420561938284155,0.09769156983475549,nominal,0.0,gp,S1x2,T0032
0.02925319925258408,0.0797821943047178,0.040178492887478025,nominal,0.0,gp,S1x2,T0033
0.057981591298086346,0.14894491289940529,0.06410537078993543,nominal,0.0,gp,S1x2,T0034
0.10479704336208265,0.0790109706018108,0.03647492061631067,nominal,0.0,gp,S1x2,T0035
0.18866951301667773,0.04312939384193832,0.02558734508341345,nominal,0.0,gp,S1x2,T0036
0.12850221174482843,0.29085842589086813,0.12653578678903002,nominal,0.0,gp,S1x2,T0037
0.1255255610240558,0.06870559009822864,0.04032966499784998,nominal,0.0,gp,S1x2,T0038
0.12826005592931958,0.012278254596357067,0.011158647942739746,nominal,0.0,gp,S1x2,T0039
0.003919425447507231,0.08436941191413529,0.03502408563370191,nominal,0.0,gp,S1x2,T0040
0.02200628595991905,0.21766224294108522,0.10870587109420801,nominal,0.0,gp,S1x2,T0041
0.17880083011643624,0.1349342093771078,0.05870453390086853,nominal,0.0,gp,S1x2,T0042
0.12204078186357384,0.1538864298945414,0.06261041042443384,nominal,0.0,gp,S1x2,T0043
0.22005237742968037,0.0008921842867687382,0.0024565574402998047,nominal,0.0,gp,S1x2,T0044
0.12251679078495978,0.2877881660787083,0.129957473932667,nominal,0.0,gp,S1x2,T0045
0.1267600148167242,0.07297337928676763,0.045042291496192384,nominal,0.0,gp,S1x2,T0046
0.1638460951945492,0.02584043734522535,0.011740208662872925,nominal,0.0,gp,S1x2,T0047
0.02295585333264683,0.1121871236483413,0.04599375099910547,nominal,0.0,gp,S1x2,T0048
0.024803114235172348,0.059056210373074916,0.029750838895365356,nominal,0.0,gp,S1x2,T0049
0.052644324614565266,0.11906324297597529,0.06337373227830273,nominal,0.0,gp,S1x2,T0050
0.08510065378145083,0.2226827127949333,0.10406614578371606,nominal,0.0,gp,S1x2,T0051
0.1871448077939106,0.09064835523116656,0.040055645831427976,nominal,0.0,gp,S1x2,T0052
0.13310223954823872,0.42769916348031606,0.19140080613192126,nominal,0.0,gp,S1x2,T0053
0.07528778004412097,0.01853975615171422,0.00829087591763623,nominal,0.0,gp,S1x2,T0054
0.005119640901772305,0.15883297624868511,0.07318017275469409,nominal,0.0,gp,S1x2,T0055
0.048415574140140985,0.2423275288065952,0.10252642453347717,nominal,0.0,gp,S1x2,T0056
0.049902841301485715,0.11491984849669487,0.04889812723596973,nominal,0.0,gp,S1x2,T0057
0.034016152699597464,0.06620475633084462,0.02652529272544812,nominal,0.0,gp,S1x2,T0058
0.11682773762824258,0.058221605549693425,0.02076193012625293,nominal,0.0,gp,S1x2,T0059
0.14334771736984278,0.19886273158434697,0.08832033557399964,nominal,0.0,gp,S1x2,T0060
0.056134769785010655,0.07172382781373222,0.02739237261815625,nominal,0.0,gp,S1x2,T0061
0.12639544779281783,0.019734248284445925,0.006463702367254151,nominal,0.0,gp,S1x2,T0062
0.10191708014099274,0.13854766978087188,0.05407207556608594,nominal,0.0,gp,S1x2,T0063
0.04829080536024628,0.11881847058269449,0.046227259899546874,nominal,0.0,gp,S1x2,T0064
0.0637767375667417,0.011550653184095318,0.007482671759668946,nominal,0.0,gp,S1x2,T0065
0.05435191573068045,0.1598629434643226,0.06830980775763343,nominal,0.0,gp,S1x2,T0066
0.01904995893088263,0.1345868488678437,0.050953876215835324,nominal,0.0,gp,S1x2,T0067
0.15271150100106215,0.02672477060066015,0.015126104233414551,nominal,0.0,gp,S1x2,T0068
0.0331813594441402,0.025023961692316472,0.009524529243275024,nominal,0.0,gp,S1x2,T0069
0.013651665007982376,0.17831559489996154,0.08537129132345288,nominal,0.0,gp,S1x2,T0070
0.041379489094935946,0.008338358006340087,0.006225640781417358,nominal,0.0,gp,S1x2,T0071
0.055667291925838316,0.024019800427596556,0.014565892418087036,nominal,0.0,gp,S1x2,T0072
0.05469125994438663,0.2692944790987218,0.11697347495914429,nominal,0.0,gp,S1x2,T0073
0.012082195766592866,0.11480977190898303,0.059041892402224606,nominal,0.0,gp,S1x2,T0074
0.09899698707987434,0.07487566711647799,0.03249747090539258,nominal,0.0,gp,S1x2,T0075
0.017365646359430168,0.19850573439465868,0.0800984198267041,nominal,0.0,gp,S1x2,T0076
0.07458643454158644,0.009913995801615618,0.005291304372237427,nominal,0.0,gp,S1x2,T0077
0.20969232417692113,0.026157967198238714,0.013416835793584839,nominal,0.0,gp,S1x2,T0078
0.054911984212392975,0.07113017843851906,0.03701331102898681,nominal,0.0,gp,S1x2,T0079
0.05633522649115237,0.14876082986131914,0.07745535453779016,nominal,0.0,gp,S1x2,T0080
0.11152616931924184,0.007587156999262769,0.008252713029309326,nominal,0.0,gp,S1x2,T0081
0.047862382111842364,0.04984832961678094,0.02045381655050769,nominal,0.0,gp,S1x2,T0082
0.27325737848419634,0.2201335579384348,0.09141792890246533,nominal,0.0,gp,S1x2,T0083
0.10793036547988386,0.03382586644620212,0.016826393856289795,nominal,0.0,gp,S1x2,T0084
0.011352946336972704,0.1783580362905446,0.0794555628367771,nominal,0.0,gp,S1x2,T0085
0.042355101542992386,0.01891051091227947,0.012222225822630859,nominal,0.0,gp,S1x2,T0086
0.06814586774009869,0.11220770713095715,0.056361739676937986,nominal,0.0,gp,S1x2,T0087
0.0332693209491497,0.08634371913369106,0.04318162982226587,nominal,0.0,gp,S1x2,T0088
0.13444537090022166,0.16173350015841362,0.06861808635583765,nominal,0.0,gp,S1x2,T0089
0.08080284908853515,0.10115060182592564,0.04295916907327588,nominal,0.0,gp,S1x2,T0090
0.07952562379660884,0.032578950077439,0.00927184814106958,nominal,0.0,gp,S1x2,T0091
0.14611986040127037,0.04937137702673512,0.0071187432968364255,nominal,0.0,gp,S1x2,T0092
0.019064048065361165,0.19793634233927554,0.09513265164651966,nominal,0.0,gp,S1x2,T0093
0.04882711939638741,0.14314896672405433,0.0692381320071355,nominal,0.0,gp,S1x2,T0094
0.09227001349982585,0.16919032197602438,0.08189073353866162,nominal,0.0,gp,S1x2,T0095
0.08264015914581509,0.2263392367078943,0.10549898301867627,nominal,0.0,gp,S1x2,T0096
0.01215624065465271,0.005117094991582694,0.004114873937249024,nominal,0.0,gp,S1x2,T0097
0.11219826067704916,0.1448768123484895,0.05416276509553223,nominal,0.0,gp,S1x2,T0098
0.12226995681724143,0.15365758366310658,0.06166314660765478,nominal,0.0,gp,S1x2,T0099
0.13019974870497944,0.03575583635591851,0.018795872325591673,nominal,0.0,gp,S1x2,T0100
0.11078231571772681,0.03303794364876434,0.015069100555283448,nominal,0.0,gp,S1x2,T0101
0.055455582412626284,0.14878153731794633,0.06353555998859595,nominal,0.0,gp,S1x2,T0102
0.038248271240070304,0.008436229725553858,0.011041470186349366,nominal,0.0,gp,S1x2,T0103
0.1516996742102031,0.15100334001675017,0.06791403423276123,nominal,0.0,gp,S1x2,T0104
0.061130418366293085,0.22339504333319748,0.09563661262060694,nominal,0.0,gp,S1x2,T0105
0.1316187900566679,0.033731461959393146,0.02514138323565454,nominal,0.0,gp,S1x2,T0106
0.09282445157938525,0.021680728985630785,0.00509601996524585,nominal,0.0,gp,S1x2,T0107
0.0541519054851486,0.10834957036402834,0.04814782793204321,nominal,0.0,gp,S1x2,T0108
0.1705041440281935,0.30340180502532377,0.12811689554066297,nominal,0.0,gp,S1x2,T0109
0.04949721506699979,0.009764897853638545,0.004894723699219483,nominal,0.0,gp,S1x2,T0110
0.0629035644902093,0.002262749761389738,0.008847513449393066,nominal,0.0,gp,S1x2,T0111
0.044867383901438525,0.21797364462867125,0.08575528358806164,nominal,0.0,gp,S1x2,T0112
0.08101140847859957,0.008559201333725454,0.0034182011133431396,nominal,0.0,gp,S1x2,T0113
0.03187328130191403,0.06331603591780867,0.02961720749365869,nominal,0.0,gp,S1x2,T0114
0.09559519473618774,0.061937632103311616,0.02631880868503784,nominal,0.0,gp,S1x2,T0115
0.06236412803782955,0.35498752181717,0.1718274891761189,nominal,0.0,gp,S1x2,T0116
0.02014156048430749,0.12751366919466936,0.05827687351729614,nominal,0.0,gp,S1x2,T0117
0.2074002934280259,0.1556930605189322,0.06874605890343176,nominal,0.0,gp,S1x2,T0118
0.03982570932055674,0.2571689992879445,0.12615166444063966,nominal,0.0,gp,S1x2,T0119
0.05947807226994008,0.028339062517480647,0.013288873280645874,nominal,0.0,gp,S1x2,T0120
0.1111528755371605,0.004264741421116936,0.0067584730378535155,nominal,0.0,gp,S1x2,T0121
0.16957412802663166,0.008456650154989033,0.012552307681667969,nominal,0.0,gp,S1x2,T0122
0.2745437293988318,0.12315995582308784,0.059785262893067015,nominal,0.0,gp,S1x2,T0123
0.12144339514505556,0.17098936367294984,0.08406335078405615,nominal,0.0,gp,S1x2,T0124
0.01905317881871538,0.11168647846415805,0.04670453479117529,nominal,0.0,gp,S1x2,T0125
0.07356326942541681,0.00012226007918975104,0.0010744530663775636,nominal,0.0,gp,S1x2,T0126
0.003963582982162151,0.03166362529556822,0.0048760359671051025,nominal,0.0,gp,S1x2,T0127
0.008295943455205736,0.06546195858120803,0.0365582174045752,nominal,0.0,gp,S1x2cat,T0000
0.058235802356206304,0.21276195236950796,0.10293299803181592,nominal,0.0,gp,S1x2cat,T0001
0.09436447383652516,0.0016763297795996395,0.011985712483123535,nominal,0.0,gp,S1x2cat,T0002
0.06868902590984106,0.24816677848120589,0.1285767134842174,nominal,0.0,gp,S1x2cat,T0003
0.04447380720035977,0.10090442694760118,0.04266947311799536,nominal,0.0,gp,S1x2cat,T0004
0.14271989253299924,0.061841998827309466,0.04207142822148193,nominal,0.0,gp,S1x2cat,T0005
0.038611569383715245,0.17200155231387407,0.0746694333759956,nominal,0.0,gp,S1x2cat,T0006
0.0018631223335663365,0.04408566133991155,0.01738224497886865,nominal,0.0,gp,S1x2cat,T0007
0.011178122024022021,0.4631981478751422,0.20880691205517213,nominal,0.0,gp,S1x2cat,T0008
0.19214936331609317,0.1384150546438179,0.056745333155794435,nominal,0.0,gp,S1x2cat,T0009
0.08403883517798695,0.144222176078771,0.06636276960957153,nominal,0.0,gp,S1x2cat,T0010
0.021312675128861983,0.16841450794653964,0.07110855722581201,nominal,0.0,gp,S1x2cat,T0011
0.010427109240380985,0.09690667958490831,0.05219173561638599,nominal,0.0,gp,S1x2cat,T0012
0.09847649050293286,0.3060100048090392,0.13507231054656457,nominal,0.0,gp,S1x2cat,T0013
0.11248551414851207,0.13182593568481257,0.0479239386813999,nominal,0.0,gp,S1x2cat,T0014
0.03817625856808644,0.003464259260344272,0.014709841586470216,nominal,0.0,gp,S1x2cat,T0015
0.010365607211944296,0.3284910952988929,0.15965943879777247,nominal,0.0,gp,S1x2cat,T0016
0.2826625414109602,0.30483915590278693,0.13072610785923852,nominal,0.0,gp,S1x2cat,T0017
0.0349116095034735,0.3861462572440778,0.1735941756372759,nominal,0.0,gp,S1x2cat,T0018
0.07666893462056264,0.13755863569791862,0.07224597851408289,nominal,0.0,gp,S1x2cat,T0019
0.03753243575044752,0.26441976931651295,0.11899751007867335,nominal,0.0,gp,S1x2cat,T0020
0.10775881564782294,0.06714222766235901,0.03428130809112537,nominal,0.0,gp,S1x2cat,T0021
0.1692979894885838,0.41722453966557255,0.19136307854725146,nominal,0.0,gp,S1x2cat,T0022
0.06887304198762657,0.14164127499052606,0.0664603803331156,nominal,0.0,gp,S1x2cat,T0023
0.1444639563633532,0.2059609851356859,0.08250708704132421,nominal,0.0,gp,S1x2cat,T0024
0.022767249079223843,0.0033691212034189797,0.013884418328042969,nominal,0.0,gp,S1x2cat,T0025
0.04618305788587241,0.17352859880745866,0.0807947322104381,nominal,0.0,gp,S1x2cat,T0026
0.0034584199622589304,0.14701004979656682,0.06552905212575806,nominal,0.0,gp,S1x2cat,T0027
0.02792460652842555,0.0517504640730926,0.037911109108764406,nominal,0.0,gp,S1x2cat,T0028
0.009862664366390163,0.1965479947463334,0.1004737665736792,nominal,0.0,gp,S1x2cat,T0029
0.01009590685085632,0.05578791866082984,0.02400116508602246,nominal,0.0,gp,S1x2cat,T0030
0.10857453013371518,0.19807210155600807,0.11559719040488074,nominal,0.0,gp,S1x2cat,T0031
0.03565415614705859,0.1982120401639365,0.0931810020332683,nominal,0.0,gp,S1x2cat,T0032
0.06446457855141254,0.16444009496851544,0.0797104383549718,nominal,0.0,gp,S1x2cat,T0033
0.02634663082330458,0.1809519051872527,0.07751693554628492,nominal,0.0,gp,S1x2cat,T0034
0.13556647702937022,0.03328663670435884,0.013084243644363525,nominal,0.0,gp,S1x2cat,T0035
0.16470841713498277,0.010411944748648096,0.003632188519914795,nominal,0.0,gp,S1x2cat,T0036
0.1166192018740034,0.33737106097035957,0.14889030049644214,nominal,0.0,gp,S1x2cat,T0037
0.11305099155919598,0.0401812687034997,0.026621839277346557,nominal,0.0,gp,S1x2cat,T0038
0.13148097993291033,0.0238991385500495,0.020988979381773194,nominal,0.0,gp,S1x2cat,T0039
0.0032538897607620196,0.12894654552134902,0.054401350007977536,nominal,0.0,gp,S1x2cat,T0040
0.044049695530035134,0.20543362154836547,0.10430973022812366,nominal,0.0,gp,S1x2cat,T0041
0.167514166508872,0.18883834435179053,0.07987527085481506,nominal,0.0,gp,S1x2cat,T0042
0.1108234575848033,0.1618876990815005,0.06572019799530225,nominal,0.0,gp,S1x2cat,T0043
0.22615012020369646,0.013829652655810157,0.005144093394869384,nominal,0.0,gp,S1x2cat,T0044
0.14552683029444016,0.30341595132330346,0.14003287395089403,nominal,0.0,gp,S1x2cat,T0045
0.14817829258643947,0.1290521544540302,0.07036365210144935,nominal,0.0,gp,S1x2cat,T0046
0.17319881576168486,0.012838784893655645,0.005944987517073852,nominal,0.0,gp,S1x2cat,T0047
0.039602218126544304,0.12588709612296692,0.050453440779040036,nominal,0.0,gp,S1x2cat,T0048
0.07260992325553219,0.03650155829481334,0.022719416274890016,nominal,0.0,gp,S1x2cat,T0049
0.04288114487675466,0.12991769499644565,0.07102864022933839,nominal,0.0,gp,S1x2cat,T0050
0.1101340534083384,0.27888885461475116,0.12758294013714208,nominal,0.0,gp,S1x2cat,T0051
0.1521480876728987,0.11471877490427554,0.05314670700307812,nominal,0.0,gp,S1x2cat,T0052
0.12892425061516696,0.4267640470767435,0.1925356949747721,nominal,0.0,gp,S1x2cat,T0053
0.05914736946562611,0.10252434900986321,0.045442976393375856,nominal,0.0,gp,S1x2cat,T0054
0.04746268784278697,0.1445927984362433,0.07018499608629394,nominal,0.0,gp,S1x2cat,T0055
0.0618295072333719,0.27896010120625486,0.12035794399962414,nominal,0.0,gp,S1x2cat,T0056
0.05352703361034246,0.07977689799059497,0.035589771034416136,nominal,0.0,gp,S1x2cat,T0057
0.002906063630591094,0.04574692202745701,0.015311712265492553,nominal,0.0,gp,S1x2cat,T0058
0.15444906998945215,0.01738362685787809,0.0010183031959194336,nominal,0.0,gp,S1x2cat,T0059
0.15427373652311452,0.16157262985127543,0.07222167970625402,nominal,0.0,gp,S1x2cat,T0060
0.057263474723082144,0.08439644193968256,0.03036133994568994,nominal,0.0,gp,S1x2cat,T0061
0.15745047781469904,0.00664680796216899,0.004673729717756592,nominal,0.0,gp,S1x2cat,T0062
0.12064672512265481,0.15515377715676296,0.05811260049001001,nominal,0.0,gp,S1x2cat,T0063
0.005307874350779785,0.134522843052817,0.05214099994299964,nominal,0.0,gp,S1x2cat,T0064
0.08068982577652235,0.05529161714134924,0.02686549864683667,nominal,0.0,gp,S1x2cat,T0065
0.06095657633397035,0.1463953496764567,0.0594091753019834,nominal,0.0,gp,S1x2cat,T0066
0.0011282602197099092,0.16268723475253047,0.061787076477523316,nominal,0.0,gp,S1x2cat,T0067
0.17069005827498765,0.06754132025963756,0.03409842646893799,nominal,0.0,gp,S1x2cat,T0068
0.030370594051419016,0.040158522817298765,0.01581495719186023,nominal,0.0,gp,S1x2cat,T0069
0.01470358032040792,0.17083639071485,0.07819183667343226,nominal,0.0,gp,S1x2cat,T0070
0.0194492463118412,0.04680803146545177,0.012889017487193481,nominal,0.0,gp,S1x2cat,T0071
0.04149226017077929,0.02943554730147486,0.01922452831690735,nominal,0.0,gp,S1x2cat,T0072
0.05978477500140551,0.3147303031618787,0.1382897520352826,nominal,0.0,gp,S1x2cat,T0073
0.0006424349838732303,0.1563532454746611,0.07829282167935937,nominal,0.0,gp,S1x2cat,T0074
0.1177878069068353,0.07455092395945719,0.030968878556729248,nominal,0.0,gp,S1x2cat,T0075
0.017643378319036066,0.2080263409585168,0.08183081333427429,nominal,0.0,gp,S1x2cat,T0076
0.07059238705549699,0.004154885111917473,0.011848200039160156,nominal,0.0,gp,S1x2cat,T0077
0.20061129509005576,0.0037690428048781097,0.0025302467962369387,nominal,0.0,gp,S1x2cat,T0078
0.05756236179774889,0.04792321098289616,0.025420823083857423,nominal,0.0,gp,S1x2cat,T0079
0.06539696695702814,0.130081805716695,0.07103506024144507,nominal,0.0,gp,S1x2cat,T0080
0.12066015980352232,0.006974904279633822,0.007824854293581299,nominal,0.0,gp,S1x2cat,T0081
0.06202323013281387,0.01700328409013602,0.006681750767962402,nominal,0.0,gp,S1x2cat,T0082
0.27566022922693173,0.24125588022595407,0.10065155026916162,nominal,0.0,gp,S1x2cat,T0083
0.11716612667716456,0.01590324430972401,0.0025463973297385253,nominal,0.0,gp,S1x2cat,T0084
0.05191809322211806,0.1737913932724883,0.08070146610273914,nominal,0.0,gp,S1x2cat,T0085
0.06360992156600882,0.018566447762005115,0.011432702518757812,nominal,0.0,gp,S1x2cat,T0086
0.06127577852425238,0.1441529237577924,0.06819092384671313,nominal,0.0,gp,S1x2cat,T0087
0.060435040874062554,0.05513673688982869,0.03218181611264184,nominal,0.0,gp,S1x2cat,T0088
0.15349155153023045,0.1558708203591536,0.0609779706725415,nominal,0.0,gp,S1x2cat,T0089
0.11238509617644113,0.16193300918019574,0.07153517899242322,nominal,0.0,gp,S1x2cat,T0090
0.09931744432759712,0.014430955465650212,0.0021235068989244386,nominal,0.0,gp,S1x2cat,T0091
0.16833851233107214,0.06228330086713198,0.015403497060287598,nominal,0.0,gp,S1x2cat,T0092
0.04760955646945815,0.14441583932504168,0.07473815580055518,nominal,0.0,gp,S1x2cat,T0093
0.06775418561782877,0.148672322324894,0.06967461631549683,nominal,0.0,gp,S1x2cat,T0094
0.09496939594155848,0.1873766508508121,0.09205047917195361,nominal,0.0,gp,S1x2cat,T0095
0.10085529220686731,0.2213404692480409,0.10471722925723047,nominal,0.0,gp,S1x2cat,T0096
0.030433636533759863,0.048046194969656744,0.01683481784420923,nominal,0.0,gp,S1x2cat,T0097
0.13530930584413212,0.16606089888654976,0.06250283353775317,nominal,0.0,gp,S1x2cat,T0098
0.1294785078175115,0.14295742895968747,0.05681310478523096,nominal,0.0,gp,S1x2cat,T0099
0.11743940013192125,0.07361868229045,0.03797488213459119,nominal,0.0,gp,S1x2cat,T0100
0.10334393412342827,0.08406149646215778,0.03606583760382471,nominal,0.0,gp,S1x2cat,T0101
0.047357053938995045,0.14112540203834514,0.06151541378863745,nominal,0.0,gp,S1x2cat,T0102
0.017102301122811917,0.004741945470290444,0.004674887160737549,nominal,0.0,gp,S1x2cat,T0103
0.1489578258925073,0.072498988832381,0.03622969813137549,nominal,0.0,gp,S1x2cat,T0104
0.03247217135812331,0.1924847940879854,0.08327995585792358,nominal,0.0,gp,S1x2cat,T0105
0.1522696953020661,0.052932859058609796,0.03699176331878406,nominal,0.0,gp,S1x2cat,T0106
0.08299611472752323,0.04758839611717165,0.026556534560625854,nominal,0.0,gp,S1x2cat,T0107
0.03386044994149074,0.17284157485436577,0.07282595474796204,nominal,0.0,gp,S1x2cat,T0108
0.1510812707481274,0.29666253701729073,0.12656566116554444,nominal,0.0,gp,S1x2cat,T0109
0.06489374579938258,0.006540529667380392,0.005304957255183349,nominal,0.0,gp,S1x2cat,T0110
0.05153236427096587,0.004372634364426254,0.008843183650192871,nominal,0.0,gp,S1x2cat,T0111
0.03350121820621888,0.22098999218985343,0.08585416834780847,nominal,0.0,gp,S1x2cat,T0112
0.06353912890085135,0.0041561553422717066,0.009262804736838989,nominal,0.0,gp,S1x2cat,T0113
7.31090238420551e-05,0.0778056190557186,0.0357556308858241,nominal,0.0,gp,S1x2cat,T0114
0.07120273644978638,0.09909619560888708,0.04275788133714111,nominal,0.0,gp,S1x2cat,T0115
0.07640219470166078,0.34511243467146463,0.16853423305547313,nominal,0.0,gp,S1x2cat,T0116
0.05733913688221155,0.1057220469968784,0.051477229711023316,nominal,0.0,gp,S1x2cat,T0117
0.19175712795744793,0.16424743936903521,0.07302563456507824,nominal,0.0,gp,S1x2cat,T0118
0.01895512733907812,0.2622359820214604,0.1339800385692068,nominal,0.0,gp,S1x2cat,T0119
0.10474997347661333,0.07493114114662915,0.032094446183450316,nominal,0.0,gp,S1x2cat,T0120
0.10665976642599609,0.00789155307949402,0.010150128423618652,nominal,0.0,gp,S1x2cat,T0121
0.17798385828005917,0.00964571782865631,0.005274479503904663,nominal,0.0,gp,S1x2cat,T0122
0.31193916620087114,0.10825592074369175,0.05374468818202673,nominal,0.0,gp,S1x2cat,T0123
0.1716618566092221,0.156105767574416,0.07549349293606324,nominal,0.0,gp,S1x2cat,T0124
0.0194108836345025,0.09013397411014258,0.03431548720920117,nominal,0.0,gp,S1x2cat,T0125
0.07202853561503243,0.013401632015816182,0.0030673603144470217,nominal,0.0,gp,S1x2cat,T0126
0.014395665395568472,0.005802377671753068,0.011470700943784424,nominal,0.0,gp,S1x2cat,T0127
0.061318897799898256,0.15945833660251182,0.06012103055957105,nominal,0.0,gp,S2,T0000
0.0038843981326971986,0.051661401330579684,0.028217420742723143,nominal,0.0,gp,S2,T0001
0.034336548878367575,0.07320362624513134,0.014483678640137939,nominal,0.0,gp,S2,T0002
0.0022292474594265426,0.22462087561570426,0.10732129610293335,nominal,0.0,gp,S2,T0003
0.05558211718336149,0.1025712462255238,0.04927744081773657,nominal,0.0,gp,S2,T0004
0.04357703867283736,0.17951477916355016,0.08534142555927111,nominal,0.0,gp,S2,T0005
0.056625237163225886,0.05219492920912007,0.02160885238495337,nominal,0.0,gp,S2,T0006
0.007758436915290547,0.06964996090811638,0.034604971389723266,nominal,0.0,gp,S2,T0007
0.0423755346167043,0.014682207970692644,0.014157967628080323,nominal,0.0,gp,S2,T0008
0.013003308715673904,0.21308641576379744,0.0980514634157207,nominal,0.0,gp,S2,T0009
0.06014372622991816,0.1003513670155887,0.049028335636806884,nominal,0.0,gp,S2,T0010
0.0280106658240964,0.054120126722864995,0.02627612355820801,nominal,0.0,gp,S2,T0011
0.02812458638306454,0.2738298931921607,0.11988388009076464,nominal,0.0,gp,S2,T0012
0.05891192365762467,0.13253131398244497,0.057237494341572756,nominal,0.0,gp,S2,T0013
0.01281605288376481,0.08692693600525826,0.03847223627669641,nominal,0.0,gp,S2,T0014
0.02256271928131354,0.0008158715286049614,0.00799947428902124,nominal,0.0,gp,S2,T0015
0.024169725397702742,0.2536029634190479,0.1125425426528866,nominal,0.0,gp,S2,T0016
0.15202960368804422,0.14093642162345685,0.05571341954618103,nominal,0.0,gp,S2,T0017
0.010006471286139186,0.23175970008429808,0.10802465453234301,nominal,0.0,gp,S2,T0018
0.00895864947493691,0.05635362564885395,0.029399120590831666,nominal,0.0,gp,S2,T0019
0.06392645257941033,0.019445803005948285,0.01748592350186743,nominal,0.0,gp,S2,T0020
0.039934766447277954,0.16097578109135038,0.06530707617063489,nominal,0.0,gp,S2,T0021
0.06661335867001462,0.3969284996471338,0.1788234311210569,nominal,0.0,gp,S2,T0022
0.14547124030099615,0.24460621357003726,0.09926006126378895,nominal,0.0,gp,S2,T0023
0.02146349053208735,0.0652252295991912,0.03131282373684912,nominal,0.0,gp,S2,T0024
0.010580653731558367,0.02450999686548356,0.02517419816683423,nominal,0.0,gp,S2,T0025
0.013704416014324042,0.18158826735094366,0.07788790962656751,nominal,0.0,gp,S2,T0026
0.11300871277843103,0.1929495228159709,0.08010954082246191,nominal,0.0,gp,S2,T0027
0.033554209520608176,0.14306834837791718,0.07809792168377734,nominal,0.0,gp,S2,T0028
0.06019593018359028,0.1377432922024935,0.07986305767049902,nominal,0.0,gp,S2,T0029
0.01439395624796003,0.08010544124743142,0.038362049832726564,nominal,0.0,gp,S2,T0030
0.07948601297914777,0.233881232989196,0.13305664889982763,nominal,0.0,gp,S2,T0031
0.039929776982291505,0.13483682400385752,0.05930592907998193,nominal,0.0,gp,S2,T0032
0.02691726166434872,0.07650136321961488,0.02901621362869934,nominal,0.0,gp,S2,T0033
0.010460133329169842,0.041149376316532156,0.025047174846520262,nominal,0.0,gp,S2,T0034
0.07180774113100781,0.025227375508092294,0.012645436620847045,nominal,0.0,gp,S2,T0035
0.03396891217119142,0.01955326193731233,0.02154374938061218,nominal,0.0,gp,S2,T0036
0.06757614410826258,0.02966635893538295,0.021880664758652465,nominal,0.0,gp,S2,T0037
0.061447891761413645,0.12755368698768785,0.0550961615978092,nominal,0.0,gp,S2,T0038
0.005612869603121296,0.011124683321253883,0.018354569831936767,nominal,0.0,gp,S2,T0039
0.06959380748260692,0.031322548217767594,0.01043780892539148,nominal,0.0,gp,S2,T0040
0.01884154494382673,0.05876519578735363,0.01656196141184253,nominal,0.0,gp,S2,T0041
0.07543827732685916,0.147853605334104,0.06289594004688025,nominal,0.0,gp,S2,T0042
0.026285374883334163,0.06002200965908257,0.023812296671187012,nominal,0.0,gp,S2,T0043
0.06820075213099742,0.20878453721818518,0.09195596462753491,nominal,0.0,gp,S2,T0044
0.09833860160017696,0.40026322727874275,0.1839044204350515,nominal,0.0,gp,S2,T0045
0.07191491045015876,0.0879335732880593,0.049991775534028074,nominal,0.0,gp,S2,T0046
0.0308115991077429,0.009661556845378118,0.006416911348244629,nominal,0.0,gp,S2,T0047
0.09114582366812952,0.08505128350062009,0.039369093151584475,nominal,0.0,gp,S2,T0048
0.08581454142927021,0.06212117835368515,0.015827312089768553,nominal,0.0,gp,S2,T0049
0.13242655371329906,0.0032427959399358728,0.017672307165668456,nominal,0.0,gp,S2,T0050
0.028388523056320232,0.2505382508115895,0.12371042895625195,nominal,0.0,gp,S2,T0051
0.03194588415483202,0.09412094387002526,0.04428379295621435,nominal,0.0,gp,S2,T0052
0.013655974357476012,0.41726779506223205,0.19297406707642772,nominal,0.0,gp,S2,T0053
0.04861287473397592,0.09981737290053586,0.04686351563035425,nominal,0.0,gp,S2,T0054
0.036797308032270055,0.08251360343014298,0.02863219324025427,nominal,0.0,gp,S2,T0055
0.06068121039225384,0.27890933773163323,0.11047648932159937,nominal,0.0,gp,S2,T0056
0.007949959714995127,0.16435838814858247,0.06602968233779528,nominal,0.0,gp,S2,T0057
0.03301502116245859,0.008166730477310593,0.012133025850787597,nominal,0.0,gp,S2,T0058
0.029701880291315715,0.04201927194169842,0.02606394941489502,nominal,0.0,gp,S2,T0059
0.10210071086256436,0.3445610646203013,0.15227231289614343,nominal,0.0,gp,S2,T0060
0.16753716371387564,0.0016365338834842262,0.013194359161508788,nominal,0.0,gp,S2,T0061
0.08871125966653433,0.004593774439690113,0.001702423612874756,nominal,0.0,gp,S2,T0062
0.11018514208041344,0.19363096233788296,0.08281924766956006,nominal,0.0,gp,S2,T0063
0.03313638505635486,0.014387778828575119,0.0003361285004935303,nominal,0.0,gp,S2,T0064
0.0005191891535141769,0.0018247809182592172,0.005876578621676025,nominal,0.0,gp,S2,T0065
0.04085438142714893,0.19757766622726025,0.09799971163859082,nominal,0.0,gp,S2,T0066
0.059309311185419,0.0029846955899315306,0.010245287753541991,nominal,0.0,gp,S2,T0067
0.007129342838806953,0.07771752597586724,0.04448964226584302,nominal,0.0,gp,S2,T0068
0.010991966959635892,0.030523429705667245,0.02020698776816809,nominal,0.0,gp,S2,T0069
0.020272094613630335,0.07538882363772482,0.03100788369254053,nominal,0.0,gp,S2,T0070
0.11703976572273458,0.01865181361878299,0.011683480284123048,nominal,0.0,gp,S2,T0071
0.048688043014762386,0.013546702410258408,0.011096380503992309,nominal,0.0,gp,S2,T0072
0.03447201972615777,0.16745162562340213,0.06621871204648437,nominal,0.0,gp,S2,T0073
0.043893438086828336,0.2787520094854249,0.13139628396590747,nominal,0.0,gp,S2,T0074
0.08574463538950862,0.2722997290650592,0.12736843916738355,nominal,0.0,gp,S2,T0075
0.017182654268150802,0.15000298538461163,0.05994814489918994,nominal,0.0,gp,S2,T0076
0.08899225424425451,0.06126941297358636,0.023393409857109863,nominal,0.0,gp,S2,T0077
0.05283718619825574,0.009009457728383354,0.004374475781434204,nominal,0.0,gp,S2,T0078
0.0068899551174195234,0.06860405149650807,0.030610888743856934,nominal,0.0,gp,S2,T0079
0.008884820846624121,0.24033527514775727,0.11840575499867652,nominal,0.0,gp,S2,T0080
0.05730468465973694,0.02158990237897507,0.0032118307435355224,nominal,0.0,gp,S2,T0081
0.13671624243051686,0.03400045927339058,0.019059631515210448,nominal,0.0,gp,S2,T0082
0.19254277510993517,0.1805630900277422,0.07195972249044799,nominal,0.0,gp,S2,T0083
0.013812495721559351,0.15447443020607968,0.06798480952070386,nominal,0.0,gp,S2,T0084
0.052325199930796665,0.05269104952742577,0.02136464734407837,nominal,0.0,gp,S2,T0085
0.051920906189719965,0.12264252524745836,0.06443181149651708,nominal,0.0,gp,S2,T0086
0.08234963142128628,0.03873891917972606,0.010981663547443848,nominal,0.0,gp,S2,T0087
0.07067089384623472,0.1011258214040209,0.053009526400970945,nominal,0.0,gp,S2,T0088
0.0012066664624216241,0.11957427697161518,0.04887628612795825,nominal,0.0,gp,S2,T0089
0.09616600096690966,0.13553165387024949,0.05043743523274256,nominal,0.0,gp,S2,T0090
0.0749178031590675,0.18619721154793992,0.10390453593215258,nominal,0.0,gp,S2,T0091
0.010155795172617223,0.03811939554306477,0.016899365278729737,nominal,0.0,gp,S2,T0092
0.05415121228748017,0.013880656246875737,0.0011408761173114013,nominal,0.0,gp,S2,T0093
0.08582762485951524,0.2889926655728265,0.1351647404700039,nominal,0.0,gp,S2,T0094
0.0676888790764635,0.017316506833632565,0.011709376236238281,nominal,0.0,gp,S2,T0095
0.03237747800245023,0.2902083482185267,0.141961399314307,nominal,0.0,gp,S2,T0096
0.05834413716930721,0.04984943724879705,0.0223396001957594,nominal,0.0,gp,S2,T0097
0.13854899413933922,0.10905187749682024,0.04505035949707312,nominal,0.0,gp,S2,T0098
0.08561689567830101,0.0012972799120203329,0.0012553961781242675,nominal,0.0,gp,S2,T0099
0.018338214743086615,0.11625430288073782,0.04335900453325024,nominal,0.0,gp,S2,T0100
0.10830622521838115,0.03052056435687956,0.015306056755941407,nominal,0.0,gp,S2,T0101
0.10378710356646173,0.25240229145280463,0.1043833111359231,nominal,0.0,gp,S2,T0102
0.07368370631263028,0.05573431062737556,0.023921458331042235,nominal,0.0,gp,S2,T0103
0.038483922240604714,0.14082488724525558,0.059764623439019046,nominal,0.0,gp,S2,T0104
0.03082470122349302,0.0659907509743954,0.019045844881005858,nominal,0.0,gp,S2,T0105
0.14026582391491463,0.14407412196624284,0.06904133227234997,nominal,0.0,gp,S2,T0106
0.023581105992468994,0.03957242099204367,0.02069200275367749,nominal,0.0,gp,S2,T0107
0.03775009526893914,0.10175475838076461,0.03493892524567163,nominal,0.0,gp,S2,T0108
0.04107507526506516,0.4154345816414466,0.17802502412586646,nominal,0.0,gp,S2,T0109
0.045962272668429456,0.07647955245017297,0.04263497574188147,nominal,0.0,gp,S2,T0110
0.008515226932484523,0.0980550201628261,0.04719540764940259,nominal,0.0,gp,S2,T0111
0.005137407950672469,0.047906016901796425,0.0036286448379503175,nominal,0.0,gp,S2,T0112
0.034951792489881235,0.09483984787119401,0.04777244761305542,nominal,0.0,gp,S2,T0113
0.021165276976141126,0.014832401425579626,0.0033882515456572265,nominal,0.0,gp,S2,T0114
0.01827209883268233,0.10161190893684949,0.05735193880042407,nominal,0.0,gp,S2,T0115
0.044848761180049664,0.14726394046977234,0.0787323917907334,nominal,0.0,gp,S2,T0116
0.08648650157773248,0.17677083149147513,0.07327296722767455,nominal,0.0,gp,S2,T0117
0.0731580604703186,0.12907065811512966,0.06301761364684949,nominal,0.0,gp,S2,T0118
0.003154342139924938,0.17923604801509121,0.0918446681506095,nominal,0.0,gp,S2,T0119
0.0122278590788838,0.06043445282671646,0.02675940111834265,nominal,0.0,gp,S2,T0120
0.001981490723328428,0.026848101011737187,0.01912274042700903,nominal,0.0,gp,S2,T0121
0.02956616074864083,0.08521134712946966,0.04265959816099487,nominal,0.0,gp,S2,T0122
0.01724766092823044,0.011652125850403485,0.004779215843470093,nominal,0.0,gp,S2,T0123
0.0009834618039405998,0.11840837879336016,0.05428066529864038,nominal,0.0,gp,S2,T0124
0.0673578665079433,0.15442663918870728,0.07090846447221094,nominal,0.0,gp,S2,T0125
0.003576255497413917,0.01767980954089227,0.012439280272526245,nominal,0.0,gp,S2,T0126
0.0962815011288243,0.008422940689809534,0.00845050111909668,nominal,0.0,gp,S2,T0127
0.06251602658535445,0.15067241357154484,0.05425447008283655,nominal,0.0,gp,S3,T0000
0.00869741180091588,0.06448096051410114,0.040032222256980714,nominal,0.0,gp,S3,T0001
0.04620539264117763,0.08911652626201029,0.028470640917640868,nominal,0.0,gp,S3,T0002
0.007854408705531559,0.2054556951190576,0.09949230238652709,nominal,0.0,gp,S3,T0003
0.0460312165080723,0.15204576033726272,0.07585971804592774,nominal,0.0,gp,S3,T0004
0.03479706791310295,0.2608498145065175,0.12560611755598583,nominal,0.0,gp,S3,T0005
0.06764926109767118,0.021537567297003627,0.015217756730272461,nominal,0.0,gp,S3,T0006
0.009893394738945406,0.09347783997551208,0.045336580539878296,nominal,0.0,gp,S3,T0007
0.0450841968493071,0.09031330686002871,0.04791179625481616,nominal,0.0,gp,S3,T0008
0.016329507716000283,0.2638391384515743,0.12527793777561647,nominal,0.0,gp,S3,T0009
0.06279812687863263,0.1092084713498376,0.051634297650265136,nominal,0.0,gp,S3,T0010
0.03081642806919028,0.05032342311868444,0.022342580503601564,nominal,0.0,gp,S3,T0011
0.05838028102904348,0.2178205453114102,0.09332638263751367,nominal,0.0,gp,S3,T0012
0.051826094357894106,0.13078820479606681,0.056569660333456784,nominal,0.0,gp,S3,T0013
0.003056932060099272,0.015018911582098674,0.002232004371505859,nominal,0.0,gp,S3,T0014
0.02764487987664322,0.07454875511991534,0.023017264333918944,nominal,0.0,gp,S3,T0015
0.028510867303564454,0.21934435374911748,0.09953219653239136,nominal,0.0,gp,S3,T0016
0.14020791987055084,0.14074746187106887,0.04933536333481336,nominal,0.0,gp,S3,T0017
0.006779390385087127,0.2211219289079553,0.11102220308225122,nominal,0.0,gp,S3,T0018
0.015163082762886807,0.026978680965343012,0.016713960609541747,nominal,0.0,gp,S3,T0019
0.05530119303118698,0.03979066810272187,0.011762767757470947,nominal,0.0,gp,S3,T0020
0.049972883095493484,0.15433543951499598,0.062244678539044314,nominal,0.0,gp,S3,T0021
0.06903790287192847,0.42717343420863235,0.19490204583263135,nominal,0.0,gp,S3,T0022
0.1456371986200922,0.2157241966955898,0.08748109016285388,nominal,0.0,gp,S3,T0023
0.0015193655014650313,0.10364194043645639,0.05208885854279468,nominal,0.0,gp,S3,T0024
0.017303455975809238,0.02397891611689685,0.027104860700732057,nominal,0.0,gp,S3,T0025
0.016717552744581202,0.15985874811999037,0.06605504849751746,nominal,0.0,gp,S3,T0026
0.12117117360849475,0.13869157962780185,0.05272370427331543,nominal,0.0,gp,S3,T0027
0.028998734607006423,0.14855413547878674,0.06242300985932495,nominal,0.0,gp,S3,T0028
0.055051698255334805,0.1484671729783882,0.08198419067551428,nominal,0.0,gp,S3,T0029
0.013577432225275469,0.10475257281766212,0.04403532836961719,nominal,0.0,gp,S3,T0030
0.11921298988577553,0.2430578531551803,0.12904588517590393,nominal,0.0,gp,S3,T0031
0.041736949059271174,0.17866361558761842,0.07949318892130212,nominal,0.0,gp,S3,T0032
0.017102603753925142,0.0812140838164649,0.02309269096332959,nominal,0.0,gp,S3,T0033
0.021043388713099524,0.1114991312482633,0.05791503819994055,nominal,0.0,gp,S3,T0034
0.07561506007830206,0.01305362202099453,0.012672655599506713,nominal,0.0,gp,S3,T0035
0.04434750702261792,0.059069112818955785,0.03554412271082434,nominal,0.0,gp,S3,T0036
0.05155348365631003,0.07040517741334464,0.032884116888305906,nominal,0.0,gp,S3,T0037
0.06650733563005774,0.21972491296888308,0.09570037214862977,nominal,0.0,gp,S3,T0038
0.001012212104592736,0.029760266750104576,0.03652539690595313,nominal,0.0,gp,S3,T0039
0.06549260417694437,0.02497553566575717,0.01005231972290503,nominal,0.0,gp,S3,T0040
0.03404341224442415,0.06261195047748165,0.020449048305038697,nominal,0.0,gp,S3,T0041
0.07708768517364852,0.12800886358536825,0.058064188157212406,nominal,0.0,gp,S3,T0042
0.030766292948485326,0.10467728611647967,0.04567614108447558,nominal,0.0,gp,S3,T0043
0.026764857034717877,0.2789545970226582,0.12791591304629443,nominal,0.0,gp,S3,T0044
0.10159264212669303,0.35496928105683173,0.16722877626216992,nominal,0.0,gp,S3,T0045
0.08070042175864768,0.03995390291700513,0.026125182176810546,nominal,0.0,gp,S3,T0046
0.03876887322987466,0.012394345004897726,0.017975505296481932,nominal,0.0,gp,S3,T0047
0.09555328101886698,0.07614824655073572,0.036890965919753174,nominal,0.0,gp,S3,T0048
0.08514645773396419,0.06396881650651971,0.014205758299881835,nominal,0.0,gp,S3,T0049
0.12429558949303118,0.035183493797903705,0.004106918219829834,nominal,0.0,gp,S3,T0050
0.017985910208623838,0.23405175887110918,0.12009134790781299,nominal,0.0,gp,S3,T0051
0.019420103891418242,0.03356100219162662,0.016338121615389892,nominal,0.0,gp,S3,T0052
0.019617343333807328,0.39673009875956494,0.1881801388295598,nominal,0.0,gp,S3,T0053
0.04833126522984178,0.03362242636827829,0.019877035861897582,nominal,0.0,gp,S3,T0054
0.05829930833221726,0.05192083656883424,0.0173091126838396,nominal,0.0,gp,S3,T0055
0.051896962217473655,0.24122649421979897,0.09080384775555139,nominal,0.0,gp,S3,T0056
0.0033167526426708402,0.16601000708941246,0.06964517789488098,nominal,0.0,gp,S3,T0057
0.03373636095397981,0.017314298200383497,0.014192316243926147,nominal,0.0,gp,S3,T0058
0.04740657352535678,0.046775748455871465,0.029363619155461915,nominal,0.0,gp,S3,T0059
0.1147912256609879,0.36027393489906057,0.15799592950953417,nominal,0.0,gp,S3,T0060
0.1597982971690787,0.054762366148204414,0.008743939803848633,nominal,0.0,gp,S3,T0061
0.0893369498574026,0.037226922231002886,0.013560175772458008,nominal,0.0,gp,S3,T0062
0.10397578315354264,0.15966586797056317,0.07336728906538843,nominal,0.0,gp,S3,T0063
0.035823712597453934,0.006989799741133897,0.011938483880050171,nominal,0.0,gp,S3,T0064
0.005265263590706338,0.0321468325868346,0.021359687395368164,nominal,0.0,gp,S3,T0065
0.04499148001686216,0.21679809115850635,0.1039083135966151,nominal,0.0,gp,S3,T0066
0.07087606735988573,0.021950104773178495,0.003151378218468384,nominal,0.0,gp,S3,T0067
0.008578240100924896,0.03496934378221351,0.02763885865590454,nominal,0.0,gp,S3,T0068
0.0033060857943401087,0.014182441303050578,0.014227830348162964,nominal,0.0,gp,S3,T0069
0.036121090368949345,0.0073738862501387965,0.0030495950512128907,nominal,0.0,gp,S3,T0070
0.1063919011282233,0.0025365364933893635,0.0053422011110861815,nominal,0.0,gp,S3,T0071
0.055839223347524405,0.06038913426840682,0.03277626904918213,nominal,0.0,gp,S3,T0072
0.019924624699337316,0.1005544792561425,0.03615536657835351,nominal,0.0,gp,S3,T0073
0.054677386393121044,0.2591122235311758,0.12789997125043653,nominal,0.0,gp,S3,T0074
0.0917058320533526,0.30265824380649625,0.14340701558910743,nominal,0.0,gp,S3,T0075
0.016445886897162313,0.06086933225869591,0.021902031911978273,nominal,0.0,gp,S3,T0076
0.08460678462027695,0.053427900233687944,0.017524955848568603,nominal,0.0,gp,S3,T0077
0.04988688131192133,0.036392718838275114,0.017241438054691284,nominal,0.0,gp,S3,T0078
0.0019790168580291483,0.07287396363664157,0.03890771629698682,nominal,0.0,gp,S3,T0079
0.009234610967521763,0.23090522945569325,0.11334926364617444,nominal,0.0,gp,S3,T0080
0.04920000687797939,0.06654473088950537,0.014646587687946045,nominal,0.0,gp,S3,T0081
0.12819603354909284,0.026900266062466767,0.012612913505943726,nominal,0.0,gp,S3,T0082
0.19718523205721378,0.18739849021964047,0.07836871206512061,nominal,0.0,gp,S3,T0083
0.0018539459055147427,0.16208867663650264,0.06914173401198498,nominal,0.0,gp,S3,T0084
0.0529604419205182,0.08444564501152442,0.040752710877682494,nominal,0.0,gp,S3,T0085
0.04533656253347174,0.15787037129880113,0.08743617267714038,nominal,0.0,gp,S3,T0086
0.06782133821954363,0.02520950490772029,0.012775695886634521,nominal,0.0,gp,S3,T0087
0.07487705877548657,0.11539881641251251,0.06411354376005053,nominal,0.0,gp,S3,T0088
0.004240093604563623,0.07627809242862717,0.02305647752552661,nominal,0.0,gp,S3,T0089
0.09360677141546732,0.1515560445347808,0.06261212310721484,nominal,0.0,gp,S3,T0090
0.08839493301346592,0.2235774056174592,0.11967774170521508,nominal,0.0,gp,S3,T0091
0.00843597301607102,0.04443419086269108,0.02972804797107617,nominal,0.0,gp,S3,T0092
0.06311560840750242,0.008383454467122133,0.005467848775555786,nominal,0.0,gp,S3,T0093
0.08157015971856142,0.24672413466543397,0.1160016089179026,nominal,0.0,gp,S3,T0094
0.08951640079808144,0.007725488480876676,0.006423112774306885,nominal,0.0,gp,S3,T0095
0.03509217578010788,0.21913449330321277,0.11644771920735364,nominal,0.0,gp,S3,T0096
0.05265475640260199,0.03260743101935971,0.011418836392377075,nominal,0.0,gp,S3,T0097
0.11983026004053463,0.1714725865860295,0.07005553676630871,nominal,0.0,gp,S3,T0098
0.08073971987077157,0.07296745405697248,0.030966495185206055,nominal,0.0,gp,S3,T0099
0.005752929473961666,0.13654269214079975,0.05471016366804163,nominal,0.0,gp,S3,T0100
0.09641399003759435,0.023267414163811177,0.012286356793071777,nominal,0.0,gp,S3,T0101
0.09162541839619844,0.22752775042142132,0.08975974958403027,nominal,0.0,gp,S3,T0102
0.08478614082320092,0.008283734210493833,0.0032376746475961914,nominal,0.0,gp,S3,T0103
0.043816554731337394,0.17363270667911798,0.07729313018300757,nominal,0.0,gp,S3,T0104
0.03038369241659567,0.07152168145642847,0.023730816095203368,nominal,0.0,gp,S3,T0105
0.12960605717713877,0.017969303506939486,0.018615715097552735,nominal,0.0,gp,S3,T0106
0.019638380713706275,0.0227355474856128,0.013624800013110961,nominal,0.0,gp,S3,T0107
0.03739678345164588,0.1003183200704422,0.04021995096716821,nominal,0.0,gp,S3,T0108
0.04439097522080438,0.4078429176982216,0.17045959599133984,nominal,0.0,gp,S3,T0109
0.043338340858509745,0.06941618404386647,0.04211220943225476,nominal,0.0,gp,S3,T0110
0.017767012554702758,0.0533714338964575,0.02933212640961951,nominal,0.0,gp,S3,T0111
0.004228628599210472,0.09843952472197773,0.02436641879953052,nominal,0.0,gp,S3,T0112
0.029398488376981287,0.05865718467032545,0.033912358137883424,nominal,0.0,gp,S3,T0113
0.024122023532737187,0.0006116103074377267,0.002713939773650879,nominal,0.0,gp,S3,T0114
0.006864740175041574,0.15828268606978282,0.08135585029524878,nominal,0.0,gp,S3,T0115
0.04763824219497394,0.20680845723051933,0.1123303536728313,nominal,0.0,gp,S3,T0116
0.0821702905698385,0.17072692449093183,0.06613550388564587,nominal,0.0,gp,S3,T0117
0.08147980650626026,0.14058191574241322,0.06698134419414123,nominal,0.0,gp,S3,T0118
0.007424998672371232,0.2198040027896237,0.1170575762237118,nominal,0.0,gp,S3,T0119
0.008945929328564863,0.049654411595841955,0.023652677477422973,nominal,0.0,gp,S3,T0120
0.02081942639452328,0.015357725553658556,0.015658356361271972,nominal,0.0,gp,S3,T0121
0.03300169433223588,0.04236282470059861,0.02464198105138965,nominal,0.0,gp,S3,T0122
0.03150705461803933,0.052305896670362687,0.02245011839933667,nominal,0.0,gp,S3,T0123
0.014413782882884422,0.1081520635601241,0.04238146416449121,nominal,0.0,gp,S3,T0124
0.0530700164104342,0.22127773189859928,0.10526785187288305,nominal,0.0,gp,S3,T0125
0.007187262360404125,0.03091978357374154,0.007437281490463745,nominal,0.0,gp,S3,T0126
0.11285456483349557,0.03172662904148416,0.007291445558245117,nominal,0.0,gp,S3,T0127
0.05917580976233629,0.01988418766862288,0.020557660346410035,nominal,0.0,ridge,S1,T0000
0.051870976535349236,0.16244435909147012,0.0743885821013175,nominal,0.0,ridge,S1,T0001
0.03930969128482454,0.1395044373952198,0.05045918740481958,nominal,0.0,ridge,S1,T0002
0.1416145538053243,0.2561849695559277,0.11966306376521009,nominal,0.0,ridge,S1,T0003
0.12380254425807427,0.02241003951292009,0.011859205879260742,nominal,0.0,ridge,S1,T0004
0.301766763488669,0.18408052177359915,0.080389705087078,nominal,0.0,ridge,S1,T0005
0.048192246950791176,0.02952326680155771,0.01744411371785205,nominal,0.0,ridge,S1,T0006
0.06214706781716041,0.05942356143523288,0.031006470417464845,nominal,0.0,ridge,S1,T0007
0.11620763826436734,0.22048931452787418,0.10720003493540979,nominal,0.0,ridge,S1,T0008
0.08690231427884278,0.2983225800344353,0.12393078663148023,nominal,0.0,ridge,S1,T0009
0.07939737271152937,0.1441739816360538,0.05947453820462231,nominal,0.0,ridge,S1,T0010
0.09388979403746642,0.02367720050007322,0.014978355787929687,nominal,0.0,ridge,S1,T0011
0.034722855237906976,0.19191877201591329,0.08374775546916406,nominal,0.0,ridge,S1,T0012
0.10809403785949415,0.37264874152778826,0.16931997526246143,nominal,0.0,ridge,S1,T0013
0.09136129511127968,0.08581154391090585,0.040120966373879394,nominal,0.0,ridge,S1,T0014
0.05803324519357474,0.05336262467557919,0.015825435161232422,nominal,0.0,ridge,S1,T0015
0.05664189805983379,0.4147832198571373,0.18766189910707068,nominal,0.0,ridge,S1,T0016
0.39776922945324045,0.28767435220331794,0.12494140790393457,nominal,0.0,ridge,S1,T0017
0.11195266686280628,0.2745701367072379,0.12157763676483911,nominal,0.0,ridge,S1,T0018
0.015171247792926671,0.2747451303262744,0.12399875514565784,nominal,0.0,ridge,S1,T0019
0.11874717692359041,0.2370927324482528,0.10089275288123364,nominal,0.0,ridge,S1,T0020
0.03946869520245339,0.16990446929016081,0.07266683210129089,nominal,0.0,ridge,S1,T0021
0.10029249666674875,0.5136703557575727,0.22626774128954297,nominal,0.0,ridge,S1,T0022
0.03866487542313502,0.12419717046389947,0.044002019356502074,nominal,0.0,ridge,S1,T0023
0.2715374223693282,0.09946455546411384,0.03850972695202344,nominal,0.0,ridge,S1,T0024
0.03362608328512429,0.053250556055568235,0.01601551716901367,nominal,0.0,ridge,S1,T0025
0.0994533472441603,0.14446610349446862,0.06842678665878894,nominal,0.0,ridge,S1,T0026
0.1666777886814977,0.256679764628888,0.11674021883939477,nominal,0.0,ridge,S1,T0027
0.03311143778532922,0.18163629100470538,0.08328557408706909,nominal,0.0,ridge,S1,T0028
0.08195558325344467,0.1931521651853308,0.08921760570392347,nominal,0.0,ridge,S1,T0029
0.048308805875592345,0.09565944189202844,0.04279171528200586,nominal,0.0,ridge,S1,T0030
0.0689857711794137,0.2719840983861927,0.1299696466365216,nominal,0.0,ridge,S1,T0031
0.059393165368436265,0.11925380709893188,0.06299105233619677,nominal,0.0,ridge,S1,T0032
0.1198726957268548,0.018714907245975524,0.004828404050151367,nominal,0.0,ridge,S1,T0033
0.006035683129529958,0.1950566895352191,0.08027377131551172,nominal,0.0,ridge,S1,T0034
0.23195571177467655,0.0559314914114631,0.03148892259596936,nominal,0.0,ridge,S1,T0035
0.06188065295775842,0.20060213618820966,0.09688335317504626,nominal,0.0,ridge,S1,T0036
0.24134324970989113,0.35900145377874565,0.1537643083976875,nominal,0.0,ridge,S1,T0037
0.12104463746446639,0.0645589171135827,0.017947174917792113,nominal,0.0,ridge,S1,T0038
0.16664353201742285,0.04929452383852924,0.027667178296104492,nominal,0.0,ridge,S1,T0039
0.06863905136738126,0.04477379310415975,0.01816190728685669,nominal,0.0,ridge,S1,T0040
0.048466934336685044,0.09237320112546384,0.04096044749237683,nominal,0.0,ridge,S1,T0041
0.15044018271569595,0.37182583578979417,0.16122223538293115,nominal,0.0,ridge,S1,T0042
0.10609671193696493,0.1611300966458801,0.06768477331887475,nominal,0.0,ridge,S1,T0043
0.37061500995555946,0.13441593381744335,0.06607371249492114,nominal,0.0,ridge,S1,T0044
0.2373066852031009,0.4205268160689275,0.1943844777705681,nominal,0.0,ridge,S1,T0045
0.14676875404150527,0.07219912013082254,0.027277415735871825,nominal,0.0,ridge,S1,T0046
0.07023488238395938,0.028152832648886413,0.005250798307602661,nominal,0.0,ridge,S1,T0047
0.05807552860116695,0.37447313450339753,0.16359779415292383,nominal,0.0,ridge,S1,T0048
0.08577811757883942,0.034694400813205524,0.0037034397518344725,nominal,0.0,ridge,S1,T0049
0.1771994616433151,0.2591350506872809,0.12483369888089868,nominal,0.0,ridge,S1,T0050
0.19785928687606652,0.4575884613887633,0.2107194161941068,nominal,0.0,ridge,S1,T0051
0.2642323513372522,0.08103965118399782,0.03795880123936963,nominal,0.0,ridge,S1,T0052
0.14062042800084582,0.4431082239653365,0.2001604676753594,nominal,0.0,ridge,S1,T0053
0.051907995741206095,0.19022595976145035,0.08506600976858289,nominal,0.0,ridge,S1,T0054
0.054009433923279684,0.05550838872932619,0.024602386596866335,nominal,0.0,ridge,S1,T0055
0.0736675735260184,0.3420729281332519,0.14614705423287866,nominal,0.0,ridge,S1,T0056
0.06357892913597342,0.18851277967737368,0.07351271327847583,nominal,0.0,ridge,S1,T0057
0.0022512977373212455,0.10376990069554146,0.051048899064509275,nominal,0.0,ridge,S1,T0058
0.2710005473324787,0.051207933326440094,0.022955484206638548,nominal,0.0,ridge,S1,T0059
0.03955457945042152,0.335700447224778,0.14315075396755114,nominal,0.0,ridge,S1,T0060
0.07389170270711622,0.06186034375039563,0.03404005043894604,nominal,0.0,ridge,S1,T0061
0.2194164806544039,0.039724087770153245,0.014158098351939331,nominal,0.0,ridge,S1,T0062
0.19729645212494545,0.25418027088440215,0.11044857746048754,nominal,0.0,ridge,S1,T0063
0.10045472670318359,0.1948568469981044,0.08893748349313965,nominal,0.0,ridge,S1,T0064
0.0460208825255723,0.14786665786914013,0.06693968601959033,nominal,0.0,ridge,S1,T0065
0.06909042819042256,0.125854757730729,0.0639021638582743,nominal,0.0,ridge,S1,T0066
0.044024821165298274,0.29974141629396994,0.1196147410512699,nominal,0.0,ridge,S1,T0067
0.20087271412674002,0.16727972232330304,0.06450611652039111,nominal,0.0,ridge,S1,T0068
0.06945995428452757,0.028691909373590736,0.008097722595129638,nominal,0.0,ridge,S1,T0069
0.2069165212204136,0.2179287256130275,0.10327161143485693,nominal,0.0,ridge,S1,T0070
0.01530181846305934,0.1579154772362296,0.05947686601743433,nominal,0.0,ridge,S1,T0071
0.1118384716559204,0.05562035605104294,0.023438842273434447,nominal,0.0,ridge,S1,T0072
0.07466914436624479,0.3251152354579285,0.1390593810080642,nominal,0.0,ridge,S1,T0073
0.09730040843483614,0.31134659318788177,0.14455553597239135,nominal,0.0,ridge,S1,T0074
0.2574659023895421,0.12243553932883902,0.050604672754325196,nominal,0.0,ridge,S1,T0075
0.03258221794750522,0.10487646974786133,0.04784701307929138,nominal,0.0,ridge,S1,T0076
0.16746323055236548,0.08374211484477036,0.03123441978310498,nominal,0.0,ridge,S1,T0077
0.287349653604454,0.06651250107506558,0.03172048570152649,nominal,0.0,ridge,S1,T0078
0.08491958296313275,0.04824661074648269,0.01720098821399634,nominal,0.0,ridge,S1,T0079
0.05903203363755301,0.24165407575598546,0.120658851831536,nominal,0.0,ridge,S1,T0080
0.1442389422683191,0.03433654196382447,0.005421619416109009,nominal,0.0,ridge,S1,T0081
0.05502182772777865,0.13913638165671902,0.06026191919091492,nominal,0.0,ridge,S1,T0082
0.25631032259705205,0.30895665718118837,0.12992645829723437,nominal,0.0,ridge,S1,T0083
0.12153861312570433,0.07705355845562091,0.03239832465120923,nominal,0.0,ridge,S1,T0084
0.07269390758307016,0.03557435422984868,0.00935029781188623,nominal,0.0,ridge,S1,T0085
0.020873636508967345,0.08229238445721794,0.041955689588473385,nominal,0.0,ridge,S1,T0086
0.10932007889647324,0.10829514263577564,0.04622668829932226,nominal,0.0,ridge,S1,T0087
0.033619245248325,0.24033855245815922,0.1127956740301731,nominal,0.0,ridge,S1,T0088
0.1258257797873494,0.23740667499470353,0.10267948537663087,nominal,0.0,ridge,S1,T0089
0.1068134595806414,0.25549239440512744,0.10545843850313318,nominal,0.0,ridge,S1,T0090
0.08582248872106264,0.15518995768836644,0.07681777823315113,nominal,0.0,ridge,S1,T0091
0.199123951079841,0.05396478900030978,0.014045041563054443,nominal,0.0,ridge,S1,T0092
0.06947672440909493,0.054803906803567184,0.022019484084347167,nominal,0.0,ridge,S1,T0093
0.0845386342176463,0.11069341113694456,0.05675905201029272,nominal,0.0,ridge,S1,T0094
0.0948852282115176,0.18113101940513218,0.08847518888750684,nominal,0.0,ridge,S1,T0095
0.12688058402859528,0.262354869423816,0.12593684693440038,nominal,0.0,ridge,S1,T0096
0.08389357414611777,0.0917897493070108,0.03528980895443726,nominal,0.0,ridge,S1,T0097
0.08771192805287793,0.16706157365544874,0.06544886893281116,nominal,0.0,ridge,S1,T0098
0.252151195342274,0.060145802948429763,0.014323511267605712,nominal,0.0,ridge,S1,T0099
0.05432494627991226,0.05059917282980887,0.02058034947182141,nominal,0.0,ridge,S1,T0100
0.11239581084046243,0.20553996506448075,0.08540588174489917,nominal,0.0,ridge,S1,T0101
0.07784345163745877,0.22790126721240872,0.09170036113376612,nominal,0.0,ridge,S1,T0102
0.11729627448487992,0.04682837634245291,0.018736815292952638,nominal,0.0,ridge,S1,T0103
0.12892096284240154,0.14803014416375024,0.06480860775773926,nominal,0.0,ridge,S1,T0104
0.07577966626794942,0.3133790132392026,0.13160446755781494,nominal,0.0,ridge,S1,T0105
0.2917784104342478,0.07269145304798887,0.04531629485257922,nominal,0.0,ridge,S1,T0106
0.050932369142632786,0.18580630464142187,0.08064107771597852,nominal,0.0,ridge,S1,T0107
0.0006008665589413155,0.15629364096040407,0.07266474806452161,nominal,0.0,ridge,S1,T0108
0.06256758559239296,0.4867121882262569,0.21048478949463928,nominal,0.0,ridge,S1,T0109
0.0875026625838632,0.08705523190297688,0.03508157135921973,nominal,0.0,ridge,S1,T0110
0.0052751467095246704,0.13384184240712196,0.06437786015557825,nominal,0.0,ridge,S1,T0111
0.06381624484108313,0.09710679541631131,0.033836356050954836,nominal,0.0,ridge,S1,T0112
0.1546335573081373,0.057801180689143764,0.039894111081873046,nominal,0.0,ridge,S1,T0113
0.002278964467365419,0.06947602149992017,0.027336266076104003,nominal,0.0,ridge,S1,T0114
0.20118799176249763,0.21474475640898444,0.106304397002177,nominal,0.0,ridge,S1,T0115
0.1104166020144293,0.451702125407173,0.20715536103106214,nominal,0.0,ridge,S1,T0116
0.20648802191775956,0.02776485476146063,0.01644159755421997,nominal,0.0,ridge,S1,T0117
0.2791496147061243,0.2558535005682783,0.11406520998653748,nominal,0.0,ridge,S1,T0118
0.03348281998772685,0.3396858127559552,0.15708168000096204,nominal,0.0,ridge,S1,T0119
0.20874476689375177,0.13476043655700212,0.06794212648178564,nominal,0.0,ridge,S1,T0120
0.012721826073234247,0.008698997120697995,0.0008817549593604737,nominal,0.0,ridge,S1,T0121
0.1807013699816579,0.04356470997874785,0.012173440169659912,nominal,0.0,ridge,S1,T0122
0.21076668197987208,0.004052591970292175,0.0008799797319332275,nominal,0.0,ridge,S1,T0123
0.15012092689859982,0.06928830118430847,0.036803522964913085,nominal,0.0,ridge,S1,T0124
0.13139060208145872,0.13692065454614102,0.05348761422312036,nominal,0.0,ridge,S1,T0125
0.021484785897828432,0.10568023634210585,0.05676336299826978,nominal,0.0,ridge,S1,T0126
0.0390209455505286,0.005731833278342647,0.00922753028859314,nominal,0.0,ridge,S1,T0127
0.011180740772037125,0.10376335575627119,0.056552454958758304,nominal,0.0,ridge,S1x2,T0000
0.054289377322079294,0.1449167830333448,0.06691638686664148,nominal,0.0,ridge,S1x2,T0001
0.1089573100153102,0.006367367049451291,0.006627010079156982,nominal,0.0,ridge,S1x2,T0002
0.0028442645410925453,0.2692457272300481,0.12188760207466931,nominal,0.0,ridge,S1x2,T0003
0.07387831224928644,0.09670798907932518,0.04060193291610706,nominal,0.0,ridge,S1x2,T0004
0.1068092576928831,0.08447602107699516,0.04234504558221997,nominal,0.0,ridge,S1x2,T0005
0.034699874540303495,0.17115570631801916,0.07427511463379345,nominal,0.0,ridge,S1x2,T0006
0.0036216797680183052,0.06876293228540721,0.0355553308619779,nominal,0.0,ridge,S1x2,T0007
0.013966493294127472,0.3905752661127397,0.17888876173739063,nominal,0.0,ridge,S1x2,T0008
0.2059567992521561,0.15368276366126424,0.0630712738315415,nominal,0.0,ridge,S1x2,T0009
0.06514841583280696,0.15506511114287472,0.06918671437264819,nominal,0.0,ridge,S1x2,T0010
0.015266515595361022,0.1642609540860732,0.0679111259026162,nominal,0.0,ridge,S1x2,T0011
0.04965249211064256,0.13519114475440633,0.062438755608325194,nominal,0.0,ridge,S1x2,T0012
0.06149682748511133,0.3423594044557252,0.15554910211861644,nominal,0.0,ridge,S1x2,T0013
0.08796784905728745,0.11972374157831536,0.04951108912456824,nominal,0.0,ridge,S1x2,T0014
0.0020955926939003615,0.03901917455407273,0.006794418473065186,nominal,0.0,ridge,S1x2,T0015
0.0003332587126472775,0.3322191972916911,0.1544983500103032,nominal,0.0,ridge,S1x2,T0016
0.1896534822922064,0.2832425447493728,0.12466367060967859,nominal,0.0,ridge,S1x2,T0017
0.0696222339708036,0.3571668300267667,0.15901427760195802,nominal,0.0,ridge,S1x2,T0018
0.08237987142494464,0.13617723023873043,0.06708980544113208,nominal,0.0,ridge,S1x2,T0019
0.043732392580394526,0.2696192881500559,0.12192291593578711,nominal,0.0,ridge,S1x2,T0020
0.10091861295643548,0.02586618816584841,0.018463024867854127,nominal,0.0,ridge,S1x2,T0021
0.1085925856966258,0.46788944238107016,0.21143415914489233,nominal,0.0,ridge,S1x2,T0022
0.0041860706605395545,0.1354398891651787,0.05370019628956238,nominal,0.0,ridge,S1x2,T0023
0.10485541514816624,0.1951924735205291,0.0800253933605432,nominal,0.0,ridge,S1x2,T0024
0.023152248611683638,0.018180709158943934,0.0004685918033791504,nominal,0.0,ridge,S1x2,T0025
0.03901640764020165,0.20196352427676706,0.09106576147208313,nominal,0.0,ridge,S1x2,T0026
0.02172219679520249,0.1857958463412274,0.08579344791982568,nominal,0.0,ridge,S1x2,T0027
0.010898133017732682,0.06190249275933703,0.03211513253107593,nominal,0.0,ridge,S1x2,T0028
0.020527416164573545,0.16514329786749052,0.07329129365867981,nominal,0.0,ridge,S1x2,T0029
0.029326093199350818,0.06238375170201206,0.02540491319435962,nominal,0.0,ridge,S1x2,T0030
0.035689602966105245,0.21120390592626276,0.10602456189196399,nominal,0.0,ridge,S1x2,T0031
0.05853498096396849,0.1591303314311263,0.0784869697333186,nominal,0.0,ridge,S1x2,T0032
0.04016884158010715,0.12950653766784118,0.058327599538248294,nominal,0.0,ridge,S1x2,T0033
0.05579503265411624,0.11174538224808131,0.04611681052062207,nominal,0.0,ridge,S1x2,T0034
0.10567112697371403,0.036708121834065084,0.025583965667026733,nominal,0.0,ridge,S1x2,T0035
0.14895626736098125,0.05595942976438785,0.03648567064225854,nominal,0.0,ridge,S1x2,T0036
0.13945075309491964,0.34528649275848927,0.14796580851938537,nominal,0.0,ridge,S1x2,T0037
0.13446590484113954,0.05624919424658954,0.029342364715618286,nominal,0.0,ridge,S1x2,T0038
0.1109810065106995,0.026928246528628304,0.005803075639051025,nominal,0.0,ridge,S1x2,T0039
0.01574119358040971,0.09745853013815367,0.043058578291750124,nominal,0.0,ridge,S1x2,T0040
0.07277411521523282,0.24741569398823304,0.11043501410346253,nominal,0.0,ridge,S1x2,T0041
0.19039074930810423,0.1742023790152786,0.0735825134166698,nominal,0.0,ridge,S1x2,T0042
0.11343821631326526,0.19147208214709172,0.07892077640877344,nominal,0.0,ridge,S1x2,T0043
0.16455814749837402,0.04040248989363172,0.02220310030976416,nominal,0.0,ridge,S1x2,T0044
0.09514064543322184,0.3223902266339524,0.14697760870949023,nominal,0.0,ridge,S1x2,T0045
0.1222807654313385,0.11660309680980643,0.056078489203473025,nominal,0.0,ridge,S1x2,T0046
0.13562652282480356,0.035345712705466,0.01555300573267981,nominal,0.0,ridge,S1x2,T0047
0.020513293129518776,0.10150087513966013,0.03951202925425733,nominal,0.0,ridge,S1x2,T0048
0.010165932835160542,0.04820301197713152,0.02752938002040271,nominal,0.0,ridge,S1x2,T0049
0.054414636285921594,0.12909812436400994,0.06777871349647584,nominal,0.0,ridge,S1x2,T0050
0.11792823065005179,0.22042827286062056,0.10045982237737891,nominal,0.0,ridge,S1x2,T0051
0.15661465690895052,0.12718934739710477,0.05769223128831262,nominal,0.0,ridge,S1x2,T0052
0.10834944109765601,0.4079938964935685,0.1796308897074198,nominal,0.0,ridge,S1x2,T0053
0.09274820853709038,0.06134849394052956,0.02612240972891052,nominal,0.0,ridge,S1x2,T0054
0.013779946202649999,0.12490798185135907,0.05786908634730786,nominal,0.0,ridge,S1x2,T0055
0.034072341037845184,0.273258185483134,0.11756133874029834,nominal,0.0,ridge,S1x2,T0056
0.03337167163326827,0.09266351445667982,0.03627405354482813,nominal,0.0,ridge,S1x2,T0057
0.027633349756492905,0.004451414768027463,0.004060661375882568,nominal,0.0,ridge,S1x2,T0058
0.12103973149226901,0.024965981276152967,0.01430835791729724,nominal,0.0,ridge,S1x2,T0059
0.12698532187637726,0.1638534883714682,0.06998115240981079,nominal,0.0,ridge,S1x2,T0060
0.02638413013623942,0.04668932129179349,0.017591620408890382,nominal,0.0,ridge,S1x2,T0061
0.10907413707518496,0.020417861630086524,0.007170407272525147,nominal,0.0,ridge,S1x2,T0062
0.08744365033046071,0.0765672607992929,0.027760517054322753,nominal,0.0,ridge,S1x2,T0063
0.0558916545274188,0.1212100601793287,0.05682090203016138,nominal,0.0,ridge,S1x2,T0064
0.07706818481686502,0.05281733649649069,0.02271129988255786,nominal,0.0,ridge,S1x2,T0065
0.05554470683033942,0.14320867590663314,0.06534460042484606,nominal,0.0,ridge,S1x2,T0066
0.008003327470579582,0.14716232429451861,0.053233198593331664,nominal,0.0,ridge,S1x2,T0067
0.19691826908084276,0.016274210064693987,0.0002936367023222656,nominal,0.0,ridge,S1x2,T0068
0.06546328505813438,0.038029456465838725,0.012961538557106812,nominal,0.0,ridge,S1x2,T0069
0.04387644323723489,0.19283943975712875,0.09565382951618578,nominal,0.0,ridge,S1x2,T0070
0.08763161847269053,0.006625984538652376,0.006931482790752808,nominal,0.0,ridge,S1x2,T0071
0.035930966206025046,0.013122751998994046,0.005429536156905273,nominal,0.0,ridge,S1x2,T0072
0.02720642965409665,0.3291245632256707,0.1436021041564137,nominal,0.0,ridge,S1x2,T0073
0.032129329117188694,0.17855090017275618,0.08768638331737695,nominal,0.0,ridge,S1x2,T0074
0.11853638411115477,0.0868959856501861,0.03615655781248218,nominal,0.0,ridge,S1x2,T0075
0.03364588585889506,0.16327302352563886,0.06476275008830176,nominal,0.0,ridge,S1x2,T0076
0.07104318541890643,0.03998525803716014,0.009151435195651855,nominal,0.0,ridge,S1x2,T0077
0.2181010357862057,0.03450971006488613,0.011908211935591797,nominal,0.0,ridge,S1x2,T0078
0.05976142273523334,0.08095824811093418,0.03776034166964795,nominal,0.0,ridge,S1x2,T0079
0.052878961386065584,0.1517301920677028,0.0804258148846858,nominal,0.0,ridge,S1x2,T0080
0.10231211743768318,0.03257944146430853,0.009462949301494996,nominal,0.0,ridge,S1x2,T0081
0.06763694739486238,0.04751071050281054,0.016571938247871704,nominal,0.0,ridge,S1x2,T0082
0.25841249362835056,0.24274863978572292,0.10169093198991186,nominal,0.0,ridge,S1x2,T0083
0.12545302766008545,0.014850921979219226,0.00578960217689917,nominal,0.0,ridge,S1x2,T0084
0.010246197955244842,0.1526203336779314,0.06516744379512134,nominal,0.0,ridge,S1x2,T0085
0.03218213576313412,0.01218734668862909,0.005281538832463379,nominal,0.0,ridge,S1x2,T0086
0.0880104025222145,0.18093945995625918,0.08266546113196704,nominal,0.0,ridge,S1x2,T0087
0.017444330623550833,0.056382924246842506,0.029281916730964842,nominal,0.0,ridge,S1x2,T0088
0.14087047167020586,0.16262509571894515,0.06884529627541675,nominal,0.0,ridge,S1x2,T0089
0.09438947463603217,0.14211706574755237,0.05338486593949768,nominal,0.0,ridge,S1x2,T0090
0.0847071422832066,0.04069974314155595,0.011392640621503417,nominal,0.0,ridge,S1x2,T0091
0.16155526010334434,0.05245182295949115,0.013319377289469726,nominal,0.0,ridge,S1x2,T0092
0.029429142284582994,0.1617660618001471,0.07168452436883972,nominal,0.0,ridge,S1x2,T0093
0.0581615432491467,0.11020953873554731,0.04934190400568799,nominal,0.0,ridge,S1x2,T0094
0.14966661787966964,0.25291316769580774,0.11812125623428589,nominal,0.0,ridge,S1x2,T0095
0.07108519997143321,0.2381461374896846,0.10996922101686926,nominal,0.0,ridge,S1x2,T0096
0.022996078684562885,0.021883163611653992,0.007040190117872925,nominal,0.0,ridge,S1x2,T0097
0.12071691211108268,0.177373804591221,0.06825887304193433,nominal,0.0,ridge,S1x2,T0098
0.12656589036084856,0.11808654546690336,0.04414061240239477,nominal,0.0,ridge,S1x2,T0099
0.15591899893873942,0.0596295532907848,0.02814153143618152,nominal,0.0,ridge,S1x2,T0100
0.0847121687878827,0.042210047301182725,0.019281450549895263,nominal,0.0,ridge,S1x2,T0101
0.02609286632973718,0.15051434180903492,0.05843559818088354,nominal,0.0,ridge,S1x2,T0102
0.01587775829702737,0.04853052837595491,0.018050292830731444,nominal,0.0,ridge,S1x2,T0103
0.13476040708115425,0.08796300022685945,0.044746945020906,nominal,0.0,ridge,S1x2,T0104
0.055963728378277136,0.21226113079818176,0.09251680352914624,nominal,0.0,ridge,S1x2,T0105
0.12240961728875041,0.04489704576908283,0.011144176826392457,nominal,0.0,ridge,S1x2,T0106
0.0887102841312787,0.03939036311091965,0.01653987012654358,nominal,0.0,ridge,S1x2,T0107
0.01853730206990978,0.11691228800079559,0.05449094124134155,nominal,0.0,ridge,S1x2,T0108
0.17131080905427534,0.310337014621894,0.13018784981816797,nominal,0.0,ridge,S1x2,T0109
0.006426513907797917,0.044910517008119606,0.016514603702538697,nominal,0.0,ridge,S1x2,T0110
0.04097446947027517,0.03531795346722156,0.023218958586958983,nominal,0.0,ridge,S1x2,T0111
0.061441646285077825,0.20006308169820858,0.08315931242109997,nominal,0.0,ridge,S1x2,T0112
0.12039554101779484,0.04697279555957558,0.010468137419924561,nominal,0.0,ridge,S1x2,T0113
0.016587976008448083,0.08270566199247377,0.037528679320940186,nominal,0.0,ridge,S1x2,T0114
0.11260422092171377,0.04758101615637113,0.01524798454139502,nominal,0.0,ridge,S1x2,T0115
0.044773710068044544,0.32772661168308187,0.15768785069413283,nominal,0.0,ridge,S1x2,T0116
0.025702090138776675,0.07780437421100851,0.034528278258147464,nominal,0.0,ridge,S1x2,T0117
0.22202606218001136,0.17168838092563535,0.07512828286226111,nominal,0.0,ridge,S1x2,T0118
0.042087748462057435,0.23347775829336148,0.11338905355981177,nominal,0.0,ridge,S1x2,T0119
0.05174501917309478,0.00249412020654094,0.0031228701928690187,nominal,0.0,ridge,S1x2,T0120
0.10814784583764117,0.019168981837695002,0.01498811806076587,nominal,0.0,ridge,S1x2,T0121
0.2111767316603353,0.0014617107397346676,0.009974853859836548,nominal,0.0,ridge,S1x2,T0122
0.2841097890701911,0.13458110756945088,0.057487228910390625,nominal,0.0,ridge,S1x2,T0123
0.1272667507943848,0.14162084616007184,0.06615841555850195,nominal,0.0,ridge,S1x2,T0124
0.005379024543263334,0.00019365478702904065,0.006476753770777832,nominal,0.0,ridge,S1x2,T0125
0.029770282292252433,0.005902006579877607,0.006344124765396607,nominal,0.0,ridge,S1x2,T0126
0.021851894860966396,0.0006082475574056835,0.007442041006319946,nominal,0.0,ridge,S1x2,T0127
0.01310645475670669,0.09946581092808635,0.055214653964289186,nominal,0.0,ridge,S1x2cat,T0000
0.0690476502225071,0.18978980046747035,0.08680383582593738,nominal,0.0,ridge,S1x2cat,T0001
0.12769433081797957,0.008238891671096262,0.004819798842700439,nominal,0.0,ridge,S1x2cat,T0002
0.03873171519173824,0.2695386469477707,0.12347890758775573,nominal,0.0,ridge,S1x2cat,T0003
0.06719368916746073,0.12050259225158791,0.05159053200991003,nominal,0.0,ridge,S1x2cat,T0004
0.1406744544142222,0.07536294087466534,0.03977289913595508,nominal,0.0,ridge,S1x2cat,T0005
0.044295856256801054,0.18579787720548804,0.0797398466368711,nominal,0.0,ridge,S1x2cat,T0006
0.003488085237719208,0.05384008204789516,0.02838123497978003,nominal,0.0,ridge,S1x2cat,T0007
0.01390622704207534,0.430357065523871,0.19681350927342492,nominal,0.0,ridge,S1x2cat,T0008
0.19728652450749845,0.12831280347331334,0.052524416677026245,nominal,0.0,ridge,S1x2cat,T0009
0.08852018293585452,0.14879995757753842,0.06599723245230957,nominal,0.0,ridge,S1x2cat,T0010
0.04441809332792757,0.19062332895213174,0.08082036664479127,nominal,0.0,ridge,S1x2cat,T0011
0.05494642913895982,0.11529779718684133,0.05318838894405225,nominal,0.0,ridge,S1x2cat,T0012
0.06664321513903339,0.3021428912356539,0.13690774925540844,nominal,0.0,ridge,S1x2cat,T0013
0.09763324134510257,0.11175156986194676,0.04442017452000757,nominal,0.0,ridge,S1x2cat,T0014
0.00035316061503642976,0.05499502037330574,0.014041206308688721,nominal,0.0,ridge,S1x2cat,T0015
0.0023070338468358935,0.3301480928560258,0.15486777596984497,nominal,0.0,ridge,S1x2cat,T0016
0.2563865560262913,0.30690140032553165,0.13504832550760096,nominal,0.0,ridge,S1x2cat,T0017
0.0448364382490607,0.381476203529751,0.17094682621962695,nominal,0.0,ridge,S1x2cat,T0018
0.08579542075229042,0.10668945611159777,0.054016331929843384,nominal,0.0,ridge,S1x2cat,T0019
0.03458921465094634,0.26398281724364403,0.11994924474395117,nominal,0.0,ridge,S1x2cat,T0020
0.12609915303371663,0.06668532809107842,0.03763262715116638,nominal,0.0,ridge,S1x2cat,T0021
0.1405438654348007,0.45548699654964203,0.2064743808716382,nominal,0.0,ridge,S1x2cat,T0022
0.022836971228554773,0.10533356687592035,0.043136249805011594,nominal,0.0,ridge,S1x2cat,T0023
0.1316971076181145,0.1994367990028712,0.08146174805386987,nominal,0.0,ridge,S1x2cat,T0024
0.035759732051239286,0.02235674824608264,0.00012084670407385254,nominal,0.0,ridge,S1x2cat,T0025
0.03148887136377899,0.16596717602517716,0.07584503523052624,nominal,0.0,ridge,S1x2cat,T0026
0.004674248652460079,0.1752905357630344,0.08076562283067798,nominal,0.0,ridge,S1x2cat,T0027
0.007016846119383137,0.0992234506909129,0.04848721797777807,nominal,0.0,ridge,S1x2cat,T0028
0.02132851847329365,0.2162575482255758,0.09640227860476086,nominal,0.0,ridge,S1x2cat,T0029
0.015147886347333387,0.06877949307018157,0.029311764683109132,nominal,0.0,ridge,S1x2cat,T0030
0.0794536672384455,0.1804158594531999,0.09267483743521558,nominal,0.0,ridge,S1x2cat,T0031
0.07907009754171886,0.15429539335460654,0.0765829819517141,nominal,0.0,ridge,S1x2cat,T0032
0.0610894716148508,0.19927032803903683,0.09000326077222302,nominal,0.0,ridge,S1x2cat,T0033
0.028067871368376858,0.14794164093163478,0.061634325581598634,nominal,0.0,ridge,S1x2cat,T0034
0.1367194970676969,0.00958681347899948,0.013641563936155395,nominal,0.0,ridge,S1x2cat,T0035
0.13064538424687913,0.0046229396061797665,0.014126305795583495,nominal,0.0,ridge,S1x2cat,T0036
0.13008994431173124,0.36369089524355586,0.15754280527253517,nominal,0.0,ridge,S1x2cat,T0037
0.12685064304812368,0.014742884689972206,0.011371379441284302,nominal,0.0,ridge,S1x2cat,T0038
0.10822784052714615,0.016036703210743634,0.014217175675323487,nominal,0.0,ridge,S1x2cat,T0039
0.010305777486108727,0.1461997315460534,0.06496881117354773,nominal,0.0,ridge,S1x2cat,T0040
0.07661076469083707,0.22020246157823115,0.09940755500881054,nominal,0.0,ridge,S1x2cat,T0041
0.17363373020900022,0.21916361942397217,0.09225657057312842,nominal,0.0,ridge,S1x2cat,T0042
0.11650644447540606,0.19808934282864793,0.082053031827625,nominal,0.0,ridge,S1x2cat,T0043
0.15749740587844094,0.07214501257978846,0.037034497743122556,nominal,0.0,ridge,S1x2cat,T0044
0.12517315561370426,0.32380431458381687,0.1480719523039214,nominal,0.0,ridge,S1x2cat,T0045
0.14169792192555655,0.16709268755029597,0.07944285166222192,nominal,0.0,ridge,S1x2cat,T0046
0.14874302138465942,0.018112512662917527,0.008483477636219238,nominal,0.0,ridge,S1x2cat,T0047
0.02694920510004862,0.11334401418638232,0.04301053956265576,nominal,0.0,ridge,S1x2cat,T0048
0.047587831145823614,0.04710954958599774,0.02761275349726782,nominal,0.0,ridge,S1x2cat,T0049
0.038175900668700476,0.14106680430115678,0.07460425842160401,nominal,0.0,ridge,S1x2cat,T0050
0.11729591459768599,0.26316102298446614,0.11864875606520606,nominal,0.0,ridge,S1x2cat,T0051
0.13921597336085614,0.13553584364779772,0.06216635947477661,nominal,0.0,ridge,S1x2cat,T0052
0.11040796173329956,0.4116195402517013,0.18159342318495483,nominal,0.0,ridge,S1x2cat,T0053
0.08355860961966056,0.1200946013486415,0.05138109763056457,nominal,0.0,ridge,S1x2cat,T0054
0.05097995295304526,0.1163886061831654,0.054369699834795046,nominal,0.0,ridge,S1x2cat,T0055
0.049858055015603045,0.2890821283878526,0.1249811941124945,nominal,0.0,ridge,S1x2cat,T0056
0.045684153647782284,0.061789315966063754,0.022991628158926268,nominal,0.0,ridge,S1x2cat,T0057
0.0005819426900199877,0.0073987733585231825,0.005187903340394043,nominal,0.0,ridge,S1x2cat,T0058
0.15901538565637588,0.004546800892280823,0.0008009800931136475,nominal,0.0,ridge,S1x2cat,T0059
0.14134942609863202,0.1268100983647086,0.0535531202663855,nominal,0.0,ridge,S1x2cat,T0060
0.02692361443347003,0.06115812402702982,0.023508013300229735,nominal,0.0,ridge,S1x2cat,T0061
0.14076574922576193,0.006155912784645003,0.0014202066085179444,nominal,0.0,ridge,S1x2cat,T0062
0.10188692276156489,0.11753662132631018,0.04392669242741016,nominal,0.0,ridge,S1x2cat,T0063
0.02921181032566334,0.14895715942288115,0.06904720598191198,nominal,0.0,ridge,S1x2cat,T0064
0.045765600527577784,0.08165970822514691,0.03575202133599463,nominal,0.0,ridge,S1x2cat,T0065
0.058441091599134035,0.12315154534732145,0.05521055311381592,nominal,0.0,ridge,S1x2cat,T0066
0.02713122904692223,0.16768485918609247,0.0607957826079884,nominal,0.0,ridge,S1x2cat,T0067
0.24419490241286873,0.01584314480798488,0.01265143279599585,nominal,0.0,ridge,S1x2cat,T0068
0.05917924970270606,0.05245928186245198,0.019306791500351195,nominal,0.0,ridge,S1x2cat,T0069
0.0028337903135661206,0.1906211642735945,0.0945885232561571,nominal,0.0,ridge,S1x2cat,T0070
0.05276761119326735,0.05984567299970213,0.014837568787735352,nominal,0.0,ridge,S1x2cat,T0071
0.02809729963887398,0.0003038632615792736,0.0021218846482503662,nominal,0.0,ridge,S1x2cat,T0072
0.02829974942837405,0.3535232913404979,0.1551346862599934,nominal,0.0,ridge,S1x2cat,T0073
0.0422883345921224,0.19027201033398505,0.09153667799493481,nominal,0.0,ridge,S1x2cat,T0074
0.12966202680912867,0.08450781253425967,0.03369303263217554,nominal,0.0,ridge,S1x2cat,T0075
0.02233510761826846,0.18358951239576735,0.07349782942542664,nominal,0.0,ridge,S1x2cat,T0076
0.08018743754352466,0.004394830605500556,0.01018682846892749,nominal,0.0,ridge,S1x2cat,T0077
0.21340481891350022,0.05260057605540826,0.019708409985625244,nominal,0.0,ridge,S1x2cat,T0078
0.0749779010435442,0.06059259548466424,0.027906860222347656,nominal,0.0,ridge,S1x2cat,T0079
0.060069477899988025,0.13471724498099416,0.07319411527352027,nominal,0.0,ridge,S1x2cat,T0080
0.12316792379164918,0.021202738226219767,0.0037737935973789064,nominal,0.0,ridge,S1x2cat,T0081
0.06329216404148409,0.019759464875757363,0.012002272232308838,nominal,0.0,ridge,S1x2cat,T0082
0.25666270213904613,0.25326340361297417,0.10662259065740942,nominal,0.0,ridge,S1x2cat,T0083
0.12102643525635812,0.01727204303610175,0.00786283531206836,nominal,0.0,ridge,S1x2cat,T0084
0.038939941933391904,0.1408483110110004,0.060148780955522584,nominal,0.0,ridge,S1x2cat,T0085
0.05639265721454957,0.007160820606418041,0.003926599377524902,nominal,0.0,ridge,S1x2cat,T0086
0.07318312385098226,0.19384352652558062,0.08782750255308325,nominal,0.0,ridge,S1x2cat,T0087
0.04538479366375248,0.014688489233145589,0.011691075140871093,nominal,0.0,ridge,S1x2cat,T0088
0.1424375186327154,0.14404457983753174,0.05849782198100073,nominal,0.0,ridge,S1x2cat,T0089
0.10496431889319427,0.17288762306492736,0.06791078844890197,nominal,0.0,ridge,S1x2cat,T0090
0.09920685837688295,0.01381939727642362,0.0003327309359099121,nominal,0.0,ridge,S1x2cat,T0091
0.18264070031675575,0.07618284847601577,0.024810922852841553,nominal,0.0,ridge,S1x2cat,T0092
0.004812224580870162,0.11707464602605747,0.053752162152977664,nominal,0.0,ridge,S1x2cat,T0093
0.07389534574091307,0.12925337229972886,0.056603345570640624,nominal,0.0,ridge,S1x2cat,T0094
0.14894292186451055,0.22620288661521526,0.10694290556184302,nominal,0.0,ridge,S1x2cat,T0095
0.09372006892908182,0.21601484249332786,0.1015685960330614,nominal,0.0,ridge,S1x2cat,T0096
0.03397501492412359,0.08106776453305849,0.03152560036874316,nominal,0.0,ridge,S1x2cat,T0097
0.14618828026709277,0.19133754598458957,0.07517236174763708,nominal,0.0,ridge,S1x2cat,T0098
0.125041778886304,0.11740456889686171,0.04413603728021045,nominal,0.0,ridge,S1x2cat,T0099
0.1384635418517294,0.09794501547150616,0.04539857984800012,nominal,0.0,ridge,S1x2cat,T0100
0.12467633942493342,0.058563182876854594,0.028390450888686768,nominal,0.0,ridge,S1x2cat,T0101
0.020343984460924894,0.1407073691077332,0.05395872462767505,nominal,0.0,ridge,S1x2cat,T0102
0.010335542076390371,0.03895023273658899,0.014013851944828369,nominal,0.0,ridge,S1x2cat,T0103
0.12668098790965202,0.009241074496967596,0.011503434294671386,nominal,0.0,ridge,S1x2cat,T0104
0.023491397259188813,0.18637386084610827,0.08108189422374829,nominal,0.0,ridge,S1x2cat,T0105
0.13709479280606343,0.00803127410723137,0.012059737836517578,nominal,0.0,ridge,S1x2cat,T0106
0.08391438343293257,0.07619756469718188,0.0327372766795282,nominal,0.0,ridge,S1x2cat,T0107
0.027537936220879973,0.17532574274730403,0.07861788013294788,nominal,0.0,ridge,S1x2cat,T0108
0.15480791339979819,0.31184989530791773,0.12957596116679773,nominal,0.0,ridge,S1x2cat,T0109
0.021615594740365677,0.02842297758953339,0.01054864867444922,nominal,0.0,ridge,S1x2cat,T0110
0.03532824952429681,0.034699839934947414,0.02382554010849939,nominal,0.0,ridge,S1x2cat,T0111
0.050815079859009585,0.22100802026073957,0.09207899665091296,nominal,0.0,ridge,S1x2cat,T0112
0.10772282806226888,0.05048297085767041,0.01330217026895459,nominal,0.0,ridge,S1x2cat,T0113
0.01023733979669206,0.09815439672972218,0.04321851052185449,nominal,0.0,ridge,S1x2cat,T0114
0.13745686082019262,0.07946496645323266,0.029750138592627196,nominal,0.0,ridge,S1x2cat,T0115
0.058398954289325414,0.3175391337979783,0.1537971417958683,nominal,0.0,ridge,S1x2cat,T0116
0.055756782301266974,0.07071883314563267,0.03231385446947205,nominal,0.0,ridge,S1x2cat,T0117
0.20012653627074223,0.17755319943164707,0.07758353400960437,nominal,0.0,ridge,S1x2cat,T0118
0.022134120035969266,0.26414079755461345,0.1286347133092051,nominal,0.0,ridge,S1x2cat,T0119
0.09555946517387201,0.013818345170181216,0.003233108147987305,nominal,0.0,ridge,S1x2cat,T0120
0.09418622657568657,0.03949546223954937,0.024579100035622314,nominal,0.0,ridge,S1x2cat,T0121
0.21310863479877323,0.03536587872389974,0.006130008044701905,nominal,0.0,ridge,S1x2cat,T0122
0.31455933212267007,0.11676088964196754,0.051518021515110715,nominal,0.0,ridge,S1x2cat,T0123
0.17448686629390978,0.12000023825112147,0.0554435728274541,nominal,0.0,ridge,S1x2cat,T0124
0.018534684206067967,0.015055969230389769,0.001555482421324463,nominal,0.0,ridge,S1x2cat,T0125
0.036113320697011016,0.005766845961797385,0.002231566539133911,nominal,0.0,ridge,S1x2cat,T0126
0.008545836687569032,0.021112902662162873,0.017060350583296753,nominal,0.0,ridge,S1x2cat,T0127
0.053430786671288824,0.17026038250069905,0.06350514813813245,nominal,0.0,ridge,S2,T0000
0.006903986484714521,0.06477624059927357,0.031764974255394776,nominal,0.0,ridge,S2,T0001
0.040557388886117714,0.10991853785541464,0.03664080644013257,nominal,0.0,ridge,S2,T0002
0.003075659511359575,0.21459422675737228,0.09911111979264722,nominal,0.0,ridge,S2,T0003
0.04024884269045904,0.14358053615552982,0.06743694067295056,nominal,0.0,ridge,S2,T0004
0.0540184786221823,0.2824544061744994,0.12474469917356323,nominal,0.0,ridge,S2,T0005
0.0622685351640906,0.007849197133682486,0.004135710345050293,nominal,0.0,ridge,S2,T0006
0.00234264445560517,0.0955582673297645,0.04885269289068591,nominal,0.0,ridge,S2,T0007
0.07167105858672086,0.0941308342010744,0.03840144705036084,nominal,0.0,ridge,S2,T0008
0.014946499301879416,0.28546292683436786,0.12301144131149438,nominal,0.0,ridge,S2,T0009
0.07938302588304248,0.10933914507901324,0.045201195709522704,nominal,0.0,ridge,S2,T0010
0.04141615267316407,0.042593552461123736,0.025159681340723633,nominal,0.0,ridge,S2,T0011
0.11332113389884854,0.17516628220467625,0.07041014592997193,nominal,0.0,ridge,S2,T0012
0.036671697366964524,0.15450234901637497,0.07199361249670874,nominal,0.0,ridge,S2,T0013
0.006954592322281352,0.015830093726061093,0.007602188320563843,nominal,0.0,ridge,S2,T0014
0.0349886689564738,0.047751700192200666,0.01752923468552539,nominal,0.0,ridge,S2,T0015
0.02382597258029418,0.22273499505842792,0.09921822460583606,nominal,0.0,ridge,S2,T0016
0.1421353541493087,0.1420498907838619,0.06250700575507714,nominal,0.0,ridge,S2,T0017
0.013487763346033969,0.23217079446458738,0.09945333529171216,nominal,0.0,ridge,S2,T0018
0.026126396549997495,0.04799708530182524,0.021093716702463745,nominal,0.0,ridge,S2,T0019
0.03388560332481195,0.07417911483303648,0.033723608670730224,nominal,0.0,ridge,S2,T0020
0.03513736247655775,0.14533055246668317,0.06428534699736756,nominal,0.0,ridge,S2,T0021
0.06263568386010222,0.4435421875307714,0.1951002156376211,nominal,0.0,ridge,S2,T0022
0.12491546562481473,0.19352563744839407,0.07212258963170788,nominal,0.0,ridge,S2,T0023
0.0010727426912840456,0.06170536735216116,0.02984833563860913,nominal,0.0,ridge,S2,T0024
0.00705476827247087,0.018708596515263635,0.016413345724700684,nominal,0.0,ridge,S2,T0025
0.0011339297953066876,0.13644367425073053,0.06456264759474109,nominal,0.0,ridge,S2,T0026
0.1275445944999379,0.1457244312555073,0.062484414437045166,nominal,0.0,ridge,S2,T0027
0.002774459260754259,0.04378381834575951,0.017049777508170653,nominal,0.0,ridge,S2,T0028
0.0423415612873096,0.17965898001046313,0.08329453949528272,nominal,0.0,ridge,S2,T0029
0.011436619672892947,0.09767049714957901,0.04846075660489624,nominal,0.0,ridge,S2,T0030
0.14124222113148346,0.2754308785475596,0.13478305349535802,nominal,0.0,ridge,S2,T0031
0.000773200128654228,0.15045390935776423,0.05850658572411047,nominal,0.0,ridge,S2,T0032
0.024385589597326625,0.06434219874777021,0.032039323423952513,nominal,0.0,ridge,S2,T0033
0.02770102496455485,0.13723315146528084,0.0597008469435647,nominal,0.0,ridge,S2,T0034
0.08890380516119818,0.004341048032574791,0.0045987006300152585,nominal,0.0,ridge,S2,T0035
0.05400628879607046,0.05285217686247291,0.03560169330416772,nominal,0.0,ridge,S2,T0036
0.06590388254744424,0.05938053384897503,0.03871430461581177,nominal,0.0,ridge,S2,T0037
0.07309761995746457,0.2216703490977801,0.09532812588782483,nominal,0.0,ridge,S2,T0038
0.0019318970527235084,0.05911880583947372,0.028613349264726317,nominal,0.0,ridge,S2,T0039
0.06084561802129852,0.06139793941079942,0.02380277190277832,nominal,0.0,ridge,S2,T0040
0.03920009916268675,0.03575209715657197,0.016895429453587525,nominal,0.0,ridge,S2,T0041
0.0755281126828511,0.14074261604655305,0.05398356781404724,nominal,0.0,ridge,S2,T0042
0.018648373801416488,0.12268148483294108,0.05536148080955518,nominal,0.0,ridge,S2,T0043
0.00569678919397354,0.28591952183853137,0.12754502457569458,nominal,0.0,ridge,S2,T0044
0.0986868191520607,0.35356378973040953,0.15600126905254394,nominal,0.0,ridge,S2,T0045
0.07037923740110032,0.03289516444720087,0.013131270291637574,nominal,0.0,ridge,S2,T0046
0.0317906446247257,0.03404729227023729,0.02391081144164099,nominal,0.0,ridge,S2,T0047
0.07092588775721666,0.0855988714662498,0.03653826837853052,nominal,0.0,ridge,S2,T0048
0.08629844942057903,0.06699380106015702,0.017994878206805176,nominal,0.0,ridge,S2,T0049
0.1273550224591047,0.03663429684281711,0.012595665931045165,nominal,0.0,ridge,S2,T0050
0.05581006482969665,0.22296472807566503,0.10428585131779419,nominal,0.0,ridge,S2,T0051
0.043445601094272986,0.007912372519861545,0.0008361872244716797,nominal,0.0,ridge,S2,T0052
0.01404215715019919,0.3965607562566585,0.17728586076492175,nominal,0.0,ridge,S2,T0053
0.0640363060752558,0.04340442663594624,0.014192657732846557,nominal,0.0,ridge,S2,T0054
0.047756303701380634,0.0695513134579215,0.026477495816708618,nominal,0.0,ridge,S2,T0055
0.03094000820349275,0.22684640588005794,0.0889545354400116,nominal,0.0,ridge,S2,T0056
0.003140598538465823,0.17511667142911,0.06644209140017773,nominal,0.0,ridge,S2,T0057
0.005771306301048385,0.02377032868221663,0.011020795210063843,nominal,0.0,ridge,S2,T0058
0.014157274592244144,0.016653322250064776,0.011911100409947022,nominal,0.0,ridge,S2,T0059
0.10654937022431701,0.36363819085985716,0.15965780373995472,nominal,0.0,ridge,S2,T0060
0.1548659393808627,0.059673446571626446,0.024609353938725098,nominal,0.0,ridge,S2,T0061
0.07004441915441086,0.03992361794165789,0.016207617816140624,nominal,0.0,ridge,S2,T0062
0.10503181451938295,0.15524381767799525,0.06420377696743067,nominal,0.0,ridge,S2,T0063
0.029944519376612085,0.0230366061758891,0.009928235555901733,nominal,0.0,ridge,S2,T0064
0.0025130291146205357,0.02328940262917745,0.011324854076013427,nominal,0.0,ridge,S2,T0065
0.036107928055651446,0.1997150595727607,0.10047838670173792,nominal,0.0,ridge,S2,T0066
0.06906955543344391,0.014192256722291855,0.00240626274932312,nominal,0.0,ridge,S2,T0067
0.022000939764541542,0.08563654211051709,0.04198386059426782,nominal,0.0,ridge,S2,T0068
0.02208668234574052,0.0019924124239770196,0.003484383748914429,nominal,0.0,ridge,S2,T0069
0.032185920328121904,0.02236947671290346,0.009034236796223755,nominal,0.0,ridge,S2,T0070
0.10469590605773796,0.006297858120729029,0.007850750200359375,nominal,0.0,ridge,S2,T0071
0.07001732266871065,0.04657772461487104,0.020858814597537353,nominal,0.0,ridge,S2,T0072
0.018176930153780416,0.08742288339207817,0.02617207191871643,nominal,0.0,ridge,S2,T0073
0.04541572337207978,0.24710789207002043,0.11113556167393335,nominal,0.0,ridge,S2,T0074
0.08858850792876656,0.3084346064330954,0.1388994028354685,nominal,0.0,ridge,S2,T0075
0.015564978789200937,0.06600923327659992,0.021371187877567383,nominal,0.0,ridge,S2,T0076
0.1000114542791353,0.038918647354731224,0.011185217473352051,nominal,0.0,ridge,S2,T0077
0.07230126153719153,0.057909526594706065,0.02680646999533838,nominal,0.0,ridge,S2,T0078
0.0012294482486197025,0.10189826649343567,0.04149086335748999,nominal,0.0,ridge,S2,T0079
0.0009511773063619613,0.238896627154554,0.11714678375143531,nominal,0.0,ridge,S2,T0080
0.03453258886354505,0.06719488430038446,0.023406839491980833,nominal,0.0,ridge,S2,T0081
0.1246307463265939,0.047059173655774625,0.021236907859662597,nominal,0.0,ridge,S2,T0082
0.18532066399356897,0.19881069445346627,0.08020481489769703,nominal,0.0,ridge,S2,T0083
0.0023005005314613585,0.13394503597022214,0.05680154430974243,nominal,0.0,ridge,S2,T0084
0.05732218923442224,0.11167485781784339,0.04462286287816406,nominal,0.0,ridge,S2,T0085
0.04438562633510474,0.17782437795509812,0.08644998859128711,nominal,0.0,ridge,S2,T0086
0.06271856626805518,0.03557248701745259,0.017055975693200682,nominal,0.0,ridge,S2,T0087
0.07964681534993136,0.12429443684182725,0.06086354176806323,nominal,0.0,ridge,S2,T0088
0.01888728026739062,0.06837138956277856,0.028340219285506348,nominal,0.0,ridge,S2,T0089
0.09941093763026629,0.14712631212900565,0.07731986015691394,nominal,0.0,ridge,S2,T0090
0.07033687262864298,0.20835599061452276,0.10129027775455811,nominal,0.0,ridge,S2,T0091
0.025721345731482555,0.05698060594608369,0.02208123425719287,nominal,0.0,ridge,S2,T0092
0.05369900665888856,0.003985102402809527,0.0023750697621480713,nominal,0.0,ridge,S2,T0093
0.0775956904209907,0.27086790696758295,0.12734170069063672,nominal,0.0,ridge,S2,T0094
0.07773504156915774,0.020267046804547943,0.00118509729222583,nominal,0.0,ridge,S2,T0095
0.02129251700491636,0.22558353499981537,0.10423568988313452,nominal,0.0,ridge,S2,T0096
0.07484527298291412,0.0038380894175962807,0.0026598776085493166,nominal,0.0,ridge,S2,T0097
0.13326198719039564,0.1457890087003583,0.06130997032458032,nominal,0.0,ridge,S2,T0098
0.10269344099124447,0.05494079978937584,0.019244343523466552,nominal,0.0,ridge,S2,T0099
0.026367883909756425,0.15198864394631142,0.06727504223417077,nominal,0.0,ridge,S2,T0100
0.11788716833468219,0.014270341295750114,0.012288401867388183,nominal,0.0,ridge,S2,T0101
0.11419469328407042,0.21472554062212051,0.0836711034024065,nominal,0.0,ridge,S2,T0102
0.08905649427121938,0.014147165408705534,0.005968872957798096,nominal,0.0,ridge,S2,T0103
0.03177408603170951,0.17508391641406248,0.08240887790240455,nominal,0.0,ridge,S2,T0104
0.019742837920356252,0.09663082398460646,0.03415043001693677,nominal,0.0,ridge,S2,T0105
0.133231872496446,0.023050941490119773,0.011521992211940797,nominal,0.0,ridge,S2,T0106
0.02185485184135139,0.04706294721220501,0.01669789660861084,nominal,0.0,ridge,S2,T0107
0.040186110510305746,0.1036099139986674,0.0470360790558772,nominal,0.0,ridge,S2,T0108
0.048554709884485195,0.39705202081810925,0.17156021271035815,nominal,0.0,ridge,S2,T0109
0.0479094759940485,0.0826171322620295,0.04162415691097791,nominal,0.0,ridge,S2,T0110
0.023491498037905297,0.0438382098354101,0.02108096585301172,nominal,0.0,ridge,S2,T0111
0.010735530285276297,0.08296688309049007,0.031799625690882204,nominal,0.0,ridge,S2,T0112
0.0360186127217424,0.07612477160508004,0.04309349050175879,nominal,0.0,ridge,S2,T0113
0.01947669764249649,0.005269822639857314,0.0044155830787199705,nominal,0.0,ridge,S2,T0114
0.0077054072695470505,0.17262194904470066,0.086959687572375,nominal,0.0,ridge,S2,T0115
0.05254699327149283,0.21943412543879942,0.10874646843266333,nominal,0.0,ridge,S2,T0116
0.09143550862402651,0.14945928910084647,0.06344949662806774,nominal,0.0,ridge,S2,T0117
0.09812263452684047,0.12566904484565158,0.058108284599737915,nominal,0.0,ridge,S2,T0118
0.011229379836441568,0.24837405966628706,0.1154151133927445,nominal,0.0,ridge,S2,T0119
0.005656069095678063,0.01565183279223337,0.014081652223843262,nominal,0.0,ridge,S2,T0120
0.011974551375296686,0.021849337765522673,0.008899685466228272,nominal,0.0,ridge,S2,T0121
0.01872470651505143,0.04440010018223196,0.023335855692085572,nominal,0.0,ridge,S2,T0122
0.022227491219356247,0.063626103457759,0.02770774628275598,nominal,0.0,ridge,S2,T0123
0.0031936677560895363,0.09966174891002602,0.04927162005821314,nominal,0.0,ridge,S2,T0124
0.032990944181932054,0.14504858293171,0.058665082460430173,nominal,0.0,ridge,S2,T0125
0.004930487420631847,0.023307684212245664,0.001963210510829346,nominal,0.0,ridge,S2,T0126
0.11841913138017165,0.08143884755272197,0.0292874833100083,nominal,0.0,ridge,S2,T0127
0.06009646289542593,0.1613076136794467,0.05724949230537158,nominal,0.0,ridge,S3,T0000
0.009344200600333865,0.06357158742299308,0.03226355185184949,nominal,0.0,ridge,S3,T0001
0.04250185810733998,0.10423484300752298,0.032663520415470944,nominal,0.0,ridge,S3,T0002
0.011579458518486409,0.1913890285583989,0.08693562936607593,nominal,0.0,ridge,S3,T0003
0.043234849800113946,0.14591155127340746,0.070338997808724,nominal,0.0,ridge,S3,T0004
0.04822072054971234,0.27651308611908015,0.1268953614603867,nominal,0.0,ridge,S3,T0005
0.055445363966087916,0.0073795167761586695,0.0004702337660949707,nominal,0.0,ridge,S3,T0006
0.008949720598457335,0.090613727054783,0.044484427845394775,nominal,0.0,ridge,S3,T0007
0.06913021419743427,0.09059626310372827,0.04048714404801489,nominal,0.0,ridge,S3,T0008
0.0023702414382936747,0.2809453066368734,0.12750539798868676,nominal,0.0,ridge,S3,T0009
0.07229603017836429,0.10701231495223842,0.04745646207161865,nominal,0.0,ridge,S3,T0010
0.034350454743929955,0.04297610007342884,0.02236033735401953,nominal,0.0,ridge,S3,T0011
0.11448555037660266,0.1769401992807135,0.06925323424186915,nominal,0.0,ridge,S3,T0012
0.04093609392490872,0.1475801036456301,0.06622731546267553,nominal,0.0,ridge,S3,T0013
0.003365632955066867,0.006049424202091704,0.006961882088374268,nominal,0.0,ridge,S3,T0014
0.037338271721130696,0.06556877172671895,0.023717640036499024,nominal,0.0,ridge,S3,T0015
0.01833886664763779,0.22109344140513137,0.10030311763122143,nominal,0.0,ridge,S3,T0016
0.13646066156348116,0.15338485355548495,0.06356876782076953,nominal,0.0,ridge,S3,T0017
0.0018983218782892002,0.22939305363139822,0.10907699062627198,nominal,0.0,ridge,S3,T0018
0.028360918675836018,0.04440594603598414,0.020784181418581665,nominal,0.0,ridge,S3,T0019
0.04162826361949979,0.07173224567169957,0.028283538498364746,nominal,0.0,ridge,S3,T0020
0.04396251604692925,0.14541837221244416,0.05969203987032263,nominal,0.0,ridge,S3,T0021
0.07027345994382013,0.43793099312489464,0.19707659977161962,nominal,0.0,ridge,S3,T0022
0.13394284111651447,0.19060907768568064,0.07551262955010486,nominal,0.0,ridge,S3,T0023
0.0066106146024216845,0.056693349681674624,0.03160023829536157,nominal,0.0,ridge,S3,T0024
0.004059189106391804,0.02561188602512727,0.023256013444283446,nominal,0.0,ridge,S3,T0025
0.0056847316995134465,0.14616573824657117,0.06437916074307361,nominal,0.0,ridge,S3,T0026
0.13023201144049176,0.14434394155128513,0.060226471622547365,nominal,0.0,ridge,S3,T0027
0.008937702117820525,0.054639697648619104,0.02683228795536621,nominal,0.0,ridge,S3,T0028
0.04209246481856888,0.1804970502628989,0.08609003501127026,nominal,0.0,ridge,S3,T0029
0.005168035914609182,0.09528798083306148,0.04234672824585815,nominal,0.0,ridge,S3,T0030
0.1377505027157769,0.2647684045873875,0.12951180536279933,nominal,0.0,ridge,S3,T0031
0.0116556957479963,0.15798021001638715,0.06369151892861194,nominal,0.0,ridge,S3,T0032
0.0168454905876303,0.07693202453738919,0.031056384798155517,nominal,0.0,ridge,S3,T0033
0.030096221098365745,0.14167524474869245,0.06759440255372155,nominal,0.0,ridge,S3,T0034
0.0883249628973032,0.008879288242604201,0.004585641797163208,nominal,0.0,ridge,S3,T0035
0.0523538832836218,0.056923283507624725,0.037455764939918576,nominal,0.0,ridge,S3,T0036
0.062165448705694695,0.06690457080978042,0.03712700545585669,nominal,0.0,ridge,S3,T0037
0.07590838003144142,0.23119897324204947,0.10059525272937281,nominal,0.0,ridge,S3,T0038
0.003901030308056109,0.05203304705034413,0.03553214162655713,nominal,0.0,ridge,S3,T0039
0.05506752634753921,0.043805016178533614,0.015578391162008057,nominal,0.0,ridge,S3,T0040
0.04271977358898394,0.04045969750787665,0.010236365478988159,nominal,0.0,ridge,S3,T0041
0.0712649150459105,0.1324184713083987,0.053050304209993654,nominal,0.0,ridge,S3,T0042
0.02318211265253334,0.11593341695082862,0.049793920752851564,nominal,0.0,ridge,S3,T0043
0.006899052706752508,0.2966689220375108,0.13901155061936427,nominal,0.0,ridge,S3,T0044
0.10115674639272018,0.3602982086586987,0.1642391282743484,nominal,0.0,ridge,S3,T0045
0.08091491596427915,0.040908663529635465,0.0212416912591272,nominal,0.0,ridge,S3,T0046
0.034338153597155426,0.03299979702381967,0.022219331814816893,nominal,0.0,ridge,S3,T0047
0.08213707766163426,0.07536820873974782,0.03365915895428943,nominal,0.0,ridge,S3,T0048
0.08293735245766738,0.06580530680011772,0.016546551448679933,nominal,0.0,ridge,S3,T0049
0.11845878847067506,0.027980372688735107,0.0007550547889028321,nominal,0.0,ridge,S3,T0050
0.04761967983139327,0.22776721984293458,0.11275030938311573,nominal,0.0,ridge,S3,T0051
0.036008414282230346,0.024381662952477352,0.008294139867619385,nominal,0.0,ridge,S3,T0052
0.02471992122952516,0.40012402417332876,0.18476607133074768,nominal,0.0,ridge,S3,T0053
0.06249054756002738,0.03973062877677292,0.016061264373109008,nominal,0.0,ridge,S3,T0054
0.059029621327940665,0.052905546119813865,0.01830002014131787,nominal,0.0,ridge,S3,T0055
0.036299236914904005,0.23051684188681537,0.08868437759827393,nominal,0.0,ridge,S3,T0056
0.011855956940811655,0.17733121396911442,0.07032643038207971,nominal,0.0,ridge,S3,T0057
0.00671440826209402,0.02045798605776972,0.0077005701579324955,nominal,0.0,ridge,S3,T0058
0.027558517844429038,0.029073655455575394,0.023571738303123046,nominal,0.0,ridge,S3,T0059
0.11223093443205714,0.36966737545561934,0.16269097303811217,nominal,0.0,ridge,S3,T0060
0.15189371283856004,0.06319747124500648,0.019234275066516357,nominal,0.0,ridge,S3,T0061
0.07911819053410875,0.04526212689885679,0.01786095379003711,nominal,0.0,ridge,S3,T0062
0.09974731964195435,0.15359634239844436,0.06861813098204957,nominal,0.0,ridge,S3,T0063
0.03592877676512563,0.015595360020536634,0.011043396028373658,nominal,0.0,ridge,S3,T0064
0.012926106083038517,0.036473147561087445,0.01602075622368872,nominal,0.0,ridge,S3,T0065
0.037930080592363254,0.1991483445161058,0.09935943575877319,nominal,0.0,ridge,S3,T0066
0.0713981598283467,0.010857296840971477,0.008675143088252808,nominal,0.0,ridge,S3,T0067
0.03381384299563112,0.06887571399549598,0.030510724436924073,nominal,0.0,ridge,S3,T0068
0.020041189711656474,0.0046888990404617146,0.008311547879621949,nominal,0.0,ridge,S3,T0069
0.02744664419683713,0.015344935089182669,0.005671229317026123,nominal,0.0,ridge,S3,T0070
0.10867614858190158,0.00509329582982665,0.008501489066905885,nominal,0.0,ridge,S3,T0071
0.060686536679402395,0.060096874589194174,0.03054413938236194,nominal,0.0,ridge,S3,T0072
0.020292455123261114,0.08603791643318538,0.028354793769743654,nominal,0.0,ridge,S3,T0073
0.05134673807039304,0.253440144019326,0.11938482031167676,nominal,0.0,ridge,S3,T0074
0.09670045975849559,0.30530529625950825,0.13845862084883082,nominal,0.0,ridge,S3,T0075
0.017092105528910554,0.05531194631585164,0.01731529023609424,nominal,0.0,ridge,S3,T0076
0.09828022959358143,0.03915080723059545,0.010162204377757325,nominal,0.0,ridge,S3,T0077
0.06386580032742785,0.04723981437174009,0.021434580351438477,nominal,0.0,ridge,S3,T0078
0.0010548540549870646,0.09381774490026448,0.0435281913412594,nominal,0.0,ridge,S3,T0079
0.0019548269048844107,0.23994495297943902,0.117806744027349,nominal,0.0,ridge,S3,T0080
0.040227095720188906,0.06742337156222718,0.017032553232732665,nominal,0.0,ridge,S3,T0081
0.1276177625646169,0.04433234065762571,0.020138829833433472,nominal,0.0,ridge,S3,T0082
0.18688669471989997,0.20050283883403497,0.0825463918577981,nominal,0.0,ridge,S3,T0083
0.01447280007794233,0.1325915136627032,0.054018359766682254,nominal,0.0,ridge,S3,T0084
0.0576050897860947,0.10250102458875035,0.043599245273428344,nominal,0.0,ridge,S3,T0085
0.042562990800757435,0.1689392472851831,0.08192601925504443,nominal,0.0,ridge,S3,T0086
0.05957038293721907,0.02086886483724071,0.010335895937686645,nominal,0.0,ridge,S3,T0087
0.07637351008254996,0.120164010194756,0.06071281795552478,nominal,0.0,ridge,S3,T0088
0.01408651227043867,0.06016563559927969,0.018527028141371214,nominal,0.0,ridge,S3,T0089
0.09539899774507368,0.13865483819177019,0.06919102465236487,nominal,0.0,ridge,S3,T0090
0.08572345694831397,0.2301738779748192,0.11701795501876587,nominal,0.0,ridge,S3,T0091
0.015899120857801322,0.0664627764505671,0.03189935805626391,nominal,0.0,ridge,S3,T0092
0.0615434076174798,7.12423018273123e-06,0.002348497410798706,nominal,0.0,ridge,S3,T0093
0.0728529757278762,0.26517342327818916,0.12109286982132764,nominal,0.0,ridge,S3,T0094
0.0871338151378029,0.00025630652314034835,0.007707340636177735,nominal,0.0,ridge,S3,T0095
0.027081010310824334,0.2095042400473166,0.10555660697146338,nominal,0.0,ridge,S3,T0096
0.06654351195080511,0.008421297325333367,0.003774620184314331,nominal,0.0,ridge,S3,T0097
0.13050559007529497,0.16104597358634457,0.06698520930662646,nominal,0.0,ridge,S3,T0098
0.09185375449915491,0.06299316781400167,0.024340266437697752,nominal,0.0,ridge,S3,T0099
0.019542558660853863,0.14480313794987545,0.061028791201394164,nominal,0.0,ridge,S3,T0100
0.11032545201254049,0.012950392021087168,0.0077576633359165035,nominal,0.0,ridge,S3,T0101
0.10463765290772034,0.21326526994594813,0.08186561381573657,nominal,0.0,ridge,S3,T0102
0.09370163416236256,0.006083194585015663,0.004963323855571533,nominal,0.0,ridge,S3,T0103
0.03345945535854295,0.1660300622163766,0.07622389074962622,nominal,0.0,ridge,S3,T0104
0.021937104792491006,0.09129138156298762,0.0326278203428645,nominal,0.0,ridge,S3,T0105
0.135319914650556,0.004186738768134358,0.005860947020258667,nominal,0.0,ridge,S3,T0106
0.022818384704210163,0.05192520387423184,0.023944784059597168,nominal,0.0,ridge,S3,T0107
0.03498965386730669,0.10367812538794738,0.043078347011908324,nominal,0.0,ridge,S3,T0108
0.04802728597394669,0.4020577152725317,0.1699856822229746,nominal,0.0,ridge,S3,T0109
0.03994467619901077,0.07246705530378235,0.03856961851873682,nominal,0.0,ridge,S3,T0110
0.02254176365433153,0.044329939005888226,0.024399174613361573,nominal,0.0,ridge,S3,T0111
0.0030050901792788584,0.09369621843577593,0.027881520452826537,nominal,0.0,ridge,S3,T0112
0.024487363108494094,0.062050820489038,0.033168745013055785,nominal,0.0,ridge,S3,T0113
0.017801158455547087,0.007083629517410374,0.0026047122088688965,nominal,0.0,ridge,S3,T0114
0.00997998216324403,0.177593986193631,0.09045077574404492,nominal,0.0,ridge,S3,T0115
0.04870167258696269,0.22581148584741617,0.11598856181579688,nominal,0.0,ridge,S3,T0116
0.09221190911007705,0.16147805944551455,0.06587088472100598,nominal,0.0,ridge,S3,T0117
0.09270681996595588,0.13353979360270277,0.06358227907297376,nominal,0.0,ridge,S3,T0118
0.006703880796540275,0.2459629802633193,0.12272724855371801,nominal,0.0,ridge,S3,T0119
0.005420273048883374,0.02136972877314736,0.013506700810912597,nominal,0.0,ridge,S3,T0120
0.01214129314100421,0.014961972111490755,0.007969776486998169,nominal,0.0,ridge,S3,T0121
0.022391663948874155,0.035573214696700835,0.016323881112578126,nominal,0.0,ridge,S3,T0122
0.02476563210678296,0.053649685287425766,0.023907714159338622,nominal,0.0,ridge,S3,T0123
0.009776242811592175,0.09944640059289081,0.042679689822698,nominal,0.0,ridge,S3,T0124
0.05601883812596521,0.17765470102134642,0.09165485308740796,nominal,0.0,ridge,S3,T0125
0.002195115110693036,0.03034686860860892,0.003359550543574829,nominal,0.0,ridge,S3,T0126
0.12048478208626925,0.081342071832074,0.033946537566760984,nominal,0.0,ridge,S3,T0127
0.0600071613488254,0.0024380711691268657,0.006630595433570923,nominal,0.5,gp,S1,T0000
0.009761250138687895,0.20716869056967352,0.10118943528090515,nominal,0.5,gp,S1,T0001
0.0029310964005141446,0.12778200435876744,0.04207896490494556,nominal,0.5,gp,S1,T0002
0.14913539842975335,0.24348867129658258,0.12418539677507104,nominal,0.5,gp,S1,T0003
0.11203268740354214,0.029923126726323086,0.01721955170274402,nominal,0.5,gp,S1,T0004
0.31541044854150857,0.14106520851688595,0.0724100795346936,nominal,0.5,gp,S1,T0005
0.040310867685467995,0.0014357162515105106,0.0018777049153969726,nominal,0.5,gp,S1,T0006
0.07866952265334683,0.046466451820687545,0.015957088274410766,nominal,0.5,gp,S1,T0007
0.11780001332452553,0.26384259155225054,0.11944999470312573,nominal,0.5,gp,S1,T0008
0.08291809175694,0.301029891690165,0.1273608880908911,nominal,0.5,gp,S1,T0009
0.06301297255228656,0.1569838706024779,0.06951063041945996,nominal,0.5,gp,S1,T0010
0.086423573402466,0.03818937784858257,0.0209708672720542,nominal,0.5,gp,S1,T0011
0.006747483367036124,0.16929252844940848,0.07491892566233471,nominal,0.5,gp,S1,T0012
0.1603447431976027,0.39144026653946656,0.17108769679840063,nominal,0.5,gp,S1,T0013
0.15474500280448725,0.110107558305059,0.046785807282115476,nominal,0.5,gp,S1,T0014
0.06409303166591192,0.02169340309249396,0.017757505344505372,nominal,0.5,gp,S1,T0015
0.04758598716880781,0.4141873731836294,0.19427456838720764,nominal,0.5,gp,S1,T0016
0.4195322678534187,0.26628160232827774,0.10993701007401575,nominal,0.5,gp,S1,T0017
0.07498502987913715,0.258197529952014,0.11624614097247657,nominal,0.5,gp,S1,T0018
0.027998976162711693,0.3087356531900593,0.14744910792586122,nominal,0.5,gp,S1,T0019
0.10510611671961492,0.24670653151240207,0.1023701929736184,nominal,0.5,gp,S1,T0020
0.023390078618729385,0.21021452848570937,0.08769411072134363,nominal,0.5,gp,S1,T0021
0.1217421337517455,0.4746895139996475,0.2114919711208069,nominal,0.5,gp,S1,T0022
0.06435135919125147,0.16425845399059338,0.06840277345442078,nominal,0.5,gp,S1,T0023
0.19304367763086838,0.10460701350868465,0.03853213087170483,nominal,0.5,gp,S1,T0024
0.02455936529866421,0.0009358380824636694,0.011680030188781372,nominal,0.5,gp,S1,T0025
0.09139284264204962,0.17039970664686463,0.08009147522613709,nominal,0.5,gp,S1,T0026
0.1414773343269893,0.21465866600063477,0.09329828220294507,nominal,0.5,gp,S1,T0027
0.05949929509654507,0.11945614630477444,0.07182349840552735,nominal,0.5,gp,S1,T0028
0.0897067797105633,0.16003024066436558,0.08668052103636169,nominal,0.5,gp,S1,T0029
0.04990294886038278,0.082088875946513,0.03977633541768115,nominal,0.5,gp,S1,T0030
0.00018057829109574544,0.3018470960611053,0.15905094242821874,nominal,0.5,gp,S1,T0031
0.0041651739505230165,0.16590843312772943,0.0814229609800763,nominal,0.5,gp,S1,T0032
0.13346962468137272,0.0164516867244674,0.015905596302683716,nominal,0.5,gp,S1,T0033
0.022752498611091635,0.21082857108297998,0.09541034838454188,nominal,0.5,gp,S1,T0034
0.23007843410886303,0.0697641789959569,0.028091632412733398,nominal,0.5,gp,S1,T0035
0.087519471277559,0.158639168719332,0.07333925287373633,nominal,0.5,gp,S1,T0036
0.22240310217852893,0.31030464593169055,0.13686091390452892,nominal,0.5,gp,S1,T0037
0.13422603430740923,0.021845313747826393,8.706896131958008e-06,nominal,0.5,gp,S1,T0038
0.20778181297918896,0.051641960956973224,0.037849016391097653,nominal,0.5,gp,S1,T0039
0.03623785956258064,0.08091974158717653,0.033271376503043334,nominal,0.5,gp,S1,T0040
0.050208085730949495,0.06055629165715061,0.034031991249045164,nominal,0.5,gp,S1,T0041
0.1670267523820557,0.3421070123239806,0.15463607236922192,nominal,0.5,gp,S1,T0042
0.09919702184224502,0.1362164568397262,0.05589038524970313,nominal,0.5,gp,S1,T0043
0.36888430593684635,0.05735796803936101,0.02158756529821875,nominal,0.5,gp,S1,T0044
0.25214070797851407,0.4217715062422579,0.1957081249017671,nominal,0.5,gp,S1,T0045
0.1520779756003732,0.10899677738956645,0.03446360962717505,nominal,0.5,gp,S1,T0046
0.10955821260522888,0.04927150310293922,0.01418867622709253,nominal,0.5,gp,S1,T0047
0.05877424137413435,0.39807886334466036,0.17883207995836353,nominal,0.5,gp,S1,T0048
0.09924205250327031,0.03497458985622454,0.0048678291738568115,nominal,0.5,gp,S1,T0049
0.1610763551624342,0.2086831492609279,0.1072615185570791,nominal,0.5,gp,S1,T0050
0.16138240747976487,0.4821270303677756,0.22862351754302954,nominal,0.5,gp,S1,T0051
0.25240084610583585,0.08324238046682865,0.038485028632448244,nominal,0.5,gp,S1,T0052
0.14638402724446278,0.46768226308303334,0.21556138626027074,nominal,0.5,gp,S1,T0053
0.01437132111685863,0.1874900567151783,0.08831267499392774,nominal,0.5,gp,S1,T0054
0.05577841775051219,0.07165119027497392,0.030996348484169677,nominal,0.5,gp,S1,T0055
0.09750432732374695,0.3486359278342022,0.1468928224138728,nominal,0.5,gp,S1,T0056
0.04323283678218049,0.21965375206244286,0.08911171929331592,nominal,0.5,gp,S1,T0057
0.006750615887837765,0.13100545015691387,0.058600691916436035,nominal,0.5,gp,S1,T0058
0.26386887810023885,0.06102128596833624,0.019153772719269165,nominal,0.5,gp,S1,T0059
0.08403562103463992,0.36738401906053797,0.15924076986120433,nominal,0.5,gp,S1,T0060
0.07961799914735725,0.03550490803304219,0.026433237147498536,nominal,0.5,gp,S1,T0061
0.24352822661663948,0.017438407573005524,0.0030772522046885985,nominal,0.5,gp,S1,T0062
0.19546252482645443,0.2987657233336117,0.1289751723544629,nominal,0.5,gp,S1,T0063
0.10296616789230859,0.17183305009218833,0.06785329770685987,nominal,0.5,gp,S1,T0064
0.06474966830605473,0.11565041381432109,0.04551133553133081,nominal,0.5,gp,S1,T0065
0.06806623867637086,0.1387922185250279,0.06420460685192969,nominal,0.5,gp,S1,T0066
0.02340089018308456,0.3125872203472691,0.12689258087846889,nominal,0.5,gp,S1,T0067
0.13434288969843197,0.051580051076085556,0.010745132206193848,nominal,0.5,gp,S1,T0068
0.025000307329171863,0.004086449557561545,0.003460151143883911,nominal,0.5,gp,S1,T0069
0.22273935068803852,0.1714034228659503,0.07505038126079017,nominal,0.5,gp,S1,T0070
0.0032402125065672535,0.12377628263952226,0.05420720582242615,nominal,0.5,gp,S1,T0071
0.06991467750208342,0.032643079724824504,0.016960475930200194,nominal,0.5,gp,S1,T0072
0.05347146491808176,0.2644756963195694,0.11346217253091076,nominal,0.5,gp,S1,T0073
0.13701305934417543,0.28848785900866875,0.13934677350753175,nominal,0.5,gp,S1,T0074
0.26753048027611476,0.1314794346518489,0.05376942051716431,nominal,0.5,gp,S1,T0075
0.036676064885685096,0.14133555488056312,0.06418607754393042,nominal,0.5,gp,S1,T0076
0.17884712557619256,0.1100696887246436,0.04212341497470923,nominal,0.5,gp,S1,T0077
0.25777189096463543,0.00251385224198375,0.004555592750748779,nominal,0.5,gp,S1,T0078
0.10761443290170816,0.04130046837717228,0.013466264503702393,nominal,0.5,gp,S1,T0079
0.06985022311212148,0.21836949407760298,0.10797862890386987,nominal,0.5,gp,S1,T0080
0.13062423484207944,0.027655581878227593,0.001954116875392456,nominal,0.5,gp,S1,T0081
0.09138115698993422,0.17403267399057484,0.07298701644748608,nominal,0.5,gp,S1,T0082
0.27733398633183753,0.30595644072569184,0.128518701123573,nominal,0.5,gp,S1,T0083
0.11830605982083828,0.05766837829881967,0.025905492373264647,nominal,0.5,gp,S1,T0084
0.0594842148642072,0.08055588284401118,0.03357663248110193,nominal,0.5,gp,S1,T0085
0.00488885823461377,0.039507127667572924,0.02166465277913452,nominal,0.5,gp,S1,T0086
0.09685908953377789,0.041877198515463405,0.018843115128127197,nominal,0.5,gp,S1,T0087
0.05006958557008252,0.26332625737355875,0.12754277134436132,nominal,0.5,gp,S1,T0088
0.125556839328162,0.2620120607728083,0.11337247644091919,nominal,0.5,gp,S1,T0089
0.09452862972610862,0.22263739351590767,0.10533531617623242,nominal,0.5,gp,S1,T0090
0.05594097951381384,0.13096476316256103,0.0745447328683761,nominal,0.5,gp,S1,T0091
0.18515827042417723,0.012169434588940601,0.006341513440572022,nominal,0.5,gp,S1,T0092
0.11280105227432227,0.051749937846574126,0.028743185733068603,nominal,0.5,gp,S1,T0093
0.09441328283306463,0.1498821408236656,0.07599512282733496,nominal,0.5,gp,S1,T0094
0.07533140164401265,0.1513807145295676,0.07137396077455639,nominal,0.5,gp,S1,T0095
0.14788573202676294,0.31190336020230225,0.1499243389694989,nominal,0.5,gp,S1,T0096
0.08706283342281686,0.05193081714702426,0.02267522814639331,nominal,0.5,gp,S1,T0097
0.08277727288858534,0.1364714932005923,0.049425596030518555,nominal,0.5,gp,S1,T0098
0.26398828406890235,0.0834138512527094,0.028592375077762206,nominal,0.5,gp,S1,T0099
0.030197360356992727,0.07695803762921839,0.03054713238897986,nominal,0.5,gp,S1,T0100
0.07415331478712901,0.15035223084270358,0.06499663494676954,nominal,0.5,gp,S1,T0101
0.050513904187892714,0.23920968777646606,0.10333008573910986,nominal,0.5,gp,S1,T0102
0.09011175357480918,0.016787742371307816,0.01371665299677417,nominal,0.5,gp,S1,T0103
0.15765288275549463,0.19486144904769387,0.08136367114214794,nominal,0.5,gp,S1,T0104
0.04755801037259812,0.3124144304633345,0.1283198543422749,nominal,0.5,gp,S1,T0105
0.32537741303897116,0.14940955657755553,0.08599299104830506,nominal,0.5,gp,S1,T0106
0.04841512268902283,0.1297575691317507,0.06824526871274121,nominal,0.5,gp,S1,T0107
0.04724040633719008,0.12562972433296657,0.05672591919955542,nominal,0.5,gp,S1,T0108
0.07338368009800313,0.4805026632244151,0.20662097452191674,nominal,0.5,gp,S1,T0109
0.04327652918393877,0.0630412034700681,0.026203188080569702,nominal,0.5,gp,S1,T0110
0.028211762857066898,0.08513159176951447,0.04544378923568262,nominal,0.5,gp,S1,T0111
0.056524271382105154,0.09701047393089027,0.028566861563579467,nominal,0.5,gp,S1,T0112
0.10770274208572242,0.08618130752793414,0.04965420361902588,nominal,0.5,gp,S1,T0113
0.004542050926644726,0.06588843951658264,0.027485952462991944,nominal,0.5,gp,S1,T0114
0.10365559351240675,0.04364477687086588,0.02454358236455713,nominal,0.5,gp,S1,T0115
0.12444993150207198,0.45721877996113836,0.21282431099162696,nominal,0.5,gp,S1,T0116
0.20602033721016327,0.06896673032541768,0.0390113147517428,nominal,0.5,gp,S1,T0117
0.26277970319327415,0.24886607803908062,0.11331078902367127,nominal,0.5,gp,S1,T0118
0.017137981956289464,0.30761849836647154,0.1512399557310055,nominal,0.5,gp,S1,T0119
0.133366707363575,0.020784570775967407,0.015253334186974244,nominal,0.5,gp,S1,T0120
0.018080452184401356,0.03050627837291043,0.01112738142008081,nominal,0.5,gp,S1,T0121
0.13775019966482285,0.014098494690612532,0.003831423208870361,nominal,0.5,gp,S1,T0122
0.1893506544151916,0.014014850709875851,0.0022685616314644776,nominal,0.5,gp,S1,T0123
0.15723131655931702,0.09367392455327418,0.05032974238589697,nominal,0.5,gp,S1,T0124
0.03647021118875716,0.129101479270381,0.05349203303433935,nominal,0.5,gp,S1,T0125
0.023225081413731367,0.0972454501954462,0.05826035062990173,nominal,0.5,gp,S1,T0126
0.013018765791070756,0.02928812117074909,0.020545500389326173,nominal,0.5,gp,S1,T0127
0.018040297084048477,0.05840304220356225,0.03389434550820777,nominal,0.5,gp,S1x2,T0000
0.0330878335323584,0.18729294883171185,0.09196191886708996,nominal,0.5,gp,S1x2,T0001
0.05369565440158432,0.057168964812975856,0.008381725371654542,nominal,0.5,gp,S1x2,T0002
0.08536348429071085,0.2432730679591597,0.12323961585866468,nominal,0.5,gp,S1x2,T0003
0.062242712822080395,0.0565627046910039,0.02351060101290491,nominal,0.5,gp,S1x2,T0004
0.2071870079856306,0.10851491979351316,0.060345381670273195,nominal,0.5,gp,S1x2,T0005
0.010678004018881972,0.06660378280520353,0.02640320112137793,nominal,0.5,gp,S1x2,T0006
0.03602586079081955,0.06702730823674675,0.02644820199915625,nominal,0.5,gp,S1x2,T0007
0.06283447732365889,0.4236094406342265,0.18935841038309167,nominal,0.5,gp,S1x2,T0008
0.1715550104343583,0.23520628484412615,0.10069550975471778,nominal,0.5,gp,S1x2,T0009
0.0702324948546207,0.16072546817865466,0.07359779941060254,nominal,0.5,gp,S1x2,T0010
0.011791018991210437,0.08952348477847762,0.03430534425458399,nominal,0.5,gp,S1x2,T0011
0.027812979858082017,0.17608990998775445,0.0808515484716587,nominal,0.5,gp,S1x2,T0012
0.1274529588520568,0.39964896184752,0.17652617356954334,nominal,0.5,gp,S1x2,T0013
0.14955681605800245,0.11933919132780027,0.046646260634819824,nominal,0.5,gp,S1x2,T0014
0.048884483381439206,0.06050801040774713,0.038590052178705564,nominal,0.5,gp,S1x2,T0015
0.01667516396346658,0.40239695151611476,0.19137667449281567,nominal,0.5,gp,S1x2,T0016
0.30628187110186894,0.3085198776373194,0.1329762267893656,nominal,0.5,gp,S1x2,T0017
0.05163100849185255,0.36257389359168063,0.16311460777976294,nominal,0.5,gp,S1x2,T0018
0.06367096986908434,0.23584081647680866,0.11745370782147815,nominal,0.5,gp,S1x2,T0019
0.0792669269974089,0.29853410399241254,0.13167003750436376,nominal,0.5,gp,S1x2,T0020
0.09021943747936524,0.06100251229230137,0.022322592638312867,nominal,0.5,gp,S1x2,T0021
0.15758203514234434,0.48528546702513814,0.21831915637054933,nominal,0.5,gp,S1x2,T0022
0.03196226443420159,0.20608253743751143,0.09000931617629432,nominal,0.5,gp,S1x2,T0023
0.1491791171298826,0.13090996004141878,0.05178079848514942,nominal,0.5,gp,S1x2,T0024
0.017643991346973368,0.029737221209945604,0.025848816577019287,nominal,0.5,gp,S1x2,T0025
0.059843246025491084,0.21519959717674209,0.10114747512938684,nominal,0.5,gp,S1x2,T0026
0.007766889746495255,0.1691345852084564,0.07499621749354077,nominal,0.5,gp,S1x2,T0027
0.042977900348868954,0.04139423290807188,0.03575861978104785,nominal,0.5,gp,S1x2,T0028
0.018369821261290945,0.14334523244940392,0.07646147837995837,nominal,0.5,gp,S1x2,T0029
0.012639673573596747,0.06681588491689512,0.02960275817425122,nominal,0.5,gp,S1x2,T0030
0.043578717375935834,0.2687142815197963,0.14761769224581786,nominal,0.5,gp,S1x2,T0031
0.0065986001533269185,0.21289253248288903,0.09824024576433776,nominal,0.5,gp,S1x2,T0032
0.07052811481656986,0.05861147115111044,0.033134336871777956,nominal,0.5,gp,S1x2,T0033
0.047900185778451135,0.1789565137566901,0.07798464909101464,nominal,0.5,gp,S1x2,T0034
0.15758215132956419,0.08990108599457426,0.04075436349546033,nominal,0.5,gp,S1x2,T0035
0.1798970178172105,0.10289765944427712,0.0527458761922904,nominal,0.5,gp,S1x2,T0036
0.17096162490159414,0.3398712553637568,0.15027823006581603,nominal,0.5,gp,S1x2,T0037
0.14688210131823867,0.047598232779943475,0.03245297126698181,nominal,0.5,gp,S1x2,T0038
0.16092021635189,0.0498865844249405,0.03235196069648023,nominal,0.5,gp,S1x2,T0039
0.007729172160289012,0.030650644142455892,0.012650757491679444,nominal,0.5,gp,S1x2,T0040
0.034545550157084055,0.19797625454529988,0.09843113842124317,nominal,0.5,gp,S1x2,T0041
0.1996139666678976,0.23136043828205838,0.10265619789369348,nominal,0.5,gp,S1x2,T0042
0.123953023070319,0.15237550940001846,0.061950199427955564,nominal,0.5,gp,S1x2,T0043
0.3179512214003472,0.03164983755346574,0.011279019387617675,nominal,0.5,gp,S1x2,T0044
0.180705610812002,0.3622825297019439,0.1644253339997405,nominal,0.5,gp,S1x2,T0045
0.14158604042944226,0.01787658220542027,0.024268347936176757,nominal,0.5,gp,S1x2,T0046
0.15638672329328449,0.037090736827853917,0.013868955627669067,nominal,0.5,gp,S1x2,T0047
0.02912591453687053,0.2236562599649417,0.0967464064760691,nominal,0.5,gp,S1x2,T0048
0.050309560300636505,0.04072699122462887,0.02445333070131604,nominal,0.5,gp,S1x2,T0049
0.10875090594125617,0.16561427791531305,0.08605725618953272,nominal,0.5,gp,S1x2,T0050
0.13722373466319163,0.3307619319500641,0.1538265184508125,nominal,0.5,gp,S1x2,T0051
0.22879056533283015,0.09510622049563436,0.043049715408290036,nominal,0.5,gp,S1x2,T0052
0.15156114967162074,0.4941713527824014,0.22304989673623218,nominal,0.5,gp,S1x2,T0053
0.06135875407984383,0.08377642354957417,0.039735576825099976,nominal,0.5,gp,S1x2,T0054
0.029793651865041855,0.14950759304560332,0.06735039264030823,nominal,0.5,gp,S1x2,T0055
0.06614398777547605,0.31760854013782375,0.13577831928500647,nominal,0.5,gp,S1x2,T0056
0.03206820393895277,0.17185238623729535,0.07208035363572705,nominal,0.5,gp,S1x2,T0057
0.02899903077785982,0.10037894176175347,0.04277077252048743,nominal,0.5,gp,S1x2,T0058
0.1963195928358178,0.07096431500641433,0.024358716999339478,nominal,0.5,gp,S1x2,T0059
0.14448855954345588,0.28296285991751274,0.12290837177094958,nominal,0.5,gp,S1x2,T0060
0.07266709802064121,0.03195005143361435,0.005656876565536133,nominal,0.5,gp,S1x2,T0061
0.1786742193215213,0.02667993594895502,0.009291650275283326,nominal,0.5,gp,S1x2,T0062
0.17504953035653362,0.20985320939950874,0.08602031005937134,nominal,0.5,gp,S1x2,T0063
0.005225007989966835,0.14073570088802864,0.05354020385347558,nominal,0.5,gp,S1x2,T0064
0.05455624471414096,0.039400425013844116,0.012663538720520996,nominal,0.5,gp,S1x2,T0065
0.06560472507498251,0.1592862981850399,0.0684475898479397,nominal,0.5,gp,S1x2,T0066
0.011580116692909983,0.20566331497142992,0.08091226616389881,nominal,0.5,gp,S1x2,T0067
0.1762793003247479,0.005813549449937839,0.004431317658607666,nominal,0.5,gp,S1x2,T0068
0.024107596094475055,0.017579689825699133,0.0049313093296126705,nominal,0.5,gp,S1x2,T0069
0.08300233224464439,0.19670283181523368,0.09152624011807543,nominal,0.5,gp,S1x2,T0070
0.035585749888765734,0.045366634254614964,0.017576345367515747,nominal,0.5,gp,S1x2,T0071
0.014114674300721167,0.0039450065391749565,0.0041129083878962405,nominal,0.5,gp,S1x2,T0072
0.026199729115212463,0.2986657979408814,0.13025346572207921,nominal,0.5,gp,S1x2,T0073
0.05137167367682967,0.18788942620479648,0.09355846088442626,nominal,0.5,gp,S1x2,T0074
0.16886492727330035,0.0987308029042672,0.0423812292552063,nominal,0.5,gp,S1x2,T0075
0.005899683744143016,0.18743788300812,0.07699590988212036,nominal,0.5,gp,S1x2,T0076
0.11903928669630695,0.04326520316271732,0.009575342483577148,nominal,0.5,gp,S1x2,T0077
0.2529509207829212,0.016615990983460675,0.007674095557473633,nominal,0.5,gp,S1x2,T0078
0.006385275733847841,0.03335148690488982,0.020444837530502198,nominal,0.5,gp,S1x2,T0079
0.056474197040146404,0.19365193511993428,0.09830156323602234,nominal,0.5,gp,S1x2,T0080
0.13357216304556999,0.001789871727049253,0.008305250287790283,nominal,0.5,gp,S1x2,T0081
0.06832554467855302,0.10268792583220418,0.04293872087392066,nominal,0.5,gp,S1x2,T0082
0.30920929763765265,0.2652526778659656,0.10990510777206713,nominal,0.5,gp,S1x2,T0083
0.12237388029844756,0.047830860797493116,0.022559328127062257,nominal,0.5,gp,S1x2,T0084
0.03522715130416688,0.15965242534654203,0.07103032160369788,nominal,0.5,gp,S1x2,T0085
0.05252723113944148,0.0019481292213249794,0.0028357580502590333,nominal,0.5,gp,S1x2,T0086
0.1075418380970661,0.09618071986248702,0.04734625355570435,nominal,0.5,gp,S1x2,T0087
0.054569590943776294,0.16555392711115477,0.08148063904393078,nominal,0.5,gp,S1x2,T0088
0.16325623375516798,0.1957755201345452,0.08344729166172876,nominal,0.5,gp,S1x2,T0089
0.10013898851274075,0.17650420856350604,0.07933533037445703,nominal,0.5,gp,S1x2,T0090
0.07328210204042342,0.010202935590448993,0.014243729286342774,nominal,0.5,gp,S1x2,T0091
0.1886765432546062,0.05480083581830776,0.008576590237357667,nominal,0.5,gp,S1x2,T0092
0.05459656748653814,0.17972688366605707,0.08834388160343494,nominal,0.5,gp,S1x2,T0093
0.067461900019703,0.15394380566156443,0.07570819466732813,nominal,0.5,gp,S1x2,T0094
0.09639360513419823,0.17343498930052717,0.0821129399117439,nominal,0.5,gp,S1x2,T0095
0.09541790869296687,0.2838102248519481,0.1350797329714131,nominal,0.5,gp,S1x2,T0096
0.01571480446630247,0.0035976801902173903,0.00032554536612280276,nominal,0.5,gp,S1x2,T0097
0.10411496765531383,0.16336125328949516,0.06079569607638428,nominal,0.5,gp,S1x2,T0098
0.18036115983374126,0.14328675317932474,0.05522298338652637,nominal,0.5,gp,S1x2,T0099
0.10169580190597663,0.005352212625981957,0.001026167710828003,nominal,0.5,gp,S1x2,T0100
0.11151381873372587,0.03334637534304464,0.013498003185825684,nominal,0.5,gp,S1x2,T0101
0.025009373988353352,0.20353773143163895,0.08808860726473877,nominal,0.5,gp,S1x2,T0102
0.006862881744042206,0.021646287885306596,0.01730635109222925,nominal,0.5,gp,S1x2,T0103
0.17701402263086505,0.2003240523246292,0.08725663603328222,nominal,0.5,gp,S1x2,T0104
0.024212222858113204,0.2833847887962929,0.11982998591196094,nominal,0.5,gp,S1x2,T0105
0.19179615970362224,0.07544522159584567,0.048284438069528805,nominal,0.5,gp,S1x2,T0106
0.06325358589466203,0.033894567114928505,0.022215490813560057,nominal,0.5,gp,S1x2,T0107
0.05684727975268812,0.1211646397404251,0.05491381836976318,nominal,0.5,gp,S1x2,T0108
0.14414642061868047,0.3974888362573052,0.16797891254545166,nominal,0.5,gp,S1x2,T0109
0.018957422806411554,0.04204544627045171,0.018324146803612183,nominal,0.5,gp,S1x2,T0110
0.07100702024480211,0.03778877616931132,0.02732777569363098,nominal,0.5,gp,S1x2,T0111
0.060615093947495605,0.1939124782079022,0.07166725252651478,nominal,0.5,gp,S1x2,T0112
0.11769246950616544,0.007312030695174056,0.012386433008227905,nominal,0.5,gp,S1x2,T0113
0.03195634904228196,0.06555397657297736,0.029978650089405028,nominal,0.5,gp,S1x2,T0114
0.12758838090368155,0.01589734384392028,0.00631206089721167,nominal,0.5,gp,S1x2,T0115
0.07897197614818831,0.42798757034176027,0.2034482340838618,nominal,0.5,gp,S1x2,T0116
0.08288081614641009,0.11338736999945645,0.055161754669336795,nominal,0.5,gp,S1x2,T0117
0.2597948658899513,0.20178759728095802,0.08996504974333862,nominal,0.5,gp,S1x2,T0118
0.02120042754032714,0.3079122935950499,0.15021828052475952,nominal,0.5,gp,S1x2,T0119
0.0980426518559355,0.01680289426629789,0.006743710282386719,nominal,0.5,gp,S1x2,T0120
0.0855212889361995,0.013794128053245817,0.0008900655743039551,nominal,0.5,gp,S1x2,T0121
0.16543974320656743,0.00438896694968799,0.008836703896734986,nominal,0.5,gp,S1x2,T0122
0.28885042578393644,0.09519426599308659,0.04744507441546069,nominal,0.5,gp,S1x2,T0123
0.13344980163446377,0.1542187194879119,0.0765347749336914,nominal,0.5,gp,S1x2,T0124
0.008797522905447665,0.13342405959441309,0.05633877048367554,nominal,0.5,gp,S1x2,T0125
0.05076134698742853,0.011279413787323724,0.009189493829571167,nominal,0.5,gp,S1x2,T0126
0.001069587298742625,0.027486549057103023,0.002845032161960083,nominal,0.5,gp,S1x2,T0127
0.02218800603789595,0.035667471818595926,0.022786228314802492,nominal,0.5,gp,S1x2cat,T0000
0.0604549915055841,0.21799807503991692,0.10743699435903088,nominal,0.5,gp,S1x2cat,T0001
0.0672704877064423,0.0508452277787519,0.00505780704010376,nominal,0.5,gp,S1x2cat,T0002
0.11619936484812135,0.24990462136172403,0.1321766572342484,nominal,0.5,gp,S1x2cat,T0003
0.06428363254945225,0.04254981227383132,0.01650400298751892,nominal,0.5,gp,S1x2cat,T0004
0.21963468948852793,0.10680288870118657,0.06415363913159851,nominal,0.5,gp,S1x2cat,T0005
0.0007050986978382469,0.10010709038468904,0.042933140346279056,nominal,0.5,gp,S1x2cat,T0006
0.0405358397252767,0.047486121715236154,0.01614264821646533,nominal,0.5,gp,S1x2cat,T0007
0.05578518393219657,0.4441326156464552,0.19933940860814514,nominal,0.5,gp,S1x2cat,T0008
0.18562510503600974,0.19001960690286152,0.08043203645980347,nominal,0.5,gp,S1x2cat,T0009
0.09160042451449692,0.149836061475373,0.06831372761979199,nominal,0.5,gp,S1x2cat,T0010
0.048717349679622005,0.11059657960041355,0.04447551352101465,nominal,0.5,gp,S1x2cat,T0011
0.012937302366816675,0.14145515298038927,0.0695165094062771,nominal,0.5,gp,S1x2cat,T0012
0.13183154753886292,0.35381299063772165,0.15509727103187537,nominal,0.5,gp,S1x2cat,T0013
0.15540632295440923,0.11506600626858518,0.041527893511190184,nominal,0.5,gp,S1x2cat,T0014
0.04440978294434406,0.035899562671964654,0.029542866829291504,nominal,0.5,gp,S1x2cat,T0015
0.008899710213738645,0.38764304655258053,0.18721569149723766,nominal,0.5,gp,S1x2cat,T0016
0.3451590720179807,0.3275288423861034,0.13728377083790466,nominal,0.5,gp,S1x2cat,T0017
0.02787141085411283,0.37852242316694773,0.17335229462145704,nominal,0.5,gp,S1x2cat,T0018
0.07226253495986741,0.22394463034815604,0.11304519173511964,nominal,0.5,gp,S1x2cat,T0019
0.0675555326384686,0.2747678631879536,0.12069237016190136,nominal,0.5,gp,S1x2cat,T0020
0.11902861624775221,0.051690150342275656,0.015767614350486694,nominal,0.5,gp,S1x2cat,T0021
0.1992964792628516,0.47276122550485394,0.21437639607093628,nominal,0.5,gp,S1x2cat,T0022
0.07608070140840474,0.18051207487977286,0.08270538764201404,nominal,0.5,gp,S1x2cat,T0023
0.1885493889766935,0.16597078392618206,0.06522677180228686,nominal,0.5,gp,S1x2cat,T0024
0.025520427276551634,0.01461063149332226,0.007947070151542847,nominal,0.5,gp,S1x2cat,T0025
0.07137789452411893,0.18975985381010924,0.08877817448551502,nominal,0.5,gp,S1x2cat,T0026
0.03931272456990793,0.19549002592110848,0.08553676546388232,nominal,0.5,gp,S1x2cat,T0027
0.038303328090372186,0.05402634523259066,0.0463009935235979,nominal,0.5,gp,S1x2cat,T0028
0.020741025974128083,0.17074734600242172,0.09344976819455847,nominal,0.5,gp,S1x2cat,T0029
0.017710309600021682,0.052719054374355825,0.02450974437122168,nominal,0.5,gp,S1x2cat,T0030
0.08514593531812582,0.2422843425908736,0.13944244012844506,nominal,0.5,gp,S1x2cat,T0031
0.012361446538763369,0.23321538730933655,0.10684440583284045,nominal,0.5,gp,S1x2cat,T0032
0.10279223498676829,0.0898825471583803,0.04951271754210571,nominal,0.5,gp,S1x2cat,T0033
0.024109813680227028,0.20351947666498205,0.08856725223093628,nominal,0.5,gp,S1x2cat,T0034
0.18960949710753217,0.04977745103450311,0.020145454377308226,nominal,0.5,gp,S1x2cat,T0035
0.14258601331163664,0.09073700786848661,0.04674065215856372,nominal,0.5,gp,S1x2cat,T0036
0.17178645027087494,0.3689915364568564,0.165467774382146,nominal,0.5,gp,S1x2cat,T0037
0.13366043706125322,0.03317097825134647,0.027050689448239625,nominal,0.5,gp,S1x2cat,T0038
0.17313710541170788,0.05577545817025771,0.037546692188668455,nominal,0.5,gp,S1x2cat,T0039
0.00446800726503438,0.06601164152323648,0.028436151136582398,nominal,0.5,gp,S1x2cat,T0040
0.04159532220304241,0.18009401284404622,0.09390871206420605,nominal,0.5,gp,S1x2cat,T0041
0.18421170334435247,0.2686951035062746,0.11829344695882739,nominal,0.5,gp,S1x2cat,T0042
0.10909187329739281,0.16094735312446265,0.06582239255309595,nominal,0.5,gp,S1x2cat,T0043
0.31925478689209397,0.02719859346431542,0.007911891324159669,nominal,0.5,gp,S1x2cat,T0044
0.21867874118772007,0.376979106042566,0.1727276016859834,nominal,0.5,gp,S1x2cat,T0045
0.16463717957025173,0.033343577393052944,0.03220151740287097,nominal,0.5,gp,S1x2cat,T0046
0.1679321673455317,0.02654243573027932,0.010154479101834106,nominal,0.5,gp,S1x2cat,T0047
0.04462924701184979,0.24601979381148503,0.10639782938493554,nominal,0.5,gp,S1x2cat,T0048
0.08421549300712873,0.008328471643397619,0.011098358564990723,nominal,0.5,gp,S1x2cat,T0049
0.10232687655171605,0.17990124506750335,0.09468232050233569,nominal,0.5,gp,S1x2cat,T0050
0.1492124658198868,0.40850435508606825,0.18744576968913013,nominal,0.5,gp,S1x2cat,T0051
0.19785383431776415,0.11611028155501749,0.05375509850350952,nominal,0.5,gp,S1x2cat,T0052
0.13461872052035337,0.48431701242887687,0.22072951072523803,nominal,0.5,gp,S1x2cat,T0053
0.04100468649085504,0.15053102471577876,0.06934955464990003,nominal,0.5,gp,S1x2cat,T0054
0.01724838563426673,0.13812431556897545,0.06495176776021558,nominal,0.5,gp,S1x2cat,T0055
0.08494667974236038,0.3201226841472949,0.13787427442663341,nominal,0.5,gp,S1x2cat,T0056
0.04800662297645199,0.1524544582255469,0.06481294187945032,nominal,0.5,gp,S1x2cat,T0057
0.019261563125079765,0.12071011103495596,0.04880773221143579,nominal,0.5,gp,S1x2cat,T0058
0.22116284884514592,0.038737164092721994,0.005335373897522217,nominal,0.5,gp,S1x2cat,T0059
0.1506885306930045,0.294740658584389,0.1292551276450924,nominal,0.5,gp,S1x2cat,T0060
0.07412099458215861,0.04837072960087287,0.010675643955525147,nominal,0.5,gp,S1x2cat,T0061
0.2143017658253566,0.019406803283140154,0.010321510235679931,nominal,0.5,gp,S1x2cat,T0062
0.1892470243434891,0.23609785650213438,0.094472863538531,nominal,0.5,gp,S1x2cat,T0063
0.024515092586993865,0.1474363584707439,0.05468942279065686,nominal,0.5,gp,S1x2cat,T0064
0.05655064185909804,0.019657595523952524,0.0036555430404257815,nominal,0.5,gp,S1x2cat,T0065
0.06794123408651877,0.17562038525841375,0.07273240176388342,nominal,0.5,gp,S1x2cat,T0066
0.014259352421919228,0.215080101752056,0.08387227825752624,nominal,0.5,gp,S1x2cat,T0067
0.18032328093097436,0.035873597111072415,0.02140238425624927,nominal,0.5,gp,S1x2cat,T0068
0.025697804123945574,0.046370919783891025,0.01693814171676123,nominal,0.5,gp,S1x2cat,T0069
0.1171921712142324,0.1680867257209945,0.07534076081018225,nominal,0.5,gp,S1x2cat,T0070
0.008634076815655646,0.07515173859990233,0.02903129484510303,nominal,0.5,gp,S1x2cat,T0071
0.013750093087917529,0.022817373746019113,0.01482919409586438,nominal,0.5,gp,S1x2cat,T0072
0.03860365579980236,0.29093183008834794,0.12828386625473132,nominal,0.5,gp,S1x2cat,T0073
0.05226859193114998,0.2029368897212267,0.10043007020232227,nominal,0.5,gp,S1x2cat,T0074
0.18983795699950268,0.08957085867992322,0.0368909551945603,nominal,0.5,gp,S1x2cat,T0075
0.014562561248565035,0.24308645939526896,0.09988390977760889,nominal,0.5,gp,S1x2cat,T0076
0.12047943637289452,0.004961795762008226,0.007405544278325439,nominal,0.5,gp,S1x2cat,T0077
0.24298826097209797,0.010797143528030186,0.006323406617453003,nominal,0.5,gp,S1x2cat,T0078
0.009456218644970373,0.008303715627358545,0.001276103427232422,nominal,0.5,gp,S1x2cat,T0079
0.07516299103969144,0.17922923513260305,0.09270207980726684,nominal,0.5,gp,S1x2cat,T0080
0.13600069987031785,0.030119220581618096,0.020955746845475343,nominal,0.5,gp,S1x2cat,T0081
0.07703242592612126,0.09421765662672363,0.03984251011321118,nominal,0.5,gp,S1x2cat,T0082
0.31740551937123945,0.28263671351488084,0.11725354079095288,nominal,0.5,gp,S1x2cat,T0083
0.12124652363609492,0.0028118769933005443,0.005475283521680176,nominal,0.5,gp,S1x2cat,T0084
0.05027097748414923,0.14517515434451292,0.0682762386174176,nominal,0.5,gp,S1x2cat,T0085
0.05919886853127694,0.017642480440103473,0.004780265482993408,nominal,0.5,gp,S1x2cat,T0086
0.09484964422424583,0.10261293351163245,0.04812547211745142,nominal,0.5,gp,S1x2cat,T0087
0.0802424916417452,0.17229478332351086,0.08691278568925098,nominal,0.5,gp,S1x2cat,T0088
0.16526428266046447,0.22606584202713947,0.09341595922187426,nominal,0.5,gp,S1x2cat,T0089
0.12547217607521147,0.20504184818974763,0.09321815196963404,nominal,0.5,gp,S1x2cat,T0090
0.09884292399895275,0.03148565942365512,0.025429724920765992,nominal,0.5,gp,S1x2cat,T0091
0.17641740532016562,0.0876479567889782,0.02324717952187207,nominal,0.5,gp,S1x2cat,T0092
0.08107060826598957,0.16200431335986423,0.08474067680007703,nominal,0.5,gp,S1x2cat,T0093
0.07074511512055238,0.17760278089456463,0.08512885933550635,nominal,0.5,gp,S1x2cat,T0094
0.08678432605486926,0.1534263382116097,0.07525844183830786,nominal,0.5,gp,S1x2cat,T0095
0.11777760141522295,0.2773285225099995,0.13222988399219934,nominal,0.5,gp,S1x2cat,T0096
0.008545987209748198,0.03425304734679225,0.010998766288805053,nominal,0.5,gp,S1x2cat,T0097
0.12794175235595232,0.16771194835093986,0.06128935563244702,nominal,0.5,gp,S1x2cat,T0098
0.1904269261375386,0.1361375359030548,0.052168325676418215,nominal,0.5,gp,S1x2cat,T0099
0.07829782583362756,0.0008703951881033902,0.005474388677748291,nominal,0.5,gp,S1x2cat,T0100
0.11881843708919568,0.019009447658868698,0.009227734397568847,nominal,0.5,gp,S1x2cat,T0101
0.033726582753022545,0.18961105715216703,0.0834801292875625,nominal,0.5,gp,S1x2cat,T0102
0.030866303829461823,0.01871170035169845,0.016098236596816407,nominal,0.5,gp,S1x2cat,T0103
0.19514968250221898,0.14754415713973681,0.06558472199393481,nominal,0.5,gp,S1x2cat,T0104
0.016168386601242982,0.27254908204402384,0.11529152550331494,nominal,0.5,gp,S1x2cat,T0105
0.2223867053486137,0.11188769759355235,0.06575433157327894,nominal,0.5,gp,S1x2cat,T0106
0.049343675433525816,0.06906654403630781,0.039362867382629396,nominal,0.5,gp,S1x2cat,T0107
0.04153567335829889,0.1474109346989769,0.06338763128121387,nominal,0.5,gp,S1x2cat,T0108
0.138985135591867,0.4034829622738843,0.17168767287669556,nominal,0.5,gp,S1x2cat,T0109
0.02969206756546828,0.041936949509962525,0.02031882227619397,nominal,0.5,gp,S1x2cat,T0110
0.057759400004753506,0.023620521750795105,0.022994037715221925,nominal,0.5,gp,S1x2cat,T0111
0.059433778267802564,0.18939449607756903,0.06788009983386804,nominal,0.5,gp,S1x2cat,T0112
0.08924164395721969,0.05653489501228655,0.034176135000603514,nominal,0.5,gp,S1x2cat,T0113
0.008804310084242208,0.08482950241900435,0.03788598161709497,nominal,0.5,gp,S1x2cat,T0114
0.09666236717244761,0.035416156528531036,0.016259248466898683,nominal,0.5,gp,S1x2cat,T0115
0.0909137412758776,0.4471618563083658,0.2134450868322959,nominal,0.5,gp,S1x2cat,T0116
0.1135776554377019,0.10570746587624527,0.05410726439349817,nominal,0.5,gp,S1x2cat,T0117
0.24292155491540768,0.21119364480159503,0.09427499091277966,nominal,0.5,gp,S1x2cat,T0118
0.010367519335457988,0.297084787500144,0.15033473472694764,nominal,0.5,gp,S1x2cat,T0119
0.12841006368896682,0.054473874875703446,0.022016807642093995,nominal,0.5,gp,S1x2cat,T0120
0.09161418361733566,0.01987046347369015,0.0025395430186419678,nominal,0.5,gp,S1x2cat,T0121
0.17794231386603912,0.02615253855352579,0.00025350140026135254,nominal,0.5,gp,S1x2cat,T0122
0.3163043231399682,0.0876696722146192,0.046911970930098267,nominal,0.5,gp,S1x2cat,T0123
0.18948525339824612,0.15807767766025996,0.07829279970732227,nominal,0.5,gp,S1x2cat,T0124
0.006142519430266115,0.10835851293398538,0.04470769882961694,nominal,0.5,gp,S1x2cat,T0125
0.06373477091811076,0.037921627845308455,0.02133762441235547,nominal,0.5,gp,S1x2cat,T0126
0.02724695784285914,0.019440374174555245,0.007036728935680053,nominal,0.5,gp,S1x2cat,T0127
0.05648440396398559,0.16085140008674478,0.06031060445428418,nominal,0.5,gp,S2,T0000
0.024543752350735255,0.09455883772055088,0.048744173567301145,nominal,0.5,gp,S2,T0001
0.045471741076753565,0.10231967050075622,0.025188623231011963,nominal,0.5,gp,S2,T0002
0.026214896437977704,0.23263440812905745,0.1121711511066023,nominal,0.5,gp,S2,T0003
0.05911161473658001,0.11314758531661837,0.053582721342740114,nominal,0.5,gp,S2,T0004
0.028918788548801817,0.24184718382132964,0.1117932988015647,nominal,0.5,gp,S2,T0005
0.05406156928375318,0.06655020723280893,0.03080946036454297,nominal,0.5,gp,S2,T0006
0.018596599055890343,0.05454376397385942,0.02648325939421387,nominal,0.5,gp,S2,T0007
0.038681761325598536,0.027723453592517495,0.006729039998892212,nominal,0.5,gp,S2,T0008
0.04461430254567134,0.232469222675808,0.10456660307396021,nominal,0.5,gp,S2,T0009
0.037400987736252174,0.11812741503881066,0.053333134461270505,nominal,0.5,gp,S2,T0010
0.025747540625187533,0.056078019089903244,0.02882945933807251,nominal,0.5,gp,S2,T0011
0.008456620900453295,0.2934454587680175,0.12915821913169653,nominal,0.5,gp,S2,T0012
0.07606075089887089,0.21706333379389464,0.09337825174267432,nominal,0.5,gp,S2,T0013
0.024310564065499758,0.09111012108044077,0.039849650888156375,nominal,0.5,gp,S2,T0014
0.018216964772785896,0.046599649976971365,0.026906877214676026,nominal,0.5,gp,S2,T0015
0.02732087748489071,0.2961907467490111,0.1357548806084635,nominal,0.5,gp,S2,T0016
0.13380092800475255,0.14060441997342496,0.05662355431274402,nominal,0.5,gp,S2,T0017
0.010131315637661455,0.27297125488700397,0.12507318776802367,nominal,0.5,gp,S2,T0018
0.022559636980004075,0.10840899919009275,0.05557732175750976,nominal,0.5,gp,S2,T0019
0.0091510762853958,0.02987307476577162,0.004532239857054932,nominal,0.5,gp,S2,T0020
0.05815779500946362,0.13143892236594737,0.049991482893139524,nominal,0.5,gp,S2,T0021
0.0910447136397985,0.4671032217021624,0.20749068993567382,nominal,0.5,gp,S2,T0022
0.16161693556768333,0.18519360728869785,0.07371652387808655,nominal,0.5,gp,S2,T0023
0.03903352877268785,0.02209244578225689,0.009571924107717041,nominal,0.5,gp,S2,T0024
0.015271219668525075,0.005029603528082239,0.013795779733337768,nominal,0.5,gp,S2,T0025
0.023018115888830407,0.18176355923133466,0.07941652820499365,nominal,0.5,gp,S2,T0026
0.12596543486090103,0.20714066546118381,0.08829886842412524,nominal,0.5,gp,S2,T0027
0.011929875554590467,0.16008185781455023,0.09008885923732374,nominal,0.5,gp,S2,T0028
0.030651598724049385,0.11678705735041986,0.07513597713057056,nominal,0.5,gp,S2,T0029
0.004577783786985646,0.095346097137638,0.04109279621315869,nominal,0.5,gp,S2,T0030
0.06457435781084793,0.21755571336975232,0.12522501026869898,nominal,0.5,gp,S2,T0031
0.045466952751364594,0.05560064907551317,0.021859286388813844,nominal,0.5,gp,S2,T0032
0.035013885407712005,0.04240288076243993,0.011943497225633667,nominal,0.5,gp,S2,T0033
0.04878079052628882,0.07525275516260145,0.03983498135689111,nominal,0.5,gp,S2,T0034
0.05408310102771487,0.014137908063594221,0.007302515980148804,nominal,0.5,gp,S2,T0035
0.04726319845549305,0.05797864945047722,0.035904419496455814,nominal,0.5,gp,S2,T0036
0.06762141604739703,0.006585331042072153,0.0048315930236380615,nominal,0.5,gp,S2,T0037
0.08429132203686686,0.1180522951022073,0.047880249663995,nominal,0.5,gp,S2,T0038
0.01933266906623349,0.04847419883747485,0.03239795177542969,nominal,0.5,gp,S2,T0039
0.07830570573448771,0.043999530490233536,0.015490978721404662,nominal,0.5,gp,S2,T0040
0.0014474064651703868,0.014448943095338732,0.0016284715111831054,nominal,0.5,gp,S2,T0041
0.09994298000812088,0.21347865889882084,0.09410950962132873,nominal,0.5,gp,S2,T0042
0.01606745246965025,0.060563201418200055,0.02504445109930469,nominal,0.5,gp,S2,T0043
0.08527800513069646,0.22975842041405964,0.09829214976842358,nominal,0.5,gp,S2,T0044
0.09752868775473242,0.5295715031698235,0.2387339526927174,nominal,0.5,gp,S2,T0045
0.03662155462424433,0.050163896638783526,0.034963257227255615,nominal,0.5,gp,S2,T0046
0.004756747054789346,0.027218348219059392,0.00011792077612927246,nominal,0.5,gp,S2,T0047
0.09077678492153797,0.18583432514053924,0.08551355687494262,nominal,0.5,gp,S2,T0048
0.08006494935301674,0.0636029792747256,0.015413260280191894,nominal,0.5,gp,S2,T0049
0.11685008120339127,0.027559495347996295,0.027951921964552002,nominal,0.5,gp,S2,T0050
0.008337517948683872,0.3072913214612539,0.14921853260878734,nominal,0.5,gp,S2,T0051
0.06364583435622463,0.06753052718832366,0.03500297528150537,nominal,0.5,gp,S2,T0052
0.042113408021614014,0.435829458932994,0.2031246781389315,nominal,0.5,gp,S2,T0053
0.012420881736618653,0.13065693541950088,0.06372552186794006,nominal,0.5,gp,S2,T0054
0.0477970337158662,0.07762691790661387,0.02915916231393323,nominal,0.5,gp,S2,T0055
0.04501494947017238,0.3246260070309582,0.1297812183474795,nominal,0.5,gp,S2,T0056
0.022945423568495608,0.17246537649703161,0.0667558413887251,nominal,0.5,gp,S2,T0057
0.04301704852727629,0.013481871666430893,0.0008650990184714356,nominal,0.5,gp,S2,T0058
0.010536458149680851,0.05543193032790884,0.027531650426776855,nominal,0.5,gp,S2,T0059
0.09299163150948976,0.3782659599501621,0.16502297217815223,nominal,0.5,gp,S2,T0060
0.16616135418699443,0.05607904105731422,0.038428471640708006,nominal,0.5,gp,S2,T0061
0.10314847546012032,0.0005396326250856066,0.0027346935511351317,nominal,0.5,gp,S2,T0062
0.10393492151724029,0.20714869274377828,0.08876044966812476,nominal,0.5,gp,S2,T0063
0.021101511152828437,0.02403405402464199,0.002946449530930298,nominal,0.5,gp,S2,T0064
0.02952956979721006,0.02552240944453888,0.006374866078976318,nominal,0.5,gp,S2,T0065
0.03776917468103048,0.23621886917424068,0.11258842245784643,nominal,0.5,gp,S2,T0066
0.0800135938516733,0.05161476714720116,0.011496623101910767,nominal,0.5,gp,S2,T0067
0.0029317310933368876,0.10395838600498811,0.05401470847735962,nominal,0.5,gp,S2,T0068
0.002389361371660515,0.07494672862905617,0.04106662740566016,nominal,0.5,gp,S2,T0069
0.009750179025900254,0.06885475437197365,0.03144510706483643,nominal,0.5,gp,S2,T0070
0.1171685519427346,0.021955884557965936,0.008294343727388671,nominal,0.5,gp,S2,T0071
0.05035789599196845,0.05526074618337347,0.027701542806526733,nominal,0.5,gp,S2,T0072
0.058027524893190255,0.2070796819827448,0.08646448967032837,nominal,0.5,gp,S2,T0073
0.06245336243294598,0.31152713182143194,0.14539317730160817,nominal,0.5,gp,S2,T0074
0.07540440502970176,0.27109846035026425,0.12531062375920557,nominal,0.5,gp,S2,T0075
0.020101188320487965,0.19042568502681967,0.0804388743158479,nominal,0.5,gp,S2,T0076
0.02664089699521089,0.03362464995688042,0.013433552660660888,nominal,0.5,gp,S2,T0077
0.07536338505196362,0.023269170302591683,0.007275749534771973,nominal,0.5,gp,S2,T0078
0.042557417835703,0.06290634962581422,0.02668374777769458,nominal,0.5,gp,S2,T0079
0.02723536724704046,0.23538826560713494,0.1169739900013838,nominal,0.5,gp,S2,T0080
0.03889585692361531,0.031995764551855384,0.004643213125896728,nominal,0.5,gp,S2,T0081
0.1009389808205147,0.04975270998046845,0.022266046570997802,nominal,0.5,gp,S2,T0082
0.17120170373435775,0.17405283169632998,0.06955367902839624,nominal,0.5,gp,S2,T0083
0.026522924445566982,0.16615369065913713,0.07258183707853504,nominal,0.5,gp,S2,T0084
0.05233163565766531,0.04546483077242592,0.018562194837797242,nominal,0.5,gp,S2,T0085
0.05713234193814533,0.12717295680746757,0.0629242356144436,nominal,0.5,gp,S2,T0086
0.09100184578909766,0.06467965305167413,0.023752693055871094,nominal,0.5,gp,S2,T0087
0.06474158881511984,0.15692568734178933,0.07808941519172412,nominal,0.5,gp,S2,T0088
0.013613734940930992,0.17209874026833274,0.07270516865907617,nominal,0.5,gp,S2,T0089
0.10410083184045213,0.0705612320465543,0.01878511763214221,nominal,0.5,gp,S2,T0090
0.07844092714079766,0.16553266250163154,0.09540911803683741,nominal,0.5,gp,S2,T0091
0.05247003336977364,0.04970344402122463,0.024063686768103026,nominal,0.5,gp,S2,T0092
0.06689643839878302,0.0024397838332465564,0.005176316900777954,nominal,0.5,gp,S2,T0093
0.06114384789569495,0.2871846955259139,0.1332406256841709,nominal,0.5,gp,S2,T0094
0.047435889202108464,0.03132658673330264,0.01578246947083423,nominal,0.5,gp,S2,T0095
0.04298700155565772,0.31851998464090375,0.1556473344690448,nominal,0.5,gp,S2,T0096
0.06190412535913127,0.005321914222719549,0.0034574641088311766,nominal,0.5,gp,S2,T0097
0.12527070125188614,0.10838847570682433,0.04104437846026294,nominal,0.5,gp,S2,T0098
0.09757402766930603,0.0013985551867956583,0.0004056923705319824,nominal,0.5,gp,S2,T0099
0.004035337136193974,0.11258255225368444,0.04442006949961267,nominal,0.5,gp,S2,T0100
0.07425885509933507,0.020244331072326597,0.005333584505132325,nominal,0.5,gp,S2,T0101
0.0616989925805639,0.21545377502073754,0.08858510734482519,nominal,0.5,gp,S2,T0102
0.0375087247385525,0.007874590343158185,0.005515345711350586,nominal,0.5,gp,S2,T0103
0.0389748666486281,0.13154051587513318,0.05463195976435083,nominal,0.5,gp,S2,T0104
0.02007972165529504,0.14513257646890101,0.051644893967194336,nominal,0.5,gp,S2,T0105
0.134433572315624,0.17437837024714245,0.08503912404512194,nominal,0.5,gp,S2,T0106
0.020506610556267905,0.06582285209459805,0.038488451039332766,nominal,0.5,gp,S2,T0107
0.024447736627856716,0.12526241336824176,0.04782152352805542,nominal,0.5,gp,S2,T0108
0.06095854586219586,0.4441935917759347,0.18976970757766187,nominal,0.5,gp,S2,T0109
0.05417744343064136,0.08291630784952793,0.042261537614443845,nominal,0.5,gp,S2,T0110
0.003298633859105949,0.11216516772547094,0.05520591618531714,nominal,0.5,gp,S2,T0111
0.023092903908758514,0.06285880348069929,0.011230929892964233,nominal,0.5,gp,S2,T0112
0.021395242439351817,0.13758280916047697,0.06657161625938879,nominal,0.5,gp,S2,T0113
0.013784836402595538,0.054727809208987024,0.026508341285763917,nominal,0.5,gp,S2,T0114
0.0020081031717156255,0.07250395933389943,0.04744651099966968,nominal,0.5,gp,S2,T0115
0.04339281200042234,0.23292989777886164,0.11620698434096753,nominal,0.5,gp,S2,T0116
0.045980209166390514,0.11339998030965723,0.0441759100893258,nominal,0.5,gp,S2,T0117
0.04887717158287648,0.1382870526999941,0.06960087245187195,nominal,0.5,gp,S2,T0118
0.017693451982173095,0.20920087460239717,0.10621963972939942,nominal,0.5,gp,S2,T0119
0.009209974905913522,0.020800551325568243,0.012554964058485229,nominal,0.5,gp,S2,T0120
0.0279480666702936,0.0180036006878237,0.012467847303875243,nominal,0.5,gp,S2,T0121
0.06089978215508442,0.11887357947097751,0.05740428746546582,nominal,0.5,gp,S2,T0122
1.3232591397627228e-05,0.012918590682030055,0.0073271114690078125,nominal,0.5,gp,S2,T0123
0.03182035848221355,0.0817348817451863,0.03983691016883032,nominal,0.5,gp,S2,T0124
0.05858422301635581,0.12738616420756635,0.055618389336667726,nominal,0.5,gp,S2,T0125
0.012883117681455895,0.03225845330252831,0.032652436535461425,nominal,0.5,gp,S2,T0126
0.04653128984944022,0.022431166940243,0.004838874380931885,nominal,0.5,gp,S2,T0127
0.05446559111534134,0.10275009680030259,0.0326402448672992,nominal,0.5,gp,S3,T0000
0.027851177300546877,0.10901997624275325,0.06334657976026294,nominal,0.5,gp,S3,T0001
0.06225508527164249,0.11403786397995,0.03918273911440405,nominal,0.5,gp,S3,T0002
0.01688171436748043,0.1948180973655903,0.09727133883252685,nominal,0.5,gp,S3,T0003
0.0498754359895487,0.19237432137686505,0.09315472345710266,nominal,0.5,gp,S3,T0004
0.014639520498984652,0.33231744564522886,0.15958282485701392,nominal,0.5,gp,S3,T0005
0.07859902449474378,0.04167887723415143,0.024648911042919924,nominal,0.5,gp,S3,T0006
0.015596899978908844,0.10957793285415854,0.05022193087273889,nominal,0.5,gp,S3,T0007
0.04723946470623909,0.09612570193081707,0.0469365669132998,nominal,0.5,gp,S3,T0008
0.053375761422955206,0.30540533194010905,0.14279372844873975,nominal,0.5,gp,S3,T0009
0.038116628621362454,0.1064763843058292,0.043099405846354,nominal,0.5,gp,S3,T0010
0.026476136710872074,0.057989320301949934,0.027316364006453125,nominal,0.5,gp,S3,T0011
0.04323138884671119,0.1908440372936721,0.08483406580369922,nominal,0.5,gp,S3,T0012
0.0705011170031017,0.2079996641252111,0.08813766269945776,nominal,0.5,gp,S3,T0013
0.010322661819653635,0.002761744755814533,0.012925870000531494,nominal,0.5,gp,S3,T0014
0.026219382390195174,0.07030243231021473,0.02209542613094751,nominal,0.5,gp,S3,T0015
0.03392172079387746,0.20852423013589366,0.10295210075271423,nominal,0.5,gp,S3,T0016
0.11145921727581723,0.11809110071510534,0.03910331921880371,nominal,0.5,gp,S3,T0017
0.02366318900018039,0.24304516731670284,0.12177057458882325,nominal,0.5,gp,S3,T0018
0.02344741342338697,0.023365732597116776,0.021020716167027345,nominal,0.5,gp,S3,T0019
0.00022799949846552542,0.11969081538921403,0.04760558503947852,nominal,0.5,gp,S3,T0020
0.07105434397560341,0.13508087006953776,0.0491972235940885,nominal,0.5,gp,S3,T0021
0.08698041738714275,0.46744042917458134,0.2112652996033235,nominal,0.5,gp,S3,T0022
0.16469825488841186,0.10633961703380548,0.04058756140546497,nominal,0.5,gp,S3,T0023
0.008464513419151888,0.10515666900016266,0.051510224178493894,nominal,0.5,gp,S3,T0024
0.02253566547740227,0.015806105965421594,0.02463458654669104,nominal,0.5,gp,S3,T0025
0.021982309332510556,0.14743414099279153,0.061335850707372436,nominal,0.5,gp,S3,T0026
0.12699654206383612,0.12283371182969491,0.04705454258176831,nominal,0.5,gp,S3,T0027
0.006972808227700968,0.15344870104494648,0.07409351618044019,nominal,0.5,gp,S3,T0028
0.02324173514757333,0.1382304787658112,0.08141730513065076,nominal,0.5,gp,S3,T0029
0.0035244088897581913,0.13881269547229239,0.053799009580777345,nominal,0.5,gp,S3,T0030
0.11259107324314957,0.2546644061389675,0.1335386441118861,nominal,0.5,gp,S3,T0031
0.05307484157056065,0.11163088522957307,0.04657542671032666,nominal,0.5,gp,S3,T0032
0.017346698087455373,0.07311030815209398,0.01458052757167041,nominal,0.5,gp,S3,T0033
0.05985778436344848,0.17711282646995233,0.0896090290543623,nominal,0.5,gp,S3,T0034
0.053965694679605505,0.01659325812721491,0.012328159562408325,nominal,0.5,gp,S3,T0035
0.06793971060431199,0.1526435030546536,0.07102043994988294,nominal,0.5,gp,S3,T0036
0.04230882009960913,0.09860886136626837,0.031852241662317746,nominal,0.5,gp,S3,T0037
0.08440514638628328,0.2240641587090717,0.09570207364742504,nominal,0.5,gp,S3,T0038
0.020168535177441386,0.06123665320350054,0.04993773423416797,nominal,0.5,gp,S3,T0039
0.07047373062077035,0.013476520819852848,0.00576856717903064,nominal,0.5,gp,S3,T0040
0.021610637333366604,0.031800512841484725,0.009570528929750244,nominal,0.5,gp,S3,T0041
0.09442465991584328,0.14841379745613006,0.07190515634883422,nominal,0.5,gp,S3,T0042
0.01904733930882419,0.1489196002449439,0.06875224101966822,nominal,0.5,gp,S3,T0043
0.04421571937016228,0.310278170954374,0.14219255840649805,nominal,0.5,gp,S3,T0044
0.08771500022904917,0.4110881023995706,0.18883462008703222,nominal,0.5,gp,S3,T0045
0.03961392921625063,0.0028662267816914615,0.005275680539360596,nominal,0.5,gp,S3,T0046
0.002088065417512053,0.03391508652409559,0.02936565962439905,nominal,0.5,gp,S3,T0047
0.09491151459752326,0.13695269949625835,0.06508627866703198,nominal,0.5,gp,S3,T0048
0.08027313335933652,0.03603058095520168,0.00036062071237927246,nominal,0.5,gp,S3,T0049
0.110195404643077,0.06098066580764701,0.00911109888183203,nominal,0.5,gp,S3,T0050
9.181474748376497e-05,0.24833878086227673,0.12695111808559767,nominal,0.5,gp,S3,T0051
0.0542757973584357,0.004775597439583557,0.0035960355591694334,nominal,0.5,gp,S3,T0052
0.04613411738379953,0.38341176296875873,0.1860204346415978,nominal,0.5,gp,S3,T0053
0.014103908488310727,0.008232668268637335,0.0129727175646073,nominal,0.5,gp,S3,T0054
0.06958985663877705,0.035802095752649206,0.014903905289627074,nominal,0.5,gp,S3,T0055
0.039436983489706263,0.2452614488646066,0.08916052808788195,nominal,0.5,gp,S3,T0056
0.0278048014259974,0.1418022518564291,0.05580332549590271,nominal,0.5,gp,S3,T0057
0.046856543359926624,0.01881815846700247,0.01163494818107251,nominal,0.5,gp,S3,T0058
0.02956888139677622,0.07408847751069704,0.03362287421829724,nominal,0.5,gp,S3,T0059
0.10289652200980273,0.36442195621777895,0.16111767961405565,nominal,0.5,gp,S3,T0060
0.15304950601752412,0.013054935410497796,0.011301224482486816,nominal,0.5,gp,S3,T0061
0.09749952254412389,0.06965349358727281,0.030019727190785644,nominal,0.5,gp,S3,T0062
0.09517602258642985,0.1366432977961252,0.06296954805938305,nominal,0.5,gp,S3,T0063
0.024267698738521255,0.04219609368163125,0.030394613213402467,nominal,0.5,gp,S3,T0064
0.03216356648382685,0.04373488920138336,0.023797674946338866,nominal,0.5,gp,S3,T0065
0.0463023262312029,0.29867661808717477,0.13604757915814636,nominal,0.5,gp,S3,T0066
0.0885440400958676,0.05391897259668267,0.011868528005037475,nominal,0.5,gp,S3,T0067
0.016376510042486195,0.04865995390383905,0.034360111925162355,nominal,0.5,gp,S3,T0068
0.012866015252004651,0.029043795014691016,0.02175795936480676,nominal,0.5,gp,S3,T0069
0.02738803376996169,0.07070798300428117,0.03713224641936438,nominal,0.5,gp,S3,T0070
0.11256584752961377,0.013066623698900773,0.005215339571720703,nominal,0.5,gp,S3,T0071
0.055106157174243955,0.11797852186922006,0.05535983555072473,nominal,0.5,gp,S3,T0072
0.03715340594910494,0.05567938960533926,0.019046636322779663,nominal,0.5,gp,S3,T0073
0.06590909696306409,0.27562745808520506,0.1351748055778496,nominal,0.5,gp,S3,T0074
0.07259652748602437,0.3322089812762311,0.15740756320579566,nominal,0.5,gp,S3,T0075
0.013541900547455191,0.019161818350315888,0.007211116056035766,nominal,0.5,gp,S3,T0076
0.01413120707010274,0.02830841371887522,0.007291115597175049,nominal,0.5,gp,S3,T0077
0.06860958881816649,0.06265320830779243,0.02582915851327759,nominal,0.5,gp,S3,T0078
0.03847219663915714,0.07793135294710209,0.041142318713624025,nominal,0.5,gp,S3,T0079
0.02603264189139532,0.21029499650153027,0.10523471056216088,nominal,0.5,gp,S3,T0080
0.029447367364018602,0.0839711761745607,0.01692152223159595,nominal,0.5,gp,S3,T0081
0.08566571204259633,0.08308376481327041,0.032306608564263185,nominal,0.5,gp,S3,T0082
0.16972520488384882,0.13312089569420985,0.05623265965275464,nominal,0.5,gp,S3,T0083
0.013761149500676476,0.18011945076135352,0.0784844355435603,nominal,0.5,gp,S3,T0084
0.053114061534813586,0.08883537158428491,0.045806392718914915,nominal,0.5,gp,S3,T0085
0.050773145476536455,0.1872651199665096,0.09706634448132714,nominal,0.5,gp,S3,T0086
0.07200920947867008,0.046795538624486994,0.02619558300134387,nominal,0.5,gp,S3,T0087
0.06976042847279208,0.150210975669311,0.08091606861690771,nominal,0.5,gp,S3,T0088
0.0016226564609880816,0.08275064676087075,0.023381969990914308,nominal,0.5,gp,S3,T0089
0.10017323959175403,0.14606053037877323,0.053292596197693116,nominal,0.5,gp,S3,T0090
0.08716477040774163,0.22257980397646626,0.11867817894733264,nominal,0.5,gp,S3,T0091
0.04075029294805022,0.07589946813717775,0.04684132600533447,nominal,0.5,gp,S3,T0092
0.07158381175177338,0.027714354376588153,0.0230060265837959,nominal,0.5,gp,S3,T0093
0.059263870250899645,0.25599439106958616,0.11555504516856348,nominal,0.5,gp,S3,T0094
0.06903355663431977,0.019458325351842113,0.008316986318510253,nominal,0.5,gp,S3,T0095
0.038334698748332126,0.21847636636013085,0.11702997669730725,nominal,0.5,gp,S3,T0096
0.056996277751374405,0.00020114052285219458,0.005478557679697754,nominal,0.5,gp,S3,T0097
0.09801283373295058,0.22062382608781966,0.08503124938506604,nominal,0.5,gp,S3,T0098
0.08631794423066942,0.07913390842647529,0.03323041926592456,nominal,0.5,gp,S3,T0099
0.007236968407673407,0.15500449750178671,0.06846364187035803,nominal,0.5,gp,S3,T0100
0.0645344017969224,0.01737368511865234,0.0027911031370234374,nominal,0.5,gp,S3,T0101
0.04664952811326229,0.14944940980081536,0.05250563285451465,nominal,0.5,gp,S3,T0102
0.046715379212657344,0.06405618666657927,0.023435118383186522,nominal,0.5,gp,S3,T0103
0.03289456096013472,0.17697934003500174,0.0793832588898081,nominal,0.5,gp,S3,T0104
0.027954834784609812,0.11060268206895987,0.03895200048484375,nominal,0.5,gp,S3,T0105
0.11346708736798192,0.04024597796294772,0.0034564277879991453,nominal,0.5,gp,S3,T0106
0.00571670144451364,0.02838178040267037,0.024526377573588134,nominal,0.5,gp,S3,T0107
0.018836627242247442,0.11201694909380142,0.04809526674068543,nominal,0.5,gp,S3,T0108
0.061381596356424054,0.41205639704971136,0.16982952507010363,nominal,0.5,gp,S3,T0109
0.05156394754229744,0.09151230380860799,0.050010399404952145,nominal,0.5,gp,S3,T0110
0.006657679931340867,0.01501408802723703,0.014205478854312378,nominal,0.5,gp,S3,T0111
0.021736294119366065,0.09653551769655491,0.02646209853471472,nominal,0.5,gp,S3,T0112
0.008684118744650695,0.11415601058654387,0.05867089475768579,nominal,0.5,gp,S3,T0113
0.014492032614712994,0.07501439640119513,0.03562708384647485,nominal,0.5,gp,S3,T0114
0.011137453207177296,0.1506623151254655,0.08276632806549414,nominal,0.5,gp,S3,T0115
0.04551335058339546,0.29922567203213324,0.1552520682599248,nominal,0.5,gp,S3,T0116
0.04411943335060232,0.0888019590889172,0.02725712676198645,nominal,0.5,gp,S3,T0117
0.054792505810997996,0.15671064077575905,0.07698139117870983,nominal,0.5,gp,S3,T0118
0.006635293583725501,0.223708231782471,0.12380506017660645,nominal,0.5,gp,S3,T0119
0.0015957435222402343,0.0011770500224494997,0.008078725008683715,nominal,0.5,gp,S3,T0120
0.04415255297232246,0.027061870271601347,0.019108831519732788,nominal,0.5,gp,S3,T0121
0.07403601055404165,0.05259802209652971,0.029007544313047973,nominal,0.5,gp,S3,T0122
0.009959765656792354,0.1009096011552946,0.04717112411296533,nominal,0.5,gp,S3,T0123
0.04552201976180948,0.06921525450160422,0.024449025869585448,nominal,0.5,gp,S3,T0124
0.056168869025421966,0.20169138766037326,0.09113347555430029,nominal,0.5,gp,S3,T0125
0.022345017545372107,0.04085423783054654,0.036388655313503784,nominal,0.5,gp,S3,T0126
0.06613261457566245,0.06877066901882974,0.023971819978338377,nominal,0.5,gp,S3,T0127
0.05917580976233629,0.01988418766862288,0.020557660346410035,nominal,0.5,ridge,S1,T0000
0.051870976535349236,0.16244435909147012,0.0743885821013175,nominal,0.5,ridge,S1,T0001
0.03930969128482454,0.1395044373952198,0.05045918740481958,nominal,0.5,ridge,S1,T0002
0.1416145538053243,0.2561849695559277,0.11966306376521009,nominal,0.5,ridge,S1,T0003
0.12380254425807427,0.02241003951292009,0.011859205879260742,nominal,0.5,ridge,S1,T0004
0.301766763488669,0.18408052177359915,0.080389705087078,nominal,0.5,ridge,S1,T0005
0.048192246950791176,0.02952326680155771,0.01744411371785205,nominal,0.5,ridge,S1,T0006
0.06214706781716041,0.05942356143523288,0.031006470417464845,nominal,0.5,ridge,S1,T0007
0.11620763826436734,0.22048931452787418,0.10720003493540979,nominal,0.5,ridge,S1,T0008
0.08690231427884278,0.2983225800344353,0.12393078663148023,nominal,0.5,ridge,S1,T0009
0.07939737271152937,0.1441739816360538,0.05947453820462231,nominal,0.5,ridge,S1,T0010
0.09388979403746642,0.02367720050007322,0.014978355787929687,nominal,0.5,ridge,S1,T0011
0.034722855237906976,0.19191877201591329,0.08374775546916406,nominal,0.5,ridge,S1,T0012
0.10809403785949415,0.37264874152778826,0.16931997526246143,nominal,0.5,ridge,S1,T0013
0.09136129511127968,0.08581154391090585,0.040120966373879394,nominal,0.5,ridge,S1,T0014
0.05803324519357474,0.05336262467557919,0.015825435161232422,nominal,0.5,ridge,S1,T0015
0.05664189805983379,0.4147832198571373,0.18766189910707068,nominal,0.5,ridge,S1,T0016
0.39776922945324045,0.28767435220331794,0.12494140790393457,nominal,0.5,ridge,S1,T0017
0.11195266686280628,0.2745701367072379,0.12157763676483911,nominal,0.5,ridge,S1,T0018
0.015171247792926671,0.2747451303262744,0.12399875514565784,nominal,0.5,ridge,S1,T0019
0.11874717692359041,0.2370927324482528,0.10089275288123364,nominal,0.5,ridge,S1,T0020
0.03946869520245339,0.16990446929016081,0.07266683210129089,nominal,0.5,ridge,S1,T0021
0.10029249666674875,0.5136703557575727,0.22626774128954297,nominal,0.5,ridge,S1,T0022
0.03866487542313502,0.12419717046389947,0.044002019356502074,nominal,0.5,ridge,S1,T0023
0.2715374223693282,0.09946455546411384,0.03850972695202344,nominal,0.5,ridge,S1,T0024
0.03362608328512429,0.053250556055568235,0.01601551716901367,nominal,0.5,ridge,S1,T0025
0.0994533472441603,0.14446610349446862,0.06842678665878894,nominal,0.5,ridge,S1,T0026
0.1666777886814977,0.256679764628888,0.11674021883939477,nominal,0.5,ridge,S1,T0027
0.03311143778532922,0.18163629100470538,0.08328557408706909,nominal,0.5,ridge,S1,T0028
0.08195558325344467,0.1931521651853308,0.08921760570392347,nominal,0.5,ridge,S1,T0029
0.048308805875592345,0.09565944189202844,0.04279171528200586,nominal,0.5,ridge,S1,T0030
0.0689857711794137,0.2719840983861927,0.1299696466365216,nominal,0.5,ridge,S1,T0031
0.059393165368436265,0.11925380709893188,0.06299105233619677,nominal,0.5,ridge,S1,T0032
0.1198726957268548,0.018714907245975524,0.004828404050151367,nominal,0.5,ridge,S1,T0033
0.006035683129529958,0.1950566895352191,0.08027377131551172,nominal,0.5,ridge,S1,T0034
0.23195571177467655,0.0559314914114631,0.03148892259596936,nominal,0.5,ridge,S1,T0035
0.06188065295775842,0.20060213618820966,0.09688335317504626,nominal,0.5,ridge,S1,T0036
0.24134324970989113,0.35900145377874565,0.1537643083976875,nominal,0.5,ridge,S1,T0037
0.12104463746446639,0.0645589171135827,0.017947174917792113,nominal,0.5,ridge,S1,T0038
0.16664353201742285,0.04929452383852924,0.027667178296104492,nominal,0.5,ridge,S1,T0039
0.06863905136738126,0.04477379310415975,0.01816190728685669,nominal,0.5,ridge,S1,T0040
0.048466934336685044,0.09237320112546384,0.04096044749237683,nominal,0.5,ridge,S1,T0041
0.15044018271569595,0.37182583578979417,0.16122223538293115,nominal,0.5,ridge,S1,T0042
0.10609671193696493,0.1611300966458801,0.06768477331887475,nominal,0.5,ridge,S1,T0043
0.37061500995555946,0.13441593381744335,0.06607371249492114,nominal,0.5,ridge,S1,T0044
0.2373066852031009,0.4205268160689275,0.1943844777705681,nominal,0.5,ridge,S1,T0045
0.14676875404150527,0.07219912013082254,0.027277415735871825,nominal,0.5,ridge,S1,T0046
0.07023488238395938,0.028152832648886413,0.005250798307602661,nominal,0.5,ridge,S1,T0047
0.05807552860116695,0.37447313450339753,0.16359779415292383,nominal,0.5,ridge,S1,T0048
0.08577811757883942,0.034694400813205524,0.0037034397518344725,nominal,0.5,ridge,S1,T0049
0.1771994616433151,0.2591350506872809,0.12483369888089868,nominal,0.5,ridge,S1,T0050
0.19785928687606652,0.4575884613887633,0.2107194161941068,nominal,0.5,ridge,S1,T0051
0.2642323513372522,0.08103965118399782,0.03795880123936963,nominal,0.5,ridge,S1,T0052
0.14062042800084582,0.4431082239653365,0.2001604676753594,nominal,0.5,ridge,S1,T0053
0.051907995741206095,0.19022595976145035,0.08506600976858289,nominal,0.5,ridge,S1,T0054
0.054009433923279684,0.05550838872932619,0.024602386596866335,nominal,0.5,ridge,S1,T0055
0.0736675735260184,0.3420729281332519,0.14614705423287866,nominal,0.5,ridge,S1,T0056
0.06357892913597342,0.18851277967737368,0.07351271327847583,nominal,0.5,ridge,S1,T0057
0.0022512977373212455,0.10376990069554146,0.051048899064509275,nominal,0.5,ridge,S1,T0058
0.2710005473324787,0.051207933326440094,0.022955484206638548,nominal,0.5,ridge,S1,T0059
0.03955457945042152,0.335700447224778,0.14315075396755114,nominal,0.5,ridge,S1,T0060
0.07389170270711622,0.06186034375039563,0.03404005043894604,nominal,0.5,ridge,S1,T0061
0.2194164806544039,0.039724087770153245,0.014158098351939331,nominal,0.5,ridge,S1,T0062
0.19729645212494545,0.25418027088440215,0.11044857746048754,nominal,0.5,ridge,S1,T0063
0.10045472670318359,0.1948568469981044,0.08893748349313965,nominal,0.5,ridge,S1,T0064
0.0460208825255723,0.14786665786914013,0.06693968601959033,nominal,0.5,ridge,S1,T0065
0.06909042819042256,0.125854757730729,0.0639021638582743,nominal,0.5,ridge,S1,T0066
0.044024821165298274,0.29974141629396994,0.1196147410512699,nominal,0.5,ridge,S1,T0067
0.20087271412674002,0.16727972232330304,0.06450611652039111,nominal,0.5,ridge,S1,T0068
0.06945995428452757,0.028691909373590736,0.008097722595129638,nominal,0.5,ridge,S1,T0069
0.2069165212204136,0.2179287256130275,0.10327161143485693,nominal,0.5,ridge,S1,T0070
0.01530181846305934,0.1579154772362296,0.05947686601743433,nominal,0.5,ridge,S1,T0071
0.1118384716559204,0.05562035605104294,0.023438842273434447,nominal,0.5,ridge,S1,T0072
0.07466914436624479,0.3251152354579285,0.1390593810080642,nominal,0.5,ridge,S1,T0073
0.09730040843483614,0.31134659318788177,0.14455553597239135,nominal,0.5,ridge,S1,T0074
0.2574659023895421,0.12243553932883902,0.050604672754325196,nominal,0.5,ridge,S1,T0075
0.03258221794750522,0.10487646974786133,0.04784701307929138,nominal,0.5,ridge,S1,T0076
0.16746323055236548,0.08374211484477036,0.03123441978310498,nominal,0.5,ridge,S1,T0077
0.287349653604454,0.06651250107506558,0.03172048570152649,nominal,0.5,ridge,S1,T0078
0.08491958296313275,0.04824661074648269,0.01720098821399634,nominal,0.5,ridge,S1,T0079
0.05903203363755301,0.24165407575598546,0.120658851831536,nominal,0.5,ridge,S1,T0080
0.1442389422683191,0.03433654196382447,0.005421619416109009,nominal,0.5,ridge,S1,T0081
0.05502182772777865,0.13913638165671902,0.06026191919091492,nominal,0.5,ridge,S1,T0082
0.25631032259705205,0.30895665718118837,0.12992645829723437,nominal,0.5,ridge,S1,T0083
0.12153861312570433,0.07705355845562091,0.03239832465120923,nominal,0.5,ridge,S1,T0084
0.07269390758307016,0.03557435422984868,0.00935029781188623,nominal,0.5,ridge,S1,T0085
0.020873636508967345,0.08229238445721794,0.041955689588473385,nominal,0.5,ridge,S1,T0086
0.10932007889647324,0.10829514263577564,0.04622668829932226,nominal,0.5,ridge,S1,T0087
0.033619245248325,0.24033855245815922,0.1127956740301731,nominal,0.5,ridge,S1,T0088
0.1258257797873494,0.23740667499470353,0.10267948537663087,nominal,0.5,ridge,S1,T0089
0.1068134595806414,0.25549239440512744,0.10545843850313318,nominal,0.5,ridge,S1,T0090
0.08582248872106264,0.15518995768836644,0.07681777823315113,nominal,0.5,ridge,S1,T0091
0.199123951079841,0.05396478900030978,0.014045041563054443,nominal,0.5,ridge,S1,T0092
0.06947672440909493,0.054803906803567184,0.022019484084347167,nominal,0.5,ridge,S1,T0093
0.0845386342176463,0.11069341113694456,0.05675905201029272,nominal,0.5,ridge,S1,T0094
0.0948852282115176,0.18113101940513218,0.08847518888750684,nominal,0.5,ridge,S1,T0095
0.12688058402859528,0.262354869423816,0.12593684693440038,nominal,0.5,ridge,S1,T0096
0.08389357414611777,0.0917897493070108,0.03528980895443726,nominal,0.5,ridge,S1,T0097
0.08771192805287793,0.16706157365544874,0.06544886893281116,nominal,0.5,ridge,S1,T0098
0.252151195342274,0.060145802948429763,0.014323511267605712,nominal,0.5,ridge,S1,T0099
0.05432494627991226,0.05059917282980887,0.02058034947182141,nominal,0.5,ridge,S1,T0100
0.11239581084046243,0.20553996506448075,0.08540588174489917,nominal,0.5,ridge,S1,T0101
0.07784345163745877,0.22790126721240872,0.09170036113376612,nominal,0.5,ridge,S1,T0102
0.11729627448487992,0.04682837634245291,0.018736815292952638,nominal,0.5,ridge,S1,T0103
0.12892096284240154,0.14803014416375024,0.06480860775773926,nominal,0.5,ridge,S1,T0104
0.07577966626794942,0.3133790132392026,0.13160446755781494,nominal,0.5,ridge,S1,T0105
0.2917784104342478,0.07269145304798887,0.04531629485257922,nominal,0.5,ridge,S1,T0106
0.050932369142632786,0.18580630464142187,0.08064107771597852,nominal,0.5,ridge,S1,T0107
0.0006008665589413155,0.15629364096040407,0.07266474806452161,nominal,0.5,ridge,S1,T0108
0.06256758559239296,0.4867121882262569,0.21048478949463928,nominal,0.5,ridge,S1,T0109
0.0875026625838632,0.08705523190297688,0.03508157135921973,nominal,0.5,ridge,S1,T0110
0.0052751467095246704,0.13384184240712196,0.06437786015557825,nominal,0.5,ridge,S1,T0111
0.06381624484108313,0.09710679541631131,0.033836356050954836,nominal,0.5,ridge,S1,T0112
0.1546335573081373,0.057801180689143764,0.039894111081873046,nominal,0.5,ridge,S1,T0113
0.002278964467365419,0.06947602149992017,0.027336266076104003,nominal,0.5,ridge,S1,T0114
0.20118799176249763,0.21474475640898444,0.106304397002177,nominal,0.5,ridge,S1,T0115
0.1104166020144293,0.451702125407173,0.20715536103106214,nominal,0.5,ridge,S1,T0116
0.20648802191775956,0.02776485476146063,0.01644159755421997,nominal,0.5,ridge,S1,T0117
0.2791496147061243,0.2558535005682783,0.11406520998653748,nominal,0.5,ridge,S1,T0118
0.03348281998772685,0.3396858127559552,0.15708168000096204,nominal,0.5,ridge,S1,T0119
0.20874476689375177,0.13476043655700212,0.06794212648178564,nominal,0.5,ridge,S1,T0120
0.012721826073234247,0.008698997120697995,0.0008817549593604737,nominal,0.5,ridge,S1,T0121
0.1807013699816579,0.04356470997874785,0.012173440169659912,nominal,0.5,ridge,S1,T0122
0.21076668197987208,0.004052591970292175,0.0008799797319332275,nominal,0.5,ridge,S1,T0123
0.15012092689859982,0.06928830118430847,0.036803522964913085,nominal,0.5,ridge,S1,T0124
0.13139060208145872,0.13692065454614102,0.05348761422312036,nominal,0.5,ridge,S1,T0125
0.021484785897828432,0.10568023634210585,0.05676336299826978,nominal,0.5,ridge,S1,T0126
0.0390209455505286,0.005731833278342647,0.00922753028859314,nominal,0.5,ridge,S1,T0127
0.008521155438429297,0.08818269356702853,0.05115327620648425,nominal,0.5,ridge,S1x2,T0000
0.05755417304001727,0.15584798514377665,0.07150543400761109,nominal,0.5,ridge,S1x2,T0001
0.09741641326396713,0.06081753856458595,0.01638994559021704,nominal,0.5,ridge,S1x2,T0002
0.05047985271607493,0.28684048323521205,0.12974413152796532,nominal,0.5,ridge,S1x2,T0003
0.0895752562540303,0.053846257087007146,0.021888951153749513,nominal,0.5,ridge,S1x2,T0004
0.19356452976657396,0.14631502434457408,0.06809003770072657,nominal,0.5,ridge,S1x2,T0005
0.0027969061214261353,0.10307507690464515,0.042939493768683105,nominal,0.5,ridge,S1x2,T0006
0.018813604564853485,0.07377460646978419,0.037800863197965696,nominal,0.5,ridge,S1x2,T0007
0.050995015919319556,0.35995989237813614,0.16738733634990502,nominal,0.5,ridge,S1x2,T0008
0.17650559561366966,0.23136596780304558,0.09666553637880371,nominal,0.5,ridge,S1x2,T0009
0.08636443776015025,0.15737688021444543,0.06837077508243164,nominal,0.5,ridge,S1x2,T0010
0.03920392637801224,0.10589497018245189,0.04172274793385449,nominal,0.5,ridge,S1x2,T0011
0.05483773700281165,0.17232655349636086,0.07820522346452148,nominal,0.5,ridge,S1x2,T0012
0.08007469582870132,0.38247101338807415,0.174213781788198,nominal,0.5,ridge,S1x2,T0013
0.10640083530721214,0.10076590590682696,0.04252427312717737,nominal,0.5,ridge,S1x2,T0014
0.027828608021441,0.04348103605858245,0.008946121166324707,nominal,0.5,ridge,S1x2,T0015
0.026629802066605042,0.39668415964064074,0.1828706399193523,nominal,0.5,ridge,S1x2,T0016
0.2778448559358882,0.3135632030047181,0.13757530628615258,nominal,0.5,ridge,S1x2,T0017
0.08062683589069254,0.3614506139366664,0.1612788050598877,nominal,0.5,ridge,S1x2,T0018
0.06443313919666711,0.2080541311988946,0.09769104258507813,nominal,0.5,ridge,S1x2,T0019
0.0787538604506577,0.28859456091185764,0.1280952822339585,nominal,0.5,ridge,S1x2,T0020
0.10242115512660913,0.055095252478653,0.018352031356526,nominal,0.5,ridge,S1x2,T0021
0.12183135435722445,0.5323688394816893,0.2383618990201616,nominal,0.5,ridge,S1x2,T0022
0.0036217219744272286,0.1625864774187952,0.0637492130967135,nominal,0.5,ridge,S1x2,T0023
0.17532043309063358,0.1661360748679386,0.0670156640235708,nominal,0.5,ridge,S1x2,T0024
0.03511193055283968,0.04009117906406013,0.008960941706632568,nominal,0.5,ridge,S1x2,T0025
0.06283043456584454,0.20284226612700107,0.09164140486779102,nominal,0.5,ridge,S1x2,T0026
0.02891593348557154,0.21980736306087245,0.10174433358492847,nominal,0.5,ridge,S1x2,T0027
0.04407270037937173,0.11835840033413705,0.05731830763588208,nominal,0.5,ridge,S1x2,T0028
0.004546599558734044,0.18546312213107544,0.08334987521087561,nominal,0.5,ridge,S1x2,T0029
0.006641852272788741,0.08284904594873745,0.0353061292020957,nominal,0.5,ridge,S1x2,T0030
0.00539456444231673,0.25226653317823233,0.12405918838327808,nominal,0.5,ridge,S1x2,T0031
0.06085467487594533,0.15828204753865124,0.07965866990504542,nominal,0.5,ridge,S1x2,T0032
0.07259421551144953,0.09351546971717141,0.041324747557094484,nominal,0.5,ridge,S1x2,T0033
0.060510512933413266,0.15185127694365644,0.061970297648244875,nominal,0.5,ridge,S1x2,T0034
0.15437978415687562,0.04930747667516362,0.03115732240248413,nominal,0.5,ridge,S1x2,T0035
0.14634223882599998,0.14026757930301728,0.07330963036618128,nominal,0.5,ridge,S1x2,T0036
0.1924442522876641,0.39295089555987106,0.1694823610138944,nominal,0.5,ridge,S1x2,T0037
0.14585457261666326,0.012149121859792725,0.012529410157872681,nominal,0.5,ridge,S1x2,T0038
0.13480190972544995,0.007370396490445909,0.009750967379038819,nominal,0.5,ridge,S1x2,T0039
0.031818104450895286,0.05304368180728715,0.023799975211513183,nominal,0.5,ridge,S1x2,T0040
0.07107767242042319,0.22088749532434954,0.0977491009889574,nominal,0.5,ridge,S1x2,T0041
0.19748852795006827,0.26668000114790763,0.11537758390682348,nominal,0.5,ridge,S1x2,T0042
0.12550138458614582,0.18825639293219404,0.07790294259990992,nominal,0.5,ridge,S1x2,T0043
0.2828738200742748,0.0918697218568554,0.04600117400560522,nominal,0.5,ridge,S1x2,T0044
0.15958856927551782,0.3776399949887106,0.17268875919458204,nominal,0.5,ridge,S1x2,T0045
0.13064169908693304,0.05633606620123634,0.030674760215979615,nominal,0.5,ridge,S1x2,T0046
0.12326340483292927,0.03382288636956527,0.012849229543753051,nominal,0.5,ridge,S1x2,T0047
0.02058026400925728,0.20177242944741663,0.08504573065871875,nominal,0.5,ridge,S1x2,T0048
0.03496919681852979,0.024949212748738576,0.019319813920253417,nominal,0.5,ridge,S1x2,T0049
0.11446932867037687,0.19938590837124492,0.0988337463753999,nominal,0.5,ridge,S1x2,T0050
0.17325699272872977,0.3216806244232193,0.14609070423931347,nominal,0.5,ridge,S1x2,T0051
0.21349620869201758,0.11324293107460029,0.05271166579216284,nominal,0.5,ridge,S1x2,T0052
0.13418466102807478,0.4651406797104311,0.20600444580503297,nominal,0.5,ridge,S1x2,T0053
0.09389966523764978,0.10830390534717796,0.04839156935487781,nominal,0.5,ridge,S1x2,T0054
0.009721285150341432,0.11581721366947215,0.05293442525705762,nominal,0.5,ridge,S1x2,T0055
0.047874342962093155,0.32230520681674985,0.13955913087624572,nominal,0.5,ridge,S1x2,T0056
0.01623074351206372,0.13984622173902314,0.05482443013289612,nominal,0.5,ridge,S1x2,T0057
0.02072639081246386,0.033186078768872314,0.014805260075770751,nominal,0.5,ridge,S1x2,T0058
0.19888751056029585,0.03630827413030475,0.0180806020584917,nominal,0.5,ridge,S1x2,T0059
0.11214458958826559,0.2516947347312124,0.10661376823841028,nominal,0.5,ridge,S1x2,T0060
0.04840802254757305,0.0030139375241183828,0.003666708285341797,nominal,0.5,ridge,S1x2,T0061
0.15683486286784568,0.026652827980978018,0.009065982414830078,nominal,0.5,ridge,S1x2,T0062
0.15699867263024778,0.1400480018410211,0.05699470201111768,nominal,0.5,ridge,S1x2,T0063
0.022433736572801403,0.15090094913155302,0.07015052189541186,nominal,0.5,ridge,S1x2,T0064
0.06910007453934304,0.019601902052719392,0.009344762692547607,nominal,0.5,ridge,S1x2,T0065
0.07160934696340938,0.14703201301554505,0.06855876974645667,nominal,0.5,ridge,S1x2,T0066
0.039878969753149036,0.20975303623466174,0.08041444783484705,nominal,0.5,ridge,S1x2,T0067
0.23139940335572323,0.07399638012613287,0.023059256817666504,nominal,0.5,ridge,S1x2,T0068
0.0686408168375774,0.03771656652044903,0.013195375387512328,nominal,0.5,ridge,S1x2,T0069
0.0527286692328985,0.23111066456687568,0.11215772711763099,nominal,0.5,ridge,S1x2,T0070
0.07284967657360865,0.06284661966102946,0.017802022592499023,nominal,0.5,ridge,S1x2,T0071
0.012175839516222479,0.03777037668614814,0.016296245162873167,nominal,0.5,ridge,S1x2,T0072
0.00964864099286228,0.3633765252269761,0.1583041747009624,nominal,0.5,ridge,S1x2,T0073
0.010170607358344077,0.23904674325969716,0.11532363485588282,nominal,0.5,ridge,S1x2,T0074
0.18530109193794028,0.10721147123442412,0.04485159118757544,nominal,0.5,ridge,S1x2,T0075
0.006793421297376092,0.14002342687942845,0.057284949808327025,nominal,0.5,ridge,S1x2,T0076
0.11368938720068447,0.05780495342638721,0.01719457338801953,nominal,0.5,ridge,S1x2,T0077
0.2691892571629901,0.04864472063516369,0.020349418973864625,nominal,0.5,ridge,S1x2,T0078
0.021655009336769563,0.035600792880088335,0.017764155760784668,nominal,0.5,ridge,S1x2,T0079
0.04878964785908603,0.21073223919116596,0.10736887444651905,nominal,0.5,ridge,S1x2,T0080
0.13103826411540512,0.029828797630540867,0.0064775501061890865,nominal,0.5,ridge,S1x2,T0081
0.07464213552252187,0.08757588145482582,0.03466264046257532,nominal,0.5,ridge,S1x2,T0082
0.2897493609645863,0.2809747823909984,0.11746329964530054,nominal,0.5,ridge,S1x2,T0083
0.137106273329527,0.036875744818756225,0.014723711365403687,nominal,0.5,ridge,S1x2,T0084
0.03550848957262987,0.12232107272669548,0.0506001027814314,nominal,0.5,ridge,S1x2,T0085
0.054855294739175345,0.018122589331260878,0.009141483262991456,nominal,0.5,ridge,S1x2,T0086
0.12426506488591951,0.16661226370630947,0.075705680537276,nominal,0.5,ridge,S1x2,T0087
0.03361290338231294,0.1413671734466668,0.06701372833917847,nominal,0.5,ridge,S1x2,T0088
0.1578827674607822,0.19266128561401147,0.08282324461677368,nominal,0.5,ridge,S1x2,T0089
0.11629470651785159,0.19517622080062252,0.0766764941897428,nominal,0.5,ridge,S1x2,T0090
0.08932833954640314,0.024804720783526975,0.018377489600778077,nominal,0.5,ridge,S1x2,T0091
0.20720035050472657,0.06402172144593211,0.01710071827271802,nominal,0.5,ridge,S1x2,T0092
0.003061826226682108,0.14485473597036505,0.06354315990577551,nominal,0.5,ridge,S1x2,T0093
0.05999223315541259,0.11771116717273769,0.05538988081998682,nominal,0.5,ridge,S1x2,T0094
0.1391495134556173,0.24565314200931448,0.11512060637802587,nominal,0.5,ridge,S1x2,T0095
0.08063386608185648,0.27822961843198274,0.1289383826097001,nominal,0.5,ridge,S1x2,T0096
0.013531534115371339,0.040315862865564774,0.01471001364381714,nominal,0.5,ridge,S1x2,T0097
0.11365994024937129,0.19016784367438927,0.07343203359125927,nominal,0.5,ridge,S1x2,T0098
0.17305829610562043,0.1086181309926876,0.03713061441610547,nominal,0.5,ridge,S1x2,T0099
0.12676657999530996,0.021544791995842253,0.011029271178133668,nominal,0.5,ridge,S1x2,T0100
0.08309324043944273,0.040440217246018324,0.015733514075219727,nominal,0.5,ridge,S1x2,T0101
0.008099198850059499,0.20399503252874213,0.08152991167783204,nominal,0.5,ridge,S1x2,T0102
0.038195886833594934,0.046030259034306194,0.017550178892582032,nominal,0.5,ridge,S1x2,T0103
0.15306234571520086,0.1218281148278558,0.05733276276965381,nominal,0.5,ridge,S1x2,T0104
0.014801357163363175,0.27839926378848334,0.11957406564293946,nominal,0.5,ridge,S1x2,T0105
0.17822350466487533,0.024790232108738992,0.00096919368359729,nominal,0.5,ridge,S1x2,T0106
0.05706193296487362,0.11476225720898989,0.050102386570569826,nominal,0.5,ridge,S1x2,T0107
0.01160913179000467,0.14083817002891272,0.06616501381428089,nominal,0.5,ridge,S1x2,T0108
0.14271570878886977,0.3891335073116024,0.1653353110029209,nominal,0.5,ridge,S1x2,T0109
0.0360874051313459,0.07575385237832301,0.029841439810672974,nominal,0.5,ridge,S1x2,T0110
0.04191051396583296,0.08424385581914386,0.044204063254366696,nominal,0.5,ridge,S1x2,T0111
0.0855549495606406,0.17064689129936086,0.06802039452478564,nominal,0.5,ridge,S1x2,T0112
0.15926436583450973,0.02094518849608679,0.003918800586945434,nominal,0.5,ridge,S1x2,T0113
0.018600838129299583,0.08282319960849384,0.037234875111359984,nominal,0.5,ridge,S1x2,T0114
0.1684020369533379,0.05060121123796947,0.029929331971559083,nominal,0.5,ridge,S1x2,T0115
0.06543621884120944,0.41169019648219907,0.1930381190524796,nominal,0.5,ridge,S1x2,T0116
0.08702462260097245,0.05718055176065552,0.027251819353474854,nominal,0.5,ridge,S1x2,T0117
0.27735313328495415,0.2156429675704125,0.09490917541804968,nominal,0.5,ridge,S1x2,T0118
0.026350869570836995,0.30270263848082907,0.14246637701359205,nominal,0.5,ridge,S1x2,T0119
0.11507912660804256,0.0429815433131342,0.024017285009801024,nominal,0.5,ridge,S1x2,T0120
0.08113910401879866,0.011074519993291844,0.01157103110777002,nominal,0.5,ridge,S1x2,T0121
0.2063803576860474,0.010337463818254069,0.005357427816910279,nominal,0.5,ridge,S1x2,T0122
0.3040984443449746,0.11894629403323478,0.05091199052555456,nominal,0.5,ridge,S1x2,T0123
0.1365873713023014,0.12047418671498558,0.05764359671771216,nominal,0.5,ridge,S1x2,T0124
0.0497498158641141,0.05750425104533387,0.01820987338693799,nominal,0.5,ridge,S1x2,T0125
0.003413326790236427,0.03152369984702003,0.019664844829353028,nominal,0.5,ridge,S1x2,T0126
0.020994310607284076,0.0005554055304304862,0.006841762353151733,nominal,0.5,ridge,S1x2,T0127
0.011852815121177477,0.07907804332910802,0.048183532451023685,nominal,0.5,ridge,S1x2cat,T0000
0.08659422611838609,0.18440398497512586,0.08812163723688733,nominal,0.5,ridge,S1x2cat,T0001
0.10714303382071969,0.05099435110168306,0.012782681569230714,nominal,0.5,ridge,S1x2cat,T0002
0.07459484789046401,0.29535576233060307,0.13813218312913697,nominal,0.5,ridge,S1x2cat,T0003
0.09290538682733497,0.06173318694251363,0.02459687702088501,nominal,0.5,ridge,S1x2cat,T0004
0.22614428966085987,0.13387148756530606,0.0723222340551726,nominal,0.5,ridge,S1x2cat,T0005
0.015880196047643184,0.11038926108381755,0.043920362016774905,nominal,0.5,ridge,S1x2cat,T0006
0.04698581375490009,0.06558910746431391,0.03210827432130627,nominal,0.5,ridge,S1x2cat,T0007
0.06860618388298546,0.3786187560870714,0.1752137145908629,nominal,0.5,ridge,S1x2cat,T0008
0.17095416745335215,0.1756986288864776,0.07576324101507068,nominal,0.5,ridge,S1x2cat,T0009
0.10386763335067054,0.16237256562867233,0.06721965926711206,nominal,0.5,ridge,S1x2cat,T0010
0.0683231905068374,0.13374986545641207,0.057158618561031736,nominal,0.5,ridge,S1x2cat,T0011
0.03028504063111171,0.17089804794526656,0.07988558060087793,nominal,0.5,ridge,S1x2cat,T0012
0.11041505860741821,0.3491522125994959,0.15624966518267674,nominal,0.5,ridge,S1x2cat,T0013
0.14211277270147263,0.09701403528197597,0.03279351902210266,nominal,0.5,ridge,S1x2cat,T0014
0.019841648815296934,0.06051065150716796,0.01278598716580298,nominal,0.5,ridge,S1x2cat,T0015
0.007937395627949375,0.37973081932979114,0.17914098486316418,nominal,0.5,ridge,S1x2cat,T0016
0.31317876182961507,0.32935044556155374,0.1374127077541958,nominal,0.5,ridge,S1x2cat,T0017
0.03766402493762478,0.37310963264385605,0.1742828571963855,nominal,0.5,ridge,S1x2cat,T0018
0.07359696205517298,0.19098291234125742,0.09191875636075611,nominal,0.5,ridge,S1x2cat,T0019
0.06419319145755666,0.2720593652407991,0.12446425066367481,nominal,0.5,ridge,S1x2cat,T0020
0.1392406889815301,0.03713498007074823,0.005265469666385254,nominal,0.5,ridge,S1x2cat,T0021
0.1788379870742768,0.5141763567318929,0.23512238365860205,nominal,0.5,ridge,S1x2cat,T0022
0.0624854241295031,0.1296931276487229,0.05665582753363318,nominal,0.5,ridge,S1x2cat,T0023
0.20322329965944885,0.18355118432241638,0.07141637804843629,nominal,0.5,ridge,S1x2cat,T0024
0.03211967491884516,0.0696189345977999,0.017411057359114992,nominal,0.5,ridge,S1x2cat,T0025
0.07481054204695277,0.17946631964872675,0.08152193726378565,nominal,0.5,ridge,S1x2cat,T0026
0.05544549265124628,0.24015539414475018,0.11088009233123536,nominal,0.5,ridge,S1x2cat,T0027
0.04350883236162729,0.1179929180828915,0.06233999848675391,nominal,0.5,ridge,S1x2cat,T0028
0.013287343636185226,0.21350902774833874,0.09759576544914735,nominal,0.5,ridge,S1x2cat,T0029
0.00408378932711645,0.0689177026875762,0.03385544797041846,nominal,0.5,ridge,S1x2cat,T0030
0.05054238292824005,0.2224560491133732,0.1123897009937505,nominal,0.5,ridge,S1x2cat,T0031
0.05437369474959543,0.18476768443181027,0.09086955560304016,nominal,0.5,ridge,S1x2cat,T0032
0.09447944373143838,0.13121077959695446,0.06435468591605652,nominal,0.5,ridge,S1x2cat,T0033
0.026463484984748382,0.16931704307453613,0.0720442043053363,nominal,0.5,ridge,S1x2cat,T0034
0.1869723423678671,0.01667735696809253,0.016216012144958863,nominal,0.5,ridge,S1x2cat,T0035
0.11300347862499008,0.11925021769638364,0.06486865991979138,nominal,0.5,ridge,S1x2cat,T0036
0.19123039009693954,0.4036949156799797,0.17939481672720325,nominal,0.5,ridge,S1x2cat,T0037
0.14392847274302903,0.0042344712854142106,0.0059760032671007084,nominal,0.5,ridge,S1x2cat,T0038
0.16245905801175245,0.019839172676187625,0.0223292885228479,nominal,0.5,ridge,S1x2cat,T0039
0.0015589895500428557,0.08039577677693645,0.03569094983546863,nominal,0.5,ridge,S1x2cat,T0040
0.06097167724449072,0.20304408078880376,0.09411073155243933,nominal,0.5,ridge,S1x2cat,T0041
0.17998581518252013,0.30289757570007075,0.13242429948955725,nominal,0.5,ridge,S1x2cat,T0042
0.11798940588509002,0.19954649765623506,0.08250834254667505,nominal,0.5,ridge,S1x2cat,T0043
0.2957962772346088,0.0892056991154422,0.05501506222498071,nominal,0.5,ridge,S1x2cat,T0044
0.20452758739058668,0.39176143098412397,0.18177323846167162,nominal,0.5,ridge,S1x2cat,T0045
0.17397911432262383,0.07818158622338812,0.044297808530322384,nominal,0.5,ridge,S1x2cat,T0046
0.13577709204325802,0.030608489920850586,0.0124786183132865,nominal,0.5,ridge,S1x2cat,T0047
0.029549270505275234,0.2196368107696262,0.08955828346591577,nominal,0.5,ridge,S1x2cat,T0048
0.05024920390495903,0.0196594469042799,0.01871431708486975,nominal,0.5,ridge,S1x2cat,T0049
0.09857417050990305,0.20835782457573065,0.10806886879377539,nominal,0.5,ridge,S1x2cat,T0050
0.16453995290391768,0.3790595842898929,0.1699956492237041,nominal,0.5,ridge,S1x2cat,T0051
0.19017322250056318,0.14450807367967058,0.06659642101563575,nominal,0.5,ridge,S1x2cat,T0052
0.10805048472229492,0.45001482169748347,0.2029452275800901,nominal,0.5,ridge,S1x2cat,T0053
0.0729641975606868,0.16443195289252757,0.07397541531421277,nominal,0.5,ridge,S1x2cat,T0054
0.027266392796608814,0.11051069901914182,0.04865896847990112,nominal,0.5,ridge,S1x2cat,T0055
0.06320213767702755,0.3317397855844157,0.14276647305596607,nominal,0.5,ridge,S1x2cat,T0056
0.020425782126755613,0.11586230813093681,0.04831900597373901,nominal,0.5,ridge,S1x2cat,T0057
0.006289714900138967,0.041557906657025696,0.019604177961875975,nominal,0.5,ridge,S1x2cat,T0058
0.21989482043330127,0.01188541512563535,0.005221769969466675,nominal,0.5,ridge,S1x2cat,T0059
0.11131861716452865,0.25078159000953815,0.10671637392617127,nominal,0.5,ridge,S1x2cat,T0060
0.03769218564680988,0.01412141238427395,0.0009505100064990234,nominal,0.5,ridge,S1x2cat,T0061
0.1920931932223955,0.0061240516277966135,0.0030099382711483154,nominal,0.5,ridge,S1x2cat,T0062
0.16943914123117523,0.17741303160277835,0.06949401416917236,nominal,0.5,ridge,S1x2cat,T0063
0.0337863734856761,0.1685371329932789,0.07132630898790844,nominal,0.5,ridge,S1x2cat,T0064
0.05024751384737487,0.005502406460130561,0.0006331951595178223,nominal,0.5,ridge,S1x2cat,T0065
0.062018212780221585,0.14949687050870133,0.06763984110750695,nominal,0.5,ridge,S1x2cat,T0066
0.06635659487349817,0.21876824348324836,0.07932964630642517,nominal,0.5,ridge,S1x2cat,T0067
0.24431719767736731,0.07246152156149212,0.02672589441159448,nominal,0.5,ridge,S1x2cat,T0068
0.05028979869887153,0.06933851215707194,0.025827593569089476,nominal,0.5,ridge,S1x2cat,T0069
0.08904612817601272,0.20961001117239036,0.10081860328741797,nominal,0.5,ridge,S1x2cat,T0070
0.0337902156150588,0.09258643434134962,0.029508249209963623,nominal,0.5,ridge,S1x2cat,T0071
0.0009896088804237093,0.016117167045113793,0.0032138617712698975,nominal,0.5,ridge,S1x2cat,T0072
0.00642554051712624,0.36209363481239604,0.1598630113262505,nominal,0.5,ridge,S1x2cat,T0073
0.019703556038417894,0.24422316425297552,0.11973263573490577,nominal,0.5,ridge,S1x2cat,T0074
0.21886021322059224,0.10276578338784595,0.04039065805306763,nominal,0.5,ridge,S1x2cat,T0075
0.0077544824470332525,0.1856799963794323,0.07542236777878418,nominal,0.5,ridge,S1x2cat,T0076
0.13915031586346885,0.030846600708956402,0.00452845403543042,nominal,0.5,ridge,S1x2cat,T0077
0.24632640090640984,0.05073804232975378,0.018364181643804933,nominal,0.5,ridge,S1x2cat,T0078
0.005959714359561332,0.007456470823442309,0.0036993703652106933,nominal,0.5,ridge,S1x2cat,T0079
0.06371747999601914,0.1893590797991832,0.09799570593431445,nominal,0.5,ridge,S1x2cat,T0080
0.12945347325328985,0.01601672877629662,0.0036303388560133057,nominal,0.5,ridge,S1x2cat,T0081
0.07641460691706127,0.05818487028866699,0.02409734788311719,nominal,0.5,ridge,S1x2cat,T0082
0.30259072229762546,0.2934397031981859,0.12363541279485377,nominal,0.5,ridge,S1x2cat,T0083
0.12362180326486341,0.0016840774276283281,0.0025366736022181396,nominal,0.5,ridge,S1x2cat,T0084
0.04690628611601523,0.10441010723886204,0.04768384189797546,nominal,0.5,ridge,S1x2cat,T0085
0.08397996640310464,0.02474004089463245,0.009668413830774903,nominal,0.5,ridge,S1x2cat,T0086
0.10911358605285029,0.17628562964661312,0.07631778004285046,nominal,0.5,ridge,S1x2cat,T0087
0.06173197524143999,0.12224307280404664,0.06165336719484668,nominal,0.5,ridge,S1x2cat,T0088
0.18333390161662552,0.21744559593828988,0.082901569038375,nominal,0.5,ridge,S1x2cat,T0089
0.11494428360014744,0.21252810037382502,0.0871390221127721,nominal,0.5,ridge,S1x2cat,T0090
0.10376618914434119,0.039865754699921215,0.025091674016832887,nominal,0.5,ridge,S1x2cat,T0091
0.1796375836586334,0.08562849977121258,0.03151361640961645,nominal,0.5,ridge,S1x2cat,T0092
0.05376366230483627,0.11411992733435242,0.05700693556669434,nominal,0.5,ridge,S1x2cat,T0093
0.08669560748676143,0.14803372574559662,0.06257378571540527,nominal,0.5,ridge,S1x2cat,T0094
0.13256778655030307,0.22375128040281167,0.10626618406332007,nominal,0.5,ridge,S1x2cat,T0095
0.10437877550370597,0.2726244370132034,0.1317874339918385,nominal,0.5,ridge,S1x2cat,T0096
0.0005343602823348893,0.07923274937456011,0.0314168014764043,nominal,0.5,ridge,S1x2cat,T0097
0.13638513518600684,0.1976694036435362,0.0771240860066289,nominal,0.5,ridge,S1x2cat,T0098
0.1821371801323596,0.10791314405039168,0.03601526920061426,nominal,0.5,ridge,S1x2cat,T0099
0.10646525017165401,0.04042862702388517,0.019833940765908813,nominal,0.5,ridge,S1x2cat,T0100
0.12134774443155308,0.03472043868938513,0.013868723383842773,nominal,0.5,ridge,S1x2cat,T0101
0.009746816669413684,0.18694457207147966,0.07270533212620264,nominal,0.5,ridge,S1x2cat,T0102
0.06810394577513064,0.04334442431961572,0.016873783139198486,nominal,0.5,ridge,S1x2cat,T0103
0.1594653494966489,0.07249657539347366,0.03710487187826074,nominal,0.5,ridge,S1x2cat,T0104
0.002336915919564087,0.26780084199536514,0.11907727572474268,nominal,0.5,ridge,S1x2cat,T0105
0.2132368822351408,0.01836625490650168,0.022321335829440795,nominal,0.5,ridge,S1x2cat,T0106
0.05207354131057164,0.12475293364281495,0.057103594730988645,nominal,0.5,ridge,S1x2cat,T0107
0.023708001596854385,0.1592231248816173,0.06998884593902356,nominal,0.5,ridge,S1x2cat,T0108
0.1250308097025671,0.405622471373062,0.16856849385136108,nominal,0.5,ridge,S1x2cat,T0109
0.0025670896659241165,0.05966105020448727,0.024215983948574583,nominal,0.5,ridge,S1x2cat,T0110
0.036277545732335555,0.07140132649149368,0.04373815699762317,nominal,0.5,ridge,S1x2cat,T0111
0.05856337943982577,0.18865636175537442,0.07237864410366845,nominal,0.5,ridge,S1x2cat,T0112
0.12334538238576112,0.009708943597991628,0.014836342396104615,nominal,0.5,ridge,S1x2cat,T0113
0.016973024855439504,0.10627054632596114,0.04777637973928808,nominal,0.5,ridge,S1x2cat,T0114
0.16570303111763554,0.033393021534342544,0.020746678073587158,nominal,0.5,ridge,S1x2cat,T0115
0.07052467760523153,0.4093226993717204,0.1960919079157344,nominal,0.5,ridge,S1x2cat,T0116
0.12619726850455845,0.04664861032089019,0.027373725853366455,nominal,0.5,ridge,S1x2cat,T0117
0.25532123055515143,0.22688458851790444,0.0995464189903285,nominal,0.5,ridge,S1x2cat,T0118
0.00749904307268401,0.29792029635451805,0.14846965173096094,nominal,0.5,ridge,S1x2cat,T0119
0.15445929635974023,0.03575152937708493,0.01644792960725586,nominal,0.5,ridge,S1x2cat,T0120
0.09161688440784467,0.003152155241360478,0.006932239860966553,nominal,0.5,ridge,S1x2cat,T0121
0.21161086625795195,0.0390436990094914,0.008348286883078735,nominal,0.5,ridge,S1x2cat,T0122
0.33248754953915804,0.10610589205237667,0.051226865233244386,nominal,0.5,ridge,S1x2cat,T0123
0.2004981107320975,0.11293956977687622,0.049943427440843506,nominal,0.5,ridge,S1x2cat,T0124
0.03358514252438161,0.05154267872754749,0.0227336803031875,nominal,0.5,ridge,S1x2cat,T0125
0.015057173799568616,0.04386492197959641,0.02725023567671216,nominal,0.5,ridge,S1x2cat,T0126
0.010350832024064173,0.00935484797952857,0.010274379676509522,nominal,0.5,ridge,S1x2cat,T0127
0.057258567175335354,0.11825541735478676,0.03842424480074463,nominal,0.5,ridge,S2,T0000
0.022098071840738757,0.11188003134881888,0.0526101488315553,nominal,0.5,ridge,S2,T0001
0.0601958427274968,0.1427275549298074,0.04978488897646948,nominal,0.5,ridge,S2,T0002
0.015615496751371086,0.1977615904109018,0.09185578906667115,nominal,0.5,ridge,S2,T0003
0.0432598975625842,0.184007548406365,0.08433248590857849,nominal,0.5,ridge,S2,T0004
0.029161465387475556,0.36698869831624964,0.16008216672283276,nominal,0.5,ridge,S2,T0005
0.07500498946504593,0.04056256884263199,0.017846844063801024,nominal,0.5,ridge,S2,T0006
0.02051316659379632,0.11060079866748676,0.05580397925396985,nominal,0.5,ridge,S2,T0007
0.07390136930177928,0.10123639513718422,0.039830661151176755,nominal,0.5,ridge,S2,T0008
0.03251007783126037,0.33566298292270097,0.1452100804475752,nominal,0.5,ridge,S2,T0009
0.054102543483889334,0.09409197756888535,0.03707273727408716,nominal,0.5,ridge,S2,T0010
0.037219605225080894,0.054741719516424606,0.03132647132172095,nominal,0.5,ridge,S2,T0011
0.11451168894064614,0.14302449388239272,0.05561139678513208,nominal,0.5,ridge,S2,T0012
0.04965011912242247,0.2295928399796474,0.10553839910303918,nominal,0.5,ridge,S2,T0013
0.013685842748668024,0.034832451076811106,0.015628332948138063,nominal,0.5,ridge,S2,T0014
0.033999850938355176,0.0510754695718585,0.01771079170029126,nominal,0.5,ridge,S2,T0015
0.022579899639002813,0.21819424390496311,0.09804110679073841,nominal,0.5,ridge,S2,T0016
0.10819306610635573,0.10689389480143449,0.046776321046265744,nominal,0.5,ridge,S2,T0017
0.03461532984933902,0.25886336670201077,0.11109053206308472,nominal,0.5,ridge,S2,T0018
0.040411084812377325,0.03785518159554525,0.01600796860858252,nominal,0.5,ridge,S2,T0019
0.020083691386402206,0.15056835948597944,0.06731604561774121,nominal,0.5,ridge,S2,T0020
0.06496580917543822,0.123934044357531,0.05621804975414807,nominal,0.5,ridge,S2,T0021
0.08626270141548932,0.4930376944325791,0.21524164274305493,nominal,0.5,ridge,S2,T0022
0.1474263515361696,0.070348921104908,0.017133560971467163,nominal,0.5,ridge,S2,T0023
0.009875227233002994,0.09031850547343791,0.04212789748083057,nominal,0.5,ridge,S2,T0024
0.0059602721293691725,0.009351789703699877,0.0135460325202406,nominal,0.5,ridge,S2,T0025
0.007807319059642272,0.13103701185363528,0.062369575500590455,nominal,0.5,ridge,S2,T0026
0.14022981995226144,0.12825286171959635,0.05545992947965527,nominal,0.5,ridge,S2,T0027
0.01751289187846006,0.07901674847461294,0.03297026912213208,nominal,0.5,ridge,S2,T0028
0.011312211248194483,0.16363904276496258,0.07661382911192736,nominal,0.5,ridge,S2,T0029
0.005744423001106115,0.13875043209574336,0.06542986640492969,nominal,0.5,ridge,S2,T0030
0.1504057024229891,0.29089118778020734,0.1424072509232041,nominal,0.5,ridge,S2,T0031
0.014645117632376418,0.08418122865151285,0.027550228820002687,nominal,0.5,ridge,S2,T0032
0.015619822894525352,0.050950918402978565,0.027187152193461305,nominal,0.5,ridge,S2,T0033
0.06621891535846637,0.20299626237758112,0.08661328761971546,nominal,0.5,ridge,S2,T0034
0.06567229261322279,0.009013634075723533,0.0033546975344172364,nominal,0.5,ridge,S2,T0035
0.08405097507259264,0.15019747355413174,0.07917354555046704,nominal,0.5,ridge,S2,T0036
0.059866224630712464,0.08991782603937461,0.050993533833710934,nominal,0.5,ridge,S2,T0037
0.09352649613005694,0.23659169113142647,0.09919250571051928,nominal,0.5,ridge,S2,T0038
0.022017224441492626,0.1030888054468507,0.04759399655393311,nominal,0.5,ridge,S2,T0039
0.05899946738898877,0.04288047902157866,0.015856765773806517,nominal,0.5,ridge,S2,T0040
0.03641089822495892,0.022543627766442868,0.011505961141553223,nominal,0.5,ridge,S2,T0041
0.08625981453445732,0.16872262648745143,0.06650429606708093,nominal,0.5,ridge,S2,T0042
0.020492416783248205,0.16415528607325094,0.0743962638039458,nominal,0.5,ridge,S2,T0043
0.02809240000014341,0.3513968942648938,0.15659607885803345,nominal,0.5,ridge,S2,T0044
0.08451781593005638,0.4122402080458738,0.18048208830390502,nominal,0.5,ridge,S2,T0045
0.0435235539398432,0.004055578790184423,0.0018915200208901367,nominal,0.5,ridge,S2,T0046
0.003429767742350321,0.055800842011740084,0.03446181089267151,nominal,0.5,ridge,S2,T0047
0.07507921755507353,0.1468492104252778,0.06379555362845458,nominal,0.5,ridge,S2,T0048
0.08211587225277457,0.028603295011476466,0.00046165473402246096,nominal,0.5,ridge,S2,T0049
0.10100025437663143,0.06400432642979516,0.02474518759723584,nominal,0.5,ridge,S2,T0050
0.04093968037549523,0.23939684336018652,0.1110050840203667,nominal,0.5,ridge,S2,T0051
0.07326827378731528,0.033532710926820204,0.01660697941720117,nominal,0.5,ridge,S2,T0052
0.04883899036783075,0.37070204564815945,0.1659372724283324,nominal,0.5,ridge,S2,T0053
0.02807150471578452,0.00944954163383527,7.619332052978516e-06,nominal,0.5,ridge,S2,T0054
0.07555497297007664,0.05124509266579065,0.01879095951880835,nominal,0.5,ridge,S2,T0055
0.019379580072143025,0.22937244035867949,0.0897583470597677,nominal,0.5,ridge,S2,T0056
0.03654409713563345,0.14981683944948784,0.05422814583384656,nominal,0.5,ridge,S2,T0057
0.018155960234977345,0.02064171468792703,0.011080355246412963,nominal,0.5,ridge,S2,T0058
0.009006060009482677,0.030167175062747194,0.01720740746754236,nominal,0.5,ridge,S2,T0059
0.10087890066914632,0.3658643031242057,0.1581200014514197,nominal,0.5,ridge,S2,T0060
0.1450237817696726,0.026740156538962452,0.009523619321073486,nominal,0.5,ridge,S2,T0061
0.08247417426722943,0.06236966166295045,0.02545120334714392,nominal,0.5,ridge,S2,T0062
0.09224541347053529,0.12386838763013944,0.05002289090456128,nominal,0.5,ridge,S2,T0063
0.02310701948050026,0.05027508237153923,0.022541362040997437,nominal,0.5,ridge,S2,T0064
0.029374114942940795,0.04925953743884605,0.021967678661840333,nominal,0.5,ridge,S2,T0065
0.03832736622214895,0.28126348400824375,0.13703340226203234,nominal,0.5,ridge,S2,T0066
0.09328626070109176,0.042510027195030727,0.010277017280657105,nominal,0.5,ridge,S2,T0067
0.03999767742721206,0.0695088071776029,0.03632118619133276,nominal,0.5,ridge,S2,T0068
0.03847434811095591,0.011555907781192478,0.008713756193924805,nominal,0.5,ridge,S2,T0069
0.013736186599965509,0.10905240246511297,0.04647026435221228,nominal,0.5,ridge,S2,T0070
0.11330958349793366,0.027634540996739905,0.0009365645121256103,nominal,0.5,ridge,S2,T0071
0.06532482378791811,0.10452817411324675,0.045657374529505246,nominal,0.5,ridge,S2,T0072
0.0428061042249614,0.033163120863971,0.002320799958290649,nominal,0.5,ridge,S2,T0073
0.06438245906856267,0.27320108313829533,0.12306113905600317,nominal,0.5,ridge,S2,T0074
0.0819510430400719,0.321128539766504,0.14411474759114307,nominal,0.5,ridge,S2,T0075
0.00276528776015389,0.018557233269559662,0.0008200483322377929,nominal,0.5,ridge,S2,T0076
0.035656616028747486,0.009956205836582079,0.009723916074677978,nominal,0.5,ridge,S2,T0077
0.08430306827962421,0.07975199107247756,0.03507811466837927,nominal,0.5,ridge,S2,T0078
0.03617315522567333,0.10156050181835494,0.04141096758152637,nominal,0.5,ridge,S2,T0079
0.03963418849206147,0.2223358790149333,0.110902267083198,nominal,0.5,ridge,S2,T0080
0.012941811581795307,0.09257039148187597,0.03286259863918787,nominal,0.5,ridge,S2,T0081
0.08955252331797005,0.09144683400570704,0.04191092116286145,nominal,0.5,ridge,S2,T0082
0.15991735366818918,0.14032642466649178,0.05297619521048169,nominal,0.5,ridge,S2,T0083
0.007735367127224004,0.1530907709825902,0.06463591409819873,nominal,0.5,ridge,S2,T0084
0.06295498709035342,0.11206690310790304,0.044458221005516725,nominal,0.5,ridge,S2,T0085
0.046353911948001654,0.190295737324161,0.09182045644184546,nominal,0.5,ridge,S2,T0086
0.05442970831016082,0.04498704941782423,0.021497655736953492,nominal,0.5,ridge,S2,T0087
0.0741768909588539,0.16617470237372842,0.07855441135676831,nominal,0.5,ridge,S2,T0088
0.013411277862567798,0.06213183727276529,0.025428547007680664,nominal,0.5,ridge,S2,T0089
0.09967383498213997,0.14275250403721298,0.07618632875301037,nominal,0.5,ridge,S2,T0090
0.08397243012174872,0.21004152107994506,0.10199918477520446,nominal,0.5,ridge,S2,T0091
0.053824251339561494,0.09694255338451976,0.038767877424333005,nominal,0.5,ridge,S2,T0092
0.06731598092288267,0.03336608579536605,0.015077191829684814,nominal,0.5,ridge,S2,T0093
0.05255219025954051,0.2625114712512206,0.12530839328449953,nominal,0.5,ridge,S2,T0094
0.072670119698319,0.0017315956205424259,0.0071756635054055174,nominal,0.5,ridge,S2,T0095
0.03215869620046386,0.2135120046110201,0.09914951845575341,nominal,0.5,ridge,S2,T0096
0.07316925446505364,0.04341364052428854,0.013687971317177612,nominal,0.5,ridge,S2,T0097
0.11041040438586366,0.1994375359309875,0.08464180692726331,nominal,0.5,ridge,S2,T0098
0.10476796484707454,0.0663630031788326,0.021841631766001464,nominal,0.5,ridge,S2,T0099
0.008530393784275116,0.17134379820237303,0.07625661477455078,nominal,0.5,ridge,S2,T0100
0.07582594414365847,0.030961328822778918,0.0069122883817719725,nominal,0.5,ridge,S2,T0101
0.06671033995600485,0.1304922150664695,0.04624661047099414,nominal,0.5,ridge,S2,T0102
0.06116863581968919,0.07988308350798225,0.03483118636947437,nominal,0.5,ridge,S2,T0103
0.023744551681643973,0.18529762055239765,0.08624110089786499,nominal,0.5,ridge,S2,T0104
0.015494326923697347,0.14246501288616684,0.052625553306558104,nominal,0.5,ridge,S2,T0105
0.11795251921198321,0.03894223413886289,0.013300450313285278,nominal,0.5,ridge,S2,T0106
0.00698576116550498,0.06112359646560346,0.022922426181484254,nominal,0.5,ridge,S2,T0107
0.01690796856655519,0.12023047733031675,0.05384487669107385,nominal,0.5,ridge,S2,T0108
0.06283152301149066,0.4065246290406203,0.17526442945713513,nominal,0.5,ridge,S2,T0109
0.04707280323413389,0.08474249460346085,0.04218346177599255,nominal,0.5,ridge,S2,T0110
0.015786134502500385,0.012072698488113102,0.00710951964990686,nominal,0.5,ridge,S2,T0111
0.017078855685209175,0.0915680140078662,0.03351071118380103,nominal,0.5,ridge,S2,T0112
0.002435183154697596,0.13018193142183668,0.0681962936859635,nominal,0.5,ridge,S2,T0113
0.014705075381208913,0.07062163254715038,0.02836658744344873,nominal,0.5,ridge,S2,T0114
0.023296725497459207,0.1855732151803036,0.09273639647570191,nominal,0.5,ridge,S2,T0115
0.05132213022098543,0.31666427198989217,0.15040374390704236,nominal,0.5,ridge,S2,T0116
0.0572905096098625,0.05742421873183247,0.021521953427929567,nominal,0.5,ridge,S2,T0117
0.07232431221060988,0.12698777368483186,0.059401645742977904,nominal,0.5,ridge,S2,T0118
0.004826360884619408,0.2666536747179824,0.1218945772401919,nominal,0.5,ridge,S2,T0119
0.021628086354747725,0.01266511481417099,0.0012416925695585938,nominal,0.5,ridge,S2,T0120
0.03626234341127744,0.026309211275299123,0.01064228258940332,nominal,0.5,ridge,S2,T0121
0.05394215778317281,0.045996812493836754,0.024164136225038452,nominal,0.5,ridge,S2,T0122
0.004986250523224268,0.12220526913602872,0.05450292424361658,nominal,0.5,ridge,S2,T0123
0.035646296572159904,0.0589046190876308,0.032277383875881104,nominal,0.5,ridge,S2,T0124
0.05738938651838889,0.14610885429834133,0.0583405645179314,nominal,0.5,ridge,S2,T0125
0.02221559880312918,0.047084581936306394,0.030155097731584108,nominal,0.5,ridge,S2,T0126
0.07907299846710848,0.12103665295771729,0.046752534577239255,nominal,0.5,ridge,S2,T0127
0.06150774795838866,0.10407391274832287,0.029943131780669433,nominal,0.5,ridge,S3,T0000
0.014146874464469886,0.0954448031808314,0.05359309948497949,nominal,0.5,ridge,S3,T0001
0.05640242820057985,0.11438625380807202,0.03942428897090039,nominal,0.5,ridge,S3,T0002
0.00929052585212198,0.16586276615433607,0.07915300000625146,nominal,0.5,ridge,S3,T0003
0.04378105081595308,0.171114198926792,0.08404662933438721,nominal,0.5,ridge,S3,T0004
0.023454881905530807,0.33111427264965027,0.16097115328096984,nominal,0.5,ridge,S3,T0005
0.06864203337120763,0.03578694250134518,0.010947797812246826,nominal,0.5,ridge,S3,T0006
0.01714429323969591,0.10632895547096957,0.05004046723322925,nominal,0.5,ridge,S3,T0007
0.07227322266400495,0.08033563306163229,0.038890674122320924,nominal,0.5,ridge,S3,T0008
0.04698274040606522,0.3272519062399388,0.1503820177748462,nominal,0.5,ridge,S3,T0009
0.046523053195520754,0.09341289422771239,0.03299883458049365,nominal,0.5,ridge,S3,T0010
0.03371891175832282,0.050532926590833874,0.020966903856402833,nominal,0.5,ridge,S3,T0011
0.11456598581328223,0.1480346739729194,0.05803328726666748,nominal,0.5,ridge,S3,T0012
0.05680091165628233,0.21944246214044094,0.09421650224673193,nominal,0.5,ridge,S3,T0013
0.016385875131011144,0.009388381828041305,0.019325162822920166,nominal,0.5,ridge,S3,T0014
0.040502887844710574,0.08147690653383584,0.03021725197297168,nominal,0.5,ridge,S3,T0015
0.018019658833255684,0.21154130460716825,0.10626222462795411,nominal,0.5,ridge,S3,T0016
0.09610413641756968,0.14247429680180587,0.049645373982532714,nominal,0.5,ridge,S3,T0017
0.026478700302340903,0.2436659820051102,0.1279643793986963,nominal,0.5,ridge,S3,T0018
0.04149954184293481,0.03990386242016059,0.02498480052579358,nominal,0.5,ridge,S3,T0019
0.013050142737742746,0.13820972191295608,0.056582995516142334,nominal,0.5,ridge,S3,T0020
0.0695993816751045,0.1305665412328411,0.04060568241288513,nominal,0.5,ridge,S3,T0021
0.09570991886067196,0.4744504565480155,0.21630576259440942,nominal,0.5,ridge,S3,T0022
0.15983589374802212,0.08249759984654771,0.032270074831672976,nominal,0.5,ridge,S3,T0023
0.00283471938732377,0.09784049198147074,0.049777957812811524,nominal,0.5,ridge,S3,T0024
0.015240274731460893,0.01807777431421548,0.024474886277323,nominal,0.5,ridge,S3,T0025
0.013120751937615308,0.13579931476529974,0.055049477189302615,nominal,0.5,ridge,S3,T0026
0.14304040530963238,0.13613299703067686,0.057084381420108396,nominal,0.5,ridge,S3,T0027
0.002214656525845738,0.06696056971215116,0.0436739996864773,nominal,0.5,ridge,S3,T0028
0.013172565269692908,0.16831066094085692,0.08613543678443909,nominal,0.5,ridge,S3,T0029
0.015856985586669706,0.11949768919502476,0.04212899203665161,nominal,0.5,ridge,S3,T0030
0.14248060308043156,0.27887470857416197,0.13535091828597742,nominal,0.5,ridge,S3,T0031
0.02759154409342602,0.09082695472836495,0.03077581968887805,nominal,0.5,ridge,S3,T0032
0.00794853809099272,0.08350377226920004,0.017688005956369997,nominal,0.5,ridge,S3,T0033
0.0679999761957545,0.20113934013550472,0.10385074878004577,nominal,0.5,ridge,S3,T0034
0.06263526675639537,0.0061256983915466984,0.008325771315930054,nominal,0.5,ridge,S3,T0035
0.0786234026245697,0.16225631967725698,0.07499116867614918,nominal,0.5,ridge,S3,T0036
0.059768685721578466,0.08455464806825354,0.025031719500868042,nominal,0.5,ridge,S3,T0037
0.0951514210978838,0.23384240715293914,0.09909481654315869,nominal,0.5,ridge,S3,T0038
0.023130583888343607,0.08271801453681783,0.05963329416520044,nominal,0.5,ridge,S3,T0039
0.052865271203357836,0.008363963409249721,0.004103699639840576,nominal,0.5,ridge,S3,T0040
0.03562876449167863,0.019337107462855944,0.0033023226138200685,nominal,0.5,ridge,S3,T0041
0.08433117101931732,0.15544762353011723,0.07384137666970862,nominal,0.5,ridge,S3,T0042
0.02182425923086762,0.15733452464737954,0.06800948030093774,nominal,0.5,ridge,S3,T0043
0.021646178552409415,0.3362493965240471,0.1640030319681787,nominal,0.5,ridge,S3,T0044
0.09209124276317067,0.41643065798726797,0.1924930140408113,nominal,0.5,ridge,S3,T0045
0.04561082404720363,0.007563085965194007,0.002063381423363525,nominal,0.5,ridge,S3,T0046
0.004334753236572287,0.05054838365733201,0.03126491548014514,nominal,0.5,ridge,S3,T0047
0.08563056178755359,0.1408415572073113,0.06313109796115673,nominal,0.5,ridge,S3,T0048
0.07290334896929236,0.03582228143012623,0.00035375465120043945,nominal,0.5,ridge,S3,T0049
0.09765477756708499,0.03953983072872203,0.0018194678346384278,nominal,0.5,ridge,S3,T0050
0.027560955322475385,0.24982174568019438,0.12971320663683691,nominal,0.5,ridge,S3,T0051
0.06749640572554229,0.00034502558878324324,0.0009748310611145019,nominal,0.5,ridge,S3,T0052
0.06243458266032538,0.38549971350722007,0.1870992021509485,nominal,0.5,ridge,S3,T0053
0.027277448213491602,0.018951255480559873,0.014601366620692016,nominal,0.5,ridge,S3,T0054
0.0813990535271056,0.019113058054143487,0.01260088205026062,nominal,0.5,ridge,S3,T0055
0.02277080636866047,0.24795580566579994,0.0907482370797362,nominal,0.5,ridge,S3,T0056
0.04554031513215984,0.14386767469909997,0.05433216230393384,nominal,0.5,ridge,S3,T0057
0.014917497476252265,0.019002573910475443,0.00890209335842688,nominal,0.5,ridge,S3,T0058
0.02091031591573173,0.06252049331372413,0.036180891817633176,nominal,0.5,ridge,S3,T0059
0.10753074864334192,0.3710887156303139,0.16460813429407933,nominal,0.5,ridge,S3,T0060
0.1430166308410558,0.03146679762193572,0.006948766056075928,nominal,0.5,ridge,S3,T0061
0.086561968974275,0.07500717450715345,0.035602231454233885,nominal,0.5,ridge,S3,T0062
0.0867824984133936,0.13121674244976403,0.0638828886485564,nominal,0.5,ridge,S3,T0063
0.03392174899182505,0.03517424687669469,0.026709693301946044,nominal,0.5,ridge,S3,T0064
0.04240126177016774,0.062152166828251545,0.022616863920847656,nominal,0.5,ridge,S3,T0065
0.03506589258013671,0.2756821376426916,0.12994887202686206,nominal,0.5,ridge,S3,T0066
0.09428049948700892,0.04487745597453686,0.003083805838640991,nominal,0.5,ridge,S3,T0067
0.05294869801627024,0.0388347360425978,0.012927433041458984,nominal,0.5,ridge,S3,T0068
0.03307734229847815,0.018767928313241925,0.015457321232520629,nominal,0.5,ridge,S3,T0069
0.017571428102557133,0.08053140221893797,0.03647794707289258,nominal,0.5,ridge,S3,T0070
0.11843822394560835,0.022786216917527472,0.003400711148901245,nominal,0.5,ridge,S3,T0071
0.05188716401835493,0.12169296517300202,0.05398021005788892,nominal,0.5,ridge,S3,T0072
0.04670599769979523,0.04522646503992867,0.014518648718302002,nominal,0.5,ridge,S3,T0073
0.07076791704181297,0.27861577510422403,0.1371896182683955,nominal,0.5,ridge,S3,T0074
0.08838269738212419,0.32384556454971547,0.1504096553702383,nominal,0.5,ridge,S3,T0075
0.01020925099667447,0.013665375845408893,0.006728701867051392,nominal,0.5,ridge,S3,T0076
0.027235264966640756,0.011611985771518564,0.0014971745167558594,nominal,0.5,ridge,S3,T0077
0.07407618593901767,0.050604913247087616,0.021811712174116454,nominal,0.5,ridge,S3,T0078
0.030481245452683166,0.08862557225895325,0.04879511493721985,nominal,0.5,ridge,S3,T0079
0.04182146528162623,0.22660493232143786,0.11204810664201184,nominal,0.5,ridge,S3,T0080
0.02052501336864077,0.08567026083897424,0.01070583543918042,nominal,0.5,ridge,S3,T0081
0.09119545357479276,0.09754664064152904,0.037216266411264895,nominal,0.5,ridge,S3,T0082
0.16185848252221416,0.14911854600054122,0.06523959064076343,nominal,0.5,ridge,S3,T0083
0.016875406828530396,0.14129262647343047,0.061093769937320554,nominal,0.5,ridge,S3,T0084
0.06085596240342607,0.09572904900002957,0.048336266002254026,nominal,0.5,ridge,S3,T0085
0.04755934813527375,0.16900641427747418,0.08015272583654712,nominal,0.5,ridge,S3,T0086
0.05640832769691796,0.024588130326905495,0.022993271610868532,nominal,0.5,ridge,S3,T0087
0.066953668564472,0.15068575509707308,0.07763323477655396,nominal,0.5,ridge,S3,T0088
0.008507352035048711,0.06399275430513053,0.008494696379141601,nominal,0.5,ridge,S3,T0089
0.09942424960547538,0.12489179098472084,0.057167097328791994,nominal,0.5,ridge,S3,T0090
0.09895884460565221,0.24279020750478392,0.12105678087239026,nominal,0.5,ridge,S3,T0091
0.03563244707144698,0.10416337070246642,0.060390461930259765,nominal,0.5,ridge,S3,T0092
0.07314612952842471,0.03682274834646199,0.021032530735981447,nominal,0.5,ridge,S3,T0093
0.04588790674383892,0.26334341707768333,0.10789995979206958,nominal,0.5,ridge,S3,T0094
0.07820681329202357,0.04845424098323449,0.024427011905361572,nominal,0.5,ridge,S3,T0095
0.04290602628631097,0.19566103212981667,0.11219565595941125,nominal,0.5,ridge,S3,T0096
0.06522828280506433,0.016922449629698803,0.01550102273968457,nominal,0.5,ridge,S3,T0097
0.10870680187437645,0.21939387592234244,0.08362297874125146,nominal,0.5,ridge,S3,T0098
0.09684237177983171,0.07674875413561434,0.028504902354113525,nominal,0.5,ridge,S3,T0099
0.0074135763405613914,0.15232688115603468,0.06995462277381384,nominal,0.5,ridge,S3,T0100
0.0669174135099543,0.03240697961495898,0.01081549401074707,nominal,0.5,ridge,S3,T0101
0.05504557558291158,0.13920148245267996,0.041108536478999515,nominal,0.5,ridge,S3,T0102
0.06092479752442399,0.10131550701186962,0.042432302991792965,nominal,0.5,ridge,S3,T0103
0.019958316325580375,0.17334863897125466,0.0785556834623169,nominal,0.5,ridge,S3,T0104
0.02452184457713725,0.11918169883345378,0.0461983419243562,nominal,0.5,ridge,S3,T0105
0.11754746066282937,0.06771550963973029,0.017919223118702757,nominal,0.5,ridge,S3,T0106
0.008847109133644506,0.06009717218957518,0.038126177914697024,nominal,0.5,ridge,S3,T0107
0.014530555748592525,0.1150331685178749,0.04654873370598071,nominal,0.5,ridge,S3,T0108
0.06489458843859987,0.41016923489605156,0.168079983971454,nominal,0.5,ridge,S3,T0109
0.03735919218962714,0.07677085455967765,0.04478119020423474,nominal,0.5,ridge,S3,T0110
0.021748486059040287,0.009934817696399258,0.01470405125045166,nominal,0.5,ridge,S3,T0111
0.010483475721364545,0.09951399458858537,0.02764600605707312,nominal,0.5,ridge,S3,T0112
0.00573959628309001,0.10155804438940794,0.05181018281601746,nominal,0.5,ridge,S3,T0113
0.02247810816079499,0.07978949028986994,0.03781892699616479,nominal,0.5,ridge,S3,T0114
0.012370367253216611,0.19383654393489885,0.10037039900590357,nominal,0.5,ridge,S3,T0115
0.048178233326180445,0.30790238348314575,0.15891862056224462,nominal,0.5,ridge,S3,T0116
0.05705743325580494,0.08238624641078081,0.02578425691368335,nominal,0.5,ridge,S3,T0117
0.06338349339476858,0.14819610728155966,0.07218942818728455,nominal,0.5,ridge,S3,T0118
0.005131252936987908,0.23848131793849237,0.13318807048012354,nominal,0.5,ridge,S3,T0119
0.01781772384345293,0.0011475301423113928,0.01170427826005835,nominal,0.5,ridge,S3,T0120
0.0348412577480789,0.021619674781412638,0.01278044738873755,nominal,0.5,ridge,S3,T0121
0.058580635024554364,0.0374050962237485,0.012741928034397339,nominal,0.5,ridge,S3,T0122
0.005972306568252652,0.09117325518659293,0.044548284810125974,nominal,0.5,ridge,S3,T0123
0.04577516902948165,0.06409791650966086,0.015821767227858642,nominal,0.5,ridge,S3,T0124
0.06527810244147171,0.19010176307712573,0.10535985915755469,nominal,0.5,ridge,S3,T0125
0.016855430402618613,0.038288328601947814,0.03971785685633582,nominal,0.5,ridge,S3,T0126
0.08063839316137968,0.11899773768237035,0.05420830875430127,nominal,0.5,ridge,S3,T0127
0.0600071613488254,0.0024380711691268657,0.006630595433570923,nominal,0.9,gp,S1,T0000
0.009761250138687895,0.20716869056967352,0.10118943528090515,nominal,0.9,gp,S1,T0001
0.0029310964005141446,0.12778200435876744,0.04207896490494556,nominal,0.9,gp,S1,T0002
0.14913539842975335,0.24348867129658258,0.12418539677507104,nominal,0.9,gp,S1,T0003
0.11203268740354214,0.029923126726323086,0.01721955170274402,nominal,0.9,gp,S1,T0004
0.31541044854150857,0.14106520851688595,0.0724100795346936,nominal,0.9,gp,S1,T0005
0.040310867685467995,0.0014357162515105106,0.0018777049153969726,nominal,0.9,gp,S1,T0006
0.07866952265334683,0.046466451820687545,0.015957088274410766,nominal,0.9,gp,S1,T0007
0.11780001332452553,0.26384259155225054,0.11944999470312573,nominal,0.9,gp,S1,T0008
0.08291809175694,0.301029891690165,0.1273608880908911,nominal,0.9,gp,S1,T0009
0.06301297255228656,0.1569838706024779,0.06951063041945996,nominal,0.9,gp,S1,T0010
0.086423573402466,0.03818937784858257,0.0209708672720542,nominal,0.9,gp,S1,T0011
0.006747483367036124,0.16929252844940848,0.07491892566233471,nominal,0.9,gp,S1,T0012
0.1603447431976027,0.39144026653946656,0.17108769679840063,nominal,0.9,gp,S1,T0013
0.15474500280448725,0.110107558305059,0.046785807282115476,nominal,0.9,gp,S1,T0014
0.06409303166591192,0.02169340309249396,0.017757505344505372,nominal,0.9,gp,S1,T0015
0.04758598716880781,0.4141873731836294,0.19427456838720764,nominal,0.9,gp,S1,T0016
0.4195322678534187,0.26628160232827774,0.10993701007401575,nominal,0.9,gp,S1,T0017
0.07498502987913715,0.258197529952014,0.11624614097247657,nominal,0.9,gp,S1,T0018
0.027998976162711693,0.3087356531900593,0.14744910792586122,nominal,0.9,gp,S1,T0019
0.10510611671961492,0.24670653151240207,0.1023701929736184,nominal,0.9,gp,S1,T0020
0.023390078618729385,0.21021452848570937,0.08769411072134363,nominal,0.9,gp,S1,T0021
0.1217421337517455,0.4746895139996475,0.2114919711208069,nominal,0.9,gp,S1,T0022
0.06435135919125147,0.16425845399059338,0.06840277345442078,nominal,0.9,gp,S1,T0023
0.19304367763086838,0.10460701350868465,0.03853213087170483,nominal,0.9,gp,S1,T0024
0.02455936529866421,0.0009358380824636694,0.011680030188781372,nominal,0.9,gp,S1,T0025
0.09139284264204962,0.17039970664686463,0.08009147522613709,nominal,0.9,gp,S1,T0026
0.1414773343269893,0.21465866600063477,0.09329828220294507,nominal,0.9,gp,S1,T0027
0.05949929509654507,0.11945614630477444,0.07182349840552735,nominal,0.9,gp,S1,T0028
0.0897067797105633,0.16003024066436558,0.08668052103636169,nominal,0.9,gp,S1,T0029
0.04990294886038278,0.082088875946513,0.03977633541768115,nominal,0.9,gp,S1,T0030
0.00018057829109574544,0.3018470960611053,0.15905094242821874,nominal,0.9,gp,S1,T0031
0.0041651739505230165,0.16590843312772943,0.0814229609800763,nominal,0.9,gp,S1,T0032
0.13346962468137272,0.0164516867244674,0.015905596302683716,nominal,0.9,gp,S1,T0033
0.022752498611091635,0.21082857108297998,0.09541034838454188,nominal,0.9,gp,S1,T0034
0.23007843410886303,0.0697641789959569,0.028091632412733398,nominal,0.9,gp,S1,T0035
0.087519471277559,0.158639168719332,0.07333925287373633,nominal,0.9,gp,S1,T0036
0.22240310217852893,0.31030464593169055,0.13686091390452892,nominal,0.9,gp,S1,T0037
0.13422603430740923,0.021845313747826393,8.706896131958008e-06,nominal,0.9,gp,S1,T0038
0.20778181297918896,0.051641960956973224,0.037849016391097653,nominal,0.9,gp,S1,T0039
0.03623785956258064,0.08091974158717653,0.033271376503043334,nominal,0.9,gp,S1,T0040
0.050208085730949495,0.06055629165715061,0.034031991249045164,nominal,0.9,gp,S1,T0041
0.1670267523820557,0.3421070123239806,0.15463607236922192,nominal,0.9,gp,S1,T0042
0.09919702184224502,0.1362164568397262,0.05589038524970313,nominal,0.9,gp,S1,T0043
0.36888430593684635,0.05735796803936101,0.02158756529821875,nominal,0.9,gp,S1,T0044
0.25214070797851407,0.4217715062422579,0.1957081249017671,nominal,0.9,gp,S1,T0045
0.1520779756003732,0.10899677738956645,0.03446360962717505,nominal,0.9,gp,S1,T0046
0.10955821260522888,0.04927150310293922,0.01418867622709253,nominal,0.9,gp,S1,T0047
0.05877424137413435,0.39807886334466036,0.17883207995836353,nominal,0.9,gp,S1,T0048
0.09924205250327031,0.03497458985622454,0.0048678291738568115,nominal,0.9,gp,S1,T0049
0.1610763551624342,0.2086831492609279,0.1072615185570791,nominal,0.9,gp,S1,T0050
0.16138240747976487,0.4821270303677756,0.22862351754302954,nominal,0.9,gp,S1,T0051
0.25240084610583585,0.08324238046682865,0.038485028632448244,nominal,0.9,gp,S1,T0052
0.14638402724446278,0.46768226308303334,0.21556138626027074,nominal,0.9,gp,S1,T0053
0.01437132111685863,0.1874900567151783,0.08831267499392774,nominal,0.9,gp,S1,T0054
0.05577841775051219,0.07165119027497392,0.030996348484169677,nominal,0.9,gp,S1,T0055
0.09750432732374695,0.3486359278342022,0.1468928224138728,nominal,0.9,gp,S1,T0056
0.04323283678218049,0.21965375206244286,0.08911171929331592,nominal,0.9,gp,S1,T0057
0.006750615887837765,0.13100545015691387,0.058600691916436035,nominal,0.9,gp,S1,T0058
0.26386887810023885,0.06102128596833624,0.019153772719269165,nominal,0.9,gp,S1,T0059
0.08403562103463992,0.36738401906053797,0.15924076986120433,nominal,0.9,gp,S1,T0060
0.07961799914735725,0.03550490803304219,0.026433237147498536,nominal,0.9,gp,S1,T0061
0.24352822661663948,0.017438407573005524,0.0030772522046885985,nominal,0.9,gp,S1,T0062
0.19546252482645443,0.2987657233336117,0.1289751723544629,nominal,0.9,gp,S1,T0063
0.10296616789230859,0.17183305009218833,0.06785329770685987,nominal,0.9,gp,S1,T0064
0.06474966830605473,0.11565041381432109,0.04551133553133081,nominal,0.9,gp,S1,T0065
0.06806623867637086,0.1387922185250279,0.06420460685192969,nominal,0.9,gp,S1,T0066
0.02340089018308456,0.3125872203472691,0.12689258087846889,nominal,0.9,gp,S1,T0067
0.13434288969843197,0.051580051076085556,0.010745132206193848,nominal,0.9,gp,S1,T0068
0.025000307329171863,0.004086449557561545,0.003460151143883911,nominal,0.9,gp,S1,T0069
0.22273935068803852,0.1714034228659503,0.07505038126079017,nominal,0.9,gp,S1,T0070
0.0032402125065672535,0.12377628263952226,0.05420720582242615,nominal,0.9,gp,S1,T0071
0.06991467750208342,0.032643079724824504,0.016960475930200194,nominal,0.9,gp,S1,T0072
0.05347146491808176,0.2644756963195694,0.11346217253091076,nominal,0.9,gp,S1,T0073
0.13701305934417543,0.28848785900866875,0.13934677350753175,nominal,0.9,gp,S1,T0074
0.26753048027611476,0.1314794346518489,0.05376942051716431,nominal,0.9,gp,S1,T0075
0.036676064885685096,0.14133555488056312,0.06418607754393042,nominal,0.9,gp,S1,T0076
0.17884712557619256,0.1100696887246436,0.04212341497470923,nominal,0.9,gp,S1,T0077
0.25777189096463543,0.00251385224198375,0.004555592750748779,nominal,0.9,gp,S1,T0078
0.10761443290170816,0.04130046837717228,0.013466264503702393,nominal,0.9,gp,S1,T0079
0.06985022311212148,0.21836949407760298,0.10797862890386987,nominal,0.9,gp,S1,T0080
0.13062423484207944,0.027655581878227593,0.001954116875392456,nominal,0.9,gp,S1,T0081
0.09138115698993422,0.17403267399057484,0.07298701644748608,nominal,0.9,gp,S1,T0082
0.27733398633183753,0.30595644072569184,0.128518701123573,nominal,0.9,gp,S1,T0083
0.11830605982083828,0.05766837829881967,0.025905492373264647,nominal,0.9,gp,S1,T0084
0.0594842148642072,0.08055588284401118,0.03357663248110193,nominal,0.9,gp,S1,T0085
0.00488885823461377,0.039507127667572924,0.02166465277913452,nominal,0.9,gp,S1,T0086
0.09685908953377789,0.041877198515463405,0.018843115128127197,nominal,0.9,gp,S1,T0087
0.05006958557008252,0.26332625737355875,0.12754277134436132,nominal,0.9,gp,S1,T0088
0.125556839328162,0.2620120607728083,0.11337247644091919,nominal,0.9,gp,S1,T0089
0.09452862972610862,0.22263739351590767,0.10533531617623242,nominal,0.9,gp,S1,T0090
0.05594097951381384,0.13096476316256103,0.0745447328683761,nominal,0.9,gp,S1,T0091
0.18515827042417723,0.012169434588940601,0.006341513440572022,nominal,0.9,gp,S1,T0092
0.11280105227432227,0.051749937846574126,0.028743185733068603,nominal,0.9,gp,S1,T0093
0.09441328283306463,0.1498821408236656,0.07599512282733496,nominal,0.9,gp,S1,T0094
0.07533140164401265,0.1513807145295676,0.07137396077455639,nominal,0.9,gp,S1,T0095
0.14788573202676294,0.31190336020230225,0.1499243389694989,nominal,0.9,gp,S1,T0096
0.08706283342281686,0.05193081714702426,0.02267522814639331,nominal,0.9,gp,S1,T0097
0.08277727288858534,0.1364714932005923,0.049425596030518555,nominal,0.9,gp,S1,T0098
0.26398828406890235,0.0834138512527094,0.028592375077762206,nominal,0.9,gp,S1,T0099
0.030197360356992727,0.07695803762921839,0.03054713238897986,nominal,0.9,gp,S1,T0100
0.07415331478712901,0.15035223084270358,0.06499663494676954,nominal,0.9,gp,S1,T0101
0.050513904187892714,0.23920968777646606,0.10333008573910986,nominal,0.9,gp,S1,T0102
0.09011175357480918,0.016787742371307816,0.01371665299677417,nominal,0.9,gp,S1,T0103
0.15765288275549463,0.19486144904769387,0.08136367114214794,nominal,0.9,gp,S1,T0104
0.04755801037259812,0.3124144304633345,0.1283198543422749,nominal,0.9,gp,S1,T0105
0.32537741303897116,0.14940955657755553,0.08599299104830506,nominal,0.9,gp,S1,T0106
0.04841512268902283,0.1297575691317507,0.06824526871274121,nominal,0.9,gp,S1,T0107
0.04724040633719008,0.12562972433296657,0.05672591919955542,nominal,0.9,gp,S1,T0108
0.07338368009800313,0.4805026632244151,0.20662097452191674,nominal,0.9,gp,S1,T0109
0.04327652918393877,0.0630412034700681,0.026203188080569702,nominal,0.9,gp,S1,T0110
0.028211762857066898,0.08513159176951447,0.04544378923568262,nominal,0.9,gp,S1,T0111
0.056524271382105154,0.09701047393089027,0.028566861563579467,nominal,0.9,gp,S1,T0112
0.10770274208572242,0.08618130752793414,0.04965420361902588,nominal,0.9,gp,S1,T0113
0.004542050926644726,0.06588843951658264,0.027485952462991944,nominal,0.9,gp,S1,T0114
0.10365559351240675,0.04364477687086588,0.02454358236455713,nominal,0.9,gp,S1,T0115
0.12444993150207198,0.45721877996113836,0.21282431099162696,nominal,0.9,gp,S1,T0116
0.20602033721016327,0.06896673032541768,0.0390113147517428,nominal,0.9,gp,S1,T0117
0.26277970319327415,0.24886607803908062,0.11331078902367127,nominal,0.9,gp,S1,T0118
0.017137981956289464,0.30761849836647154,0.1512399557310055,nominal,0.9,gp,S1,T0119
0.133366707363575,0.020784570775967407,0.015253334186974244,nominal,0.9,gp,S1,T0120
0.018080452184401356,0.03050627837291043,0.01112738142008081,nominal,0.9,gp,S1,T0121
0.13775019966482285,0.014098494690612532,0.003831423208870361,nominal,0.9,gp,S1,T0122
0.1893506544151916,0.014014850709875851,0.0022685616314644776,nominal,0.9,gp,S1,T0123
0.15723131655931702,0.09367392455327418,0.05032974238589697,nominal,0.9,gp,S1,T0124
0.03647021118875716,0.129101479270381,0.05349203303433935,nominal,0.9,gp,S1,T0125
0.023225081413731367,0.0972454501954462,0.05826035062990173,nominal,0.9,gp,S1,T0126
0.013018765791070756,0.02928812117074909,0.020545500389326173,nominal,0.9,gp,S1,T0127
0.04392212189792467,0.029905224660696512,0.020289905736485106,nominal,0.9,gp,S1x2,T0000
0.020710464942061416,0.20789837329557365,0.10203749372072803,nominal,0.9,gp,S1x2,T0001
0.02180661759436431,0.10267946756063964,0.029319145853376707,nominal,0.9,gp,S1x2,T0002
0.12688816754473922,0.25236791463219505,0.1280196137356404,nominal,0.9,gp,S1x2,T0003
0.09114880558350193,0.011110434732037879,0.0020180300666416016,nominal,0.9,gp,S1x2,T0004
0.29004281516065356,0.14043715373040835,0.0741435940455083,nominal,0.9,gp,S1x2,T0005
0.033410740778518085,0.02950538431622019,0.010633512707427491,nominal,0.9,gp,S1x2,T0006
0.0651976250575373,0.055512271684356476,0.020079756120120116,nominal,0.9,gp,S1x2,T0007
0.0978490044342212,0.3429538782042516,0.1539714280751499,nominal,0.9,gp,S1x2,T0008
0.11791982416111238,0.2845793765949795,0.12157882528745922,nominal,0.9,gp,S1x2,T0009
0.07047404583370999,0.15913036286968554,0.07118166248186913,nominal,0.9,gp,S1x2,T0010
0.052153682501172874,0.02041159169579893,0.00410362081067627,nominal,0.9,gp,S1x2,T0011
0.005260710825433224,0.17481163977765726,0.07895052029536889,nominal,0.9,gp,S1x2,T0012
0.15346499159584362,0.4088903535444081,0.17955217566109327,nominal,0.9,gp,S1x2,T0013
0.16676866905585705,0.11357834685053056,0.04568992684366382,nominal,0.9,gp,S1x2,T0014
0.06720071978624816,0.04716611112128567,0.031273956852685546,nominal,0.9,gp,S1x2,T0015
0.03891212836551445,0.4292463067089398,0.20251533737508007,nominal,0.9,gp,S1x2,T0016
0.39104595828524585,0.2938425598192535,0.12302979612825146,nominal,0.9,gp,S1x2,T0017
0.056723487818167176,0.31185203355016516,0.14129800271884596,nominal,0.9,gp,S1x2,T0018
0.03876795047948551,0.29314119007867656,0.14222214164912816,nominal,0.9,gp,S1x2,T0019
0.10130633456695684,0.28468386719500366,0.12181369673192016,nominal,0.9,gp,S1x2,T0020
0.060000991221431946,0.15040752738771315,0.06152500236875305,nominal,0.9,gp,S1x2,T0021
0.15040233776589032,0.49898647551887315,0.22322476928283838,nominal,0.9,gp,S1x2,T0022
0.047436913036041375,0.1929139851639073,0.08266246797640076,nominal,0.9,gp,S1x2,T0023
0.17249815219123973,0.11463341846015832,0.043143720284424314,nominal,0.9,gp,S1x2,T0024
0.02335595780622091,0.01966281643873358,0.021346377639092164,nominal,0.9,gp,S1x2,T0025
0.0781822459937598,0.20085813629696642,0.09427344696358704,nominal,0.9,gp,S1x2,T0026
0.08250335293817997,0.19400834721012483,0.0851069456434475,nominal,0.9,gp,S1x2,T0027
0.06316252315421546,0.09333556401100897,0.0604576162982688,nominal,0.9,gp,S1x2,T0028
0.05830294635421342,0.15356632319989907,0.08284827757936414,nominal,0.9,gp,S1x2,T0029
0.03927293585036629,0.08041040098231812,0.03772512178030225,nominal,0.9,gp,S1x2,T0030
0.01889945820290784,0.30371204760354964,0.16259163704195118,nominal,0.9,gp,S1x2,T0031
0.005938307150584745,0.18948699673073532,0.09038127814914453,nominal,0.9,gp,S1x2,T0032
0.11232541219656947,0.04370049000353205,0.028232714297444946,nominal,0.9,gp,S1x2,T0033
0.01122834124350436,0.2043513810887599,0.09077574071100122,nominal,0.9,gp,S1x2,T0034
0.2044894859492511,0.08226562256007737,0.03541259147797229,nominal,0.9,gp,S1x2,T0035
0.1379835280120895,0.13786867017606372,0.0664673192357163,nominal,0.9,gp,S1x2,T0036
0.2046848481888886,0.3405984458771916,0.15109957178987865,nominal,0.9,gp,S1x2,T0037
0.14871185137609713,0.007791710744368964,0.014458074151816894,nominal,0.9,gp,S1x2,T0038
0.1917964123005656,0.06250145932017644,0.04144695926170606,nominal,0.9,gp,S1x2,T0039
0.021481688639194977,0.03457009486263319,0.014206151511790405,nominal,0.9,gp,S1x2,T0040
0.04778899436904739,0.12718729083250283,0.06461458334203406,nominal,0.9,gp,S1x2,T0041
0.1918963164494481,0.31130751345192836,0.14000280372043764,nominal,0.9,gp,S1x2,T0042
0.11312522952562468,0.1433917039967825,0.0584627088760813,nominal,0.9,gp,S1x2,T0043
0.36901180061262506,0.05703068578418681,0.021994531189317625,nominal,0.9,gp,S1x2,T0044
0.23252733643218232,0.4090699934413118,0.18800104758024366,nominal,0.9,gp,S1x2,T0045
0.14925711088467133,0.051521998268136984,0.0061511739143100585,nominal,0.9,gp,S1x2,T0046
0.13281712620012212,0.04705407547827113,0.014766977017124634,nominal,0.9,gp,S1x2,T0047
0.04132739428435062,0.33081454870735333,0.14691770188620581,nominal,0.9,gp,S1x2,T0048
0.08224978949603974,0.002710834419848152,0.010551616808911866,nominal,0.9,gp,S1x2,T0049
0.145939766885993,0.19551059296138684,0.10085037776257544,nominal,0.9,gp,S1x2,T0050
0.1610212679007517,0.4296259449783747,0.20151494035988868,nominal,0.9,gp,S1x2,T0051
0.2514659985977969,0.09101703927464679,0.0419609441045332,nominal,0.9,gp,S1x2,T0052
0.15579630400140268,0.49825517983468387,0.22747776055074645,nominal,0.9,gp,S1x2,T0053
0.03370066809844086,0.15115847470475788,0.07172121587559009,nominal,0.9,gp,S1x2,T0054
0.048074436224621334,0.11012909357788372,0.04864867759726074,nominal,0.9,gp,S1x2,T0055
0.08869640083897014,0.3557244692049944,0.15147118094653955,nominal,0.9,gp,S1x2,T0056
0.0059084735693626395,0.20737435004848903,0.08523167209181873,nominal,0.9,gp,S1x2,T0057
0.015425392022079269,0.11755157986933831,0.05150273556130481,nominal,0.9,gp,S1x2,T0058
0.2520388010506023,0.06698880685558518,0.02161741796969348,nominal,0.9,gp,S1x2,T0059
0.11822077107249199,0.3397826485150663,0.14644567583535828,nominal,0.9,gp,S1x2,T0060
0.08328243301162165,0.013178777321234129,0.016470667635371583,nominal,0.9,gp,S1x2,T0061
0.2253239255363954,0.02432249574115642,0.007279547647412109,nominal,0.9,gp,S1x2,T0062
0.20423795109900894,0.26729161821225317,0.11360539128385791,nominal,0.9,gp,S1x2,T0063
0.05837665010466177,0.15920528883231758,0.061128967958173096,nominal,0.9,gp,S1x2,T0064
0.0571834484399117,0.08694150149191783,0.032366426965043944,nominal,0.9,gp,S1x2,T0065
0.07126408053688861,0.14573848343509196,0.06474533901335229,nominal,0.9,gp,S1x2,T0066
0.027305560839269445,0.27244801690220094,0.1093408983995299,nominal,0.9,gp,S1x2,T0067
0.16628837286747164,0.03295205980647698,0.004233864973770264,nominal,0.9,gp,S1x2,T0068
0.02094845199900636,0.005717076722890347,0.001713780284772827,nominal,0.9,gp,S1x2,T0069
0.17650714169301449,0.18696256418091642,0.08413545426040174,nominal,0.9,gp,S1x2,T0070
0.015709491650863775,0.09806958853582295,0.041693503007689696,nominal,0.9,gp,S1x2,T0071
0.0381593052218382,0.02002963286897114,0.009464169090410156,nominal,0.9,gp,S1x2,T0072
0.01804050398188928,0.2952647074014226,0.12799893514253174,nominal,0.9,gp,S1x2,T0073
0.10202468224818881,0.2556995216960898,0.12501317702492457,nominal,0.9,gp,S1x2,T0074
0.2327607743816793,0.1190345084861966,0.04983711806852954,nominal,0.9,gp,S1x2,T0075
0.030147344269150785,0.15638258754239773,0.06733991919761512,nominal,0.9,gp,S1x2,T0076
0.15748373081255654,0.08398480417996874,0.0291464207940105,nominal,0.9,gp,S1x2,T0077
0.2680642216945423,0.004632297488591509,1.843964671862793e-05,nominal,0.9,gp,S1x2,T0078
0.05587866491329531,0.008209490721054482,0.0016332824266582031,nominal,0.9,gp,S1x2,T0079
0.062178139506914046,0.21533984565494857,0.1074765880109458,nominal,0.9,gp,S1x2,T0080
0.13984728998555188,0.0169526488492211,0.002061905132907715,nominal,0.9,gp,S1x2,T0081
0.08551738543379596,0.14616766619001662,0.06102848439300647,nominal,0.9,gp,S1x2,T0082
0.304964241935557,0.29516223945024933,0.12304406631400512,nominal,0.9,gp,S1x2,T0083
0.12394250376204316,0.05595937478297343,0.025472147995934204,nominal,0.9,gp,S1x2,T0084
0.05701676690955394,0.11867626802229972,0.05172921086244958,nominal,0.9,gp,S1x2,T0085
0.036898451987069376,0.017926079477697535,0.009383725955327637,nominal,0.9,gp,S1x2,T0086
0.11655396611666205,0.06660461229575616,0.03176497110103308,nominal,0.9,gp,S1x2,T0087
0.0602705565662376,0.23244997962511593,0.11304018806398292,nominal,0.9,gp,S1x2,T0088
0.15234273932440703,0.23062282933300376,0.09923880293126368,nominal,0.9,gp,S1x2,T0089
0.10258649158181701,0.21916919951851194,0.10181522420827453,nominal,0.9,gp,S1x2,T0090
0.060723960272237046,0.07666675236095406,0.048293669091101686,nominal,0.9,gp,S1x2,T0091
0.2054889649775566,0.030218381999729267,0.000666087279046875,nominal,0.9,gp,S1x2,T0092
0.09359605129864364,0.10957908518442308,0.05631378031528308,nominal,0.9,gp,S1x2,T0093
0.0871604308002777,0.15070523276382256,0.07561034826928198,nominal,0.9,gp,S1x2,T0094
0.08961050373620578,0.1638023140944839,0.07673505902711353,nominal,0.9,gp,S1x2,T0095
0.12507830754421664,0.3167262171873012,0.1520703152442367,nominal,0.9,gp,S1x2,T0096
0.057376636127618466,0.027195075267174025,0.01080597512703833,nominal,0.9,gp,S1x2,T0097
0.09187639557212247,0.1578840693563344,0.05796701379390808,nominal,0.9,gp,S1x2,T0098
0.23496268885726207,0.1108005709773702,0.04013623201225122,nominal,0.9,gp,S1x2,T0099
0.06063953490998976,0.04596099745584615,0.016745542550250854,nominal,0.9,gp,S1x2,T0100
0.09374222562064856,0.1031392943284021,0.044153153358988034,nominal,0.9,gp,S1x2,T0101
0.020941356207611065,0.2332143828905398,0.10119987750061743,nominal,0.9,gp,S1x2,T0102
0.05733710695918105,0.02246631230649138,0.01701395957839331,nominal,0.9,gp,S1x2,T0103
0.17365072376608728,0.21239572962995423,0.09042668540703466,nominal,0.9,gp,S1x2,T0104
0.02154548183279648,0.3128645661608773,0.13011234863020166,nominal,0.9,gp,S1x2,T0105
0.27103650937402557,0.1190007793024678,0.07153706372945703,nominal,0.9,gp,S1x2,T0106
0.004041857731987287,0.09634794644594716,0.05234152971933618,nominal,0.9,gp,S1x2,T0107
0.05408562991936429,0.1317930922396757,0.06023682583418286,nominal,0.9,gp,S1x2,T0108
0.10298020414009404,0.45617387785316915,0.1945414108986637,nominal,0.9,gp,S1x2,T0109
0.018424072369883086,0.05877370536755468,0.024854526862545287,nominal,0.9,gp,S1x2,T0110
0.05303807143255819,0.07273855775590256,0.04161358301505725,nominal,0.9,gp,S1x2,T0111
0.06425766508645349,0.1429177481298655,0.04776151162417688,nominal,0.9,gp,S1x2,T0112
0.12648169805787898,0.045609424059481214,0.03110204627101404,nominal,0.9,gp,S1x2,T0113
0.018042571385201715,0.06723162503423476,0.029355787541273683,nominal,0.9,gp,S1x2,T0114
0.12831612741806056,0.020650816124981878,0.012148059713536866,nominal,0.9,gp,S1x2,T0115
0.10674631903891954,0.45795655066779195,0.21461926693554126,nominal,0.9,gp,S1x2,T0116
0.15986286424206578,0.08733766677870182,0.04621162596836438,nominal,0.9,gp,S1x2,T0117
0.275292991911835,0.23468151261802522,0.10609698574274744,nominal,0.9,gp,S1x2,T0118
0.012136731165812157,0.3231978436405037,0.15781916266523036,nominal,0.9,gp,S1x2,T0119
0.12250463342382725,0.003474921523526909,0.002586210508421875,nominal,0.9,gp,S1x2,T0120
0.04566658765831345,0.02544862015492922,0.00707689302501831,nominal,0.9,gp,S1x2,T0121
0.150189234785193,0.008402178772254356,0.007581537802204834,nominal,0.9,gp,S1x2,T0122
0.2474411862887516,0.036985426166309406,0.020858840938487794,nominal,0.9,gp,S1x2,T0123
0.14732876576241452,0.12077279105550873,0.06199385141970849,nominal,0.9,gp,S1x2,T0124
0.0315604299158856,0.1384551681034946,0.058064418451477785,nominal,0.9,gp,S1x2,T0125
0.032743905765446064,0.04948233236680839,0.03219370818341016,nominal,0.9,gp,S1x2,T0126
0.005183496602044758,0.00402428670559979,0.01008021582751184,nominal,0.9,gp,S1x2,T0127
0.0436892354936383,0.009542031906048245,0.011084185385352783,nominal,0.9,gp,S1x2cat,T0000
0.03498691182279357,0.20731316680944556,0.10266149347035303,nominal,0.9,gp,S1x2cat,T0001
0.023189069803475352,0.09772244248339226,0.025836123577668214,nominal,0.9,gp,S1x2cat,T0002
0.14012080441421385,0.2418875855881198,0.12549470108734534,nominal,0.9,gp,S1x2cat,T0003
0.09389188680927976,0.014093543542757495,0.008991631624158813,nominal,0.9,gp,S1x2cat,T0004
0.28984448228988274,0.14141811001017415,0.07654284999164208,nominal,0.9,gp,S1x2cat,T0005
0.04252115905957588,0.02165587858485363,0.007997024924305663,nominal,0.9,gp,S1x2cat,T0006
0.06902558816220235,0.0444576802023794,0.014292457040176025,nominal,0.9,gp,S1x2cat,T0007
0.10249402438051061,0.33589817953411516,0.15129907267260534,nominal,0.9,gp,S1x2cat,T0008
0.13239725093872504,0.25098823502659023,0.10672951036333984,nominal,0.9,gp,S1x2cat,T0009
0.07708688351436956,0.15111637067641184,0.0670906975841809,nominal,0.9,gp,S1x2cat,T0010
0.07297891837312943,0.023648245943812547,0.005833206273033935,nominal,0.9,gp,S1x2cat,T0011
0.011789677395877,0.1821661230467159,0.08335676292060328,nominal,0.9,gp,S1x2cat,T0012
0.15194143981821842,0.37277805468912717,0.16312133387847755,nominal,0.9,gp,S1x2cat,T0013
0.1704944229800415,0.09670206806510376,0.037363900601206056,nominal,0.9,gp,S1x2cat,T0014
0.05475514501105368,0.0469175085069007,0.03247341164733569,nominal,0.9,gp,S1x2cat,T0015
0.03470269108209995,0.41620244698502795,0.19807726157077588,nominal,0.9,gp,S1x2cat,T0016
0.39236809004465006,0.30429019521673545,0.12610913921814781,nominal,0.9,gp,S1x2cat,T0017
0.04258527328169615,0.30806856314309466,0.14145657335365186,nominal,0.9,gp,S1x2cat,T0018
0.0498098137915365,0.29182786371519726,0.14218910197117518,nominal,0.9,gp,S1x2cat,T0019
0.09958581071526698,0.263732997702654,0.11268589331794458,nominal,0.9,gp,S1x2cat,T0020
0.08147989864904727,0.17305499238208957,0.06933936529135608,nominal,0.9,gp,S1x2cat,T0021
0.17093520636614903,0.48051660148623315,0.21587715239224073,nominal,0.9,gp,S1x2cat,T0022
0.06457510778466903,0.19103820442982428,0.0832728983708402,nominal,0.9,gp,S1x2cat,T0023
0.18352477072679788,0.12092614808950411,0.045051649115654784,nominal,0.9,gp,S1x2cat,T0024
0.0284416123274367,0.01325898757312122,0.007724564264288208,nominal,0.9,gp,S1x2cat,T0025
0.08375542012702021,0.18749962256628758,0.08785044417633374,nominal,0.9,gp,S1x2cat,T0026
0.0967069917583788,0.21112587227089036,0.09187561219183984,nominal,0.9,gp,S1x2cat,T0027
0.052953596758532076,0.09089757765925356,0.06222995639847656,nominal,0.9,gp,S1x2cat,T0028
0.047168327477395425,0.1517507307776517,0.08466655360885766,nominal,0.9,gp,S1x2cat,T0029
0.039032884715675405,0.06377619183753626,0.0313174818089563,nominal,0.9,gp,S1x2cat,T0030
0.033842678196167604,0.2877123407424079,0.15714923015808435,nominal,0.9,gp,S1x2cat,T0031
0.005041311162423679,0.20646301741421907,0.09680857360880298,nominal,0.9,gp,S1x2cat,T0032
0.12710895610578146,0.02911576263168931,0.022734377436046144,nominal,0.9,gp,S1x2cat,T0033
0.0006817047589430248,0.20482643706787323,0.09055945258388648,nominal,0.9,gp,S1x2cat,T0034
0.21994880860251953,0.06426559855536641,0.027329947847356078,nominal,0.9,gp,S1x2cat,T0035
0.11805742293404284,0.1516816209175301,0.07190879242183996,nominal,0.9,gp,S1x2cat,T0036
0.20760203668107052,0.35336190973190357,0.1581822615885569,nominal,0.9,gp,S1x2cat,T0037
0.1417070586790609,0.0100509567020049,0.016575082694572876,nominal,0.9,gp,S1x2cat,T0038
0.2025270710966035,0.06303160133114773,0.04279438691603076,nominal,0.9,gp,S1x2cat,T0039
0.006929400795602227,0.03147975860546771,0.011797618411725464,nominal,0.9,gp,S1x2cat,T0040
0.04488444758746047,0.11421552102089452,0.06119193378715796,nominal,0.9,gp,S1x2cat,T0041
0.18272043336532987,0.32563688215463354,0.14615097296375598,nominal,0.9,gp,S1x2cat,T0042
0.1038860787783458,0.14005723465052025,0.05698454822141895,nominal,0.9,gp,S1x2cat,T0043
0.36430702559178024,0.04961628240972017,0.01801566246762085,nominal,0.9,gp,S1x2cat,T0044
0.2494852754485769,0.4093121394968303,0.18831135209862257,nominal,0.9,gp,S1x2cat,T0045
0.16321441475671386,0.06585477553760628,0.010365290046304444,nominal,0.9,gp,S1x2cat,T0046
0.14038489990006234,0.04011617659371886,0.012822726685911254,nominal,0.9,gp,S1x2cat,T0047
0.04931300484810776,0.35246483739478035,0.15693929700007422,nominal,0.9,gp,S1x2cat,T0048
0.08822427723894995,0.0221644743356092,0.0008448777921761474,nominal,0.9,gp,S1x2cat,T0049
0.14645535977340587,0.20592159944425292,0.10647002393367969,nominal,0.9,gp,S1x2cat,T0050
0.16936302572020948,0.48468695246579885,0.2250859053352284,nominal,0.9,gp,S1x2cat,T0051
0.2362686468953224,0.11241469798642714,0.05194818895908643,nominal,0.9,gp,S1x2cat,T0052
0.13931888569395842,0.4838326367843852,0.22192946703082958,nominal,0.9,gp,S1x2cat,T0053
0.028071758600257964,0.18741051206647988,0.08778714656936024,nominal,0.9,gp,S1x2cat,T0054
0.03475538716204652,0.10549690180195917,0.04682224232914172,nominal,0.9,gp,S1x2cat,T0055
0.09454347838030344,0.34620699891748324,0.1476547308474214,nominal,0.9,gp,S1x2cat,T0056
0.002132421799817819,0.21099624875533218,0.08676012457177368,nominal,0.9,gp,S1x2cat,T0057
0.016088413615646394,0.1484406017518997,0.0641636115833108,nominal,0.9,gp,S1x2cat,T0058
0.2581514097642138,0.052923780751180385,0.013811185693145874,nominal,0.9,gp,S1x2cat,T0059
0.11617102091237899,0.37179363198641574,0.1608379090834315,nominal,0.9,gp,S1x2cat,T0060
0.07854061421876114,0.007939489976784843,0.014616087891283448,nominal,0.9,gp,S1x2cat,T0061
0.24355475272343918,0.010657632616031256,0.007738832357326782,nominal,0.9,gp,S1x2cat,T0062
0.21592639225903243,0.28476346682055126,0.11952939749283081,nominal,0.9,gp,S1x2cat,T0063
0.06257863306638302,0.15054857684219328,0.05675021831821521,nominal,0.9,gp,S1x2cat,T0064
0.046238805763257625,0.08915352199059647,0.0332165327923291,nominal,0.9,gp,S1x2cat,T0065
0.07175541595614511,0.15825038505450115,0.06960350596252758,nominal,0.9,gp,S1x2cat,T0066
0.028011216901716325,0.26662947446550905,0.10592418553070276,nominal,0.9,gp,S1x2cat,T0067
0.17409723840760508,0.0321083803773814,0.004691536766979981,nominal,0.9,gp,S1x2cat,T0068
0.025261589680676273,0.02896952024440514,0.0076951967642950436,nominal,0.9,gp,S1x2cat,T0069
0.19177855292779356,0.1675058575592012,0.07471257502224951,nominal,0.9,gp,S1x2cat,T0070
0.0034838984507640234,0.09972461476349562,0.042226889076773196,nominal,0.9,gp,S1x2cat,T0071
0.03436765438876777,0.0022291609207777956,0.0007539907984853516,nominal,0.9,gp,S1x2cat,T0072
0.011738375682792682,0.26437216383914114,0.11515567262840858,nominal,0.9,gp,S1x2cat,T0073
0.10323624227405712,0.2529069194062331,0.12386517884983032,nominal,0.9,gp,S1x2cat,T0074
0.2485482612546056,0.11005775019139133,0.04512850363942212,nominal,0.9,gp,S1x2cat,T0075
0.034572377593974364,0.19619234518914874,0.08451971110524145,nominal,0.9,gp,S1x2cat,T0076
0.16419539117348617,0.06486179397978105,0.02047611979005664,nominal,0.9,gp,S1x2cat,T0077
0.2662387795574151,0.005515856730126113,0.0009175764881417237,nominal,0.9,gp,S1x2cat,T0078
0.059726586249072025,0.04669044032772019,0.015245194100905518,nominal,0.9,gp,S1x2cat,T0079
0.0742066264096203,0.214409085099461,0.10692442606396728,nominal,0.9,gp,S1x2cat,T0080
0.13788519935330898,0.015655965876859305,0.017098329309986206,nominal,0.9,gp,S1x2cat,T0081
0.08959932578897047,0.15485988947552407,0.06478314108977783,nominal,0.9,gp,S1x2cat,T0082
0.3078472974110347,0.2999637441341366,0.12467912185592285,nominal,0.9,gp,S1x2cat,T0083
0.12032775078652805,0.02722564408080886,0.014079323507918212,nominal,0.9,gp,S1x2cat,T0084
0.05384007190821939,0.10581658457198775,0.04802668164598914,nominal,0.9,gp,S1x2cat,T0085
0.03473802899625484,0.03954211879161341,0.01790186597798706,nominal,0.9,gp,S1x2cat,T0086
0.10858784150424186,0.05840656928352146,0.02737636806123401,nominal,0.9,gp,S1x2cat,T0087
0.06862067039320326,0.2560147064697516,0.12418326582904639,nominal,0.9,gp,S1x2cat,T0088
0.14835106763587072,0.2561326443182938,0.10917118815819044,nominal,0.9,gp,S1x2cat,T0089
0.11416952314014686,0.22465486972002907,0.10433582155878283,nominal,0.9,gp,S1x2cat,T0090
0.07469305349854434,0.08626991785396888,0.05288906042053442,nominal,0.9,gp,S1x2cat,T0091
0.19093865984007924,0.06471377448736772,0.014266216391754639,nominal,0.9,gp,S1x2cat,T0092
0.10214178368895102,0.1133707809157575,0.060408817490534915,nominal,0.9,gp,S1x2cat,T0093
0.08295508880566184,0.16926915657356936,0.08352909716259399,nominal,0.9,gp,S1x2cat,T0094
0.08466489644404275,0.1280334763327057,0.061739198383579344,nominal,0.9,gp,S1x2cat,T0095
0.1288023253217019,0.313272212618051,0.1505987217754164,nominal,0.9,gp,S1x2cat,T0096
0.059990495799832635,0.02582047562320334,0.008955546470771606,nominal,0.9,gp,S1x2cat,T0097
0.10171688743692983,0.15388773456702812,0.05539246262888184,nominal,0.9,gp,S1x2cat,T0098
0.23971788962083967,0.1023032494592169,0.036668877096166015,nominal,0.9,gp,S1x2cat,T0099
0.04946657204508044,0.0629966932825521,0.024397764516936402,nominal,0.9,gp,S1x2cat,T0100
0.10734245343212243,0.11736896192474813,0.05146621814993189,nominal,0.9,gp,S1x2cat,T0101
0.01571077990677572,0.22912520068279768,0.09953546040919214,nominal,0.9,gp,S1x2cat,T0102
0.07257398350656226,0.033692066216723944,0.02240033508187036,nominal,0.9,gp,S1x2cat,T0103
0.18789962224613355,0.195555838177432,0.0828101254856831,nominal,0.9,gp,S1x2cat,T0104
0.022944733151055722,0.31013988257930647,0.1290870125413352,nominal,0.9,gp,S1x2cat,T0105
0.28104933129996323,0.14280296031454534,0.08181734138406653,nominal,0.9,gp,S1x2cat,T0106
0.004424854809573221,0.10415264567124052,0.05640680132221167,nominal,0.9,gp,S1x2cat,T0107
0.04655441203298972,0.12302169701945728,0.05537812170391541,nominal,0.9,gp,S1x2cat,T0108
0.10490833456490381,0.4614075059937843,0.19660015547689808,nominal,0.9,gp,S1x2cat,T0109
0.020818111976619872,0.07184842828258405,0.03112692936241382,nominal,0.9,gp,S1x2cat,T0110
0.04837686779037455,0.06611375553657596,0.04019921257136402,nominal,0.9,gp,S1x2cat,T0111
0.07284769203541043,0.12668042651278524,0.04037888425784729,nominal,0.9,gp,S1x2cat,T0112
0.11437730539492988,0.08158346692418884,0.04732371868328796,nominal,0.9,gp,S1x2cat,T0113
0.011710051632505826,0.07584550989158502,0.03264054686879224,nominal,0.9,gp,S1x2cat,T0114
0.1259590088278584,0.024020197791438942,0.012337320407550782,nominal,0.9,gp,S1x2cat,T0115
0.10658267881025699,0.4763602638390675,0.22421370485164308,nominal,0.9,gp,S1x2cat,T0116
0.1721583848473263,0.07995592196087754,0.04415191684345935,nominal,0.9,gp,S1x2cat,T0117
0.26965411049649535,0.24195830984160233,0.10873662681772009,nominal,0.9,gp,S1x2cat,T0118
0.010188609016889562,0.3060590547653983,0.152623183438229,nominal,0.9,gp,S1x2cat,T0119
0.13366332882403495,0.014692443139088244,0.0020579191190622558,nominal,0.9,gp,S1x2cat,T0120
0.04964675487358185,0.032433375085155765,0.009997595409984619,nominal,0.9,gp,S1x2cat,T0121
0.15833819328078538,0.02652724172533622,6.887823837939453e-05,nominal,0.9,gp,S1x2cat,T0122
0.25637705865775967,0.04170390612925679,0.024753277651503786,nominal,0.9,gp,S1x2cat,T0123
0.17340576491843843,0.12177616374076525,0.06307008186630884,nominal,0.9,gp,S1x2cat,T0124
0.026675600604845758,0.13059468652906472,0.05494263341034546,nominal,0.9,gp,S1x2cat,T0125
0.03891519655020604,0.07170277157786205,0.041630833234809934,nominal,0.9,gp,S1x2cat,T0126
0.005845486071205387,0.0039791626904206465,0.008780788217862549,nominal,0.9,gp,S1x2cat,T0127
0.020966390712277298,0.14343260524495835,0.054385899910822634,nominal,0.9,gp,S2,T0000
0.054354291559895754,0.08471128141181201,0.044846669757025635,nominal,0.9,gp,S2,T0001
0.030835691011232853,0.10944031678109592,0.03214567430681714,nominal,0.9,gp,S2,T0002
0.06304637564846617,0.2045087015247405,0.0991371670098142,nominal,0.9,gp,S2,T0003
0.044468945478281514,0.10580023789992263,0.049713284049225585,nominal,0.9,gp,S2,T0004
0.008946931950281347,0.2659255882847126,0.11949126401736987,nominal,0.9,gp,S2,T0005
0.040279149880361194,0.042330005824674506,0.02093955293438281,nominal,0.9,gp,S2,T0006
0.056365775164924095,0.01174866165616573,0.005620868827286621,nominal,0.9,gp,S2,T0007
0.028754764521159444,0.07024098795098745,0.031144193224006224,nominal,0.9,gp,S2,T0008
0.055743115363682275,0.25114764561933905,0.1080595506994712,nominal,0.9,gp,S2,T0009
0.00473141145654027,0.1002279319542643,0.04209383208333008,nominal,0.9,gp,S2,T0010
0.012194427923933885,0.004228026429926869,0.008075003049962403,nominal,0.9,gp,S2,T0011
0.01416978514732881,0.2590017544642909,0.11491134111315673,nominal,0.9,gp,S2,T0012
0.04796672666769365,0.2686460913017336,0.11842896031814673,nominal,0.9,gp,S2,T0013
0.024273659786358266,0.08852100965782013,0.039203780306080446,nominal,0.9,gp,S2,T0014
0.0056138278847475695,0.06996603511366274,0.03712340243043286,nominal,0.9,gp,S2,T0015
0.008386379357367692,0.2836493907503818,0.13405883660450366,nominal,0.9,gp,S2,T0016
0.07916833788821744,0.1102884806435889,0.04553331988865454,nominal,0.9,gp,S2,T0017
0.04124256031931895,0.276491981922587,0.12301246144150976,nominal,0.9,gp,S2,T0018
0.03336244337775935,0.14271466717058592,0.07140557394774158,nominal,0.9,gp,S2,T0019
0.059009267156265324,0.07349960417569275,0.025690598111407226,nominal,0.9,gp,S2,T0020
0.05500081502534894,0.13232048372373686,0.0520357844392804,nominal,0.9,gp,S2,T0021
0.09747734004482425,0.4778112598158439,0.2097953253440593,nominal,0.9,gp,S2,T0022
0.12318861766771275,0.1291644202850867,0.04963204782091614,nominal,0.9,gp,S2,T0023
0.0614357870055668,0.0287461330601474,0.007870005297990479,nominal,0.9,gp,S2,T0024
0.009122689932527519,0.005768911818556378,0.011085114124410645,nominal,0.9,gp,S2,T0025
0.019407479174981538,0.15307912603417992,0.0696267887291836,nominal,0.9,gp,S2,T0026
0.10263133568186175,0.1871556441280173,0.08145497650993579,nominal,0.9,gp,S2,T0027
0.06530075524606883,0.1974679610063252,0.10227958818270948,nominal,0.9,gp,S2,T0028
0.020857231207760955,0.059143107540271536,0.04628869887163244,nominal,0.9,gp,S2,T0029
0.011760434556133684,0.08512938510748026,0.03468765397881982,nominal,0.9,gp,S2,T0030
0.043809328268452914,0.2537409111552908,0.13565695330729774,nominal,0.9,gp,S2,T0031
0.03708252867080653,0.01576856769851948,0.014968148150842651,nominal,0.9,gp,S2,T0032
0.034909298585143474,0.03872132479082858,0.012280197166489745,nominal,0.9,gp,S2,T0033
0.08864264349712105,0.08991025533355625,0.041739461522279295,nominal,0.9,gp,S2,T0034
0.017879939805380832,0.014599026704129884,0.008222880463161499,nominal,0.9,gp,S2,T0035
0.05484431541159242,0.06943994994601994,0.03844861331648169,nominal,0.9,gp,S2,T0036
0.06564215333124014,0.01948641962605802,0.009766907782202636,nominal,0.9,gp,S2,T0037
0.07587454673598172,0.1311567365635863,0.049209950355439694,nominal,0.9,gp,S2,T0038
0.03595400551312134,0.05993557865729,0.03425834878208618,nominal,0.9,gp,S2,T0039
0.05931282210952961,0.033597828992786856,0.013171755497397583,nominal,0.9,gp,S2,T0040
0.025191581925343993,0.0393616394355742,0.023758787693105958,nominal,0.9,gp,S2,T0041
0.09100408267357697,0.29409086227396414,0.12858851831455273,nominal,0.9,gp,S2,T0042
0.04810262078855933,0.033524796028138744,0.012582462874701416,nominal,0.9,gp,S2,T0043
0.0743652221882274,0.24193123526178034,0.10206822623911377,nominal,0.9,gp,S2,T0044
0.07369275705199103,0.5927495309779802,0.26597232416111305,nominal,0.9,gp,S2,T0045
0.00909283563433755,0.018191946417114028,0.018713385337500856,nominal,0.9,gp,S2,T0046
0.03688742940543722,0.057690397560758735,0.014602063833279296,nominal,0.9,gp,S2,T0047
0.05252596461452265,0.27285642290488027,0.12345012142643384,nominal,0.9,gp,S2,T0048
0.04528102596767004,0.04209120156583258,0.0066204589475931394,nominal,0.9,gp,S2,T0049
0.057854617297956615,0.06507911428853709,0.04133372735389526,nominal,0.9,gp,S2,T0050
0.01818332193698036,0.3304817590716589,0.1579001853106936,nominal,0.9,gp,S2,T0051
0.08574607727197038,0.025726462040381877,0.017119419843621093,nominal,0.9,gp,S2,T0052
0.0717854997367093,0.4156340549772323,0.1931015483270117,nominal,0.9,gp,S2,T0053
0.023171710326724274,0.126973070219682,0.06234372088041772,nominal,0.9,gp,S2,T0054
0.04064264899636628,0.03947834831491193,0.015263104217625244,nominal,0.9,gp,S2,T0055
0.009164455510856097,0.348413455616467,0.14126629693293383,nominal,0.9,gp,S2,T0056
0.059371614796405195,0.15400147841184572,0.05753339310486169,nominal,0.9,gp,S2,T0057
0.02392505553031222,0.01652377474785888,0.008240894392976563,nominal,0.9,gp,S2,T0058
0.022940118401902358,0.05861189834534848,0.024618403002095213,nominal,0.9,gp,S2,T0059
0.05964436392348339,0.3640951576183358,0.15659157169737062,nominal,0.9,gp,S2,T0060
0.09665409191580712,0.07773209814093825,0.04512140161878662,nominal,0.9,gp,S2,T0061
0.06220107913094437,0.029180612573505023,0.015276672624405518,nominal,0.9,gp,S2,T0062
0.04664656092083414,0.18711937482514543,0.08032864205566895,nominal,0.9,gp,S2,T0063
0.00767127331916362,0.05270530277853737,0.0185255914382417,nominal,0.9,gp,S2,T0064
0.06196307279053988,0.014660787144044621,0.0032988338353393556,nominal,0.9,gp,S2,T0065
0.01633362147983153,0.2494192012208985,0.11620913499616943,nominal,0.9,gp,S2,T0066
0.07729627152333858,0.11792143610642405,0.04187855197391394,nominal,0.9,gp,S2,T0067
0.0023168374925824913,0.1270233037870955,0.06565285451795215,nominal,0.9,gp,S2,T0068
0.011868232307878649,0.09686558735759579,0.05004397959591858,nominal,0.9,gp,S2,T0069
0.030593884909006504,0.06186789667049332,0.032234332744176634,nominal,0.9,gp,S2,T0070
0.07988808107337987,0.03389292293408231,0.011259172944758667,nominal,0.9,gp,S2,T0071
0.041840957968541655,0.054584253218533954,0.024881355360545043,nominal,0.9,gp,S2,T0072
0.08011637325152617,0.223966195791861,0.09485298020410474,nominal,0.9,gp,S2,T0073
0.07213353732930862,0.2893077558111929,0.1358360173323047,nominal,0.9,gp,S2,T0074
0.01652233122662772,0.18808066114143213,0.0853687499144021,nominal,0.9,gp,S2,T0075
0.005702339842230676,0.2029054914787768,0.08926115634166822,nominal,0.9,gp,S2,T0076
0.0395497032697384,0.007907478690009908,0.005662595577345337,nominal,0.9,gp,S2,T0077
0.07999645910581722,0.029085643815393587,0.00738203032524585,nominal,0.9,gp,S2,T0078
0.06046207161182039,0.04839196557583915,0.019117227535740723,nominal,0.9,gp,S2,T0079
0.07251565493251068,0.21758674579384385,0.11000612926011828,nominal,0.9,gp,S2,T0080
0.007974080370239391,0.01925549545481964,0.0028138126035904543,nominal,0.9,gp,S2,T0081
0.0436973312332234,0.026470293143849584,0.008807824254954223,nominal,0.9,gp,S2,T0082
0.07243039780841788,0.1063929815871276,0.04152209404813208,nominal,0.9,gp,S2,T0083
0.042551412208520496,0.12360222532676271,0.0529110353151394,nominal,0.9,gp,S2,T0084
0.05371787324418954,0.021430487936434654,0.007364549530124878,nominal,0.9,gp,S2,T0085
0.06393697321614407,0.09500513492082754,0.047869203014693607,nominal,0.9,gp,S2,T0086
0.06124438306272463,0.09402254171686611,0.039748587794529666,nominal,0.9,gp,S2,T0087
0.021209775471574547,0.17720539318144965,0.0859694337172334,nominal,0.9,gp,S2,T0088
0.024491398992184672,0.19465382861519226,0.08346742226926367,nominal,0.9,gp,S2,T0089
0.08281204560703749,0.02248538573162096,0.0025196574541936035,nominal,0.9,gp,S2,T0090
0.05988279348481397,0.12637988131407515,0.07361162779691797,nominal,0.9,gp,S2,T0091
0.08577624484824022,0.10429088148992241,0.05077735230292993,nominal,0.9,gp,S2,T0092
0.03898392428281384,0.023199324835016803,0.01369475958506079,nominal,0.9,gp,S2,T0093
0.0069283243663981215,0.2567705656600589,0.12054259872894874,nominal,0.9,gp,S2,T0094
0.008613696090870595,0.06162118324393785,0.03018439813839502,nominal,0.9,gp,S2,T0095
0.04669773799831801,0.2902946932678952,0.141532661986021,nominal,0.9,gp,S2,T0096
0.05120608232063174,0.01892211050949111,0.007034838297908447,nominal,0.9,gp,S2,T0097
0.07950646912653182,0.06438596790514896,0.019112197649492433,nominal,0.9,gp,S2,T0098
0.07972741358700743,0.011473317906718352,0.008590786021107666,nominal,0.9,gp,S2,T0099
0.01655989533396685,0.08692337059357348,0.03684142507693689,nominal,0.9,gp,S2,T0100
0.01333986667656523,0.01858931703794198,0.002996636156903076,nominal,0.9,gp,S2,T0101
0.0009811892913336175,0.1467442945129305,0.05906276083366382,nominal,0.9,gp,S2,T0102
0.024795651971065986,0.06087809697096576,0.022842457610748778,nominal,0.9,gp,S2,T0103
0.016115205577096062,0.08936440140224573,0.03674711953218164,nominal,0.9,gp,S2,T0104
0.0034500953711902324,0.17891009351412554,0.06744232142283862,nominal,0.9,gp,S2,T0105
0.07659996964677536,0.21675950093591917,0.10714239565226966,nominal,0.9,gp,S2,T0106
0.00534236578868419,0.06504276870862498,0.0391035640480719,nominal,0.9,gp,S2,T0107
0.013098682362213124,0.17135012587035678,0.07364928753295716,nominal,0.9,gp,S2,T0108
0.08056416366067577,0.4153372701878137,0.17579584028366896,nominal,0.9,gp,S2,T0109
0.04247032596791268,0.07824718900588336,0.03628496925817981,nominal,0.9,gp,S2,T0110
0.010304770770465656,0.1341213504232636,0.0651024409377926,nominal,0.9,gp,S2,T0111
0.032593603764051744,0.09235903929358137,0.0282915962933645,nominal,0.9,gp,S2,T0112
0.007550204762098169,0.17754375687624588,0.08633172045676148,nominal,0.9,gp,S2,T0113
0.04804684345327549,0.14948612096490124,0.06641108992137952,nominal,0.9,gp,S2,T0114
0.0338536044957416,0.11828862162740097,0.06396584359346216,nominal,0.9,gp,S2,T0115
0.024147957315772135,0.26444954279803123,0.1294774860997954,nominal,0.9,gp,S2,T0116
0.008348638818959921,0.04435307413020951,0.01354822416768396,nominal,0.9,gp,S2,T0117
0.004618976037782941,0.1486457511468348,0.07214974634533167,nominal,0.9,gp,S2,T0118
0.0312974568639185,0.18784548884717817,0.09693831943715918,nominal,0.9,gp,S2,T0119
0.0035923306888821513,0.001051248182564746,0.006340159186673462,nominal,0.9,gp,S2,T0120
0.032678796929894734,0.0020817853919313793,0.0009504423931557618,nominal,0.9,gp,S2,T0121
0.04219063226933884,0.14049115388315078,0.06692958240027344,nominal,0.9,gp,S2,T0122
0.026978099221975922,0.026217872097474844,0.010426569944571534,nominal,0.9,gp,S2,T0123
0.05143588501412501,0.06821180580526527,0.03482859404750415,nominal,0.9,gp,S2,T0124
0.03527504529791226,0.10949115349811137,0.0421616231880752,nominal,0.9,gp,S2,T0125
0.029719782770228916,0.04011327240810076,0.033023274114615475,nominal,0.9,gp,S2,T0126
0.011214925500064867,0.04714611198261083,0.017678609449484742,nominal,0.9,gp,S2,T0127
0.024830752209115133,0.0368506342321251,0.027261632801526856,nominal,0.9,gp,S3,T0000
0.06698751568392976,0.0988445208224473,0.05561889570068762,nominal,0.9,gp,S3,T0001
0.04914941397285434,0.04721909927937308,0.010940718366305908,nominal,0.9,gp,S3,T0002
0.044915051925233936,0.09371205009416435,0.051678921683137084,nominal,0.9,gp,S3,T0003
0.04353878481715424,0.19190899321870186,0.08977653757362317,nominal,0.9,gp,S3,T0004
5.0504455250677274e-05,0.27817868193881606,0.13178822019878675,nominal,0.9,gp,S3,T0005
0.06328031585330852,0.0747181138820291,0.03401124204251758,nominal,0.9,gp,S3,T0006
0.05037677560499805,0.10551648271222822,0.04765030480579675,nominal,0.9,gp,S3,T0007
0.025840816111030736,0.10554519279286137,0.04646680760661768,nominal,0.9,gp,S3,T0008
0.06431918726454129,0.28456528725063107,0.12410545234819238,nominal,0.9,gp,S3,T0009
0.007249856487246688,0.017216089553765416,0.0020807150019316405,nominal,0.9,gp,S3,T0010
0.0007190117770816685,0.05955558634743148,0.03366705571291699,nominal,0.9,gp,S3,T0011
0.021278435604492888,0.04664404859417438,0.02354590778220166,nominal,0.9,gp,S3,T0012
0.060302058869227695,0.18428225059445943,0.07799324633721265,nominal,0.9,gp,S3,T0013
0.027958738740197227,0.03123222551848521,0.025049929456046876,nominal,0.9,gp,S3,T0014
0.012567644475012244,0.05895248873258625,0.01933918963978003,nominal,0.9,gp,S3,T0015
0.013698341971753184,0.08750766172061998,0.055749319249633424,nominal,0.9,gp,S3,T0016
0.0620857537943076,0.0301707505177043,0.005097098536732177,nominal,0.9,gp,S3,T0017
0.06531675651641757,0.17303351478830556,0.08152078144601807,nominal,0.9,gp,S3,T0018
0.016184349458802653,0.047833834998935745,0.010042106989568237,nominal,0.9,gp,S3,T0019
0.06563261978736469,0.1857799428954435,0.07552724810794263,nominal,0.9,gp,S3,T0020
0.055534293535029214,0.12281566106637445,0.04437180909303064,nominal,0.9,gp,S3,T0021
0.06594856210487111,0.3080359370163913,0.13718264290469115,nominal,0.9,gp,S3,T0022
0.11275944521929651,0.058130156548926185,0.0302243297800426,nominal,0.9,gp,S3,T0023
0.02938419641142693,0.12964916818514974,0.05620113803037085,nominal,0.9,gp,S3,T0024
0.020698854135615122,0.08191022772710056,0.04848982475535315,nominal,0.9,gp,S3,T0025
0.011535469497617192,0.07886509034331886,0.03676173051796716,nominal,0.9,gp,S3,T0026
0.0787981724178999,0.027807476399587257,0.009588440126630616,nominal,0.9,gp,S3,T0027
0.051811860539031654,0.11133344939726622,0.06009211010149561,nominal,0.9,gp,S3,T0028
0.030221773037853734,0.09449243874692095,0.05659792859984033,nominal,0.9,gp,S3,T0029
0.006017788632123046,0.13105352429731879,0.053039229729792726,nominal,0.9,gp,S3,T0030
0.06134905356291355,0.22903873584511852,0.11735005950529871,nominal,0.9,gp,S3,T0031
0.041616658745487485,0.013830415117405685,0.001885072830897705,nominal,0.9,gp,S3,T0032
0.019146984726435282,0.10635955227776386,0.03550892443882324,nominal,0.9,gp,S3,T0033
0.09715896524107262,0.19483424671725597,0.09360294227279224,nominal,0.9,gp,S3,T0034
0.018649620276801896,0.021272362394491876,0.010420497979950684,nominal,0.9,gp,S3,T0035
0.07926112573029055,0.2181284886726071,0.09688574916246338,nominal,0.9,gp,S3,T0036
0.030133283495457915,0.13032091537926452,0.04157623488752258,nominal,0.9,gp,S3,T0037
0.06613318662698321,0.1602312484061086,0.0646773460111914,nominal,0.9,gp,S3,T0038
0.026487558969088283,0.031181964081851428,0.027055645702645265,nominal,0.9,gp,S3,T0039
0.05436017164575481,0.011069683812361954,0.002401253592083252,nominal,0.9,gp,S3,T0040
0.010586849780501175,0.01385177164400037,0.005539493006621826,nominal,0.9,gp,S3,T0041
0.07160690669520466,0.09601903492146405,0.04491966651773767,nominal,0.9,gp,S3,T0042
0.07235471332456557,0.1796055954045689,0.08125560133152002,nominal,0.9,gp,S3,T0043
0.049420101544394315,0.28960627993354865,0.12603806491939723,nominal,0.9,gp,S3,T0044
0.038217458324255056,0.22502480529313534,0.10316256477761304,nominal,0.9,gp,S3,T0045
0.017508241981076537,0.015187419547902651,0.004311987947042724,nominal,0.9,gp,S3,T0046
0.050745650936007705,0.06758009080629819,0.03986314281212488,nominal,0.9,gp,S3,T0047
0.04491808399404385,0.10760139183137454,0.05188450928462366,nominal,0.9,gp,S3,T0048
0.05364010998277298,0.05746092132542542,0.038785669335461424,nominal,0.9,gp,S3,T0049
0.0743470589046308,0.14620311444089099,0.05784062620861963,nominal,0.9,gp,S3,T0050
0.017511703045148822,0.1540565461514021,0.08238381296869336,nominal,0.9,gp,S3,T0051
0.08076775597628984,0.03643970151672949,0.009187616586238281,nominal,0.9,gp,S3,T0052
0.051513391375210285,0.23718418841100963,0.11755157894273474,nominal,0.9,gp,S3,T0053
0.016225210485943945,0.044923414863061735,0.01329778427106482,nominal,0.9,gp,S3,T0054
0.049007180498133476,0.00237864120227721,0.0021238430500654295,nominal,0.9,gp,S3,T0055
0.0070646288374143235,0.12705991255564933,0.037012581724172364,nominal,0.9,gp,S3,T0056
0.04044935888282864,0.041007254749833306,0.006422866644016113,nominal,0.9,gp,S3,T0057
0.033192907471947815,0.030242522664538925,0.010732105836284546,nominal,0.9,gp,S3,T0058
0.013746074673282042,0.0796703551348882,0.02948154877628601,nominal,0.9,gp,S3,T0059
0.05148795099553351,0.2232371910963155,0.0976029435566394,nominal,0.9,gp,S3,T0060
0.08164854331229378,0.00019178215332926746,0.011279821944306885,nominal,0.9,gp,S3,T0061
0.0512871006529997,0.09968595638836844,0.04308690965481641,nominal,0.9,gp,S3,T0062
0.048749004245755304,0.0387112386786831,0.016967831745657715,nominal,0.9,gp,S3,T0063
0.004100715325390248,0.11288485118724048,0.05871525520318225,nominal,0.9,gp,S3,T0064
0.053176506865055,0.07987900915670144,0.037021296609121825,nominal,0.9,gp,S3,T0065
0.027793692710038072,0.3226906054047097,0.14571005220948108,nominal,0.9,gp,S3,T0066
0.06628163025852814,0.07519199268757994,0.02373044425136487,nominal,0.9,gp,S3,T0067
0.017564498959776745,0.06870754389426582,0.0387123045126521,nominal,0.9,gp,S3,T0068
0.018209886279196844,0.01243241217109448,0.014402283128138793,nominal,0.9,gp,S3,T0069
0.002473151987021083,0.16768097019346787,0.0763785231200581,nominal,0.9,gp,S3,T0070
0.0839039489468041,0.025752446142152115,0.013866654147010864,nominal,0.9,gp,S3,T0071
0.03692129936148065,0.12757907209736494,0.056402992686286256,nominal,0.9,gp,S3,T0072
0.03449346576869961,0.09010424900093796,0.04398791764548816,nominal,0.9,gp,S3,T0073
0.05297787297847441,0.16527011285632584,0.08205920102593506,nominal,0.9,gp,S3,T0074
0.0014449662113119601,0.2977984337845058,0.13697226287354516,nominal,0.9,gp,S3,T0075
0.003256569871658844,0.10567510826390711,0.04539354244382666,nominal,0.9,gp,S3,T0076
0.060874284129281434,0.012673485029417179,0.0021667914097158202,nominal,0.9,gp,S3,T0077
0.07326809335155061,0.07569609635838416,0.02806341018302417,nominal,0.9,gp,S3,T0078
0.0678394729474391,0.07688950143531577,0.03340732542776038,nominal,0.9,gp,S3,T0079
0.05973615147496948,0.12868257270017533,0.07018458594369482,nominal,0.9,gp,S3,T0080
0.006950832460968228,0.03533448063002876,0.002809280074010254,nominal,0.9,gp,S3,T0081
0.01551461373797414,0.13737506558922227,0.05227497721890259,nominal,0.9,gp,S3,T0082
0.07340560377069762,0.016111217867774422,0.010089991027519531,nominal,0.9,gp,S3,T0083
0.03682397449446124,0.14102732520208663,0.061181480694,nominal,0.9,gp,S3,T0084
0.05232065958886313,0.08886934524316938,0.04300803368661511,nominal,0.9,gp,S3,T0085
0.049503430504324056,0.1752410586535136,0.08264063675067432,nominal,0.9,gp,S3,T0086
0.049677577504229645,0.07038921607925493,0.039209705561009035,nominal,0.9,gp,S3,T0087
0.03213811413869367,0.07158898976496354,0.0414657333073905,nominal,0.9,gp,S3,T0088
0.00258188506098378,0.005350288461590248,0.00676122513300708,nominal,0.9,gp,S3,T0089
0.08558223547404294,0.18346829048039862,0.07183626798913098,nominal,0.9,gp,S3,T0090
0.05693236180016993,0.18458168333004402,0.09765072321175379,nominal,0.9,gp,S3,T0091
0.058295473980369286,0.09226266605751433,0.04836990025612744,nominal,0.9,gp,S3,T0092
0.04099786635715059,0.10243116398923838,0.05097347374367517,nominal,0.9,gp,S3,T0093
0.010782849212792047,0.22044781160868393,0.09871098233190942,nominal,0.9,gp,S3,T0094
0.0006434044989114819,0.01281282516242738,0.006465405694650147,nominal,0.9,gp,S3,T0095
0.019373331289784527,0.10197432230322964,0.060761645883341674,nominal,0.9,gp,S3,T0096
0.04284990233956621,0.03814207322259484,0.013291202011139648,nominal,0.9,gp,S3,T0097
0.04710650888276853,0.21940546486944995,0.08058814629632788,nominal,0.9,gp,S3,T0098
0.06377279194131337,0.04291342467436233,0.01636521732909253,nominal,0.9,gp,S3,T0099
0.009868600827154796,0.16190462613480397,0.07651047309461462,nominal,0.9,gp,S3,T0100
0.011286216522947425,0.003645255977995366,0.010163926519618408,nominal,0.9,gp,S3,T0101
0.000484987327009634,0.012115034208013412,0.01827376271485962,nominal,0.9,gp,S3,T0102
0.01582312190505975,0.11084486995691897,0.04250356465867432,nominal,0.9,gp,S3,T0103
0.0007506354632000336,0.13577774067260187,0.06310643035831837,nominal,0.9,gp,S3,T0104
0.022709857259753944,0.030065776553663832,0.0026489027327578126,nominal,0.9,gp,S3,T0105
0.04562698363076157,0.1152208827071233,0.0369450674848136,nominal,0.9,gp,S3,T0106
0.010599706509658581,0.0013756495678313165,0.01452913911642749,nominal,0.9,gp,S3,T0107
0.0026411152126382125,0.07271002283284729,0.033476575875104615,nominal,0.9,gp,S3,T0108
0.05990461204399779,0.26895565432030344,0.10907524518752136,nominal,0.9,gp,S3,T0109
0.043365278085911736,0.10297886986737062,0.04857370911521729,nominal,0.9,gp,S3,T0110
0.001792463064836936,0.05162614791536958,0.016992006118844726,nominal,0.9,gp,S3,T0111
0.029956577495122712,0.04626396548797652,0.012706757385873901,nominal,0.9,gp,S3,T0112
0.02005562313769083,0.1446130222762174,0.07223965696458032,nominal,0.9,gp,S3,T0113
0.055416443974053445,0.1450595266471333,0.06349566943870655,nominal,0.9,gp,S3,T0114
0.037501965315409065,0.13061390978364842,0.0738209409170332,nominal,0.9,gp,S3,T0115
0.026054934342956144,0.26006982041370924,0.13413491097380614,nominal,0.9,gp,S3,T0116
0.005004616110677596,0.001514273460181959,0.01078390499386914,nominal,0.9,gp,S3,T0117
0.005879846106911503,0.16350945221076887,0.0791988608052356,nominal,0.9,gp,S3,T0118
0.01815299989933517,0.10282693702865611,0.06718918142628796,nominal,0.9,gp,S3,T0119
0.00789790045508665,0.07926237586161346,0.02149128039543799,nominal,0.9,gp,S3,T0120
0.04211293072750811,0.05362139316771154,0.021674078944716797,nominal,0.9,gp,S3,T0121
0.07881866494735269,0.013996577585883577,0.009637843830417847,nominal,0.9,gp,S3,T0122
0.03218386837060828,0.1433054599013284,0.06736480983867578,nominal,0.9,gp,S3,T0123
0.054136841902006086,0.03763269037412837,0.015760451947245117,nominal,0.9,gp,S3,T0124
0.03651380777155378,0.18141593855551866,0.07182500037074781,nominal,0.9,gp,S3,T0125
0.03193560212290059,0.07298828712575813,0.04465149903526111,nominal,0.9,gp,S3,T0126
0.002654081176668988,0.10445685533881813,0.044678054740277466,nominal,0.9,gp,S3,T0127
0.05917580976233629,0.01988418766862288,0.020557660346410035,nominal,0.9,ridge,S1,T0000
0.051870976535349236,0.16244435909147012,0.0743885821013175,nominal,0.9,ridge,S1,T0001
0.03930969128482454,0.1395044373952198,0.05045918740481958,nominal,0.9,ridge,S1,T0002
0.1416145538053243,0.2561849695559277,0.11966306376521009,nominal,0.9,ridge,S1,T0003
0.12380254425807427,0.02241003951292009,0.011859205879260742,nominal,0.9,ridge,S1,T0004
0.301766763488669,0.18408052177359915,0.080389705087078,nominal,0.9,ridge,S1,T0005
0.048192246950791176,0.02952326680155771,0.01744411371785205,nominal,0.9,ridge,S1,T0006
0.06214706781716041,0.05942356143523288,0.031006470417464845,nominal,0.9,ridge,S1,T0007
0.11620763826436734,0.22048931452787418,0.10720003493540979,nominal,0.9,ridge,S1,T0008
0.08690231427884278,0.2983225800344353,0.12393078663148023,nominal,0.9,ridge,S1,T0009
0.07939737271152937,0.1441739816360538,0.05947453820462231,nominal,0.9,ridge,S1,T0010
0.09388979403746642,0.02367720050007322,0.014978355787929687,nominal,0.9,ridge,S1,T0011
0.034722855237906976,0.19191877201591329,0.08374775546916406,nominal,0.9,ridge,S1,T0012
0.10809403785949415,0.37264874152778826,0.16931997526246143,nominal,0.9,ridge,S1,T0013
0.09136129511127968,0.08581154391090585,0.040120966373879394,nominal,0.9,ridge,S1,T0014
0.05803324519357474,0.05336262467557919,0.015825435161232422,nominal,0.9,ridge,S1,T0015
0.05664189805983379,0.4147832198571373,0.18766189910707068,nominal,0.9,ridge,S1,T0016
0.39776922945324045,0.28767435220331794,0.12494140790393457,nominal,0.9,ridge,S1,T0017
0.11195266686280628,0.2745701367072379,0.12157763676483911,nominal,0.9,ridge,S1,T0018
0.015171247792926671,0.2747451303262744,0.12399875514565784,nominal,0.9,ridge,S1,T0019
0.11874717692359041,0.2370927324482528,0.10089275288123364,nominal,0.9,ridge,S1,T0020
0.03946869520245339,0.16990446929016081,0.07266683210129089,nominal,0.9,ridge,S1,T0021
0.10029249666674875,0.5136703557575727,0.22626774128954297,nominal,0.9,ridge,S1,T0022
0.03866487542313502,0.12419717046389947,0.044002019356502074,nominal,0.9,ridge,S1,T0023
0.2715374223693282,0.09946455546411384,0.03850972695202344,nominal,0.9,ridge,S1,T0024
0.03362608328512429,0.053250556055568235,0.01601551716901367,nominal,0.9,ridge,S1,T0025
0.0994533472441603,0.14446610349446862,0.06842678665878894,nominal,0.9,ridge,S1,T0026
0.1666777886814977,0.256679764628888,0.11674021883939477,nominal,0.9,ridge,S1,T0027
0.03311143778532922,0.18163629100470538,0.08328557408706909,nominal,0.9,ridge,S1,T0028
0.08195558325344467,0.1931521651853308,0.08921760570392347,nominal,0.9,ridge,S1,T0029
0.048308805875592345,0.09565944189202844,0.04279171528200586,nominal,0.9,ridge,S1,T0030
0.0689857711794137,0.2719840983861927,0.1299696466365216,nominal,0.9,ridge,S1,T0031
0.059393165368436265,0.11925380709893188,0.06299105233619677,nominal,0.9,ridge,S1,T0032
0.1198726957268548,0.018714907245975524,0.004828404050151367,nominal,0.9,ridge,S1,T0033
0.006035683129529958,0.1950566895352191,0.08027377131551172,nominal,0.9,ridge,S1,T0034
0.23195571177467655,0.0559314914114631,0.03148892259596936,nominal,0.9,ridge,S1,T0035
0.06188065295775842,0.20060213618820966,0.09688335317504626,nominal,0.9,ridge,S1,T0036
0.24134324970989113,0.35900145377874565,0.1537643083976875,nominal,0.9,ridge,S1,T0037
0.12104463746446639,0.0645589171135827,0.017947174917792113,nominal,0.9,ridge,S1,T0038
0.16664353201742285,0.04929452383852924,0.027667178296104492,nominal,0.9,ridge,S1,T0039
0.06863905136738126,0.04477379310415975,0.01816190728685669,nominal,0.9,ridge,S1,T0040
0.048466934336685044,0.09237320112546384,0.04096044749237683,nominal,0.9,ridge,S1,T0041
0.15044018271569595,0.37182583578979417,0.16122223538293115,nominal,0.9,ridge,S1,T0042
0.10609671193696493,0.1611300966458801,0.06768477331887475,nominal,0.9,ridge,S1,T0043
0.37061500995555946,0.13441593381744335,0.06607371249492114,nominal,0.9,ridge,S1,T0044
0.2373066852031009,0.4205268160689275,0.1943844777705681,nominal,0.9,ridge,S1,T0045
0.14676875404150527,0.07219912013082254,0.027277415735871825,nominal,0.9,ridge,S1,T0046
0.07023488238395938,0.028152832648886413,0.005250798307602661,nominal,0.9,ridge,S1,T0047
0.05807552860116695,0.37447313450339753,0.16359779415292383,nominal,0.9,ridge,S1,T0048
0.08577811757883942,0.034694400813205524,0.0037034397518344725,nominal,0.9,ridge,S1,T0049
0.1771994616433151,0.2591350506872809,0.12483369888089868,nominal,0.9,ridge,S1,T0050
0.19785928687606652,0.4575884613887633,0.2107194161941068,nominal,0.9,ridge,S1,T0051
0.2642323513372522,0.08103965118399782,0.03795880123936963,nominal,0.9,ridge,S1,T0052
0.14062042800084582,0.4431082239653365,0.2001604676753594,nominal,0.9,ridge,S1,T0053
0.051907995741206095,0.19022595976145035,0.08506600976858289,nominal,0.9,ridge,S1,T0054
0.054009433923279684,0.05550838872932619,0.024602386596866335,nominal,0.9,ridge,S1,T0055
0.0736675735260184,0.3420729281332519,0.14614705423287866,nominal,0.9,ridge,S1,T0056
0.06357892913597342,0.18851277967737368,0.07351271327847583,nominal,0.9,ridge,S1,T0057
0.0022512977373212455,0.10376990069554146,0.051048899064509275,nominal,0.9,ridge,S1,T0058
0.2710005473324787,0.051207933326440094,0.022955484206638548,nominal,0.9,ridge,S1,T0059
0.03955457945042152,0.335700447224778,0.14315075396755114,nominal,0.9,ridge,S1,T0060
0.07389170270711622,0.06186034375039563,0.03404005043894604,nominal,0.9,ridge,S1,T0061
0.2194164806544039,0.039724087770153245,0.014158098351939331,nominal,0.9,ridge,S1,T0062
0.19729645212494545,0.25418027088440215,0.11044857746048754,nominal,0.9,ridge,S1,T0063
0.10045472670318359,0.1948568469981044,0.08893748349313965,nominal,0.9,ridge,S1,T0064
0.0460208825255723,0.14786665786914013,0.06693968601959033,nominal,0.9,ridge,S1,T0065
0.06909042819042256,0.125854757730729,0.0639021638582743,nominal,0.9,ridge,S1,T0066
0.044024821165298274,0.29974141629396994,0.1196147410512699,nominal,0.9,ridge,S1,T0067
0.20087271412674002,0.16727972232330304,0.06450611652039111,nominal,0.9,ridge,S1,T0068
0.06945995428452757,0.028691909373590736,0.008097722595129638,nominal,0.9,ridge,S1,T0069
0.2069165212204136,0.2179287256130275,0.10327161143485693,nominal,0.9,ridge,S1,T0070
0.01530181846305934,0.1579154772362296,0.05947686601743433,nominal,0.9,ridge,S1,T0071
0.1118384716559204,0.05562035605104294,0.023438842273434447,nominal,0.9,ridge,S1,T0072
0.07466914436624479,0.3251152354579285,0.1390593810080642,nominal,0.9,ridge,S1,T0073
0.09730040843483614,0.31134659318788177,0.14455553597239135,nominal,0.9,ridge,S1,T0074
0.2574659023895421,0.12243553932883902,0.050604672754325196,nominal,0.9,ridge,S1,T0075
0.03258221794750522,0.10487646974786133,0.04784701307929138,nominal,0.9,ridge,S1,T0076
0.16746323055236548,0.08374211484477036,0.03123441978310498,nominal,0.9,ridge,S1,T0077
0.287349653604454,0.06651250107506558,0.03172048570152649,nominal,0.9,ridge,S1,T0078
0.08491958296313275,0.04824661074648269,0.01720098821399634,nominal,0.9,ridge,S1,T0079
0.05903203363755301,0.24165407575598546,0.120658851831536,nominal,0.9,ridge,S1,T0080
0.1442389422683191,0.03433654196382447,0.005421619416109009,nominal,0.9,ridge,S1,T0081
0.05502182772777865,0.13913638165671902,0.06026191919091492,nominal,0.9,ridge,S1,T0082
0.25631032259705205,0.30895665718118837,0.12992645829723437,nominal,0.9,ridge,S1,T0083
0.12153861312570433,0.07705355845562091,0.03239832465120923,nominal,0.9,ridge,S1,T0084
0.07269390758307016,0.03557435422984868,0.00935029781188623,nominal,0.9,ridge,S1,T0085
0.020873636508967345,0.08229238445721794,0.041955689588473385,nominal,0.9,ridge,S1,T0086
0.10932007889647324,0.10829514263577564,0.04622668829932226,nominal,0.9,ridge,S1,T0087
0.033619245248325,0.24033855245815922,0.1127956740301731,nominal,0.9,ridge,S1,T0088
0.1258257797873494,0.23740667499470353,0.10267948537663087,nominal,0.9,ridge,S1,T0089
0.1068134595806414,0.25549239440512744,0.10545843850313318,nominal,0.9,ridge,S1,T0090
0.08582248872106264,0.15518995768836644,0.07681777823315113,nominal,0.9,ridge,S1,T0091
0.199123951079841,0.05396478900030978,0.014045041563054443,nominal,0.9,ridge,S1,T0092
0.06947672440909493,0.054803906803567184,0.022019484084347167,nominal,0.9,ridge,S1,T0093
0.0845386342176463,0.11069341113694456,0.05675905201029272,nominal,0.9,ridge,S1,T0094
0.0948852282115176,0.18113101940513218,0.08847518888750684,nominal,0.9,ridge,S1,T0095
0.12688058402859528,0.262354869423816,0.12593684693440038,nominal,0.9,ridge,S1,T0096
0.08389357414611777,0.0917897493070108,0.03528980895443726,nominal,0.9,ridge,S1,T0097
0.08771192805287793,0.16706157365544874,0.06544886893281116,nominal,0.9,ridge,S1,T0098
0.252151195342274,0.060145802948429763,0.014323511267605712,nominal,0.9,ridge,S1,T0099
0.05432494627991226,0.05059917282980887,0.02058034947182141,nominal,0.9,ridge,S1,T0100
0.11239581084046243,0.20553996506448075,0.08540588174489917,nominal,0.9,ridge,S1,T0101
0.07784345163745877,0.22790126721240872,0.09170036113376612,nominal,0.9,ridge,S1,T0102
0.11729627448487992,0.04682837634245291,0.018736815292952638,nominal,0.9,ridge,S1,T0103
0.12892096284240154,0.14803014416375024,0.06480860775773926,nominal,0.9,ridge,S1,T0104
0.07577966626794942,0.3133790132392026,0.13160446755781494,nominal,0.9,ridge,S1,T0105
0.2917784104342478,0.07269145304798887,0.04531629485257922,nominal,0.9,ridge,S1,T0106
0.050932369142632786,0.18580630464142187,0.08064107771597852,nominal,0.9,ridge,S1,T0107
0.0006008665589413155,0.15629364096040407,0.07266474806452161,nominal,0.9,ridge,S1,T0108
0.06256758559239296,0.4867121882262569,0.21048478949463928,nominal,0.9,ridge,S1,T0109
0.0875026625838632,0.08705523190297688,0.03508157135921973,nominal,0.9,ridge,S1,T0110
0.0052751467095246704,0.13384184240712196,0.06437786015557825,nominal,0.9,ridge,S1,T0111
0.06381624484108313,0.09710679541631131,0.033836356050954836,nominal,0.9,ridge,S1,T0112
0.1546335573081373,0.057801180689143764,0.039894111081873046,nominal,0.9,ridge,S1,T0113
0.002278964467365419,0.06947602149992017,0.027336266076104003,nominal,0.9,ridge,S1,T0114
0.20118799176249763,0.21474475640898444,0.106304397002177,nominal,0.9,ridge,S1,T0115
0.1104166020144293,0.451702125407173,0.20715536103106214,nominal,0.9,ridge,S1,T0116
0.20648802191775956,0.02776485476146063,0.01644159755421997,nominal,0.9,ridge,S1,T0117
0.2791496147061243,0.2558535005682783,0.11406520998653748,nominal,0.9,ridge,S1,T0118
0.03348281998772685,0.3396858127559552,0.15708168000096204,nominal,0.9,ridge,S1,T0119
0.20874476689375177,0.13476043655700212,0.06794212648178564,nominal,0.9,ridge,S1,T0120
0.012721826073234247,0.008698997120697995,0.0008817549593604737,nominal,0.9,ridge,S1,T0121
0.1807013699816579,0.04356470997874785,0.012173440169659912,nominal,0.9,ridge,S1,T0122
0.21076668197987208,0.004052591970292175,0.0008799797319332275,nominal,0.9,ridge,S1,T0123
0.15012092689859982,0.06928830118430847,0.036803522964913085,nominal,0.9,ridge,S1,T0124
0.13139060208145872,0.13692065454614102,0.05348761422312036,nominal,0.9,ridge,S1,T0125
0.021484785897828432,0.10568023634210585,0.05676336299826978,nominal,0.9,ridge,S1,T0126
0.0390209455505286,0.005731833278342647,0.00922753028859314,nominal,0.9,ridge,S1,T0127
0.038749433171718924,0.0530231976449619,0.03592479091206689,nominal,0.9,ridge,S1x2,T0000
0.056246211855368614,0.1631317271135824,0.07462196445485876,nominal,0.9,ridge,S1x2,T0001
0.0683041394331141,0.11478473653823487,0.03945220275646411,nominal,0.9,ridge,S1x2,T0002
0.11073891035481734,0.27571690526763315,0.1264433499754148,nominal,0.9,ridge,S1x2,T0003
0.10859270824731207,0.008090400834995794,0.0017688381998232422,nominal,0.9,ridge,S1x2,T0004
0.2729301535467538,0.18610497143684154,0.08314393223067419,nominal,0.9,ridge,S1x2,T0005
0.03481114437623168,0.026374305449084486,0.007712309933956543,nominal,0.9,ridge,S1x2,T0006
0.0448400539436919,0.06699048639661033,0.03467776489641821,nominal,0.9,ridge,S1x2,T0007
0.09010763653252486,0.28857307678451855,0.13719893269929187,nominal,0.9,ridge,S1x2,T0008
0.12216003077211826,0.2887463117070716,0.12064184571446607,nominal,0.9,ridge,S1x2,T0009
0.08885955075583486,0.15002263138585217,0.06316003673701856,nominal,0.9,ridge,S1x2,T0010
0.07176535793215146,0.030459872776778536,0.008506287761260254,nominal,0.9,ridge,S1x2,T0011
0.04943971483218208,0.1864768904957376,0.08290402212161474,nominal,0.9,ridge,S1x2,T0012
0.09922333870453107,0.38796494068663406,0.17674962865246302,nominal,0.9,ridge,S1x2,T0013
0.10391323337986122,0.08803191017045549,0.039327995842616335,nominal,0.9,ridge,S1x2,T0014
0.05273749175422755,0.04789189330184963,0.011938631754161377,nominal,0.9,ridge,S1x2,T0015
0.049118579082513006,0.424225371641755,0.19362102486909716,nominal,0.9,ridge,S1x2,T0016
0.3642103553436283,0.3060015434638836,0.1334716488547451,nominal,0.9,ridge,S1x2,T0017
0.09650706440094972,0.3266320058206557,0.14544185615213917,nominal,0.9,ridge,S1x2,T0018
0.031893275492760616,0.25804115391570215,0.11793898794018848,nominal,0.9,ridge,S1x2,T0019
0.108829625446667,0.26932978413562686,0.11685714747622998,nominal,0.9,ridge,S1x2,T0020
0.0745990231188129,0.12474993657961678,0.05113687797092932,nominal,0.9,ridge,S1x2,T0021
0.11904141638116097,0.5446112851615585,0.24151453408043946,nominal,0.9,ridge,S1x2,T0022
0.015369351371249399,0.15252987898569773,0.057473441335460326,nominal,0.9,ridge,S1x2,T0023
0.24129026380889795,0.12485983308692053,0.04919940291418774,nominal,0.9,ridge,S1x2,T0024
0.037849370241570264,0.049788155076863086,0.013715166331337037,nominal,0.9,ridge,S1x2,T0025
0.08612485344236644,0.17650145292384237,0.08128192255896301,nominal,0.9,ridge,S1x2,T0026
0.10783200324535033,0.2422502909790356,0.11142319824398315,nominal,0.9,ridge,S1x2,T0027
0.04982052951895634,0.16757842143636795,0.07820344644042529,nominal,0.9,ridge,S1x2,T0028
0.048107926157202344,0.1950816048722221,0.08895903178323084,nominal,0.9,ridge,S1x2,T0029
0.03721085654411733,0.09450342373047457,0.04155177258939502,nominal,0.9,ridge,S1x2,T0030
0.03703376920185381,0.27164469125480656,0.13124426741039416,nominal,0.9,ridge,S1x2,T0031
0.0639904143326961,0.13763310847393825,0.071394586704948,nominal,0.9,ridge,S1x2,T0032
0.10533283159204823,0.05618764402075428,0.022808099076873412,nominal,0.9,ridge,S1x2,T0033
0.030223215818571687,0.18454646499823288,0.0753513065819651,nominal,0.9,ridge,S1x2,T0034
0.20413357353200523,0.0549395322368801,0.03243415398594873,nominal,0.9,ridge,S1x2,T0035
0.10816958237172328,0.1866430021510249,0.09228292682810413,nominal,0.9,ridge,S1x2,T0036
0.2271901950173647,0.3894113209112139,0.16775674363393578,nominal,0.9,ridge,S1x2,T0037
0.13714639568322032,0.03965785877994372,0.007831984407694946,nominal,0.9,ridge,S1x2,T0038
0.15543801632554147,0.0394237505929232,0.02368647199025,nominal,0.9,ridge,S1x2,T0039
0.05588168571730058,0.0025306687971332624,0.00016265223752111817,nominal,0.9,ridge,S1x2,T0040
0.06132959978641829,0.15395844034879483,0.06786602990472193,nominal,0.9,ridge,S1x2,T0041
0.17962582923904738,0.3416465893822374,0.14850126163927052,nominal,0.9,ridge,S1x2,T0042
0.12019413436740181,0.17331625104193008,0.07219313547387426,nominal,0.9,ridge,S1x2,T0043
0.3622411956406369,0.1326412132383076,0.06498250756673828,nominal,0.9,ridge,S1x2,T0044
0.21707583098349142,0.4126860866598465,0.18981309317419995,nominal,0.9,ridge,S1x2,T0045
0.13960561429605448,0.01645570249849321,0.001529980066038086,nominal,0.9,ridge,S1x2,T0046
0.09530388493532468,0.030314025976853905,0.008248939146660523,nominal,0.9,ridge,S1x2,T0047
0.036417718154934116,0.30628917533451877,0.13254854116356152,nominal,0.9,ridge,S1x2,T0048
0.06858006419820152,0.005254591464824155,0.008211416049690185,nominal,0.9,ridge,S1x2,T0049
0.15980956028787854,0.24545559848686122,0.1189826097128855,nominal,0.9,ridge,S1x2,T0050
0.1998551458695697,0.40758277746970784,0.1864507902284994,nominal,0.9,ridge,S1x2,T0051
0.2551299440253913,0.09133960622326188,0.04318374182481226,nominal,0.9,ridge,S1x2,T0052
0.14684019405090123,0.4710423474735291,0.21063183324048365,nominal,0.9,ridge,S1x2,T0053
0.07296465885924198,0.15775375722736687,0.07086335565570899,nominal,0.9,ridge,S1x2,T0054
0.035339376141269314,0.08438170060350526,0.03814960848046521,nominal,0.9,ridge,S1x2,T0055
0.06697214425404942,0.3445315507804037,0.1485116679672588,nominal,0.9,ridge,S1x2,T0056
0.024921449054683416,0.1734166548678204,0.06773726403001233,nominal,0.9,ridge,S1x2,T0057
0.005792757637222424,0.07280630825860974,0.03533623421559155,nominal,0.9,ridge,S1x2,T0058
0.25762534019933037,0.04258353470916521,0.01962426376211316,nominal,0.9,ridge,S1x2,T0059
0.07663374698849258,0.3114068124126238,0.13203296593392005,nominal,0.9,ridge,S1x2,T0060
0.06864869320105994,0.04174641440509886,0.024813305113723146,nominal,0.9,ridge,S1x2,T0061
0.20010068943324555,0.034990539964151475,0.012205468062886719,nominal,0.9,ridge,S1x2,T0062
0.19694050751543768,0.2081780459061789,0.08890204689069849,nominal,0.9,ridge,S1x2,T0063
0.04530289185560505,0.17997431960433993,0.08262882059156043,nominal,0.9,ridge,S1x2,T0064
0.05608477524901541,0.09686633183468688,0.043869786105551756,nominal,0.9,ridge,S1x2,T0065
0.07658173909502854,0.13508643381044824,0.06592815693077758,nominal,0.9,ridge,S1x2,T0066
0.05225144069263306,0.26624035800465135,0.10491083788819715,nominal,0.9,ridge,S1x2,T0067
0.22932302724341858,0.12504960086787034,0.04480026005899634,nominal,0.9,ridge,S1x2,T0068
0.06879189141848764,0.030421623103278624,0.009670688557120605,nominal,0.9,ridge,S1x2,T0069
0.15424705147880194,0.23284078909346756,0.11155092575216687,nominal,0.9,ridge,S1x2,T0070
0.04216933937859103,0.12418499903583016,0.04466125879858569,nominal,0.9,ridge,S1x2,T0071
0.07468761278775744,0.05317317159543923,0.022712607558619386,nominal,0.9,ridge,S1x2,T0072
0.048920719595019216,0.35660387444884983,0.15412326748958521,nominal,0.9,ridge,S1x2,T0073
0.062071525868308566,0.2885106585938841,0.13633197600573047,nominal,0.9,ridge,S1x2,T0074
0.23481547069487219,0.1174155758110346,0.04887398824078345,nominal,0.9,ridge,S1x2,T0075
0.02088936207757353,0.11578907312576384,0.0502275970708728,nominal,0.9,ridge,S1x2,T0076
0.14775201288987075,0.07083868413395757,0.024205999718352418,nominal,0.9,ridge,S1x2,T0077
0.29391147669218415,0.0609466663780789,0.02814953430506238,nominal,0.9,ridge,S1x2,T0078
0.03529225387499169,0.0137306050661723,0.0030269122052307127,nominal,0.9,ridge,S1x2,T0079
0.05086243844716344,0.24028735268304657,0.12061664500155957,nominal,0.9,ridge,S1x2,T0080
0.14753909098849163,0.033387536590031026,0.006081241740669434,nominal,0.9,ridge,S1x2,T0081
0.06582751046535774,0.11695010421790195,0.04905330085678601,nominal,0.9,ridge,S1x2,T0082
0.28343870524735976,0.3025188293391976,0.12664641146900074,nominal,0.9,ridge,S1x2,T0083
0.1348267165299791,0.06210608466226565,0.025527859374141603,nominal,0.9,ridge,S1x2,T0084
0.06480578258230675,0.07431949383987448,0.027856347137967773,nominal,0.9,ridge,S1x2,T0085
0.04909686549597338,0.05368475747565772,0.027159124756898193,nominal,0.9,ridge,S1x2,T0086
0.13065915693708854,0.1362452970552908,0.06051909413036218,nominal,0.9,ridge,S1x2,T0087
0.040646565276455944,0.20895237849497766,0.09774852030709595,nominal,0.9,ridge,S1x2,T0088
0.14887299488473535,0.21623312882135376,0.09347424103692578,nominal,0.9,ridge,S1x2,T0089
0.11740964990597322,0.23911644370026747,0.09693501298740478,nominal,0.9,ridge,S1x2,T0090
0.08886874444615002,0.10313627337192796,0.05354437885575,nominal,0.9,ridge,S1x2,T0091
0.22196525099059677,0.05994721485367062,0.01537877538188623,nominal,0.9,ridge,S1x2,T0092
0.0404038747257754,0.09950636711704017,0.042592445999379884,nominal,0.9,ridge,S1x2,T0093
0.07331380606637795,0.11306593621436326,0.05629637183129736,nominal,0.9,ridge,S1x2,T0094
0.11634176894173151,0.21123409890359135,0.10091378755747828,nominal,0.9,ridge,S1x2,T0095
0.10452352085010111,0.2792339556516369,0.13150682359037733,nominal,0.9,ridge,S1x2,T0096
0.056507010287079065,0.07042835478204669,0.026856576902279054,nominal,0.9,ridge,S1x2,T0097
0.09860937983900644,0.18351892882179258,0.07131157677944323,nominal,0.9,ridge,S1x2,T0098
0.22209180143013268,0.0829723692975365,0.024279143198889647,nominal,0.9,ridge,S1x2,T0099
0.08433116338903814,0.020076954341050616,0.007343038102021728,nominal,0.9,ridge,S1x2,T0100
0.09626790236239222,0.13585366025322235,0.05590699908655615,nominal,0.9,ridge,S1x2,T0101
0.053205500433870526,0.22789144397164068,0.09178947143222241,nominal,0.9,ridge,S1x2,T0102
0.0896942847633292,0.047307594465444705,0.018677806575578614,nominal,0.9,ridge,S1x2,T0103
0.14669187916555834,0.14171938421346705,0.0634793887660752,nominal,0.9,ridge,S1x2,T0104
0.0422881567221789,0.31293891052063794,0.13257602565904297,nominal,0.9,ridge,S1x2,T0105
0.24702439059437065,0.02688895636062783,0.02558201582147449,nominal,0.9,ridge,S1x2,T0106
0.0018533613883531257,0.17217722199023597,0.07510984925169287,nominal,0.9,ridge,S1x2,T0107
0.0041584513320352965,0.1580748457184453,0.07389572221930737,nominal,0.9,ridge,S1x2,T0108
0.0956480185142067,0.4509094628117947,0.19365310349421166,nominal,0.9,ridge,S1x2,T0109
0.06842300380269674,0.0893786557925172,0.036016028730151126,nominal,0.9,ridge,S1x2,T0110
0.024751127552601067,0.12300707213822207,0.06029871048379529,nominal,0.9,ridge,S1x2,T0111
0.08147625324348402,0.12924067043913415,0.04818383132857971,nominal,0.9,ridge,S1x2,T0112
0.16917240583557372,0.02001815824365705,0.02350824674080493,nominal,0.9,ridge,S1x2,T0113
0.008795531473394515,0.07620389303767074,0.0324629516756134,nominal,0.9,ridge,S1x2,T0114
0.20432518613925316,0.15044048102738297,0.0763602005995581,nominal,0.9,ridge,S1x2,T0115
0.09469810707636697,0.45086560926764563,0.2081396500720786,nominal,0.9,ridge,S1x2,T0116
0.16226787152492375,0.039675277666216265,0.021140711939619628,nominal,0.9,ridge,S1x2,T0117
0.29324636422798345,0.24390348138342238,0.10823911685552258,nominal,0.9,ridge,S1x2,T0118
0.0224871408609606,0.3439484280559347,0.15934658012865466,nominal,0.9,ridge,S1x2,T0119
0.17890176064445154,0.09497446616147934,0.04857883805011621,nominal,0.9,ridge,S1x2,T0120
0.027869836980533032,0.0011644848105818453,0.006402883499748901,nominal,0.9,ridge,S1x2,T0121
0.1922898834794557,0.027848367308743467,0.00347841859596167,nominal,0.9,ridge,S1x2,T0122
0.26960312443242435,0.0624447205995038,0.026507177889860716,nominal,0.9,ridge,S1x2,T0123
0.14523639522684598,0.08918365536457669,0.04500680296975952,nominal,0.9,ridge,S1x2,T0124
0.1028562600219424,0.11088115524427847,0.0415998592762063,nominal,0.9,ridge,S1x2,T0125
0.016579208921900793,0.07080779787673049,0.0396282420297301,nominal,0.9,ridge,S1x2,T0126
0.02965395775195557,0.003300854024215206,0.008193891010096802,nominal,0.9,ridge,S1x2,T0127
0.03848624790272898,0.04030861563993932,0.03152582589681506,nominal,0.9,ridge,S1x2cat,T0000
0.0748925246125093,0.1628324662654038,0.07826497562933422,nominal,0.9,ridge,S1x2cat,T0001
0.07283760252357886,0.10417058280222605,0.035584218573946044,nominal,0.9,ridge,S1x2cat,T0002
0.10921898774240327,0.27668417082565655,0.128627764619125,nominal,0.9,ridge,S1x2cat,T0003
0.12033178359246835,0.005665475337094107,0.005753604725418335,nominal,0.9,ridge,S1x2cat,T0004
0.28885117472768845,0.1789185946600941,0.08929824207016211,nominal,0.9,ridge,S1x2cat,T0005
0.029995921409708144,0.01390125218333094,0.0013158717289384766,nominal,0.9,ridge,S1x2cat,T0006
0.07406305382535451,0.06538896569279752,0.031175262839249512,nominal,0.9,ridge,S1x2cat,T0007
0.11604650335393432,0.2782215438139527,0.13244550014687353,nominal,0.9,ridge,S1x2cat,T0008
0.12240343200082884,0.24561144746093172,0.10499072757667408,nominal,0.9,ridge,S1x2cat,T0009
0.09460399465399064,0.15301794517427472,0.06170284687070459,nominal,0.9,ridge,S1x2cat,T0010
0.08717134017602741,0.04064651208617071,0.015932020348003173,nominal,0.9,ridge,S1x2cat,T0011
0.024091541147333036,0.2003990667042161,0.09051100102093457,nominal,0.9,ridge,S1x2cat,T0012
0.12415200141680824,0.3619196055959115,0.16166000879906542,nominal,0.9,ridge,S1x2cat,T0013
0.13870783521280214,0.0773534530403547,0.027224493873895264,nominal,0.9,ridge,S1x2cat,T0014
0.03553153289519995,0.0550017449332041,0.012186801616908691,nominal,0.9,ridge,S1x2cat,T0015
0.02864470866556918,0.4042364921207626,0.1884211178719496,nominal,0.9,ridge,S1x2cat,T0016
0.3575184076024549,0.31583320524299024,0.1312471338087406,nominal,0.9,ridge,S1x2cat,T0017
0.06070397969733855,0.31667933531243814,0.1499347999246001,nominal,0.9,ridge,S1x2cat,T0018
0.04504883429206575,0.2547396582451917,0.11839416870824439,nominal,0.9,ridge,S1x2cat,T0019
0.09717381000411199,0.2557819675215068,0.11302002902846313,nominal,0.9,ridge,S1x2cat,T0020
0.102276942067103,0.14059780281120485,0.05153667109784461,nominal,0.9,ridge,S1x2cat,T0021
0.15773673756912968,0.5177095556072002,0.23445400450798976,nominal,0.9,ridge,S1x2cat,T0022
0.06629080747314055,0.13988624969656474,0.0568688049146781,nominal,0.9,ridge,S1x2cat,T0023
0.25612576505803875,0.13398617381315872,0.05120479968224463,nominal,0.9,ridge,S1x2cat,T0024
0.0302348776844183,0.08512381604205312,0.02553319601837793,nominal,0.9,ridge,S1x2cat,T0025
0.10116921470958859,0.16349713049848727,0.0750907584845492,nominal,0.9,ridge,S1x2cat,T0026
0.12427030793907837,0.26079852661947545,0.11986153360469068,nominal,0.9,ridge,S1x2cat,T0027
0.05418031461370322,0.14989465891194434,0.07630283535825928,nominal,0.9,ridge,S1x2cat,T0028
0.04514940300737597,0.19597588889001932,0.09184703537551563,nominal,0.9,ridge,S1x2cat,T0029
0.016404730880850985,0.0771527387123186,0.039147227207691405,nominal,0.9,ridge,S1x2cat,T0030
0.015904366067656387,0.25474274925372553,0.12406203584101001,nominal,0.9,ridge,S1x2cat,T0031
0.04154466133497154,0.1630530356233312,0.08211871821547839,nominal,0.9,ridge,S1x2cat,T0032
0.12114137495268854,0.049207103319641746,0.02795696896397302,nominal,0.9,ridge,S1x2cat,T0033
0.012044996200469286,0.18138974800624488,0.07769401774346313,nominal,0.9,ridge,S1x2cat,T0034
0.21957035824495713,0.037602214321856016,0.02508358818287036,nominal,0.9,ridge,S1x2cat,T0035
0.08028783306899102,0.2034714168667196,0.09907209787572009,nominal,0.9,ridge,S1x2cat,T0036
0.23079641491308178,0.3997178649375961,0.17729420029655688,nominal,0.9,ridge,S1x2cat,T0037
0.14099393950780695,0.03508438439279255,0.006461834059977905,nominal,0.9,ridge,S1x2cat,T0038
0.191560878380723,0.031876094029404396,0.028556831094477295,nominal,0.9,ridge,S1x2cat,T0039
0.015334273847927297,0.0019676336973556423,0.001506087305904541,nominal,0.9,ridge,S1x2cat,T0040
0.050504385344639094,0.14005963417790676,0.065954283957005,nominal,0.9,ridge,S1x2cat,T0041
0.1706690868948291,0.3582039308858315,0.1589753382605366,nominal,0.9,ridge,S1x2cat,T0042
0.11300987650064712,0.17471136520223032,0.0722610128251477,nominal,0.9,ridge,S1x2cat,T0043
0.3800728487406633,0.11136962735453229,0.0655338417287898,nominal,0.9,ridge,S1x2cat,T0044
0.24802614863959466,0.4110827457694156,0.19185029325518263,nominal,0.9,ridge,S1x2cat,T0045
0.1781960586624021,0.0268488901447625,0.0020095430978920898,nominal,0.9,ridge,S1x2cat,T0046
0.1032518094639143,0.02565625962973301,0.007783643318178589,nominal,0.9,ridge,S1x2cat,T0047
0.03770211732912366,0.3219447084385508,0.137676116978938,nominal,0.9,ridge,S1x2cat,T0048
0.06077716944021956,0.020649958157372143,0.0026000033325916747,nominal,0.9,ridge,S1x2cat,T0049
0.15259253197064312,0.25342238140858847,0.12810520241955248,nominal,0.9,ridge,S1x2cat,T0050
0.1962249058302385,0.45173675565373783,0.20670117762085144,nominal,0.9,ridge,S1x2cat,T0051
0.23934610956459607,0.11666251616636927,0.05415922749995605,nominal,0.9,ridge,S1x2cat,T0052
0.11270811897237251,0.4513416550564135,0.2059112347002782,nominal,0.9,ridge,S1x2cat,T0053
0.06256566416223243,0.18957639292188638,0.08731284233126221,nominal,0.9,ridge,S1x2cat,T0054
0.021921758341715007,0.08273909731809583,0.034557112205467776,nominal,0.9,ridge,S1x2cat,T0055
0.07239679933165212,0.34430479637730776,0.14740332845037377,nominal,0.9,ridge,S1x2cat,T0056
0.026175031751201623,0.16868381238305616,0.06801402157238257,nominal,0.9,ridge,S1x2cat,T0057
0.005889146161523475,0.08754546003530762,0.0421176085663938,nominal,0.9,ridge,S1x2cat,T0058
0.26185329787488393,0.032472729447783906,0.014037561499067139,nominal,0.9,ridge,S1x2cat,T0059
0.06602821518990222,0.33312160694537274,0.14152308734582972,nominal,0.9,ridge,S1x2cat,T0060
0.05443552573680456,0.038621777111296225,0.025904126650984374,nominal,0.9,ridge,S1x2cat,T0061
0.2216851409791965,0.008139889388300016,0.0013477302456182862,nominal,0.9,ridge,S1x2cat,T0062
0.20483140427194269,0.22747377692712517,0.09592153935250586,nominal,0.9,ridge,S1x2cat,T0063
0.07620007679735642,0.17909495031262493,0.07615091246922216,nominal,0.9,ridge,S1x2cat,T0064
0.05074354878564642,0.09256871807786672,0.04376830637684399,nominal,0.9,ridge,S1x2cat,T0065
0.06381175554150521,0.14414625562113956,0.06828358933554064,nominal,0.9,ridge,S1x2cat,T0066
0.07368454467476389,0.263672780497401,0.09904385641122229,nominal,0.9,ridge,S1x2cat,T0067
0.22329893418950814,0.149004209804845,0.058221774039821775,nominal,0.9,ridge,S1x2cat,T0068
0.05604834203176064,0.059921970561186436,0.020890370024583618,nominal,0.9,ridge,S1x2cat,T0069
0.17329091699078567,0.21768525097886632,0.1025726022937505,nominal,0.9,ridge,S1x2cat,T0070
0.022830791272444032,0.12948487543691048,0.04816671705126697,nominal,0.9,ridge,S1x2cat,T0071
0.05113785335728484,0.03613063646681209,0.014611852295557129,nominal,0.9,ridge,S1x2cat,T0072
0.03771888270544533,0.3370202641303694,0.14723184429319164,nominal,0.9,ridge,S1x2cat,T0073
0.07994152115731597,0.2826938260484075,0.13746441078539282,nominal,0.9,ridge,S1x2cat,T0074
0.27279866801902175,0.11504328303372172,0.045667891083143314,nominal,0.9,ridge,S1x2cat,T0075
0.031105249408494025,0.1461134274403145,0.06293294232648047,nominal,0.9,ridge,S1x2cat,T0076
0.17826048421982157,0.06631443133573307,0.02069221953823242,nominal,0.9,ridge,S1x2cat,T0077
0.27098215579002166,0.05717992166430265,0.024107463367797118,nominal,0.9,ridge,S1x2cat,T0078
0.0624211243067402,0.04830592744503483,0.019849604354438964,nominal,0.9,ridge,S1x2cat,T0079
0.06253375739720347,0.2349291245495314,0.11698096480736547,nominal,0.9,ridge,S1x2cat,T0080
0.13135130201032022,0.01405217498794659,0.00734063384262146,nominal,0.9,ridge,S1x2cat,T0081
0.08262382348833254,0.12205097441864851,0.0514956715279989,nominal,0.9,ridge,S1x2cat,T0082
0.29250551067981473,0.3084534213684518,0.13004604711627027,nominal,0.9,ridge,S1x2cat,T0083
0.11885021157356293,0.03731217563633705,0.016636680176769288,nominal,0.9,ridge,S1x2cat,T0084
0.05732287911430935,0.059911118391580157,0.025840902279312256,nominal,0.9,ridge,S1x2cat,T0085
0.06302077660212153,0.06780238919880167,0.030660412305429686,nominal,0.9,ridge,S1x2cat,T0086
0.11952809648733911,0.13196428677946517,0.05589972170843274,nominal,0.9,ridge,S1x2cat,T0087
0.056920820824712684,0.21870193808141541,0.10449439329308423,nominal,0.9,ridge,S1x2cat,T0088
0.1698238523029655,0.2471475108538463,0.09809247289071801,nominal,0.9,ridge,S1x2cat,T0089
0.11464254965430967,0.24017952461095288,0.10056044623411621,nominal,0.9,ridge,S1x2cat,T0090
0.0867901479576952,0.10953855892397671,0.057648983234681886,nominal,0.9,ridge,S1x2cat,T0091
0.1750215633132363,0.08084007183191357,0.03064344730520752,nominal,0.9,ridge,S1x2cat,T0092
0.07554178211278713,0.08859191317987904,0.043031181524633304,nominal,0.9,ridge,S1x2cat,T0093
0.0834737180387002,0.13644291736811479,0.060936249492634036,nominal,0.9,ridge,S1x2cat,T0094
0.11389616702136288,0.1864222769966001,0.08935068980457275,nominal,0.9,ridge,S1x2cat,T0095
0.11353475782862807,0.28278412577463974,0.13761269453098585,nominal,0.9,ridge,S1x2cat,T0096
0.05124250726246839,0.07733824992820466,0.03154833819878064,nominal,0.9,ridge,S1x2cat,T0097
0.11075929181832897,0.18351959535872323,0.07032149753093701,nominal,0.9,ridge,S1x2cat,T0098
0.2322399484520971,0.08000117539233244,0.021944585640055664,nominal,0.9,ridge,S1x2cat,T0099
0.07570919825979185,0.02410176118212371,0.009604137311618043,nominal,0.9,ridge,S1x2cat,T0100
0.11240023730872603,0.1491555166866221,0.0633111017397859,nominal,0.9,ridge,S1x2cat,T0101
0.03227503951450051,0.22050155889828177,0.08611465265055834,nominal,0.9,ridge,S1x2cat,T0102
0.11116412942005108,0.03871359450740048,0.015245197088228515,nominal,0.9,ridge,S1x2cat,T0103
0.16357547341014442,0.12895879397617496,0.056964901004659424,nominal,0.9,ridge,S1x2cat,T0104
0.03945520719427443,0.30783819676903557,0.1338130368047058,nominal,0.9,ridge,S1x2cat,T0105
0.27278938132819264,0.03906461351271818,0.03366065219452075,nominal,0.9,ridge,S1x2cat,T0106
0.0015278643076643843,0.17118186213779865,0.0788126006856759,nominal,0.9,ridge,S1x2cat,T0107
0.016024839865406707,0.1482726911953017,0.067008260147896,nominal,0.9,ridge,S1x2cat,T0108
0.08807142242947154,0.46215044278515566,0.19464768958903578,nominal,0.9,ridge,S1x2cat,T0109
0.044907703363556435,0.08705943137150508,0.034787735426280275,nominal,0.9,ridge,S1x2cat,T0110
0.024872307099646225,0.11407062485201211,0.06085290414810266,nominal,0.9,ridge,S1x2cat,T0111
0.06704229211832753,0.12652983262603115,0.04394180163323914,nominal,0.9,ridge,S1x2cat,T0112
0.14198019494260086,0.0525400946816368,0.03635634860265234,nominal,0.9,ridge,S1x2cat,T0113
0.011800398909683766,0.08919135805545932,0.03927515690229248,nominal,0.9,ridge,S1x2cat,T0114
0.18651185368111114,0.15178628862388413,0.07573943719064233,nominal,0.9,ridge,S1x2cat,T0115
0.08477510629987807,0.45362988727522324,0.21368510740539867,nominal,0.9,ridge,S1x2cat,T0116
0.18823776370811762,0.023802860951489542,0.018705234825430298,nominal,0.9,ridge,S1x2cat,T0117
0.2846866526440659,0.2532843990381645,0.11182290835589001,nominal,0.9,ridge,S1x2cat,T0118
0.008375479904138007,0.3194809575730229,0.15652932873243908,nominal,0.9,ridge,S1x2cat,T0119
0.19188330268517773,0.09815239119653432,0.04753834659033313,nominal,0.9,ridge,S1x2cat,T0120
0.05068072039688622,0.01475960498088236,0.0019194098637695313,nominal,0.9,ridge,S1x2cat,T0121
0.19809624851324154,0.04240990614979152,0.010348837823284301,nominal,0.9,ridge,S1x2cat,T0122
0.2819094981329268,0.06463810606231747,0.03218654221338062,nominal,0.9,ridge,S1x2cat,T0123
0.18450129735247014,0.08332694441728684,0.03840011916270239,nominal,0.9,ridge,S1x2cat,T0124
0.07147780445791398,0.10352476333604702,0.04663059586266382,nominal,0.9,ridge,S1x2cat,T0125
0.0075287127837409,0.08160483178812962,0.04720880995087121,nominal,0.9,ridge,S1x2cat,T0126
0.024780475444426416,0.0006253536313280407,0.004781959633989014,nominal,0.9,ridge,S1x2cat,T0127
0.03269211765655034,0.03404187653353458,0.02957511840163684,nominal,0.9,ridge,S2,T0000
0.04644405111629336,0.08999944618845403,0.04232181563820178,nominal,0.9,ridge,S2,T0001
0.05268262103156009,0.04967352130461901,0.008036678921896485,nominal,0.9,ridge,S2,T0002
0.03712327954149997,0.07062607184453619,0.03606168155871484,nominal,0.9,ridge,S2,T0003
0.03679236831915179,0.17428676712044874,0.07753711447676745,nominal,0.9,ridge,S2,T0004
0.0020051751071289985,0.2876909739831824,0.12204574590594446,nominal,0.9,ridge,S2,T0005
0.05812003705183978,0.07204754214924171,0.02997505980385205,nominal,0.9,ridge,S2,T0006
0.06308614761248445,0.11363316818092581,0.05733214984777356,nominal,0.9,ridge,S2,T0007
0.04777267748819926,0.10398349433661971,0.038355835288509645,nominal,0.9,ridge,S2,T0008
0.04775460320704196,0.32161975444614804,0.13692902082011085,nominal,0.9,ridge,S2,T0009
0.02550305924676672,0.015207468923914561,0.0020158539943024903,nominal,0.9,ridge,S2,T0010
0.01351560469416008,0.04768936506484163,0.029365329331764892,nominal,0.9,ridge,S2,T0011
0.08368471408720936,0.0013704758902549632,0.008189806966626708,nominal,0.9,ridge,S2,T0012
0.03637769720326312,0.20626488130480602,0.0946176826315564,nominal,0.9,ridge,S2,T0013
0.032807580467645044,0.04736891769095948,0.02059839909555298,nominal,0.9,ridge,S2,T0014
0.028189389031770547,0.05696568057958708,0.018210627509341066,nominal,0.9,ridge,S2,T0015
0.009851295156005637,0.09670429558571422,0.04549121926576331,nominal,0.9,ridge,S2,T0016
0.051222208974535124,0.04870146395970777,0.020936922232389403,nominal,0.9,ridge,S2,T0017
0.06687623561447699,0.1918290375300053,0.08027313694109814,nominal,0.9,ridge,S2,T0018
0.030307730533263584,0.057079802735555976,0.025955067165443605,nominal,0.9,ridge,S2,T0019
0.08108767504406979,0.19443337805598182,0.08471252942725903,nominal,0.9,ridge,S2,T0020
0.06562568908031614,0.13656744056204764,0.062168164895377076,nominal,0.9,ridge,S2,T0021
0.07864306758387897,0.31919744365167513,0.13589684413294312,nominal,0.9,ridge,S2,T0022
0.12009652276987806,0.07923258624676467,0.047894130276783936,nominal,0.9,ridge,S2,T0023
0.03684099914540163,0.14060728497093614,0.06234117573768774,nominal,0.9,ridge,S2,T0024
0.009808014135445632,0.07664436020831807,0.043143805148072145,nominal,0.9,ridge,S2,T0025
0.006088051850776656,0.07821465585535982,0.03863979166256799,nominal,0.9,ridge,S2,T0026
0.10638821148070468,0.03755297775827394,0.01620876673618237,nominal,0.9,ridge,S2,T0027
0.027635780452959786,0.05414712645250842,0.02235351220259546,nominal,0.9,ridge,S2,T0028
0.04260958396624715,0.1184624768368309,0.05662479295850793,nominal,0.9,ridge,S2,T0029
0.025599290503226797,0.13645174997508006,0.062494899015786136,nominal,0.9,ridge,S2,T0030
0.10705257726803671,0.2639405964855524,0.12930779217392357,nominal,0.9,ridge,S2,T0031
0.025617344107264912,0.0072039120835451515,0.007710885827920898,nominal,0.9,ridge,S2,T0032
0.004722982373626673,0.09949936162457682,0.04846357262951929,nominal,0.9,ridge,S2,T0033
0.09310453437366752,0.1815100845856796,0.07384616155093482,nominal,0.9,ridge,S2,T0034
0.010566434174255348,0.021950033873446854,0.017465146853182983,nominal,0.9,ridge,S2,T0035
0.10143383230617367,0.24003453826065257,0.11747494550198487,nominal,0.9,ridge,S2,T0036
0.052514816671924716,0.15004762422180465,0.07483570726787121,nominal,0.9,ridge,S2,T0037
0.08126491092443401,0.18600709081083525,0.07304749383235742,nominal,0.9,ridge,S2,T0038
0.03664864839344196,0.062175518794272425,0.02924883769787964,nominal,0.9,ridge,S2,T0039
0.02780458506487394,0.007867750354870197,0.005907172666454834,nominal,0.9,ridge,S2,T0040
0.0028244505327479357,0.014363437855059728,0.008124005474776489,nominal,0.9,ridge,S2,T0041
0.05362649940989063,0.11257970915938001,0.041573420563881344,nominal,0.9,ridge,S2,T0042
0.05671395791189639,0.18710408990941066,0.08401245817440967,nominal,0.9,ridge,S2,T0043
0.041639314874687146,0.31568627552922784,0.13905266508164674,nominal,0.9,ridge,S2,T0044
0.029724314314069362,0.23697368362560678,0.1012627089480293,nominal,0.9,ridge,S2,T0045
0.008131496365170467,0.0010111228809017716,0.0013641843798666991,nominal,0.9,ridge,S2,T0046
0.04498734003949651,0.09333147903150597,0.05105068950862817,nominal,0.9,ridge,S2,T0047
0.03836872582050122,0.10855913191021418,0.046477918913164065,nominal,0.9,ridge,S2,T0048
0.05784482390005065,0.0664253390999678,0.0425398418855968,nominal,0.9,ridge,S2,T0049
0.052406861925082274,0.1310806423697636,0.05355524623918384,nominal,0.9,ridge,S2,T0050
0.05813414421056874,0.15727783506706702,0.07364917181023438,nominal,0.9,ridge,S2,T0051
0.09307703918467193,0.0685585705831271,0.030743943835980468,nominal,0.9,ridge,S2,T0052
0.06978587835447998,0.23555015283188407,0.10543384107199769,nominal,0.9,ridge,S2,T0053
0.008502090304607359,0.04663349558663211,0.022960967973272583,nominal,0.9,ridge,S2,T0054
0.06570370077914724,0.007501666155377564,0.006011746096247436,nominal,0.9,ridge,S2,T0055
0.004662824708387415,0.11917765544282924,0.041445996004682614,nominal,0.9,ridge,S2,T0056
0.0586659264281081,0.06493025890556588,0.016034253893895387,nominal,0.9,ridge,S2,T0057
0.008510011798211205,0.0024894355490542868,0.00502870017410376,nominal,0.9,ridge,S2,T0058
0.023453520717014738,0.07016835726323668,0.033554167293005616,nominal,0.9,ridge,S2,T0059
0.05851521935847982,0.20891029032917735,0.08564101719975598,nominal,0.9,ridge,S2,T0060
0.074823465726242,0.0023220912527988084,0.0013785114461845702,nominal,0.9,ridge,S2,T0061
0.035883341090042216,0.0855761544457634,0.03470304128175427,nominal,0.9,ridge,S2,T0062
0.03011195698958386,0.030507981565618965,0.009135404891006348,nominal,0.9,ridge,S2,T0063
0.0025432101824540703,0.10675298669643676,0.046987840874834715,nominal,0.9,ridge,S2,T0064
0.058011836682601306,0.09064831462208046,0.03884493607667676,nominal,0.9,ridge,S2,T0065
0.022326659406376462,0.3091140452846142,0.1470787598727207,nominal,0.9,ridge,S2,T0066
0.08158039904447913,0.057684126682389106,0.016703786844316285,nominal,0.9,ridge,S2,T0067
0.04238000974773532,0.05723329207397877,0.03228847362302149,nominal,0.9,ridge,S2,T0068
0.04625914194369058,0.011847842835779058,0.001978135612531128,nominal,0.9,ridge,S2,T0069
0.02925478828358697,0.1970130936987486,0.08289205797134253,nominal,0.9,ridge,S2,T0070
0.09382197045148591,0.00023273077066732212,0.01107684376218042,nominal,0.9,ridge,S2,T0071
0.045596199678709655,0.12887821952373982,0.05506437683636023,nominal,0.9,ridge,S2,T0072
0.05487529785096619,0.1081525355316543,0.058250524675928714,nominal,0.9,ridge,S2,T0073
0.058217893724152606,0.18580108771360268,0.08393523039069678,nominal,0.9,ridge,S2,T0074
0.017975135109402633,0.26634552566670194,0.11863788443346607,nominal,0.9,ridge,S2,T0075
0.03299838378905102,0.10780605144862318,0.052969278455612064,nominal,0.9,ridge,S2,T0076
0.03555731911516647,0.01670786351515852,0.011826085732411742,nominal,0.9,ridge,S2,T0077
0.08176488915637715,0.0729768474649395,0.03035796720271753,nominal,0.9,ridge,S2,T0078
0.0535279566375574,0.09605435331026371,0.03810750920342041,nominal,0.9,ridge,S2,T0079
0.08244428504707858,0.15356468006210158,0.08096990327373095,nominal,0.9,ridge,S2,T0080
0.02152749252589126,0.048576991062455624,0.011777049989520142,nominal,0.9,ridge,S2,T0081
0.04045780980162395,0.15359240400168203,0.06955324223416602,nominal,0.9,ridge,S2,T0082
0.06932962658766863,0.0189062178061869,0.017190009722618898,nominal,0.9,ridge,S2,T0083
0.010317643675814838,0.11010503278585496,0.044894563611829835,nominal,0.9,ridge,S2,T0084
0.07077999166291483,0.08491354287459064,0.03172004787549304,nominal,0.9,ridge,S2,T0085
0.05173302074860721,0.16168201280102687,0.07806265856678003,nominal,0.9,ridge,S2,T0086
0.02578288668678875,0.02750992822871224,0.013677990827359864,nominal,0.9,ridge,S2,T0087
0.027549500221163988,0.08159141288702822,0.04069098450415808,nominal,0.9,ridge,S2,T0088
0.009805596935829887,0.011200606549435778,0.006460334557561524,nominal,0.9,ridge,S2,T0089
0.07490552729675361,0.17528914152429134,0.0895522871068833,nominal,0.9,ridge,S2,T0090
0.07025319371331941,0.19851017120154307,0.09575567992439295,nominal,0.9,ridge,S2,T0091
0.05687940074151411,0.11846016707194709,0.04693445047179077,nominal,0.9,ridge,S2,T0092
0.04128532098181093,0.11741376153423191,0.051554645239277344,nominal,0.9,ridge,S2,T0093
0.0074968756449700375,0.23199374582365712,0.11275675116067334,nominal,0.9,ridge,S2,T0094
0.00864357446881875,0.011947127142859785,0.012495754751693115,nominal,0.9,ridge,S2,T0095
0.024183778252441786,0.098018605750575,0.048215842715522095,nominal,0.9,ridge,S2,T0096
0.056752769419638485,0.006466461245950574,0.0038652862733078615,nominal,0.9,ridge,S2,T0097
0.0638148939595032,0.23003593743556933,0.09652454761722046,nominal,0.9,ridge,S2,T0098
0.07817818301832315,0.03807520707907908,0.006977832813675049,nominal,0.9,ridge,S2,T0099
0.02972254802781294,0.16513757583714708,0.07329490979653698,nominal,0.9,ridge,S2,T0100
0.014445733823443833,0.023019150701262262,0.0031463953169484863,nominal,0.9,ridge,S2,T0101
0.016117535193871383,0.009252769060721368,0.014297030484988036,nominal,0.9,ridge,S2,T0102
0.012409612941232665,0.1411561435884701,0.059742053494125244,nominal,0.9,ridge,S2,T0103
0.010927005507942457,0.1417276116097416,0.06589738267696167,nominal,0.9,ridge,S2,T0104
0.018585947740503154,0.04819202522829165,0.009515027817770508,nominal,0.9,ridge,S2,T0105
0.04582093105360036,0.11854072082222003,0.04473594411219971,nominal,0.9,ridge,S2,T0106
0.01238393679870942,0.03004763878672296,0.009531279633710572,nominal,0.9,ridge,S2,T0107
0.012168628338345425,0.07778381131434144,0.03424404882125073,nominal,0.9,ridge,S2,T0108
0.06292828203220192,0.2831843830467715,0.119510508710302,nominal,0.9,ridge,S2,T0109
0.02414549203440753,0.07533870210694739,0.03714267185880493,nominal,0.9,ridge,S2,T0110
0.01770571850799985,0.05246019683615767,0.020794504942353395,nominal,0.9,ridge,S2,T0111
0.01640440133172161,0.04151023866013127,0.008815539799986083,nominal,0.9,ridge,S2,T0112
0.04092432966755322,0.14448464228730892,0.07462879654410584,nominal,0.9,ridge,S2,T0113
0.056658438481828624,0.13640097836231882,0.05476900165481494,nominal,0.9,ridge,S2,T0114
0.06222825342492634,0.13165207541594784,0.06774066068227148,nominal,0.9,ridge,S2,T0115
0.03762477169722168,0.2728205355669697,0.12840572547041748,nominal,0.9,ridge,S2,T0116
0.012697562304095081,0.030697644515783613,0.018033554908368898,nominal,0.9,ridge,S2,T0117
0.01754805405368959,0.12816790033952088,0.06006242422894214,nominal,0.9,ridge,S2,T0118
0.014343524208415007,0.13374613590730253,0.06109822937696338,nominal,0.9,ridge,S2,T0119
0.028000642949186645,0.08681809243594742,0.03155101320040222,nominal,0.9,ridge,S2,T0120
0.03028619932740618,0.06315027144086051,0.025856234218570924,nominal,0.9,ridge,S2,T0121
0.053045347977100935,0.00647588068475591,0.0015241969899761963,nominal,0.9,ridge,S2,T0122
0.0297801904200587,0.15362772311658948,0.06814838051598682,nominal,0.9,ridge,S2,T0123
0.04552466917763066,0.03873278230854788,0.024128910387952635,nominal,0.9,ridge,S2,T0124
0.053061396364413885,0.1697885402690247,0.06690386317638941,nominal,0.9,ridge,S2,T0125
0.027783972943825626,0.09240030765579306,0.051003757449460695,nominal,0.9,ridge,S2,T0126
0.02137554532687436,0.14969475260855988,0.05873704090334668,nominal,0.9,ridge,S2,T0127
0.033364682602107516,0.02877410902615008,0.027047995036881715,nominal,0.9,ridge,S3,T0000
0.0437563071417399,0.0947468092772408,0.05695899137156336,nominal,0.9,ridge,S3,T0001
0.04386223299127968,0.031849900685256845,0.00857211198851123,nominal,0.9,ridge,S3,T0002
0.0404922532656632,0.054532300319086194,0.03437046405929932,nominal,0.9,ridge,S3,T0003
0.03641182245974595,0.16648491606284152,0.08092492044976575,nominal,0.9,ridge,S3,T0004
0.0023820563712198544,0.2656987437542974,0.13368067748641443,nominal,0.9,ridge,S3,T0005
0.05800092105638173,0.08638387074411781,0.034571881848195554,nominal,0.9,ridge,S3,T0006
0.06584515033573408,0.11033391769211146,0.04975880892901465,nominal,0.9,ridge,S3,T0007
0.04333128160389444,0.09754025714499517,0.044431654857602296,nominal,0.9,ridge,S3,T0008
0.051520637452791576,0.29854626361900066,0.13168938537946728,nominal,0.9,ridge,S3,T0009
0.023890159711986166,0.007200558574897433,0.018694941356573243,nominal,0.9,ridge,S3,T0010
0.018001639001977435,0.052796704447877776,0.02636973850721753,nominal,0.9,ridge,S3,T0011
0.08048333582265534,0.020298075711678857,0.005964213675529541,nominal,0.9,ridge,S3,T0012
0.04086831917071821,0.18914287159542775,0.07928261717661646,nominal,0.9,ridge,S3,T0013
0.0346510430939806,0.033444526593365005,0.029878731076603028,nominal,0.9,ridge,S3,T0014
0.030306634072606038,0.07818496194794662,0.02918502288527881,nominal,0.9,ridge,S3,T0015
0.008084156956957024,0.10809416039180428,0.068097990476719,nominal,0.9,ridge,S3,T0016
0.050035784098920746,0.07245141181141863,0.015518726808628173,nominal,0.9,ridge,S3,T0017
0.061712279365682146,0.17314173886874898,0.09318125034787719,nominal,0.9,ridge,S3,T0018
0.03291222832899705,0.039574583893513544,0.004203618300050171,nominal,0.9,ridge,S3,T0019
0.07947533181163925,0.1762825735531068,0.07262748757637744,nominal,0.9,ridge,S3,T0020
0.06166450534339009,0.11695330587774724,0.03191614862317004,nominal,0.9,ridge,S3,T0021
0.08691835059139509,0.3026964302094901,0.13906116160621923,nominal,0.9,ridge,S3,T0022
0.11602168382883862,0.06539854211395359,0.032834701894254394,nominal,0.9,ridge,S3,T0023
0.04335451275596148,0.14549844659775105,0.0646626815786167,nominal,0.9,ridge,S3,T0024
0.010827204935417447,0.07477373990981641,0.04740902325533923,nominal,0.9,ridge,S3,T0025
0.00040684745669372646,0.07026952618581468,0.030928227120581908,nominal,0.9,ridge,S3,T0026
0.10996774981595378,0.04469058070732696,0.021780965279915285,nominal,0.9,ridge,S3,T0027
0.01708699447912077,0.04037528314769224,0.034240116778114255,nominal,0.9,ridge,S3,T0028
0.03899313698655733,0.11992974563432571,0.06380556825347326,nominal,0.9,ridge,S3,T0029
0.028407345716956196,0.10868453796844676,0.037618628204443845,nominal,0.9,ridge,S3,T0030
0.0974353196965275,0.25869991016594684,0.1231015879808971,nominal,0.9,ridge,S3,T0031
0.02759603316913662,0.005404576238327853,0.010238277760741944,nominal,0.9,ridge,S3,T0032
0.006436011479910577,0.1095545163750242,0.026984271817354247,nominal,0.9,ridge,S3,T0033
0.09718123606238696,0.20321284878774248,0.10514864170821485,nominal,0.9,ridge,S3,T0034
0.014782529259723957,0.01529823291886501,0.011739974685556518,nominal,0.9,ridge,S3,T0035
0.09791996477037798,0.23953905333560432,0.10287745087856763,nominal,0.9,ridge,S3,T0036
0.053313864549446324,0.10728945292257155,0.025985517172879637,nominal,0.9,ridge,S3,T0037
0.08096708668212717,0.17231187516752625,0.06840808973382813,nominal,0.9,ridge,S3,T0038
0.03746715164745868,0.051437198701423395,0.042660413800557864,nominal,0.9,ridge,S3,T0039
0.03064685549143576,0.0254620364187036,0.00593388028151355,nominal,0.9,ridge,S3,T0040
0.007588958756575283,0.009762154832625993,0.0009163198081202393,nominal,0.9,ridge,S3,T0041
0.05657133063082577,0.10580964872071055,0.053892009483758545,nominal,0.9,ridge,S3,T0042
0.059358185391552035,0.18122735480793964,0.07700755686614014,nominal,0.9,ridge,S3,T0043
0.044237020336810325,0.3069730030728313,0.15086612362198754,nominal,0.9,ridge,S3,T0044
0.0449817820903023,0.24568506953150943,0.11731365493167774,nominal,0.9,ridge,S3,T0045
0.007606550448321649,0.007964870641249124,0.010927885396238403,nominal,0.9,ridge,S3,T0046
0.04272598063045475,0.0751885310766945,0.039432589016655153,nominal,0.9,ridge,S3,T0047
0.03876725662950887,0.11351104472355492,0.050714526170116576,nominal,0.9,ridge,S3,T0048
0.04997851295723112,0.0548057533705268,0.04179199504810779,nominal,0.9,ridge,S3,T0049
0.05713625482557107,0.12344758194390906,0.041945743435490235,nominal,0.9,ridge,S3,T0050
0.05001209241369543,0.15638231903606278,0.08599686955096923,nominal,0.9,ridge,S3,T0051
0.08745326976103975,0.036780660218289636,0.0085826577075625,nominal,0.9,ridge,S3,T0052
0.07226672918507955,0.24346441131848007,0.12260097837179577,nominal,0.9,ridge,S3,T0053
0.01047492607102546,0.031464948147793,0.007169119339588623,nominal,0.9,ridge,S3,T0054
0.06290607028613783,0.007624856410064497,0.006417841062981079,nominal,0.9,ridge,S3,T0055
0.0034856379127073964,0.1358167223228002,0.04157803687905506,nominal,0.9,ridge,S3,T0056
0.06500901045705444,0.03770739933102369,0.003535218674326172,nominal,0.9,ridge,S3,T0057
0.00421122678484931,0.0018931247286388402,0.001901134983772461,nominal,0.9,ridge,S3,T0058
0.020158868406580936,0.07592910252808534,0.03304531206278333,nominal,0.9,ridge,S3,T0059
0.06606538287348752,0.22155818937190963,0.10168438610215125,nominal,0.9,ridge,S3,T0060
0.07704938906969273,0.0005219450813109817,0.01953152463865088,nominal,0.9,ridge,S3,T0061
0.03967032410524957,0.1089283371219574,0.04942154148026953,nominal,0.9,ridge,S3,T0062
0.02934518907457357,0.04445867589943365,0.024534383892905274,nominal,0.9,ridge,S3,T0063
0.013959514613859084,0.09304590007299275,0.050840876836765504,nominal,0.9,ridge,S3,T0064
0.06634713619825068,0.09506255488219709,0.035070459449643314,nominal,0.9,ridge,S3,T0065
0.02106046837563991,0.30259705939228615,0.13940157689439112,nominal,0.9,ridge,S3,T0066
0.08069013277405031,0.0559317602150511,0.010175316187030152,nominal,0.9,ridge,S3,T0067
0.04565344179339737,0.027271026784024273,0.008197392766197754,nominal,0.9,ridge,S3,T0068
0.04158113426767058,0.0044162330652866575,0.010351382763387573,nominal,0.9,ridge,S3,T0069
0.0172545779261063,0.15897145780140845,0.07167859693703357,nominal,0.9,ridge,S3,T0070
0.09333377389763976,0.011052743180486326,0.012167201942325928,nominal,0.9,ridge,S3,T0071
0.03715844260367946,0.12351251135510724,0.04931208096824975,nominal,0.9,ridge,S3,T0072
0.0598450142908888,0.08481235335489003,0.04068493341683985,nominal,0.9,ridge,S3,T0073
0.06673332471259148,0.18055467705083236,0.09373570853357568,nominal,0.9,ridge,S3,T0074
0.021352931177938687,0.27934574109247884,0.129068551719677,nominal,0.9,ridge,S3,T0075
0.025048596440214184,0.09032186506032659,0.03198920725709497,nominal,0.9,ridge,S3,T0076
0.03903819161085787,0.007081746888783493,0.011848360749095703,nominal,0.9,ridge,S3,T0077
0.08074795031753125,0.05032815054923258,0.02122439864025879,nominal,0.9,ridge,S3,T0078
0.04915098725813806,0.07805478776826026,0.03948424667943311,nominal,0.9,ridge,S3,T0079
0.08039200143197202,0.1471114331291565,0.07732123323806116,nominal,0.9,ridge,S3,T0080
0.021215899264386554,0.030034169080720992,0.01537328008206482,nominal,0.9,ridge,S3,T0081
0.03763358858079547,0.13729937892482644,0.049482121724822754,nominal,0.9,ridge,S3,T0082
0.0737008366783304,0.007998212528268768,0.005696591968592041,nominal,0.9,ridge,S3,T0083
0.01214454046288255,0.11035889798031664,0.05156643863724585,nominal,0.9,ridge,S3,T0084
0.0686986652345284,0.08077133285352701,0.0428789649299989,nominal,0.9,ridge,S3,T0085
0.057050466414381176,0.13132390237855732,0.05817175392320459,nominal,0.9,ridge,S3,T0086
0.03279991810914263,0.039183798290243495,0.035807845123887454,nominal,0.9,ridge,S3,T0087
0.02187423868921679,0.0641060001983912,0.04114779216165356,nominal,0.9,ridge,S3,T0088
0.0078109419652475105,0.019863590411795532,0.02804041268895215,nominal,0.9,ridge,S3,T0089
0.07661064941978409,0.15021737486712375,0.06663807290666589,nominal,0.9,ridge,S3,T0090
0.075592529097831,0.1954162009142727,0.0947084558226593,nominal,0.9,ridge,S3,T0091
0.04652254645440724,0.12816444990720158,0.07234574012482128,nominal,0.9,ridge,S3,T0092
0.04196455431266622,0.10558111940865092,0.04899185477899121,nominal,0.9,ridge,S3,T0093
0.004826683781129494,0.2016973160491512,0.0752192732061167,nominal,0.9,ridge,S3,T0094
0.009548552422706249,0.05201975460211063,0.026291947600861572,nominal,0.9,ridge,S3,T0095
0.03736132351559202,0.09819803667104779,0.07037598799989661,nominal,0.9,ridge,S3,T0096
0.05673281810628818,0.005031604850805339,0.00703528217244751,nominal,0.9,ridge,S3,T0097
0.06371175967052391,0.22426641864439995,0.0801043693741377,nominal,0.9,ridge,S3,T0098
0.07970359290989494,0.04906609685802256,0.01801130881538037,nominal,0.9,ridge,S3,T0099
0.032126109688079836,0.15418066809731737,0.07562157032893677,nominal,0.9,ridge,S3,T0100
0.0071725591623658675,0.012947940269200101,0.0034893961006140137,nominal,0.9,ridge,S3,T0101
0.014463590695923404,0.018155830334123938,0.030930435220625243,nominal,0.9,ridge,S3,T0102
0.01219376929146199,0.14415304579484203,0.05837551857615918,nominal,0.9,ridge,S3,T0103
0.010852107395601942,0.15012060721345508,0.07111167526977392,nominal,0.9,ridge,S3,T0104
0.018908290628466554,0.034536265077110835,0.011745855781879883,nominal,0.9,ridge,S3,T0105
0.04536802485228642,0.14198026767683894,0.046731011495196165,nominal,0.9,ridge,S3,T0106
0.007080086897398587,0.038093092668027025,0.032286763675478884,nominal,0.9,ridge,S3,T0107
0.010669591097724475,0.08051556784914012,0.034303588918959106,nominal,0.9,ridge,S3,T0108
0.06782137390647981,0.268963510265545,0.10652856641365333,nominal,0.9,ridge,S3,T0109
0.02113454607817256,0.0755947221635725,0.04277911242266675,nominal,0.9,ridge,S3,T0110
0.024782241948783375,0.04512804526676074,0.008382089184380492,nominal,0.9,ridge,S3,T0111
0.016728678693360702,0.061325050835625575,0.019917280155227052,nominal,0.9,ridge,S3,T0112
0.03783571797867647,0.12143531386795611,0.06264895996713268,nominal,0.9,ridge,S3,T0113
0.058111508118168245,0.14585539780780035,0.06614267171698315,nominal,0.9,ridge,S3,T0114
0.05680882535096855,0.15093398301084862,0.08389476683740234,nominal,0.9,ridge,S3,T0115
0.03532219428605821,0.26475830291056135,0.14050578672964525,nominal,0.9,ridge,S3,T0116
0.010247851789645103,0.008942338048798517,0.014728535491143432,nominal,0.9,ridge,S3,T0117
0.017952646700697964,0.14154811701016182,0.06869126522899219,nominal,0.9,ridge,S3,T0118
0.014893571344182236,0.11823746925917952,0.08500780939899853,nominal,0.9,ridge,S3,T0119
0.024908576794514255,0.05188585597244445,0.0024068172966970214,nominal,0.9,ridge,S3,T0120
0.03298876345213753,0.042234844274576806,0.017747258215522217,nominal,0.9,ridge,S3,T0121
0.053218380934776946,0.010304445803154818,0.010712006801687867,nominal,0.9,ridge,S3,T0122
0.035951478835924984,0.13231965702371842,0.06596713973121082,nominal,0.9,ridge,S3,T0123
0.050677277719385364,0.025634212610527736,0.0010014283747084962,nominal,0.9,ridge,S3,T0124
0.04221387581283043,0.1789293154978572,0.0859873625099021,nominal,0.9,ridge,S3,T0125
0.023378217946937733,0.07354124751246056,0.049280985448342654,nominal,0.9,ridge,S3,T0126
0.023006839971799756,0.15524651707072237,0.0689300314854093,nominal,0.9,ridge,S3,T0127
0.15609399556490464,0.012104117158752151,0.005982481759682129,high,0.0,gp,S1,T0000
0.06313009945952631,0.09129291406145353,0.05648548313887988,high,0.0,gp,S1,T0001
0.013449291116771626,0.23217468287878745,0.09187664820484448,high,0.0,gp,S1,T0002
0.16468513750498573,0.30652547846554945,0.15117839693714502,high,0.0,gp,S1,T0003
0.19187607837663884,0.033239585728152006,0.006513537459756592,high,0.0,gp,S1,T0004
0.5091691014367917,0.3503965804661308,0.17313000687288208,high,0.0,gp,S1,T0005
0.08727510743991058,0.02127466173391879,0.009998883491421631,high,0.0,gp,S1,T0006
0.19495029020071697,0.12964488580779923,0.05003514276875464,high,0.0,gp,S1,T0007
0.20541057233609,0.3506604917762807,0.16044533341150743,high,0.0,gp,S1,T0008
0.0012625524898601805,0.3470626666254934,0.15110064317985644,high,0.0,gp,S1,T0009
0.12584035950922726,0.15393636939255997,0.05737079400472021,high,0.0,gp,S1,T0010
0.11959442938266981,0.04984068367522605,0.017555860462206543,high,0.0,gp,S1,T0011
0.10561889327740273,0.11940919782119977,0.06227697395566797,high,0.0,gp,S1,T0012
0.18635048549982133,0.4076316520819904,0.1819911010984447,high,0.0,gp,S1,T0013
0.2489929225058513,0.041543879955421865,0.029238891200637697,high,0.0,gp,S1,T0014
0.07415516530352385,0.06806476481138525,0.018665297972311767,high,0.0,gp,S1,T0015
0.06473272724876107,0.412714827212436,0.19771598926888037,high,0.0,gp,S1,T0016
0.6012411164223407,0.21738597908799567,0.0678956437415636,high,0.0,gp,S1,T0017
0.07693340795304872,0.2139133070419919,0.1056497202579082,high,0.0,gp,S1,T0018
0.0666336023365341,0.3319720606372554,0.15773077824937426,high,0.0,gp,S1,T0019
0.11176264003962713,0.2767232450472332,0.11470404191222949,high,0.0,gp,S1,T0020
0.1502154910787246,0.24915696359776146,0.09818878695983264,high,0.0,gp,S1,T0021
0.24137007626004298,0.6125826374903725,0.2709528772890996,high,0.0,gp,S1,T0022
0.14539346968885483,0.2646064028847917,0.11219791088341052,high,0.0,gp,S1,T0023
0.3041863064306536,0.06372393228903596,0.014086063316632813,high,0.0,gp,S1,T0024
0.10149506607930905,0.08774123058917228,0.014418858253945068,high,0.0,gp,S1,T0025
0.1278829109047386,0.05519853968232348,0.02163073834607141,high,0.0,gp,S1,T0026
0.2255929659749515,0.29378556418386137,0.12822029313918457,high,0.0,gp,S1,T0027
0.10524183462497064,0.2019400316954429,0.11321215293414087,high,0.0,gp,S1,T0028
0.17318720276419455,0.204153000357934,0.12079269816198376,high,0.0,gp,S1,T0029
0.05364622895362049,0.09234330466634856,0.057700923943412356,high,0.0,gp,S1,T0030
0.07217652261287318,0.2156248628648722,0.1293676527056145,high,0.0,gp,S1,T0031
0.01331088967128136,0.19774813445041872,0.09959906885695874,high,0.0,gp,S1,T0032
0.2421240555218918,0.029362010411553847,0.03105700347538513,high,0.0,gp,S1,T0033
0.09743886496644263,0.3199186596603968,0.14134546549501575,high,0.0,gp,S1,T0034
0.3586256474260394,0.02018293142017014,0.01241821930142688,high,0.0,gp,S1,T0035
0.08742818131832032,0.2721896794019477,0.11651024069769764,high,0.0,gp,S1,T0036
0.37217985367940165,0.4662925831557214,0.2125807887199077,high,0.0,gp,S1,T0037
0.16813790058653968,0.2058469419903911,0.07483076706866504,high,0.0,gp,S1,T0038
0.305896313020371,0.1987122169772063,0.12273759929911865,high,0.0,gp,S1,T0039
0.04853684397821913,0.07173296985830747,0.0354824748268407,high,0.0,gp,S1,T0040
0.1030873094089663,0.015431782453917135,0.002826487842441406,high,0.0,gp,S1,T0041
0.27451661741386696,0.5380017610991371,0.24917338938516442,high,0.0,gp,S1,T0042
0.16494180187770438,0.11580353038729177,0.04084743262805835,high,0.0,gp,S1,T0043
0.6030160577520167,0.13508302723388213,0.06377687417880543,high,0.0,gp,S1,T0044
0.43980421434897454,0.49165598636453267,0.23370435173040038,high,0.0,gp,S1,T0045
0.11847968817014168,0.06941231827556545,0.011595762302294678,high,0.0,gp,S1,T0046
0.09574877104508053,0.12795467263952867,0.03625118499102124,high,0.0,gp,S1,T0047
0.0465315732844579,0.4187706074125226,0.1897937046210808,high,0.0,gp,S1,T0048
0.04400846430550138,0.005509405862393625,0.017353446484848756,high,0.0,gp,S1,T0049
0.24254810109055175,0.3844711577707897,0.1961111821956826,high,0.0,gp,S1,T0050
0.29564301073420013,0.5988389214378016,0.2805304922743865,high,0.0,gp,S1,T0051
0.34190640419596885,0.07721446845624148,0.04562119520080664,high,0.0,gp,S1,T0052
0.10250026587285829,0.46708101661203744,0.22436367903544616,high,0.0,gp,S1,T0053
0.025744846547198226,0.32220193315378626,0.15741567381454236,high,0.0,gp,S1,T0054
0.0250563791650485,0.16801049026529488,0.07170141953476623,high,0.0,gp,S1,T0055
0.22021704469708697,0.5262921394470755,0.22115414181125195,high,0.0,gp,S1,T0056
0.027697593733443944,0.1973667868251281,0.0769640971147926,high,0.0,gp,S1,T0057
0.005280488641746795,0.039270851943118974,0.0216912878484043,high,0.0,gp,S1,T0058
0.4002873403059491,0.007794952946859614,0.014272188092036743,high,0.0,gp,S1,T0059
0.16348722421589526,0.3960564444157034,0.16761703136386571,high,0.0,gp,S1,T0060
0.09325738499601445,0.16408748746911536,0.10146376440513892,high,0.0,gp,S1,T0061
0.26077208819707937,0.07062501777957032,0.031098406217132935,high,0.0,gp,S1,T0062
0.3143890445284154,0.267553305146433,0.11684311256037792,high,0.0,gp,S1,T0063
0.22348963762548557,0.21885725140098627,0.08253637128450268,high,0.0,gp,S1,T0064
0.05858303018275031,0.06282321239959755,0.017321635657458496,high,0.0,gp,S1,T0065
0.13869348462475176,0.09415122471162776,0.04682970026554846,high,0.0,gp,S1,T0066
0.1506811396669225,0.4338439227776054,0.17275047927842443,high,0.0,gp,S1,T0067
0.26818273202378456,0.0559109049226192,0.0002743888108217773,high,0.0,gp,S1,T0068
0.04473915738930801,0.011754106229721065,0.00027209611142614743,high,0.0,gp,S1,T0069
0.4465640152202525,0.16778483169861916,0.06872684910761304,high,0.0,gp,S1,T0070
0.05163611515668522,0.3369071588323958,0.15229069724402503,high,0.0,gp,S1,T0071
0.00013880216063633102,0.11707276675636094,0.05221068267398962,high,0.0,gp,S1,T0072
0.16467804675047829,0.43523182784758596,0.18575980618978868,high,0.0,gp,S1,T0073
0.2748006100832096,0.394912882903647,0.19917464266980883,high,0.0,gp,S1,T0074
0.40806917242737034,0.1681346249067134,0.07434270029363135,high,0.0,gp,S1,T0075
0.19571444138359573,0.11112168541606102,0.0628626931827561,high,0.0,gp,S1,T0076
0.24670758830859846,0.061538291404721626,0.027001605371414796,high,0.0,gp,S1,T0077
0.2698242574037835,0.14667365382805056,0.0742421345684862,high,0.0,gp,S1,T0078
0.1876692168057676,0.11163339892801774,0.053130405816023435,high,0.0,gp,S1,T0079
0.06030639677136797,0.3436886900365416,0.16847446224356835,high,0.0,gp,S1,T0080
0.22588593105713378,0.10578826034798874,0.02137387633037268,high,0.0,gp,S1,T0081
0.20808153778479838,0.11125452308132475,0.04000611686912451,high,0.0,gp,S1,T0082
0.3890159085125176,0.2959517754616984,0.12404841921286597,high,0.0,gp,S1,T0083
0.18763134293954936,0.0074355726200797684,0.003012859997326172,high,0.0,gp,S1,T0084
0.09234840230996634,0.025112709999297052,0.0183812744079115,high,0.0,gp,S1,T0085
0.20261709711698916,0.0050269496896779295,0.012700539410676758,high,0.0,gp,S1,T0086
0.23217735648061016,0.12250351914097127,0.04281573097933691,high,0.0,gp,S1,T0087
0.13106028197181988,0.34061657870879786,0.16866774207483204,high,0.0,gp,S1,T0088
0.231754655011284,0.27391483340480144,0.10863958330579687,high,0.0,gp,S1,T0089
0.15803571205579017,0.320752974759897,0.15364352148408777,high,0.0,gp,S1,T0090
0.057340809363243,0.25130605154928437,0.13335215670610742,high,0.0,gp,S1,T0091
0.19934206340456068,0.09190895819704338,0.0371742904641709,high,0.0,gp,S1,T0092
0.17401313003325844,0.04735986058334836,0.033840925412666624,high,0.0,gp,S1,T0093
0.17311039461351543,0.2386011997439622,0.11293703145705737,high,0.0,gp,S1,T0094
0.01416841917978168,0.26196709855065453,0.12062159094337524,high,0.0,gp,S1,T0095
0.21633604522128264,0.21428638158318059,0.11674230358626685,high,0.0,gp,S1,T0096
0.055537793499545476,0.16585724905106766,0.06878952064048034,high,0.0,gp,S1,T0097
0.13445560993149228,0.27238836960599483,0.10196715130163843,high,0.0,gp,S1,T0098
0.2844448207866879,0.0967193921456794,0.026622574205926026,high,0.0,gp,S1,T0099
0.02416433466721269,0.01998338777473963,0.011733118388296998,high,0.0,gp,S1,T0100
0.058097724360318695,0.06730193023439192,0.023729638024413087,high,0.0,gp,S1,T0101
0.037432051099277615,0.32145097745780676,0.13764195789206202,high,0.0,gp,S1,T0102
0.25176384617919384,0.10587570867982457,0.04220752072949683,high,0.0,gp,S1,T0103
0.2536120389053279,0.04419593000025202,0.007332438649151367,high,0.0,gp,S1,T0104
0.016898282287956538,0.39319136450736186,0.1560920546438618,high,0.0,gp,S1,T0105
0.44580893158896223,0.04701857282332579,0.05784301702063122,high,0.0,gp,S1,T0106
0.123904852633171,0.21178621039992135,0.10554855273673108,high,0.0,gp,S1,T0107
0.08044177297781065,0.17089430007383308,0.07380100698705286,high,0.0,gp,S1,T0108
0.05792046790948081,0.42410059238364534,0.17609309248480493,high,0.0,gp,S1,T0109
0.1311024361235286,0.06437601393491034,0.018990557257907104,high,0.0,gp,S1,T0110
0.033347204826839345,0.16086836763089948,0.08110203611864392,high,0.0,gp,S1,T0111
0.09897405590820588,0.1701431608042875,0.04816052843128845,high,0.0,gp,S1,T0112
0.19131060816494966,0.051377386030145036,0.04555154132736963,high,0.0,gp,S1,T0113
0.04996178026444088,0.03220473504633226,0.016753873754505617,high,0.0,gp,S1,T0114
0.22410879884213758,0.05344985141376936,0.034044454819830566,high,0.0,gp,S1,T0115
0.21712044259588786,0.5440993664994771,0.253332990906156,high,0.0,gp,S1,T0116
0.2877407005813399,0.0008650399245863085,0.023490240372207274,high,0.0,gp,S1,T0117
0.37600400657030003,0.26318909951294966,0.11509189545124646,high,0.0,gp,S1,T0118
0.08101641689256091,0.47683691811652923,0.23232609268288013,high,0.0,gp,S1,T0119
0.18463304794681226,0.13364266588885457,0.04237123149522131,high,0.0,gp,S1,T0120
0.021015944973843407,0.11678377975586993,0.055366044129118164,high,0.0,gp,S1,T0121
0.285664649547906,0.10868735176510438,0.028304888613120607,high,0.0,gp,S1,T0122
0.3086439675853376,0.009965198545495714,0.011137540638895996,high,0.0,gp,S1,T0123
0.21991073408091372,0.010594422147016115,0.008149731281124024,high,0.0,gp,S1,T0124
0.015722879880434307,0.10289206154819378,0.03802522573676025,high,0.0,gp,S1,T0125
0.03834225463195285,0.05679923625200507,0.052471769724204954,high,0.0,gp,S1,T0126
0.047503543580966215,0.1817784788467153,0.0887422811128999,high,0.0,gp,S1,T0127
0.05513146897540484,0.059575580078260484,0.036538094298873294,high,0.0,gp,S1x2,T0000
0.1028444052204722,0.08727937524703162,0.05006091573289673,high,0.0,gp,S1x2,T0001
0.06921388054309253,0.1506183311537879,0.04505734112429248,high,0.0,gp,S1x2,T0002
0.06711167978815492,0.2867182374800376,0.1498232990874215,high,0.0,gp,S1x2,T0003
0.08257336451265253,0.14340872171542232,0.05990290794517627,high,0.0,gp,S1x2,T0004
0.2464403025885551,0.23790351363765538,0.1322934914084441,high,0.0,gp,S1x2,T0005
0.02207177578350567,0.02034835557019388,0.009936054011502686,high,0.0,gp,S1x2,T0006
0.1140031716739093,0.17218905153560007,0.06875195618619213,high,0.0,gp,S1x2,T0007
0.09747387729876214,0.5406880461663398,0.23910969321519873,high,0.0,gp,S1x2,T0008
0.21373431176876184,0.23800394388451168,0.10561263635388965,high,0.0,gp,S1x2,T0009
0.11260701343270954,0.1644778751984566,0.0767548070079624,high,0.0,gp,S1x2,T0010
0.0017825583609257238,0.19096979736527775,0.07720606140452685,high,0.0,gp,S1x2,T0011
0.05310078353778143,0.13119880246481644,0.06962697461838233,high,0.0,gp,S1x2,T0012
0.13950870231096538,0.44934454779437233,0.20165740806883495,high,0.0,gp,S1x2,T0013
0.20785287847358314,0.003146907841228009,0.023185567994102294,high,0.0,gp,S1x2,T0014
0.04733996307205808,0.014514012253983858,0.010440216451056396,high,0.0,gp,S1x2,T0015
0.02293329202383038,0.41219951613462213,0.20192729433706372,high,0.0,gp,S1x2,T0016
0.3480407522271834,0.34692040374650795,0.1398449502323467,high,0.0,gp,S1x2,T0017
0.007667444435207062,0.3437876718610317,0.1627354449080574,high,0.0,gp,S1x2,T0018
0.045559711047407365,0.24645338182527404,0.12926677393685668,high,0.0,gp,S1x2,T0019
0.0685873026344569,0.3683282113466766,0.16710178845135998,high,0.0,gp,S1x2,T0020
0.2581526587508485,0.10362253143734515,0.03495854465096277,high,0.0,gp,S1x2,T0021
0.297046318834367,0.595521454271336,0.27086797183097167,high,0.0,gp,S1x2,T0022
0.0886333806874934,0.3157611230145702,0.14476959893398572,high,0.0,gp,S1x2,T0023
0.22174923777572414,0.11744079747592398,0.04357924891412818,high,0.0,gp,S1x2,T0024
0.043677007873015324,0.0035680635781498724,0.020489713728599732,high,0.0,gp,S1x2,T0025
0.1094071610029074,0.1288305753493896,0.05987751963028089,high,0.0,gp,S1x2,T0026
0.03929322388600499,0.2009530830701709,0.08898863521528076,high,0.0,gp,S1x2,T0027
0.017705886086208936,0.057513041401191525,0.05967653577548169,high,0.0,gp,S1x2,T0028
0.05167537123569711,0.1778564012629608,0.10295764105252478,high,0.0,gp,S1x2,T0029
0.004625626733110456,0.07321828686224803,0.03346036156465967,high,0.0,gp,S1x2,T0030
0.12295469381736121,0.20108466212251075,0.13215807124320117,high,0.0,gp,S1x2,T0031
0.034326426504717185,0.25304238692750897,0.10927529959039295,high,0.0,gp,S1x2,T0032
0.12018413403396214,0.013743508189310031,0.016375678778139894,high,0.0,gp,S1x2,T0033
0.05729887018384118,0.2712485570589216,0.11551624026441419,high,0.0,gp,S1x2,T0034
0.1896107201516648,0.07625773032942708,0.03896167393430029,high,0.0,gp,S1x2,T0035
0.21330228551670666,0.23113366617298742,0.11135420089045789,high,0.0,gp,S1x2,T0036
0.2554984919390186,0.5071418006204153,0.22915926566136108,high,0.0,gp,S1x2,T0037
0.16600393932521165,0.08179325031446917,0.021726092512005003,high,0.0,gp,S1x2,T0038
0.2206678199624102,0.1694679711127062,0.09326993645234351,high,0.0,gp,S1x2,T0039
0.08125112048243456,0.18895991459014666,0.07907493030662036,high,0.0,gp,S1x2,T0040
0.055369614378106294,0.17832948475940721,0.09542293560929113,high,0.0,gp,S1x2,T0041
0.272444460620267,0.3655639930896782,0.159523966412177,high,0.0,gp,S1x2,T0042
0.1749722334944859,0.1450573284190593,0.05657243350932959,high,0.0,gp,S1x2,T0043
0.45004992561498214,0.04170209536479342,0.015892344814969483,high,0.0,gp,S1x2,T0044
0.27459874973434834,0.3983309744483555,0.17901105405987108,high,0.0,gp,S1x2,T0045
0.13064110683235933,0.039761951199442376,0.035548357766439574,high,0.0,gp,S1x2,T0046
0.19763469526483313,0.0899131275841092,0.03776107054517798,high,0.0,gp,S1x2,T0047
0.026907146983280457,0.18316011902063503,0.07720212826803247,high,0.0,gp,S1x2,T0048
0.008571280895787738,0.0886222540631157,0.043290337073710695,high,0.0,gp,S1x2,T0049
0.17312024167315312,0.31491483130626113,0.155739177340677,high,0.0,gp,S1x2,T0050
0.24995013089196833,0.4454135431401883,0.19539924512872753,high,0.0,gp,S1x2,T0051
0.2562571382745971,0.0897083645893182,0.04575026860760425,high,0.0,gp,S1x2,T0052
0.11016482606504927,0.5302082998988105,0.2414740719569896,high,0.0,gp,S1x2,T0053
0.11367346862910829,0.15709316971195156,0.0716644459370846,high,0.0,gp,S1x2,T0054
0.005985411344075488,0.25957114024946304,0.11885539985967249,high,0.0,gp,S1x2,T0055
0.14328678602131498,0.40942012530693084,0.17746847633496948,high,0.0,gp,S1x2,T0056
0.11953629510199767,0.15829268953101136,0.07095375959706726,high,0.0,gp,S1x2,T0057
0.055212850071026956,0.040205529388047674,0.011422470439151367,high,0.0,gp,S1x2,T0058
0.22872346632021512,0.052989511947279536,0.011248414882237549,high,0.0,gp,S1x2,T0059
0.24938059790747596,0.31414195427846603,0.13478945088299987,high,0.0,gp,S1x2,T0060
0.07801566715988863,0.03979657974651663,0.03639011952649145,high,0.0,gp,S1x2,T0061
0.14082255409132552,0.06206885252352802,0.02306830452781738,high,0.0,gp,S1x2,T0062
0.2731806857263628,0.19365803440891732,0.0710103300682163,high,0.0,gp,S1x2,T0063
0.00830869348586172,0.1963061052479862,0.07083963123252393,high,0.0,gp,S1x2,T0064
0.04612743334658526,0.030143158444559955,0.022501050742124266,high,0.0,gp,S1x2,T0065
0.11083852652281848,0.16250262314907063,0.0632285014717987,high,0.0,gp,S1x2,T0066
0.0890739938774024,0.2674698061680159,0.10714595360487073,high,0.0,gp,S1x2,T0067
0.27283933737174476,0.005183500540039688,0.009005827021217529,high,0.0,gp,S1x2,T0068
0.023690370212453578,0.015532081873002871,0.006004274403430298,high,0.0,gp,S1x2,T0069
0.1556444235155813,0.23421855860360224,0.10836243591262842,high,0.0,gp,S1x2,T0070
0.047226401569568935,0.19539529991303323,0.08060868825004297,high,0.0,gp,S1x2,T0071
0.12565869529738485,0.054726935232304055,0.016023336837559448,high,0.0,gp,S1x2,T0072
0.028098467416401714,0.4513729982360488,0.20030367375315758,high,0.0,gp,S1x2,T0073
0.0676328361097986,0.20012857259671424,0.10353499894097852,high,0.0,gp,S1x2,T0074
0.21999656166842468,0.13553231861625717,0.0636786394540227,high,0.0,gp,S1x2,T0075
0.08298330100264097,0.20791968499465718,0.08049828869177734,high,0.0,gp,S1x2,T0076
0.13446186406782526,0.010370720431011895,0.01409396340765039,high,0.0,gp,S1x2,T0077
0.2770850636901379,0.06677834982681764,0.02813299814226416,high,0.0,gp,S1x2,T0078
0.004191644881800794,0.04427567940322453,0.014139860017062012,high,0.0,gp,S1x2,T0079
0.0696963348943694,0.3136523338809228,0.1599270981172854,high,0.0,gp,S1x2,T0080
0.18916179553838708,0.039219843357377056,0.006451217972069458,high,0.0,gp,S1x2,T0081
0.13253315495268927,0.08786168303163562,0.03540965575686157,high,0.0,gp,S1x2,T0082
0.45005935644180606,0.2697904883143807,0.10789789528483813,high,0.0,gp,S1x2,T0083
0.1948429900244903,0.03599947958872197,0.010975472675521973,high,0.0,gp,S1x2,T0084
0.030414766003855072,0.11903880005242232,0.05899609305619592,high,0.0,gp,S1x2,T0085
0.20547791833472778,0.016706851319314157,0.012058766521356934,high,0.0,gp,S1x2,T0086
0.2252838766652993,0.17783191923365918,0.07947103280693811,high,0.0,gp,S1x2,T0087
0.11855101624449196,0.22167951857729495,0.11178653700083838,high,0.0,gp,S1x2,T0088
0.28484940406407705,0.20634469297334374,0.08462432210834375,high,0.0,gp,S1x2,T0089
0.14654488672368046,0.23633518235090029,0.10618946302122498,high,0.0,gp,S1x2,T0090
0.12725051659808892,0.057907524727765516,0.03528332485377307,high,0.0,gp,S1x2,T0091
0.1784401034094624,0.15989045089631673,0.048689841573878664,high,0.0,gp,S1x2,T0092
0.09612095030560044,0.21574494442803965,0.1147430746709209,high,0.0,gp,S1x2,T0093
0.12297205035266492,0.25623048435572066,0.11834930998248096,high,0.0,gp,S1x2,T0094
0.08546283609097428,0.2613501461604393,0.12167485302105054,high,0.0,gp,S1x2,T0095
0.09705067374358448,0.23188074027189148,0.11380073508307324,high,0.0,gp,S1x2,T0096
0.0998904957778596,0.06282161180897668,0.0223990886439845,high,0.0,gp,S1x2,T0097
0.16160357314800536,0.2970455044729637,0.11556277472413379,high,0.0,gp,S1x2,T0098
0.15057443037808318,0.19064192200303204,0.0721954048625498,high,0.0,gp,S1x2,T0099
0.10341819684679013,0.04101025959062255,0.021921496690781615,high,0.0,gp,S1x2,T0100
0.06546979931090714,0.12083526716113571,0.05319322978378442,high,0.0,gp,S1x2,T0101
0.11126697139630495,0.27697924568816373,0.12460408931717432,high,0.0,gp,S1x2,T0102
0.047673785215651424,0.04322324502165243,0.011232246604625488,high,0.0,gp,S1x2,T0103
0.24510023491505722,0.07852645032819962,0.03344748211130908,high,0.0,gp,S1x2,T0104
0.1285146134627946,0.35267742635659494,0.14729568736320947,high,0.0,gp,S1x2,T0105
0.20278799958751126,0.05903059158209491,0.007842418226267822,high,0.0,gp,S1x2,T0106
0.07589296469895147,0.06717535078628158,0.03354169858051257,high,0.0,gp,S1x2,T0107
0.11726344523946666,0.17630625395756636,0.07389390380880616,high,0.0,gp,S1x2,T0108
0.20537300618830695,0.34358466327771875,0.13955028091982274,high,0.0,gp,S1x2,T0109
0.006669211297838375,0.07036866017970213,0.02872661252551294,high,0.0,gp,S1x2,T0110
0.11740820778137182,0.07653040833463466,0.05065514703390784,high,0.0,gp,S1x2,T0111
0.09619530548818703,0.28508259574032946,0.10296529540248157,high,0.0,gp,S1x2,T0112
0.14925009464192676,0.019384478046156065,0.004259142441968628,high,0.0,gp,S1x2,T0113
0.018834144817101998,0.026918195247489514,0.016461513183746827,high,0.0,gp,S1x2,T0114
0.17656063720219942,0.04156651073776275,0.025096089046388426,high,0.0,gp,S1x2,T0115
0.11262336085672345,0.5148359039509027,0.24648053813546802,high,0.0,gp,S1x2,T0116
0.06333280255954034,0.06997835074126159,0.04096146054571985,high,0.0,gp,S1x2,T0117
0.35989353313929473,0.21840971847745588,0.09441193833613928,high,0.0,gp,S1x2,T0118
0.09303998590555752,0.46213922031952415,0.22277117926596837,high,0.0,gp,S1x2,T0119
0.07966624514522459,0.1841167659023291,0.08329833942488098,high,0.0,gp,S1x2,T0120
0.16628143518226615,0.10810767130576301,0.039320825635471436,high,0.0,gp,S1x2,T0121
0.32664646959142735,0.09266065658288443,0.02403808814808545,high,0.0,gp,S1x2,T0122
0.4558322236447483,0.1823123865377191,0.09150356255150818,high,0.0,gp,S1x2,T0123
0.19020870496646974,0.09982031532177196,0.04637051114356201,high,0.0,gp,S1x2,T0124
0.08675568692600057,0.1033567986775297,0.0450186504273711,high,0.0,gp,S1x2,T0125
0.10226339457227954,0.016997725446676607,0.008773313423499877,high,0.0,gp,S1x2,T0126
0.08142197088183369,0.041616230133679495,0.038633171112148194,high,0.0,gp,S1x2,T0127
0.04766457870280434,0.04409205984545723,0.028017579285708374,high,0.0,gp,S1x2cat,T0000
0.13940416317317075,0.14783242939887672,0.0823213571534535,high,0.0,gp,S1x2cat,T0001
0.09725265040494427,0.14514792214891828,0.05149955627923828,high,0.0,gp,S1x2cat,T0002
0.09940853441669675,0.3227164656367374,0.17155846394120727,high,0.0,gp,S1x2cat,T0003
0.0761396314450319,0.15215796614629049,0.060773641656844235,high,0.0,gp,S1x2cat,T0004
0.30346047340287957,0.23091850329614977,0.1383927456749978,high,0.0,gp,S1x2cat,T0005
0.029881452299662943,0.09619575744022393,0.046874982629322756,high,0.0,gp,S1x2cat,T0006
0.09919407880288475,0.1449191264912714,0.057602936738325804,high,0.0,gp,S1x2cat,T0007
0.06427451996550539,0.5531270074522447,0.24877119011385596,high,0.0,gp,S1x2cat,T0008
0.19523565087851585,0.17950907131989605,0.07973228980486645,high,0.0,gp,S1x2cat,T0009
0.16861122026414435,0.14993397154182966,0.06430812790877002,high,0.0,gp,S1x2cat,T0010
0.06933041082725079,0.21263164188448236,0.09014457909970654,high,0.0,gp,S1x2cat,T0011
0.10416939820267898,0.08177070865982518,0.05977158576009497,high,0.0,gp,S1x2cat,T0012
0.1431439130792395,0.3601720124591088,0.1628430912124192,high,0.0,gp,S1x2cat,T0013
0.2148004315263547,0.018592183015846146,0.035636800645260744,high,0.0,gp,S1x2cat,T0014
0.08058870672471992,0.06452597208419732,0.008590389122072753,high,0.0,gp,S1x2cat,T0015
0.0006638109746132105,0.38327206788599477,0.19017832098407397,high,0.0,gp,S1x2cat,T0016
0.46485828010939656,0.353158420135723,0.13237165982619506,high,0.0,gp,S1x2cat,T0017
0.025675319099999212,0.3493520164738851,0.16804713215029882,high,0.0,gp,S1x2cat,T0018
0.052879162644149394,0.21018929365277583,0.11132750923140747,high,0.0,gp,S1x2cat,T0019
0.04242746550883803,0.32529880163276825,0.15033673080619775,high,0.0,gp,S1x2cat,T0020
0.29758745852942114,0.07548073898368092,0.021435698475143556,high,0.0,gp,S1x2cat,T0021
0.3413270077430192,0.5751374568796157,0.26608396311475535,high,0.0,gp,S1x2cat,T0022
0.14542897226975385,0.2500748369353157,0.1233046905829674,high,0.0,gp,S1x2cat,T0023
0.2479540412873419,0.18534621018561628,0.06761156192479467,high,0.0,gp,S1x2cat,T0024
0.08724564540144365,0.07362171882570102,0.008594664448223266,high,0.0,gp,S1x2cat,T0025
0.11253200699329449,0.07208984212983217,0.03002207495395642,high,0.0,gp,S1x2cat,T0026
0.029023081566314786,0.21995775181978405,0.09898100730054418,high,0.0,gp,S1x2cat,T0027
0.058011625656169144,0.12490053333989118,0.0879713653968794,high,0.0,gp,S1x2cat,T0028
0.07386647774853429,0.27235359708204515,0.14813383151634277,high,0.0,gp,S1x2cat,T0029
0.01443615251866565,0.06074193014573544,0.030544651465265624,high,0.0,gp,S1x2cat,T0030
0.19798948565216556,0.16317356328592883,0.11785830323022498,high,0.0,gp,S1x2cat,T0031
0.015847662179069025,0.2602266389111616,0.11883217745047839,high,0.0,gp,S1x2cat,T0032
0.18688039459366038,0.14274105492059072,0.07969134047141858,high,0.0,gp,S1x2cat,T0033
0.010322065606349075,0.323009352480157,0.13738919418447437,high,0.0,gp,S1x2cat,T0034
0.2560328510207891,0.011419425075455404,0.004894193975060181,high,0.0,gp,S1x2cat,T0035
0.17157270983631626,0.15780157743614495,0.07703809061973792,high,0.0,gp,S1x2cat,T0036
0.24124456574509268,0.5619705909539264,0.2551998501894757,high,0.0,gp,S1x2cat,T0037
0.1416933356492223,0.12918802014093958,0.04430430483828076,high,0.0,gp,S1x2cat,T0038
0.2062296340169268,0.16041121654984478,0.09720532004923267,high,0.0,gp,S1x2cat,T0039
0.07852821867852024,0.22311242966757022,0.09306880728240967,high,0.0,gp,S1x2cat,T0040
0.07111884103044143,0.14537134902691737,0.07979069275066211,high,0.0,gp,S1x2cat,T0041
0.25258361910806415,0.4412525728968476,0.1904496728534513,high,0.0,gp,S1x2cat,T0042
0.16184275877369428,0.14754076966959243,0.05523853436863696,high,0.0,gp,S1x2cat,T0043
0.4660434747996901,0.062284845502695876,0.03064751839469165,high,0.0,gp,S1x2cat,T0044
0.3003970244540544,0.40268629205667883,0.18852216286182666,high,0.0,gp,S1x2cat,T0045
0.15746243141356922,0.1077994580873343,0.06324514968731067,high,0.0,gp,S1x2cat,T0046
0.1983578696212005,0.08857489650427099,0.032533304605875,high,0.0,gp,S1x2cat,T0047
0.006318226062883016,0.23468706443423254,0.09456956113974951,high,0.0,gp,S1x2cat,T0048
0.06994699738920725,0.0469697511048653,0.03343658946365454,high,0.0,gp,S1x2cat,T0049
0.14862258943170117,0.33745451816856237,0.16957547107504614,high,0.0,gp,S1x2cat,T0050
0.28741170362499574,0.5216869035013506,0.22525885142237623,high,0.0,gp,S1x2cat,T0051
0.21066794409777634,0.13070412625559139,0.06833328653591833,high,0.0,gp,S1x2cat,T0052
0.1047176718653767,0.5129461086198094,0.23793383189440306,high,0.0,gp,S1x2cat,T0053
0.0802948026069464,0.28004699531875904,0.12739464614988122,high,0.0,gp,S1x2cat,T0054
0.11363183990013073,0.24359625195584717,0.11813580484845167,high,0.0,gp,S1x2cat,T0055
0.16311950756447427,0.4473718243236975,0.19592250860307006,high,0.0,gp,S1x2cat,T0056
0.13076238693703338,0.09916477570243307,0.05108405069893982,high,0.0,gp,S1x2cat,T0057
0.012883466257814228,0.022067556815754955,0.0027339891262458497,high,0.0,gp,S1x2cat,T0058
0.291534851203503,0.01974460129198691,0.02678812352767627,high,0.0,gp,S1x2cat,T0059
0.2577296661951684,0.2846687375487609,0.12451567443931628,high,0.0,gp,S1x2cat,T0060
0.0785457250290983,0.01983572334125078,0.03398009865816846,high,0.0,gp,S1x2cat,T0061
0.19282236027112104,0.10216261642100602,0.03941689914493799,high,0.0,gp,S1x2cat,T0062
0.29749248177290527,0.22051864063573184,0.07776934806259497,high,0.0,gp,S1x2cat,T0063
0.08737084144026826,0.21354748435641063,0.07735146323503174,high,0.0,gp,S1x2cat,T0064
0.06240416003022416,0.06271445182620518,0.03550664910714917,high,0.0,gp,S1x2cat,T0065
0.1201082237397744,0.15705551307350604,0.057105494993521605,high,0.0,gp,S1x2cat,T0066
0.11815453550223595,0.32395508822442026,0.12933011173332434,high,0.0,gp,S1x2cat,T0067
0.3116436569061793,0.044203676143847466,0.03403696060434375,high,0.0,gp,S1x2cat,T0068
0.03318889568266648,0.04551373508016072,0.019657302548842164,high,0.0,gp,S1x2cat,T0069
0.2073484192401529,0.22650418464937544,0.09706466282039722,high,0.0,gp,S1x2cat,T0070
0.029556554090944827,0.2532943890312534,0.10024118806011023,high,0.0,gp,S1x2cat,T0071
0.11172641233717837,0.0383085647509382,0.0016600272134378662,high,0.0,gp,S1x2cat,T0072
0.02106932692152286,0.4848743485820257,0.21451646247744996,high,0.0,gp,S1x2cat,T0073
0.06449212906780662,0.2643409312928863,0.13581737679141137,high,0.0,gp,S1x2cat,T0074
0.24136527638840088,0.1586009076399947,0.07234916127202759,high,0.0,gp,S1x2cat,T0075
0.09285281713664857,0.2358589291920824,0.09017396895566529,high,0.0,gp,S1x2cat,T0076
0.13207351244132529,0.023515212163484074,0.017108866694388915,high,0.0,gp,S1x2cat,T0077
0.2484410537724941,0.11000818181324037,0.043743282916876465,high,0.0,gp,S1x2cat,T0078
0.004412277747123939,0.09194471005471107,0.04009590633848511,high,0.0,gp,S1x2cat,T0079
0.07875042000819095,0.29911263661526777,0.15623941648044154,high,0.0,gp,S1x2cat,T0080
0.21588303574695633,0.02415852566522076,0.0013693330556165772,high,0.0,gp,S1x2cat,T0081
0.16557360405181856,0.03546870331879199,0.011148239404345459,high,0.0,gp,S1x2cat,T0082
0.4422030012247625,0.28800660269706657,0.1186475220477666,high,0.0,gp,S1x2cat,T0083
0.18931169296603995,0.0996742190250233,0.03603736921807227,high,0.0,gp,S1x2cat,T0084
0.09008968239973826,0.12224438836431153,0.07009441970005456,high,0.0,gp,S1x2cat,T0085
0.24600355934595314,0.018836450305524947,0.009319276116110352,high,0.0,gp,S1x2cat,T0086
0.1914632367097952,0.21994797805574345,0.0905080076748888,high,0.0,gp,S1x2cat,T0087
0.1444774115851297,0.18387296336921075,0.10012969636708716,high,0.0,gp,S1x2cat,T0088
0.3014960667243547,0.21636347495356872,0.07797876476283497,high,0.0,gp,S1x2cat,T0089
0.21114684643546133,0.28418291009764013,0.12666012679210803,high,0.0,gp,S1x2cat,T0090
0.16399202242522673,0.0983089376354149,0.05641193369480664,high,0.0,gp,S1x2cat,T0091
0.21557864296274215,0.16786840574210318,0.058196009187002684,high,0.0,gp,S1x2cat,T0092
0.126100616598768,0.1378105665866908,0.08715922206217566,high,0.0,gp,S1x2cat,T0093
0.12530104645201215,0.2771023317394134,0.1236921105114436,high,0.0,gp,S1x2cat,T0094
0.06847499298810263,0.2646661243425192,0.12671082051246899,high,0.0,gp,S1x2cat,T0095
0.13889060358574182,0.2161677535587037,0.10956654604535437,high,0.0,gp,S1x2cat,T0096
0.09339029411821188,0.1313373047962835,0.048109286413795534,high,0.0,gp,S1x2cat,T0097
0.20017697694741604,0.30218830880008657,0.11720900089856995,high,0.0,gp,S1x2cat,T0098
0.15511493986088867,0.16587738867674676,0.06059096936523755,high,0.0,gp,S1x2cat,T0099
0.06450135567796057,0.08365449542448473,0.043899157763536624,high,0.0,gp,S1x2cat,T0100
0.032133063080938835,0.11806887276878067,0.046364439036079834,high,0.0,gp,S1x2cat,T0101
0.08909835740840867,0.2777101137640365,0.12622762958379785,high,0.0,gp,S1x2cat,T0102
0.0963910636355553,0.0475952770511376,0.016559058386815675,high,0.0,gp,S1x2cat,T0103
0.2751738239836147,0.018956853077606865,0.006148808437335938,high,0.0,gp,S1x2cat,T0104
0.08973795077489412,0.31921038470885543,0.13596952775398902,high,0.0,gp,S1x2cat,T0105
0.23360039234331115,0.00406079607654264,0.023418390586203857,high,0.0,gp,S1x2cat,T0106
0.05933758565432436,0.17359299264393838,0.0811788272875597,high,0.0,gp,S1x2cat,T0107
0.06388928262655304,0.2574319442423415,0.10369891221122583,high,0.0,gp,S1x2cat,T0108
0.15108109669496164,0.36139932285024967,0.1484976523670846,high,0.0,gp,S1x2cat,T0109
0.009516667895993482,0.05353893199591565,0.022757275631099486,high,0.0,gp,S1x2cat,T0110
0.07525643620609813,0.06786797840335314,0.04746695667422998,high,0.0,gp,S1x2cat,T0111
0.08862416374131378,0.27015964409712384,0.09440002352478918,high,0.0,gp,S1x2cat,T0112
0.11254597845418465,0.01168251047811847,0.01854647614043164,high,0.0,gp,S1x2cat,T0113
0.021667831822930198,0.04685517829942921,0.027971650827687256,high,0.0,gp,S1x2cat,T0114
0.18034426747467971,0.061420690163863104,0.027496845041745606,high,0.0,gp,S1x2cat,T0115
0.15148069187679195,0.5183568326564232,0.2496020697280952,high,0.0,gp,S1x2cat,T0116
0.11008417854479233,0.0179010405475355,0.024930440012838867,high,0.0,gp,S1x2cat,T0117
0.3323825442608017,0.22939699290661925,0.09833632089304871,high,0.0,gp,S1x2cat,T0118
0.07101733572712378,0.46385503256289884,0.23171513122807874,high,0.0,gp,S1x2cat,T0119
0.15030287589117483,0.21474533583416117,0.09503340239555823,high,0.0,gp,S1x2cat,T0120
0.15222615640547557,0.08640351305270218,0.03515167790423706,high,0.0,gp,S1x2cat,T0121
0.3344930036622407,0.1400193079689183,0.0413851876321676,high,0.0,gp,S1x2cat,T0122
0.5123292399114172,0.1646901264805051,0.08418864903291211,high,0.0,gp,S1x2cat,T0123
0.272881238857039,0.07366542580204001,0.028733662782767823,high,0.0,gp,S1x2cat,T0124
0.042524008317899605,0.09585932027388391,0.03302155291968921,high,0.0,gp,S1x2cat,T0125
0.08410023417569025,0.030345610660104112,0.010225637990391601,high,0.0,gp,S1x2cat,T0126
0.10863244543916853,0.10506625535006367,0.07307745601996778,high,0.0,gp,S1x2cat,T0127
0.0735641963436512,0.1979761393279323,0.06560714810228808,high,0.0,gp,S2,T0000
0.045292236442734675,0.04977706709601183,0.030398048688536256,high,0.0,gp,S2,T0001
0.045867474077332944,0.13943763521565902,0.03263876738219678,high,0.0,gp,S2,T0002
0.004249798098444058,0.320727264427303,0.15163460127411657,high,0.0,gp,S2,T0003
0.10767645525816497,0.04782360822701699,0.027268015715306397,high,0.0,gp,S2,T0004
0.14386685310458422,0.4038239738457007,0.18962564154572265,high,0.0,gp,S2,T0005
0.10510145101869431,0.06801955634138658,0.03151231542460889,high,0.0,gp,S2,T0006
0.07238682675568543,0.17019172456511747,0.08273940666085339,high,0.0,gp,S2,T0007
0.07844536077781906,0.12337972968385572,0.04314608392242383,high,0.0,gp,S2,T0008
0.043540867271736346,0.28060499259619015,0.12945071941478076,high,0.0,gp,S2,T0009
0.11528516935588376,0.18260619766913125,0.08263466386342773,high,0.0,gp,S2,T0010
0.02434236081148123,0.051907959405455575,0.026560882674813234,high,0.0,gp,S2,T0011
0.01893372747298228,0.26811707219509323,0.11743688815812305,high,0.0,gp,S2,T0012
0.12607500244953915,0.2423975767508455,0.10830512646345605,high,0.0,gp,S2,T0013
0.07075243512957603,0.015902102851692582,0.008232450311192383,high,0.0,gp,S2,T0014
0.010209450420724521,0.027549545889022094,0.004208538179092041,high,0.0,gp,S2,T0015
0.060221372159893774,0.33222210786862166,0.14436865637381285,high,0.0,gp,S2,T0016
0.3081590788050332,0.1563371422281626,0.052064371291136106,high,0.0,gp,S2,T0017
0.003180473316757305,0.2930471683093589,0.13684909960583325,high,0.0,gp,S2,T0018
0.03412923928503509,0.12004679285625988,0.054853796136210324,high,0.0,gp,S2,T0019
0.1299519712748687,0.021249473488406116,0.00093742615165625,high,0.0,gp,S2,T0020
0.02366087425821007,0.20674226759724307,0.08082820859837073,high,0.0,gp,S2,T0021
0.1456870265584598,0.6198293871068454,0.2718038798139148,high,0.0,gp,S2,T0022
0.24501873397596968,0.3737103732475234,0.15227178537660851,high,0.0,gp,S2,T0023
0.054020339131842246,0.029106800169240728,0.009368948047016113,high,0.0,gp,S2,T0024
0.0063330399456709725,0.09519445800509427,0.013696497576147704,high,0.0,gp,S2,T0025
0.031231719423407973,0.11561210197881258,0.043153423570292115,high,0.0,gp,S2,T0026
0.2048369632568287,0.3034310011340178,0.12481946654268383,high,0.0,gp,S2,T0027
0.035573095810575446,0.17794188853012652,0.10770120525495874,high,0.0,gp,S2,T0028
0.12688486131357787,0.22790867051175007,0.1311119606132722,high,0.0,gp,S2,T0029
0.06050566545003412,0.0749150176758165,0.031904033637666994,high,0.0,gp,S2,T0030
0.07266248143906336,0.17173249041087416,0.12364546466079443,high,0.0,gp,S2,T0031
0.09273905840709364,0.09233733917107274,0.04156134829341687,high,0.0,gp,S2,T0032
0.10076804162647171,0.0496369001011049,0.012325715969074462,high,0.0,gp,S2,T0033
0.044080902377018345,0.1598204412157023,0.07825197050568151,high,0.0,gp,S2,T0034
0.18436268377850398,0.010005344646543403,0.006807814698841308,high,0.0,gp,S2,T0035
0.042239227741621706,0.19016340042558316,0.09903275920476233,high,0.0,gp,S2,T0036
0.06234852334075587,0.13869897558070945,0.04773333814201013,high,0.0,gp,S2,T0037
0.10136316589810515,0.2553329463899085,0.10584258554232093,high,0.0,gp,S2,T0038
0.05042991629948286,0.14967249066787483,0.08833710203567408,high,0.0,gp,S2,T0039
0.0964492464059136,0.05415306771647589,0.02883437277748059,high,0.0,gp,S2,T0040
0.019873390325284294,0.10776015054302843,0.03868458287249805,high,0.0,gp,S2,T0041
0.15488958865554517,0.31683195571260653,0.1373396163766437,high,0.0,gp,S2,T0042
0.04317562773596296,0.11448142413160448,0.04394732721858081,high,0.0,gp,S2,T0043
0.2108477353231209,0.26276679243485207,0.11827620564816724,high,0.0,gp,S2,T0044
0.2386384528087252,0.5254315057315269,0.2423527028869148,high,0.0,gp,S2,T0045
0.0853331586088041,0.08898632942838132,0.05265464352941687,high,0.0,gp,S2,T0046
0.03266051494580286,0.07794408820410105,0.011445101974614869,high,0.0,gp,S2,T0047
0.17970672024101855,0.19813369663849562,0.09004545333020923,high,0.0,gp,S2,T0048
0.12194795180024645,0.053010888689115646,0.005264461233865234,high,0.0,gp,S2,T0049
0.2868001024592185,0.1832214347623257,0.10170998374887158,high,0.0,gp,S2,T0050
0.07355837790619381,0.44156233667711053,0.20756417902462257,high,0.0,gp,S2,T0051
0.059087793823747195,0.09146253899112279,0.050823283099839356,high,0.0,gp,S2,T0052
0.008224811382217813,0.5128794228083227,0.23976982943388234,high,0.0,gp,S2,T0053
0.05263284900507788,0.2605423899437998,0.12073341137305957,high,0.0,gp,S2,T0054
0.045512307063799724,0.003573488265426473,0.010954754519062256,high,0.0,gp,S2,T0055
0.07189424191073214,0.4702789951004603,0.19072110215034033,high,0.0,gp,S2,T0056
0.06024077513023475,0.18792977165834868,0.07197565181673621,high,0.0,gp,S2,T0057
0.06056158940746294,0.03529058367839678,0.027162134822178954,high,0.0,gp,S2,T0058
0.022784867576852445,0.009285833028185588,0.013536239529575684,high,0.0,gp,S2,T0059
0.17686354287328235,0.4427829165521306,0.19288966669902577,high,0.0,gp,S2,T0060
0.26095343124885434,0.10701225804143347,0.07483682918156812,high,0.0,gp,S2,T0061
0.1578798418212843,0.03988729752769427,0.016143133418078857,high,0.0,gp,S2,T0062
0.23732658597082018,0.24650258696201027,0.10802164073950073,high,0.0,gp,S2,T0063
0.12746662026149633,0.0723536787158774,0.01803554919456946,high,0.0,gp,S2,T0064
0.028577832079370598,0.040209885698107024,0.02921444072271289,high,0.0,gp,S2,T0065
0.09537613984608787,0.19144481779069694,0.09880881535519263,high,0.0,gp,S2,T0066
0.032527669123096355,0.14337727786612967,0.04504053777205505,high,0.0,gp,S2,T0067
0.034894657244982925,0.06701767692145146,0.04363359956430957,high,0.0,gp,S2,T0068
0.04625681477079869,0.030887857086981947,0.022506053933160644,high,0.0,gp,S2,T0069
0.15803774829919656,0.08857092895461051,0.030090737123514892,high,0.0,gp,S2,T0070
0.1626290477290038,0.19531087390753937,0.08241352114953382,high,0.0,gp,S2,T0071
0.041310127003741655,0.1308368645731792,0.0656716174029176,high,0.0,gp,S2,T0072
0.026629068920009942,0.33677486613938273,0.13446756673532262,high,0.0,gp,S2,T0073
0.12317392086803133,0.45167123578721835,0.21333278266082886,high,0.0,gp,S2,T0074
0.1762651556722117,0.3388566193482579,0.16007647358447924,high,0.0,gp,S2,T0075
0.11497418321714001,0.1348654581006656,0.05563671585593042,high,0.0,gp,S2,T0076
0.159277807713778,0.05204322849440697,0.02815131609633484,high,0.0,gp,S2,T0077
0.07662615907831906,0.08503462041450195,0.039626098112879274,high,0.0,gp,S2,T0078
0.005035492245337171,0.1509452938891193,0.06900508093209351,high,0.0,gp,S2,T0079
0.03219213356882495,0.37714932412639746,0.18137959496866576,high,0.0,gp,S2,T0080
0.06977600131587604,0.11695196001890065,0.03883421509791614,high,0.0,gp,S2,T0081
0.23263310596033154,0.04020178412730475,0.024937088261322266,high,0.0,gp,S2,T0082
0.3446785526528146,0.26316000788912614,0.10625958159674145,high,0.0,gp,S2,T0083
0.038655962287787456,0.1097812282559785,0.04894645356725415,high,0.0,gp,S2,T0084
0.09755129737138549,0.0504143304210536,0.024702833429511597,high,0.0,gp,S2,T0085
0.015205679211820759,0.15000083116224947,0.07992688265186378,high,0.0,gp,S2,T0086
0.20936951633014628,0.04917177923681655,0.02376031349496045,high,0.0,gp,S2,T0087
0.1076711379858267,0.19514007728741128,0.098614651214193,high,0.0,gp,S2,T0088
0.03901670519229573,0.19864958736169952,0.08359338147293725,high,0.0,gp,S2,T0089
0.15740567281119447,0.0030303837499723327,0.010974471546526246,high,0.0,gp,S2,T0090
0.10964193995123053,0.3217497094372621,0.1697915601837555,high,0.0,gp,S2,T0091
0.028390344036193234,0.05647367671799909,0.030422484492929686,high,0.0,gp,S2,T0092
0.09261476719844287,0.006686429359915038,0.0089130758889458,high,0.0,gp,S2,T0093
0.1746816211108654,0.4107900039976832,0.19071550220139355,high,0.0,gp,S2,T0094
0.12009127880264817,0.11829430174126163,0.0548651079356853,high,0.0,gp,S2,T0095
0.03164608653203616,0.2970378010933248,0.1535759216647334,high,0.0,gp,S2,T0096
0.09686387357747409,0.06370155932514444,0.022816891438680174,high,0.0,gp,S2,T0097
0.23327914155250878,0.3054712588945658,0.13136890024276537,high,0.0,gp,S2,T0098
0.145056199528012,0.025497607614980995,0.011229581907622315,high,0.0,gp,S2,T0099
0.00576419675997364,0.08982816845252652,0.032305662517285276,high,0.0,gp,S2,T0100
0.11470577375480187,0.00880580756482119,0.005253700833596924,high,0.0,gp,S2,T0101
0.15703707265967595,0.4025043559403686,0.1715370930447876,high,0.0,gp,S2,T0102
0.1900863458907407,0.014431337388979285,0.003166642341957031,high,0.0,gp,S2,T0103
0.08100141537449591,0.09969934979828346,0.037926224934548586,high,0.0,gp,S2,T0104
0.05750669097204898,0.21288360678601603,0.07312459022724292,high,0.0,gp,S2,T0105
0.2710067130526942,0.11148416596448665,0.056578114361880004,high,0.0,gp,S2,T0106
0.013289184044940065,0.07828393686609648,0.03737359509318701,high,0.0,gp,S2,T0107
0.03673960248869013,0.11018410742328708,0.03513042170367798,high,0.0,gp,S2,T0108
0.05061916425997516,0.4441881965555065,0.19255505769855946,high,0.0,gp,S2,T0109
0.13368553452211943,0.056824176608195345,0.04019014073144604,high,0.0,gp,S2,T0110
0.0012578045232328197,0.15836667455061795,0.07056060480090637,high,0.0,gp,S2,T0111
0.03653349120649408,0.08102707531557064,0.0054644673770986325,high,0.0,gp,S2,T0112
0.09256878925534397,0.0954251351225838,0.05507646402780847,high,0.0,gp,S2,T0113
0.0018112343409304459,0.10370182618887838,0.04027340212698047,high,0.0,gp,S2,T0114
0.002973327409429017,0.0778614767151753,0.05751853627605371,high,0.0,gp,S2,T0115
0.09592221738982001,0.28627346500477246,0.14348023949392164,high,0.0,gp,S2,T0116
0.16935408351925144,0.1939283076114604,0.07037639304204626,high,0.0,gp,S2,T0117
0.18681005248371882,0.16457653513206497,0.08018536415721009,high,0.0,gp,S2,T0118
0.006527315860446194,0.39424727693964057,0.18733025518372376,high,0.0,gp,S2,T0119
0.005186813572164718,0.11504745422325383,0.049615573132446654,high,0.0,gp,S2,T0120
0.0012894685710351796,0.1172980042022165,0.06564288730507398,high,0.0,gp,S2,T0121
0.025091329883978893,0.016709335570775367,0.01812962359139734,high,0.0,gp,S2,T0122
0.018689900792535078,0.04921427820264225,0.025256158845889404,high,0.0,gp,S2,T0123
0.003315045051197064,0.05163709708993271,0.021448176764542724,high,0.0,gp,S2,T0124
0.08606470523137678,0.11446645912356004,0.056592088716969725,high,0.0,gp,S2,T0125
0.00286849975250636,0.0021547693807916217,0.029335285300114745,high,0.0,gp,S2,T0126
0.14757345077966919,0.14500407508108273,0.06709137363365039,high,0.0,gp,S2,T0127
0.08233568323385344,0.16773806649205333,0.04809060589295569,high,0.0,gp,S3,T0000
0.032480740877949284,0.03917683197601524,0.03752113103087439,high,0.0,gp,S3,T0001
0.05482440607765539,0.19390823593576084,0.07235338265519042,high,0.0,gp,S3,T0002
0.01732404822658407,0.2779105617227496,0.13375402827725622,high,0.0,gp,S3,T0003
0.10186370127491354,0.09940061343385462,0.06380639384642199,high,0.0,gp,S3,T0004
0.13404003217335622,0.47255971490020765,0.2298389317526311,high,0.0,gp,S3,T0005
0.12431736359146908,0.0038817506008914657,0.0023207745382109375,high,0.0,gp,S3,T0006
0.06961578342840725,0.19777437963045935,0.09353480152134631,high,0.0,gp,S3,T0007
0.08140548184251752,0.06154915565547149,0.013893087366526977,high,0.0,gp,S3,T0008
0.06097302062846756,0.36355889453644824,0.17616271407351808,high,0.0,gp,S3,T0009
0.11459296916588871,0.17831887174394326,0.07693265853587158,high,0.0,gp,S3,T0010
0.03023239330843614,0.03949775886240626,0.01428298198193506,high,0.0,gp,S3,T0011
0.07846356085936453,0.20684344773498126,0.08573256726921973,high,0.0,gp,S3,T0012
0.11351419397640675,0.2440525296365651,0.11242636526307007,high,0.0,gp,S3,T0013
0.041698200505271295,0.0902005753092905,0.05509629821156836,high,0.0,gp,S3,T0014
0.030971343950584325,0.1395192384563421,0.05340516172250147,high,0.0,gp,S3,T0015
0.07262289968403614,0.2901604005568687,0.1280420890531754,high,0.0,gp,S3,T0016
0.2820668437328145,0.188080892926425,0.050884431610109866,high,0.0,gp,S3,T0017
0.01148122923574857,0.2441837759062599,0.13345728661100634,high,0.0,gp,S3,T0018
0.05582337333663702,0.09128797727694206,0.04054076952820422,high,0.0,gp,S3,T0019
0.11074712745151152,0.11612772243576572,0.05147477129957251,high,0.0,gp,S3,T0020
0.0029229376756598206,0.2063013477307874,0.07656725137389807,high,0.0,gp,S3,T0021
0.1373036244389095,0.6588939906424928,0.2970236580169451,high,0.0,gp,S3,T0022
0.2453086777955505,0.3319435071840366,0.13281595991597034,high,0.0,gp,S3,T0023
0.022514041115489217,0.06978931549563584,0.03601780052222339,high,0.0,gp,S3,T0024
0.0074599965158206345,0.09254302554790762,0.004751274688078369,high,0.0,gp,S3,T0025
0.03274382456258163,0.08126372871284428,0.024373632214171995,high,0.0,gp,S3,T0026
0.21981353879344723,0.24676064303209044,0.09516201134553051,high,0.0,gp,S3,T0027
0.012209563039359831,0.16856085914472632,0.06736711473389527,high,0.0,gp,S3,T0028
0.11696493059201288,0.24549242441984093,0.13954292182932582,high,0.0,gp,S3,T0029
0.046432788897031736,0.08591853647506699,0.025271499243441894,high,0.0,gp,S3,T0030
0.14017642666238453,0.20548057379204127,0.12488911257243103,high,0.0,gp,S3,T0031
0.07150020021762572,0.14386525257162971,0.06628035782155578,high,0.0,gp,S3,T0032
0.07795846660069995,0.08022760036029115,0.010490360399458496,high,0.0,gp,S3,T0033
0.06739266922097754,0.2623926958824963,0.13158145792609144,high,0.0,gp,S3,T0034
0.20404903638131167,0.004246805928784792,0.01870722391860144,high,0.0,gp,S3,T0035
0.06216314333235219,0.22369481088656834,0.09910996941185461,high,0.0,gp,S3,T0036
0.03415527936545427,0.08750385558990549,0.03238791806904883,high,0.0,gp,S3,T0037
0.10638739596771143,0.3581268767607632,0.15273975418547486,high,0.0,gp,S3,T0038
0.04725716355090172,0.16337368140528055,0.1155314711804419,high,0.0,gp,S3,T0039
0.1039563937916094,0.08278206029306513,0.03623754764499744,high,0.0,gp,S3,T0040
0.05485831891822891,0.08951973444065621,0.02947405495316101,high,0.0,gp,S3,T0041
0.14872200914252068,0.30117628232396837,0.1400527986493767,high,0.0,gp,S3,T0042
0.05279975850253417,0.15419426145180495,0.06406052894405738,high,0.0,gp,S3,T0043
0.14022624122274038,0.3721626330087469,0.18325764661034058,high,0.0,gp,S3,T0044
0.23554689363369802,0.46307428196310185,0.22362001144803514,high,0.0,gp,S3,T0045
0.10076988434890524,0.043378967417642696,0.02589232266960669,high,0.0,gp,S3,T0046
0.02869046031333728,0.026528299485577563,0.01755680941004309,high,0.0,gp,S3,T0047
0.1905167229819305,0.19773406715864367,0.08787920496097949,high,0.0,gp,S3,T0048
0.11357488874783303,0.06390480622955942,0.0038393976485462645,high,0.0,gp,S3,T0049
0.2619632926567634,0.15503182972889415,0.09713401306083301,high,0.0,gp,S3,T0050
0.07880635138948879,0.4162285234469369,0.20436707005513038,high,0.0,gp,S3,T0051
0.07021911717267405,0.038688837225863144,0.025807819177708254,high,0.0,gp,S3,T0052
0.018426103243430473,0.4949021700330862,0.24065004389949315,high,0.0,gp,S3,T0053
0.07622212251783418,0.16901814177594512,0.08379663432009289,high,0.0,gp,S3,T0054
0.08450453959351624,0.03295303979911846,0.019441892201368653,high,0.0,gp,S3,T0055
0.06588001777673826,0.4419773327117178,0.17136166750213905,high,0.0,gp,S3,T0056
0.034427689151096404,0.18842662003208255,0.08055518839331934,high,0.0,gp,S3,T0057
0.05003105860415692,0.03933378496125462,0.02530657046701538,high,0.0,gp,S3,T0058
0.04337458599089628,0.011955817868220257,0.021849987784169068,high,0.0,gp,S3,T0059
0.1901196976752279,0.4827407465573892,0.20516781208623988,high,0.0,gp,S3,T0060
0.2642128954216045,0.01660111449564045,0.04540210996394067,high,0.0,gp,S3,T0061
0.1605402869003517,0.003223890647259254,0.005061525818519043,high,0.0,gp,S3,T0062
0.2456707693260624,0.20729754076962376,0.09601940445907764,high,0.0,gp,S3,T0063
0.13253559808069224,0.05406296323377581,0.008172121542548707,high,0.0,gp,S3,T0064
0.007869982874149363,0.09025615094990781,0.051186107678903074,high,0.0,gp,S3,T0065
0.10024886481015408,0.20576232679658862,0.10801135563680139,high,0.0,gp,S3,T0066
0.05197256302642951,0.1597287270001058,0.045435370356153686,high,0.0,gp,S3,T0067
0.02855052195632924,0.03111000233677997,0.03299146481489917,high,0.0,gp,S3,T0068
0.010175721671342454,0.0019234095457720817,0.005753123338920777,high,0.0,gp,S3,T0069
0.16921012879244193,0.017447982512615593,0.007054919816827393,high,0.0,gp,S3,T0070
0.15210987619050045,0.1896581218362981,0.08560954125944495,high,0.0,gp,S3,T0071
0.05062697508376569,0.17304114426236364,0.08020005575401294,high,0.0,gp,S3,T0072
0.005962989180867963,0.2429911630070098,0.08855270047606068,high,0.0,gp,S3,T0073
0.12786130077959815,0.40632891220467215,0.20663073173840552,high,0.0,gp,S3,T0074
0.18120506195643485,0.37933255045773173,0.18602430940435352,high,0.0,gp,S3,T0075
0.12258946634675086,0.023766239881773128,0.014456718143632202,high,0.0,gp,S3,T0076
0.15167429887666342,0.046242027397783166,0.02504854049864502,high,0.0,gp,S3,T0077
0.07531461250604389,0.06516185765948869,0.026143299437738403,high,0.0,gp,S3,T0078
0.005158332580894044,0.145791604679017,0.08442621968782665,high,0.0,gp,S3,T0079
0.026142347898313607,0.36367956806598356,0.1734413414228706,high,0.0,gp,S3,T0080
0.057553901394751264,0.16507835382080285,0.04486759888205273,high,0.0,gp,S3,T0081
0.21742682923298512,0.032892595971971424,0.0163847887870647,high,0.0,gp,S3,T0082
0.3476196192883147,0.279175597790263,0.1209009829063147,high,0.0,gp,S3,T0083
0.015144205204791487,0.10922303460578767,0.04704092669813696,high,0.0,gp,S3,T0084
0.09203673411873782,0.08457174694142645,0.0527207646191709,high,0.0,gp,S3,T0085
0.0057240978051470446,0.15241710559418312,0.09703030606960888,high,0.0,gp,S3,T0086
0.17996987667356082,0.07082642888719155,0.015285260377621826,high,0.0,gp,S3,T0087
0.11231700436677985,0.20529519852167144,0.1134279529837898,high,0.0,gp,S3,T0088
0.05046403414877389,0.141515856679072,0.042268853126023194,high,0.0,gp,S3,T0089
0.1701560475130884,0.0382318839688689,0.011798940765569336,high,0.0,gp,S3,T0090
0.1319131758250819,0.3654659629797808,0.18708623506582875,high,0.0,gp,S3,T0091
0.015666519824618644,0.16530280442212777,0.09452405979780298,high,0.0,gp,S3,T0092
0.10820881946397218,0.0018685681524518998,0.018414404621073487,high,0.0,gp,S3,T0093
0.15340100642591062,0.38835156087860434,0.175302475937167,high,0.0,gp,S3,T0094
0.15683131754204357,0.1334994272108789,0.060794017153647704,high,0.0,gp,S3,T0095
0.03611791651164376,0.20955770300108928,0.12713064830649914,high,0.0,gp,S3,T0096
0.08548130568169167,0.07387720297307222,0.031583349044937134,high,0.0,gp,S3,T0097
0.20733585878242317,0.35247338947419277,0.14757425802647645,high,0.0,gp,S3,T0098
0.12591543608839575,0.11225813280821509,0.042585949943771975,high,0.0,gp,S3,T0099
0.01888008556256038,0.10262798354452377,0.04354714449649133,high,0.0,gp,S3,T0100
0.1090920305108842,0.013411994661512997,0.009984160532965577,high,0.0,gp,S3,T0101
0.1464943454384854,0.37021725262619437,0.14699248484897875,high,0.0,gp,S3,T0102
0.21897444106181585,0.0730512192922317,0.03975187756108276,high,0.0,gp,S3,T0103
0.09748772019474469,0.10668964101114428,0.04079254191944995,high,0.0,gp,S3,T0104
0.05744070827379823,0.21620488372409907,0.08083487999416455,high,0.0,gp,S3,T0105
0.2452846589514785,0.06507619561785695,0.012348449288674195,high,0.0,gp,S3,T0106
0.019331811644934253,0.08037777961911576,0.0369169573949115,high,0.0,gp,S3,T0107
0.05105376499224158,0.13093885559741922,0.04560148970265271,high,0.0,gp,S3,T0108
0.030663384201195805,0.44349274533224053,0.184310789297422,high,0.0,gp,S3,T0109
0.1286825853816226,0.04719672994917075,0.04690177353954431,high,0.0,gp,S3,T0110
0.019814433171836125,0.0987786994413645,0.04870769227578943,high,0.0,gp,S3,T0111
0.026983931877521967,0.13539328352722038,0.025818414072531007,high,0.0,gp,S3,T0112
0.07648157324824768,0.04622290856896944,0.041638931542108765,high,0.0,gp,S3,T0113
0.005427422109945402,0.07287135999987372,0.020799235789753175,high,0.0,gp,S3,T0114
0.019781293130397563,0.13977770061955,0.07319394331987988,high,0.0,gp,S3,T0115
0.09483331510872942,0.35844884616916434,0.1880831521753081,high,0.0,gp,S3,T0116
0.16551809514531365,0.1917971680175765,0.05902349096243066,high,0.0,gp,S3,T0117
0.19310396976808092,0.189490205470162,0.08063652375446985,high,0.0,gp,S3,T0118
0.020420430700154316,0.43576690512979727,0.2188915897230133,high,0.0,gp,S3,T0119
0.02220238586994772,0.09223464262669458,0.03836386140166638,high,0.0,gp,S3,T0120
0.029139912887206083,0.08850596346707819,0.05736741475904907,high,0.0,gp,S3,T0121
0.02558814539475652,0.036988679376526175,0.004845838162959473,high,0.0,gp,S3,T0122
0.007876519287773888,0.08631423932627726,0.04274426571156189,high,0.0,gp,S3,T0123
0.019580829564757044,0.04431268966123587,0.0007956862660002442,high,0.0,gp,S3,T0124
0.08550780238926083,0.21635207581962695,0.11200244005666382,high,0.0,gp,S3,T0125
0.011065560490138295,0.03567057554661108,0.02184663806771631,high,0.0,gp,S3,T0126
0.20379968098792145,0.07314844867997329,0.038505714709321896,high,0.0,gp,S3,T0127
0.15175326880334603,0.0026222033296866014,0.018667950801296265,high,0.0,ridge,S1,T0000
0.09845604710933017,0.07656860966973712,0.03430938573400073,high,0.0,ridge,S1,T0001
0.03886046527631138,0.2748954903497692,0.10560033568839867,high,0.0,ridge,S1,T0002
0.159542896845743,0.2977503439998586,0.13842853179679943,high,0.0,ridge,S1,T0003
0.19158360798238355,0.02074124553530843,0.008370156250020263,high,0.0,ridge,S1,T0004
0.4971693672011991,0.3818059902017008,0.16544620392296425,high,0.0,ridge,S1,T0005
0.09541132915656728,0.06451218011456374,0.03920589190247583,high,0.0,ridge,S1,T0006
0.1819449485131722,0.12881539763960728,0.06311807134169446,high,0.0,ridge,S1,T0007
0.19867204235491326,0.33089835725927447,0.16334956230298742,high,0.0,ridge,S1,T0008
8.406194432764026e-05,0.3613019980506172,0.15050831169582032,high,0.0,ridge,S1,T0009
0.14947914904562268,0.1467642197143693,0.052894461744753415,high,0.0,ridge,S1,T0010
0.1346419811687072,0.04672795056837154,0.015673923871989015,high,0.0,ridge,S1,T0011
0.05413488622633718,0.14676193608983426,0.064363475062052,high,0.0,ridge,S1,T0012
0.13952800222260311,0.39953196463957713,0.18649953923655102,high,0.0,ridge,S1,T0013
0.1787362772866369,0.06098077168292916,0.02425662744962329,high,0.0,ridge,S1,T0014
0.06856347435032219,0.1201422230850416,0.041671572171455076,high,0.0,ridge,S1,T0015
0.074412702122251,0.4179711990935404,0.19266895297040856,high,0.0,ridge,S1,T0016
0.5646729501327534,0.22178143647462545,0.09069002478695727,high,0.0,ridge,S1,T0017
0.121593654302567,0.23453303011888865,0.10651809675275391,high,0.0,ridge,S1,T0018
0.07794114962754368,0.2991588824187572,0.1317514320175736,high,0.0,ridge,S1,T0019
0.13623624357513633,0.2735078105491085,0.11296080774355395,high,0.0,ridge,S1,T0020
0.16144753362120598,0.22729279569339184,0.09890541768060852,high,0.0,ridge,S1,T0021
0.1984911671262874,0.6405629806405054,0.27683801581264944,high,0.0,ridge,S1,T0022
0.10501293613529031,0.23905621817603312,0.09315343766011902,high,0.0,ridge,S1,T0023
0.39995351734989676,0.01278064321655004,0.0016907244434248047,high,0.0,ridge,S1,T0024
0.13916012556956905,0.12278436242599974,0.04144990975078345,high,0.0,ridge,S1,T0025
0.13410901357842844,0.03779852771980092,0.018144579431669066,high,0.0,ridge,S1,T0026
0.25743206143989483,0.3242872114698634,0.14955746442749804,high,0.0,ridge,S1,T0027
0.10283271456192125,0.1983252905499034,0.09224630318991675,high,0.0,ridge,S1,T0028
0.16093432498189622,0.24874129744678125,0.11722518198848852,high,0.0,ridge,S1,T0029
0.06384943725805116,0.10740429240642171,0.05436734169333618,high,0.0,ridge,S1,T0030
0.02346505970836716,0.1728916109938883,0.08824429175521888,high,0.0,ridge,S1,T0031
0.05488810493366804,0.15574168075083303,0.08505884825609533,high,0.0,ridge,S1,T0032
0.22001911769746618,0.02915679175287151,0.004731391018171753,high,0.0,ridge,S1,T0033
0.06734295671377179,0.31594239809319863,0.1262938627759614,high,0.0,ridge,S1,T0034
0.36608399631894195,0.018704658937281075,0.019553400709998534,high,0.0,ridge,S1,T0035
0.10845007869601328,0.28873712917641936,0.13627362201088453,high,0.0,ridge,S1,T0036
0.3985104017071465,0.47418199837726727,0.20974755083446436,high,0.0,ridge,S1,T0037
0.16321516296620045,0.2428257617924346,0.08449793495487952,high,0.0,ridge,S1,T0038
0.2687589386286069,0.19984318685280256,0.09927270479201074,high,0.0,ridge,S1,T0039
0.005793345387757332,0.09628153240220985,0.045058900608367064,high,0.0,ridge,S1,T0040
0.05202417605741695,0.0246155591181288,0.011592577754018188,high,0.0,ridge,S1,T0041
0.25356390126652867,0.5469846837510879,0.24208225847014844,high,0.0,ridge,S1,T0042
0.17462257081719837,0.12789684563596973,0.05149154379275537,high,0.0,ridge,S1,T0043
0.6408884451851034,0.2493779212703679,0.12224101964700293,high,0.0,ridge,S1,T0044
0.42562581156281654,0.4931055148685122,0.22923470428838988,high,0.0,ridge,S1,T0045
0.10022407499895694,0.038212667530361795,0.005778953710798706,high,0.0,ridge,S1,T0046
0.06746854153594829,0.08929881774197986,0.028196750262458006,high,0.0,ridge,S1,T0047
0.050134327848991314,0.3985789407427366,0.17515380979130737,high,0.0,ridge,S1,T0048
0.02815749500034604,0.0020735134615326727,0.0186756260959718,high,0.0,ridge,S1,T0049
0.24544310965573807,0.42504572014357794,0.202017695308761,high,0.0,ridge,S1,T0050
0.3319021706550435,0.5651898497917403,0.2575276890255547,high,0.0,ridge,S1,T0051
0.3842382735065093,0.07313703418363905,0.040138900737396975,high,0.0,ridge,S1,T0052
0.12192484461123368,0.4605238474304339,0.21093005464332057,high,0.0,ridge,S1,T0053
0.06061803555725555,0.31448536694386026,0.1434500792849314,high,0.0,ridge,S1,T0054
0.027783319888842202,0.1511702481799954,0.06373625846510352,high,0.0,ridge,S1,T0055
0.17967913086174683,0.5009201232861187,0.21804946755966248,high,0.0,ridge,S1,T0056
0.045122327640724776,0.18580972644313662,0.06713902580821338,high,0.0,ridge,S1,T0057
0.02084850423296092,0.0033158954321102505,0.013008459801376953,high,0.0,ridge,S1,T0058
0.4055583188573196,0.013063649034038841,0.0074449081070771484,high,0.0,ridge,S1,T0059
0.12442875818351076,0.3569397781162748,0.14354491245825365,high,0.0,ridge,S1,T0060
0.10606258551652373,0.18104063093971143,0.09450049014513745,high,0.0,ridge,S1,T0061
0.25186916646079227,0.05486669036305793,0.026126762927570067,high,0.0,ridge,S1,T0062
0.3267136707834398,0.24138882610260098,0.10574699638431787,high,0.0,ridge,S1,T0063
0.22079856101489054,0.23164074005711555,0.10324467843964881,high,0.0,ridge,S1,T0064
0.03952335488615761,0.07624165400479334,0.035713467085963624,high,0.0,ridge,S1,T0065
0.15501587011330034,0.08208338339902672,0.04899297281929382,high,0.0,ridge,S1,T0066
0.1618261630994933,0.4274657770231006,0.17145800142998083,high,0.0,ridge,S1,T0067
0.35029249859738215,0.09852198465822473,0.025088795979715334,high,0.0,ridge,S1,T0068
0.09822684854358002,0.036338050979523036,0.013878602088115113,high,0.0,ridge,S1,T0069
0.4279181382489734,0.2016167613425524,0.0985969737989707,high,0.0,ridge,S1,T0070
0.05805964012956745,0.3576552891033819,0.1470269477380575,high,0.0,ridge,S1,T0071
0.03411518994315494,0.11811049152859773,0.04933350199612207,high,0.0,ridge,S1,T0072
0.1901897629912983,0.4571096863420111,0.19698950015600025,high,0.0,ridge,S1,T0073
0.23932969110953722,0.3979799716613992,0.18919897220380738,high,0.0,ridge,S1,T0074
0.39398921507944645,0.16180546753343575,0.06825948190525317,high,0.0,ridge,S1,T0075
0.19236047375229637,0.08319974001191528,0.04521205073660352,high,0.0,ridge,S1,T0076
0.24574110615408767,0.03961373189338869,0.0128294776690354,high,0.0,ridge,S1,T0077
0.3129000546550437,0.17787085759416013,0.08894740730111707,high,0.0,ridge,S1,T0078
0.1560797078746229,0.12306692336556571,0.05202372489403442,high,0.0,ridge,S1,T0079
0.03829948632180503,0.35166825595227386,0.17451342580232862,high,0.0,ridge,S1,T0080
0.24665963652149991,0.0899115515590579,0.021364080929213502,high,0.0,ridge,S1,T0081
0.14952989915967443,0.08779153916770617,0.03891895165555274,high,0.0,ridge,S1,T0082
0.37093954466945195,0.30621961980371737,0.1242034868968169,high,0.0,ridge,S1,T0083
0.17690128638785,0.007844548376041429,0.00040561529203686524,high,0.0,ridge,S1,T0084
0.0938137113212312,0.0026653731994955025,0.004622480820890747,high,0.0,ridge,S1,T0085
0.22340121304992278,0.040686407134480636,0.02324371670129199,high,0.0,ridge,S1,T0086
0.2272041235562997,0.15292738601177472,0.06265992172338562,high,0.0,ridge,S1,T0087
0.1121300143232529,0.3172207609602321,0.1453087453375437,high,0.0,ridge,S1,T0088
0.21988713734195925,0.25063262745469334,0.10579033456037305,high,0.0,ridge,S1,T0089
0.15979644235080945,0.3121340608135876,0.12799614576138624,high,0.0,ridge,S1,T0090
0.09847326896861411,0.2610938032795524,0.12482076973386011,high,0.0,ridge,S1,T0091
0.24617945865817953,0.15807566149193822,0.056404533724781984,high,0.0,ridge,S1,T0092
0.14508600945431968,0.06507837775154292,0.029832014690985106,high,0.0,ridge,S1,T0093
0.14193456310553856,0.22386947617429548,0.11287464358236914,high,0.0,ridge,S1,T0094
0.016637654515568038,0.2531738138145679,0.12329361144844604,high,0.0,ridge,S1,T0095
0.18846146970601224,0.17408686394376818,0.09136524724487231,high,0.0,ridge,S1,T0096
0.0889366373272127,0.19721947922345612,0.07750509552680956,high,0.0,ridge,S1,T0097
0.132856906052751,0.27311112493499107,0.10893659832615467,high,0.0,ridge,S1,T0098
0.2712940135893594,0.08355458289207919,0.014411028261457764,high,0.0,ridge,S1,T0099
0.001109220838110825,0.00881636485252857,0.004819531819643799,high,0.0,ridge,S1,T0100
0.02080954662198237,0.09155749429610839,0.03067990090946826,high,0.0,ridge,S1,T0101
0.07723019390463272,0.3116708936518043,0.1269929224073401,high,0.0,ridge,S1,T0102
0.2764465850431117,0.15036950901540033,0.06536569548363208,high,0.0,ridge,S1,T0103
0.2279289014294803,0.019041263366633147,0.014749716618928954,high,0.0,ridge,S1,T0104
0.06456518433358428,0.40046591510074153,0.1625812585888513,high,0.0,ridge,S1,T0105
0.41209474583929634,0.0037622004360154957,0.026675323216055175,high,0.0,ridge,S1,T0106
0.11367582962180214,0.24630267961141655,0.10727721485427637,high,0.0,ridge,S1,T0107
0.05918351635232745,0.19785048700877111,0.08939687917392639,high,0.0,ridge,S1,T0108
0.025333316809736946,0.4226535187922635,0.1792443841065382,high,0.0,ridge,S1,T0109
0.16473126041484767,0.07210662855551027,0.026890578294126832,high,0.0,ridge,S1,T0110
0.013500492309455051,0.19126673243376807,0.09050903278307312,high,0.0,ridge,S1,T0111
0.1105329067345365,0.16381303087888657,0.052942330299146606,high,0.0,ridge,S1,T0112
0.2201623365434422,0.039241563834861444,0.041537151248806393,high,0.0,ridge,S1,T0113
0.03700614398132685,0.026081398814986063,0.008856989583842529,high,0.0,ridge,S1,T0114
0.3400648340232804,0.1416807060321679,0.07709439926113452,high,0.0,ridge,S1,T0115
0.20167650155370703,0.5450467908073532,0.24443495883119165,high,0.0,ridge,S1,T0116
0.2884308252882429,0.008003714825453036,0.00858666626949756,high,0.0,ridge,S1,T0117
0.397294756980842,0.2581865696620523,0.11504115909166761,high,0.0,ridge,S1,T0118
0.0756325076624398,0.5102546151356231,0.22876730808564574,high,0.0,ridge,S1,T0119
0.28692697505641773,0.05451503198557696,0.017656748399125732,high,0.0,ridge,S1,T0120
0.013082218160268558,0.1084526686730242,0.04186839255451538,high,0.0,ridge,S1,T0121
0.3034556695311586,0.12151478336780017,0.04246982002598413,high,0.0,ridge,S1,T0122
0.34751931645532674,0.03138638362425728,0.017138356946508546,high,0.0,ridge,S1,T0123
0.215566670881624,0.0347014138015997,0.009902800170373047,high,0.0,ridge,S1,T0124
0.09750647534128745,0.11561138195405166,0.04446552889990332,high,0.0,ridge,S1,T0125
0.016829828287616703,0.051351734900720605,0.04062532841654858,high,0.0,ridge,S1,T0126
0.018047315477000562,0.16517519278755835,0.07721815126486109,high,0.0,ridge,S1,T0127
0.02036954884863468,0.10665643234490377,0.06389433378287525,high,0.0,ridge,S1x2,T0000
0.11506798534494159,0.06062302309964686,0.02844198086309021,high,0.0,ridge,S1x2,T0001
0.1090146809541648,0.19596296390740403,0.07569101620040064,high,0.0,ridge,S1x2,T0002
0.009745914491652298,0.3572881118512492,0.15847862942693175,high,0.0,ridge,S1x2,T0003
0.10994924703237988,0.11852081066588196,0.04970071407914514,high,0.0,ridge,S1x2,T0004
0.22095055820521353,0.27588188665453267,0.13135704302445508,high,0.0,ridge,S1x2,T0005
0.012040964098678778,0.08725222005901424,0.03436375834452588,high,0.0,ridge,S1x2,T0006
0.10471339534839477,0.1685075865735983,0.07988742494217188,high,0.0,ridge,S1x2,T0007
0.08628941238476019,0.46789406066663,0.21771915180452392,high,0.0,ridge,S1x2,T0008
0.20769620652918103,0.24296015018721479,0.10467291580840478,high,0.0,ridge,S1x2,T0009
0.14399744664317818,0.18153790236331627,0.07869688610063648,high,0.0,ridge,S1x2,T0010
0.04081860776867758,0.1986856022340986,0.08270792492139795,high,0.0,ridge,S1x2,T0011
0.009720868028918752,0.12565810518626655,0.06285529989426074,high,0.0,ridge,S1x2,T0012
0.09068678460581349,0.418331907282891,0.19352825148066347,high,0.0,ridge,S1x2,T0013
0.17198756590504324,0.025368271910617142,0.020898989599835695,high,0.0,ridge,S1x2,T0014
0.015075280913297021,0.12854154843671448,0.04263296999146045,high,0.0,ridge,S1x2,T0015
0.0017329232932486453,0.39908815456776336,0.18953395981264282,high,0.0,ridge,S1x2,T0016
0.28105460316412206,0.32441254469607333,0.14066649344813745,high,0.0,ridge,S1x2,T0017
0.03390532791018864,0.30981053919891816,0.1418379538823452,high,0.0,ridge,S1x2,T0018
0.06000866040303367,0.20903981719877485,0.10113197168512036,high,0.0,ridge,S1x2,T0019
0.05691861412251199,0.36028727355838486,0.1649174437372722,high,0.0,ridge,S1x2,T0020
0.2717396368177486,0.11420380782814823,0.040183657192505495,high,0.0,ridge,S1x2,T0021
0.2261737444797785,0.6376595584760113,0.2879470693969287,high,0.0,ridge,S1x2,T0022
0.030116275619914708,0.27283821527972824,0.1169639231975072,high,0.0,ridge,S1x2,T0023
0.1768708357380858,0.1268915129073295,0.047310582382566406,high,0.0,ridge,S1x2,T0024
0.09792573485142317,0.08858580343006463,0.024377282264154296,high,0.0,ridge,S1x2,T0025
0.10097863723810027,0.12230660197029122,0.051527776744284305,high,0.0,ridge,S1x2,T0026
0.004373120575786872,0.24515136977344287,0.11674364763624731,high,0.0,ridge,S1x2,T0027
0.08746074688736007,0.09661323883866094,0.05061548783380444,high,0.0,ridge,S1x2,T0028
0.023184655966239923,0.24466594278554804,0.10781164083769812,high,0.0,ridge,S1x2,T0029
0.01803197932876838,0.087063269263232,0.03913935110871753,high,0.0,ridge,S1x2,T0030
0.11288753245019298,0.18238495955377523,0.1006039299992544,high,0.0,ridge,S1x2,T0031
0.05846181702012844,0.2199543310802527,0.10888676915725244,high,0.0,ridge,S1x2,T0032
0.11206411172325906,0.07598457262378151,0.03505379864585462,high,0.0,ridge,S1x2,T0033
0.0811571574972464,0.22999733062464062,0.09349683244317517,high,0.0,ridge,S1x2,T0034
0.19040256948818784,0.04240394808151444,0.03350181802085303,high,0.0,ridge,S1x2,T0035
0.22181009114999656,0.2468238547553867,0.12396334973702332,high,0.0,ridge,S1x2,T0036
0.2891146982974594,0.5331241826809223,0.23470541735795594,high,0.0,ridge,S1x2,T0037
0.17145389382032364,0.11205645133081563,0.03985642681143408,high,0.0,ridge,S1x2,T0038
0.18014487467715726,0.10948349324076903,0.06043822281682666,high,0.0,ridge,S1x2,T0039
0.051767383685555904,0.1869090671660695,0.08219526165019861,high,0.0,ridge,S1x2,T0040
0.03851048843224459,0.19814838173672222,0.08800262316882995,high,0.0,ridge,S1x2,T0041
0.2738114551296584,0.3897913913518848,0.17185428898832714,high,0.0,ridge,S1x2,T0042
0.17594090440231305,0.172071984074082,0.06810425423576538,high,0.0,ridge,S1x2,T0043
0.3865922780979332,0.12384769356447614,0.06273450487792431,high,0.0,ridge,S1x2,T0044
0.24653646229892195,0.4107249693700311,0.18736863737441772,high,0.0,ridge,S1x2,T0045
0.10806517220315562,0.09636895786346608,0.05271978372857007,high,0.0,ridge,S1x2,T0046
0.18178138035390232,0.08509781358169351,0.03878041961906775,high,0.0,ridge,S1x2,T0047
0.06185203973560095,0.16911133725557584,0.06851878935628589,high,0.0,ridge,S1x2,T0048
0.05515259746035313,0.06793336904433568,0.03652517710856018,high,0.0,ridge,S1x2,T0049
0.14541424456371219,0.3515874337236905,0.1680658648172522,high,0.0,ridge,S1x2,T0050
0.269525806732775,0.4368940146473883,0.19032739412300048,high,0.0,ridge,S1x2,T0051
0.2413091459296327,0.126518132447086,0.06273319041548267,high,0.0,ridge,S1x2,T0052
0.09882510401595909,0.49098545893806617,0.21552440460630284,high,0.0,ridge,S1x2,T0053
0.13846598971595545,0.17662547573071732,0.0795428666767998,high,0.0,ridge,S1x2,T0054
0.03801547360311492,0.2229025723518569,0.09959625384260046,high,0.0,ridge,S1x2,T0055
0.10816150055736609,0.42054634219172005,0.18618783215118287,high,0.0,ridge,S1x2,T0056
0.10862574515002446,0.127555862982586,0.05103517195272156,high,0.0,ridge,S1x2,T0057
0.06667803797020201,0.07403111331068747,0.03450485970714453,high,0.0,ridge,S1x2,T0058
0.21874424094106565,0.014326965400830175,0.009246269424563233,high,0.0,ridge,S1x2,T0059
0.22105282213579663,0.25737904808384815,0.10468340075173754,high,0.0,ridge,S1x2,T0060
0.03380292863197077,0.07411551342605545,0.04124327104984985,high,0.0,ridge,S1x2,T0061
0.13611837810124597,0.06662215992871924,0.029554754673370973,high,0.0,ridge,S1x2,T0062
0.24101946235543603,0.11738351980090325,0.04193643970317993,high,0.0,ridge,S1x2,T0063
0.007700758823311895,0.20152864190260916,0.09126266471534204,high,0.0,ridge,S1x2,T0064
0.08113498471319565,0.08153572319446524,0.035614199811866455,high,0.0,ridge,S1x2,T0065
0.12916963832273423,0.14339122484384767,0.06350788600653356,high,0.0,ridge,S1x2,T0066
0.13006734088662905,0.29035670552609644,0.11281551228330725,high,0.0,ridge,S1x2,T0067
0.34876507797746736,0.015269337209738446,0.004981980265267578,high,0.0,ridge,S1x2,T0068
0.09070853992316859,0.03759106334159657,0.0159733631135885,high,0.0,ridge,S1x2,T0069
0.10043726097845071,0.27574342130050117,0.13572449506626855,high,0.0,ridge,S1x2,T0070
0.10380506608814902,0.19308934147151297,0.07483194301289038,high,0.0,ridge,S1x2,T0071
0.11422651262345765,0.0891578483711908,0.03698254376360681,high,0.0,ridge,S1x2,T0072
0.032286728589959464,0.5003147097415757,0.22144005768439526,high,0.0,ridge,S1x2,T0073
0.02787910448985049,0.24555921832488647,0.12443653320801758,high,0.0,ridge,S1x2,T0074
0.2651344451670099,0.1655399645192918,0.07101945733959693,high,0.0,ridge,S1x2,T0075
0.0886570799643316,0.13114494259956952,0.05039357384601843,high,0.0,ridge,S1x2,T0076
0.14536591006905744,0.05078525837091925,0.011140638206299194,high,0.0,ridge,S1x2,T0077
0.2816429857550496,0.1297230281087847,0.05585151266491565,high,0.0,ridge,S1x2,T0078
0.024118586868351895,0.040587559525386015,0.019781577705720216,high,0.0,ridge,S1x2,T0079
0.06127157853961758,0.32220692590323957,0.1607662895916107,high,0.0,ridge,S1x2,T0080
0.18408870175396055,0.05500698494666807,0.01576979910113159,high,0.0,ridge,S1x2,T0081
0.1382210263404499,0.06697250517130078,0.023874323045926026,high,0.0,ridge,S1x2,T0082
0.4225276978667107,0.2866617104083633,0.11693913238251245,high,0.0,ridge,S1x2,T0083
0.18879202365251818,0.03342627301682389,0.016189221925023683,high,0.0,ridge,S1x2,T0084
0.00453622738234405,0.09228041061819016,0.040153107142897826,high,0.0,ridge,S1x2,T0085
0.23715000442699757,0.006841415400536956,0.006594471569277588,high,0.0,ridge,S1x2,T0086
0.22857289356455873,0.23048576014206934,0.10327735743213659,high,0.0,ridge,S1x2,T0087
0.07929752258525465,0.19052815814002483,0.08753538519666822,high,0.0,ridge,S1x2,T0088
0.25931305352482287,0.211440038133961,0.08787641919584595,high,0.0,ridge,S1x2,T0089
0.1590759173482462,0.21683005300366603,0.08319826337332227,high,0.0,ridge,S1x2,T0090
0.14271151095941517,0.058438612654855296,0.03225721210434961,high,0.0,ridge,S1x2,T0091
0.2348999823300752,0.1628782134360002,0.05857408022208765,high,0.0,ridge,S1x2,T0092
0.019727964197869822,0.17805061414741088,0.08370382349116369,high,0.0,ridge,S1x2,T0093
0.10579088374787662,0.2395513176652151,0.10559531298121094,high,0.0,ridge,S1x2,T0094
0.10962858426625036,0.3063775956823104,0.14165932541021656,high,0.0,ridge,S1x2,T0095
0.07959511427946682,0.26094996152991773,0.12049328885525562,high,0.0,ridge,S1x2,T0096
0.06116455018427337,0.09007365922744039,0.0365600621977561,high,0.0,ridge,S1x2,T0097
0.17428449243308333,0.3071284933770286,0.1218710463427185,high,0.0,ridge,S1x2,T0098
0.1372925263103925,0.15000357170596226,0.04964364650122876,high,0.0,ridge,S1x2,T0099
0.1405904382449447,0.07228446546212243,0.0324179921712992,high,0.0,ridge,S1x2,T0100
0.018019246360941047,0.14186841625678628,0.06303001012172461,high,0.0,ridge,S1x2,T0101
0.052890212799325834,0.28941662689817577,0.11888416309008325,high,0.0,ridge,S1x2,T0102
0.09013906148072155,0.10744401694837344,0.04559986983341821,high,0.0,ridge,S1x2,T0103
0.22346028969194748,0.0020440921932657345,0.00669177279181958,high,0.0,ridge,S1x2,T0104
0.11642525152945063,0.34781093120350914,0.15040868792105494,high,0.0,ridge,S1x2,T0105
0.18762205667550413,0.1604136556000563,0.05365411343932605,high,0.0,ridge,S1x2,T0106
0.08715004413587192,0.14230263678215563,0.061945183907771116,high,0.0,ridge,S1x2,T0107
0.039286048600201136,0.1899674784062711,0.08644342269719141,high,0.0,ridge,S1x2,T0108
0.18618034895870886,0.33621356475529696,0.13799782353056786,high,0.0,ridge,S1x2,T0109
0.05169121087978458,0.08169383993809899,0.030323231277989134,high,0.0,ridge,S1x2,T0110
0.06745540972449034,0.12067163416457696,0.063417896454,high,0.0,ridge,S1x2,T0111
0.13586155530094515,0.2455238810418956,0.09559533910062781,high,0.0,ridge,S1x2,T0112
0.19088259622243925,0.04623857870797971,0.0033115105882958983,high,0.0,ridge,S1x2,T0113
0.011718504096228656,0.032202993653345786,0.02014714935980664,high,0.0,ridge,S1x2,T0114
0.24516853679745548,0.029731433006463533,0.008219175217047852,high,0.0,ridge,S1x2,T0115
0.1001114083595728,0.4852128470527829,0.2275942521302019,high,0.0,ridge,S1x2,T0116
0.06534513041820679,0.010258712785828352,0.01011961764994995,high,0.0,ridge,S1x2,T0117
0.382513969190361,0.23998859067001782,0.10325876090503942,high,0.0,ridge,S1x2,T0118
0.08781549650952737,0.443112691207244,0.20490718205306604,high,0.0,ridge,S1x2,T0119
0.08139716669432835,0.12906357641151558,0.057055790013092286,high,0.0,ridge,S1x2,T0120
0.18797665565164717,0.09298406223650886,0.030804977502000366,high,0.0,ridge,S1x2,T0121
0.3452197711235117,0.08442213034928898,0.021943238638035278,high,0.0,ridge,S1x2,T0122
0.47861385332275586,0.21585840915784532,0.09525040159427343,high,0.0,ridge,S1x2,T0123
0.2128899644665661,0.05256549413676122,0.023119357471724365,high,0.0,ridge,S1x2,T0124
0.03439030860885595,0.01005718596064631,0.0026532020439958494,high,0.0,ridge,S1x2,T0125
0.06387490217800386,0.03046409245703597,0.00787042158163745,high,0.0,ridge,S1x2,T0126
0.005515024280562387,0.0958798231636224,0.0482218637754375,high,0.0,ridge,S1x2,T0127
0.020264633226290966,0.09609112383123705,0.05944623928870373,high,0.0,ridge,S1x2cat,T0000
0.13906775888151732,0.12581968210173824,0.05838338803689001,high,0.0,ridge,S1x2cat,T0001
0.1269000951283367,0.1875371794507314,0.07308716871313355,high,0.0,ridge,S1x2cat,T0002
0.041189210351286205,0.3501708181927549,0.15797944428774513,high,0.0,ridge,S1x2cat,T0003
0.09056801143972783,0.13821957354141132,0.05867196319016724,high,0.0,ridge,S1x2cat,T0004
0.27995397883239354,0.25622996082535354,0.12704432269786267,high,0.0,ridge,S1x2cat,T0005
0.004285884791716822,0.09698102757210617,0.03683568653093091,high,0.0,ridge,S1x2cat,T0006
0.0963180757568877,0.15479066931993304,0.07315194843143652,high,0.0,ridge,S1x2cat,T0007
0.09116232973568951,0.5139525171063837,0.23870256344250257,high,0.0,ridge,S1x2cat,T0008
0.19414576084037966,0.17801755124519705,0.07825945374998938,high,0.0,ridge,S1x2cat,T0009
0.17794439210421567,0.16640782776772503,0.07005181497269507,high,0.0,ridge,S1x2cat,T0010
0.08859119518039583,0.2296447811822292,0.09868151192699463,high,0.0,ridge,S1x2cat,T0011
0.004028408204451995,0.1315678785405189,0.06530248537671778,high,0.0,ridge,S1x2cat,T0012
0.09559720705592192,0.3515369395603255,0.16378568768214635,high,0.0,ridge,S1x2cat,T0013
0.1807808143971615,0.04359274290371613,0.0314417536876958,high,0.0,ridge,S1x2cat,T0014
0.027559599033705202,0.13202901695272692,0.04373005009638525,high,0.0,ridge,S1x2cat,T0015
0.0023718939645961394,0.38081041363797263,0.18336237441571301,high,0.0,ridge,S1x2cat,T0016
0.3962797112443454,0.34293640762417926,0.14592774118290722,high,0.0,ridge,S1x2cat,T0017
0.010115296788839047,0.3507371569469226,0.16277281494534862,high,0.0,ridge,S1x2cat,T0018
0.06636321152072024,0.1620341516730248,0.08002683417326209,high,0.0,ridge,S1x2cat,T0019
0.041476325341800464,0.3256008151566645,0.15161503986692604,high,0.0,ridge,S1x2cat,T0020
0.31355773420995886,0.05596240613390037,0.012148284945807495,high,0.0,ridge,S1x2cat,T0021
0.2801949602264043,0.6135364824332722,0.2789463965574358,high,0.0,ridge,S1x2cat,T0022
0.0622273715965599,0.22529467067666237,0.10027593222116638,high,0.0,ridge,S1x2cat,T0023
0.21478960472526487,0.1400061927412999,0.05169161234548047,high,0.0,ridge,S1x2cat,T0024
0.12271220092823251,0.12136065861013515,0.036542377655691405,high,0.0,ridge,S1x2cat,T0025
0.08900845656056562,0.06066212991055421,0.024914779356511107,high,0.0,ridge,S1x2cat,T0026
0.025572217742917132,0.2486775870937189,0.11784835122270117,high,0.0,ridge,S1x2cat,T0027
0.08420515405264341,0.14590931665475262,0.07371663463613282,high,0.0,ridge,S1x2cat,T0028
0.026322895906984174,0.31472410458349787,0.1394655955915376,high,0.0,ridge,S1x2cat,T0029
0.008479912711937267,0.07420200678331047,0.035571327251952146,high,0.0,ridge,S1x2cat,T0030
0.1919654838101032,0.12301993621798404,0.07447562555137269,high,0.0,ridge,S1x2cat,T0031
0.09646507710811023,0.21398055030760066,0.10629122053599427,high,0.0,ridge,S1x2cat,T0032
0.16238550371864116,0.16791036499646975,0.07865159836613135,high,0.0,ridge,S1x2cat,T0033
0.031246727283909544,0.2812438648811489,0.11679644918998633,high,0.0,ridge,S1x2cat,T0034
0.2422076506082841,0.004936700293342867,0.012239507667565552,high,0.0,ridge,S1x2cat,T0035
0.18771052500504154,0.18319242642948266,0.09532526331566797,high,0.0,ridge,S1x2cat,T0036
0.2699147309744055,0.5664817590518474,0.25144817423058874,high,0.0,ridge,S1x2cat,T0037
0.16611360540971346,0.1626517141067613,0.06179720951374707,high,0.0,ridge,S1x2cat,T0038
0.17239442308893907,0.1451368472972012,0.07814835213694166,high,0.0,ridge,S1x2cat,T0039
0.06078265009742902,0.24611314655868138,0.10856299253714319,high,0.0,ridge,S1x2cat,T0040
0.04733013968207468,0.15028722467124614,0.0679138006057484,high,0.0,ridge,S1x2cat,T0041
0.254176481313585,0.4546437618261463,0.19899384890243238,high,0.0,ridge,S1x2cat,T0042
0.17719559017225775,0.18044985299488228,0.07192742314098169,high,0.0,ridge,S1x2cat,T0043
0.38217973936709154,0.14673744326258456,0.07479061224755225,high,0.0,ridge,S1x2cat,T0044
0.2820089773968599,0.4135130917970987,0.18956280987897217,high,0.0,ridge,S1x2cat,T0045
0.14474136770801396,0.1528054808338303,0.07870113830400353,high,0.0,ridge,S1x2cat,T0046
0.1923430540692373,0.07250981409635733,0.031583120216204345,high,0.0,ridge,S1x2cat,T0047
0.03654452805122944,0.20910920606582956,0.082817509174167,high,0.0,ridge,S1x2cat,T0048
0.016824534248051085,0.05962922531684679,0.03475232952301538,high,0.0,ridge,S1x2cat,T0049
0.12002093928050964,0.3647589846060104,0.1765857801262158,high,0.0,ridge,S1x2cat,T0050
0.2696273757405277,0.5034263297726905,0.2186345850958225,high,0.0,ridge,S1x2cat,T0051
0.2172883899720291,0.16834056261565702,0.0819126780778252,high,0.0,ridge,S1x2cat,T0052
0.1085346817754396,0.49886398245179914,0.22066778659825917,high,0.0,ridge,S1x2cat,T0053
0.1167597905497392,0.2785278960702126,0.12353721112292872,high,0.0,ridge,S1x2cat,T0054
0.10543091674378172,0.21303424827704037,0.09705135939399621,high,0.0,ridge,S1x2cat,T0055
0.13327471536629446,0.43994585645496087,0.19530437898836597,high,0.0,ridge,S1x2cat,T0056
0.12631678194112958,0.08291967720887584,0.033122977170294436,high,0.0,ridge,S1x2cat,T0057
0.013399414707054306,0.05762028965491996,0.027364612438153687,high,0.0,ridge,S1x2cat,T0058
0.28274930738964954,0.03550163866348128,0.014113057820424317,high,0.0,ridge,S1x2cat,T0059
0.2321057599899496,0.2351882203502676,0.09457632769705396,high,0.0,ridge,S1x2cat,T0060
0.03889561897832073,0.03833677929924618,0.02700160213383545,high,0.0,ridge,S1x2cat,T0061
0.18591287741520526,0.09668003555561636,0.040979043850678465,high,0.0,ridge,S1x2cat,T0062
0.2583005641884748,0.1732093470983798,0.06391797909690991,high,0.0,ridge,S1x2cat,T0063
0.04378654151824397,0.23956324906174614,0.10624317890873962,high,0.0,ridge,S1x2cat,T0064
0.024158096874972453,0.11453191552461109,0.050857815316310305,high,0.0,ridge,S1x2cat,T0065
0.1310474447579935,0.1278728439952551,0.05506209413029004,high,0.0,ridge,S1x2cat,T0066
0.15116988222487585,0.32897116258070463,0.1275159054662721,high,0.0,ridge,S1x2cat,T0067
0.4369612391182971,0.013160571662830248,0.016944242424723144,high,0.0,ridge,S1x2cat,T0068
0.08186331717866203,0.06802953614808428,0.029229754744035035,high,0.0,ridge,S1x2cat,T0069
0.16366961057527415,0.2628161783601957,0.12945242479961963,high,0.0,ridge,S1x2cat,T0070
0.06451693464934406,0.2535053689037015,0.0997349007367052,high,0.0,ridge,S1x2cat,T0071
0.10712037790690357,0.06580168446172376,0.024397594208062746,high,0.0,ridge,S1x2cat,T0072
0.025242594335072595,0.5190701398168245,0.23051103234388232,high,0.0,ridge,S1x2cat,T0073
0.019561829069723317,0.2786268405656445,0.1385668441814712,high,0.0,ridge,S1x2cat,T0074
0.26714223090063804,0.16675850482255675,0.07043887005612012,high,0.0,ridge,S1x2cat,T0075
0.1024891559022634,0.1790967579572553,0.07085368628958984,high,0.0,ridge,S1x2cat,T0076
0.15706523083194926,0.019451304695267128,0.01849803244738318,high,0.0,ridge,S1x2cat,T0077
0.2731940197487143,0.15414649616273704,0.06601680432389319,high,0.0,ridge,S1x2cat,T0078
0.0421837043767176,0.08253742114509606,0.039894036555370604,high,0.0,ridge,S1x2cat,T0079
0.07265523696908056,0.3080440302562102,0.15559850148669813,high,0.0,ridge,S1x2cat,T0080
0.22005120665029776,0.035681892292390445,0.006508249041203858,high,0.0,ridge,S1x2cat,T0081
0.1399740813611006,0.02202804812116849,0.014525109778455322,high,0.0,ridge,S1x2cat,T0082
0.4206798864394094,0.3003855689947674,0.1242825657906272,high,0.0,ridge,S1x2cat,T0083
0.1782642622163372,0.0820552241879924,0.03654923535732105,high,0.0,ridge,S1x2cat,T0084
0.06063048855600052,0.08346480819467818,0.038979029114180296,high,0.0,ridge,S1x2cat,T0085
0.27345616966744984,0.005366238748840125,0.001596340644427002,high,0.0,ridge,S1x2cat,T0086
0.18815790384304093,0.255245312153572,0.11313539182941224,high,0.0,ridge,S1x2cat,T0087
0.10719335528588728,0.14740607966713062,0.07017037465242956,high,0.0,ridge,S1x2cat,T0088
0.26404221036372777,0.20110419633186222,0.07860567118110498,high,0.0,ridge,S1x2cat,T0089
0.17632847226198875,0.24762352392901926,0.0979539536137019,high,0.0,ridge,S1x2cat,T0090
0.16964396489040748,0.10923738712356831,0.05337820024189917,high,0.0,ridge,S1x2cat,T0091
0.272657234700216,0.21364845464851517,0.08204753162701343,high,0.0,ridge,S1x2cat,T0092
0.06988276243400206,0.1117661151468852,0.05803730335870996,high,0.0,ridge,S1x2cat,T0093
0.1282686826895413,0.26140506875103003,0.11259602605350684,high,0.0,ridge,S1x2cat,T0094
0.10670121670340652,0.2664824755292714,0.12535426707702588,high,0.0,ridge,S1x2cat,T0095
0.12553916389885764,0.2282136099875926,0.10770148269809864,high,0.0,ridge,S1x2cat,T0096
0.06096921548555402,0.16437246927137858,0.06750485800674487,high,0.0,ridge,S1x2cat,T0097
0.21179427684709157,0.3063385541052028,0.12148514011187683,high,0.0,ridge,S1x2cat,T0098
0.13044407004366546,0.14204101452962473,0.04669498138388037,high,0.0,ridge,S1x2cat,T0099
0.10769686207707521,0.11434083857616797,0.05220685812934021,high,0.0,ridge,S1x2cat,T0100
0.04925377082172251,0.11286133359566078,0.05259146232502197,high,0.0,ridge,S1x2cat,T0101
0.03717383673642161,0.2808456626790235,0.11490435945844459,high,0.0,ridge,S1x2cat,T0102
0.13130216733550445,0.08858848462065307,0.03833709026165723,high,0.0,ridge,S1x2cat,T0103
0.231371156604103,0.10378450904695638,0.03699742424388892,high,0.0,ridge,S1x2cat,T0104
0.06164796835971932,0.3083587816780218,0.13373830168733009,high,0.0,ridge,S1x2cat,T0105
0.21071331677124167,0.07407209506083313,0.014967719504237793,high,0.0,ridge,S1x2cat,T0106
0.08049314063571457,0.20832502159004235,0.09044897386834876,high,0.0,ridge,S1x2cat,T0107
0.020087527703170908,0.27015124761315157,0.12003984938794494,high,0.0,ridge,S1x2cat,T0108
0.14617424273263738,0.3712732819378143,0.15082163878675098,high,0.0,ridge,S1x2cat,T0109
0.017879663378124192,0.06441749615051036,0.024165035353194336,high,0.0,ridge,S1x2cat,T0110
0.05362866245057775,0.10996999022903495,0.059974475801762815,high,0.0,ridge,S1x2cat,T0111
0.12325028726810158,0.26155500538318477,0.10163426328328565,high,0.0,ridge,S1x2cat,T0112
0.1690460505605396,0.036617787101979334,0.0015343395184173583,high,0.0,ridge,S1x2cat,T0113
0.02068673912350383,0.06237819477357966,0.03252938221137976,high,0.0,ridge,S1x2cat,T0114
0.2929607079341712,0.06993798937813879,0.027116666450964354,high,0.0,ridge,S1x2cat,T0115
0.12768521950113412,0.4953136489814237,0.2324335636184829,high,0.0,ridge,S1x2cat,T0116
0.10951659877302986,0.013404707271055808,0.00226871560994812,high,0.0,ridge,S1x2cat,T0117
0.3471035708640233,0.24279873230519006,0.10446119996905652,high,0.0,ridge,S1x2cat,T0118
0.05662496702912302,0.4717820290565992,0.22042056573753674,high,0.0,ridge,S1x2cat,T0119
0.1623497020213777,0.1230344473987122,0.056987512591827515,high,0.0,ridge,S1x2cat,T0120
0.15116568084706963,0.05443147370618019,0.013976348113614258,high,0.0,ridge,S1x2cat,T0121
0.3432092797501802,0.15434683744241565,0.05194229011559216,high,0.0,ridge,S1x2cat,T0122
0.5222756192044266,0.19221581963330908,0.08796860822003809,high,0.0,ridge,S1x2cat,T0123
0.28270409558586873,0.030312755317162828,0.011630233416062988,high,0.0,ridge,S1x2cat,T0124
0.0007203223555002359,0.04360131003490642,0.013969024762135254,high,0.0,ridge,S1x2cat,T0125
0.06113320108031563,0.039587625140468936,0.01134872670419226,high,0.0,ridge,S1x2cat,T0126
0.0223315008681263,0.13666056759874592,0.06723256965302124,high,0.0,ridge,S1x2cat,T0127
0.06124256860447293,0.1825436637116912,0.06049544990457654,high,0.0,ridge,S2,T0000
0.04653378068032649,0.04467667554736266,0.02221802831175,high,0.0,ridge,S2,T0001
0.048880474828874046,0.2115102026101962,0.07635551874627416,high,0.0,ridge,S2,T0002
0.015612622533127677,0.27929664175570057,0.12702778208224327,high,0.0,ridge,S2,T0003
0.09006066276348813,0.10224913973070629,0.05063404484823767,high,0.0,ridge,S2,T0004
0.1560382078452344,0.48665990773605683,0.21425896572747802,high,0.0,ridge,S2,T0005
0.12344390128217284,0.03523756575280202,0.016113902655281495,high,0.0,ridge,S2,T0006
0.04532542909272131,0.1920186392382126,0.0951091848882837,high,0.0,ridge,S2,T0007
0.10497992691326566,0.06448027509390554,0.03219445266801807,high,0.0,ridge,S2,T0008
0.019064721589808212,0.39702670469028656,0.1749210303073445,high,0.0,ridge,S2,T0009
0.13352584870499842,0.18098664620944285,0.07028959177130835,high,0.0,ridge,S2,T0010
0.04364697227612042,0.04708063106633632,0.02875208116670874,high,0.0,ridge,S2,T0011
0.13333627635023357,0.1698076952909189,0.065229829110625,high,0.0,ridge,S2,T0012
0.09965966078727187,0.2656257325073961,0.12441862791459912,high,0.0,ridge,S2,T0013
0.054179673923768504,0.10874397230869168,0.04821167765967822,high,0.0,ridge,S2,T0014
0.028361415870955538,0.10797318781141904,0.04376077414650732,high,0.0,ridge,S2,T0015
0.07475803999714316,0.2945493433163194,0.13134227794934325,high,0.0,ridge,S2,T0016
0.27918879439515604,0.1840017573350922,0.07915130082697254,high,0.0,ridge,S2,T0017
0.03348278260884797,0.27523587418711143,0.11927417402208472,high,0.0,ridge,S2,T0018
0.0663060051112044,0.11369160054512498,0.04496092939719348,high,0.0,ridge,S2,T0019
0.08525299891062323,0.13009942373809233,0.059269264968300296,high,0.0,ridge,S2,T0020
0.02815509026989544,0.19600473827722126,0.08925541591802479,high,0.0,ridge,S2,T0021
0.12137443399709877,0.6832323558780428,0.297790503976698,high,0.0,ridge,S2,T0022
0.21042191011623695,0.32911265560178543,0.1267493632136466,high,0.0,ridge,S2,T0023
0.033210595895306345,0.020846784726978877,0.01432424659833081,high,0.0,ridge,S2,T0024
0.04883055823615508,0.09069489600338822,0.025982212503028932,high,0.0,ridge,S2,T0025
0.01897280403287849,0.05594083661268458,0.02910856604661133,high,0.0,ridge,S2,T0026
0.2211546725419592,0.2583849665573066,0.11229305953015577,high,0.0,ridge,S2,T0027
0.05478713676968673,0.12327983119236222,0.0509666312347063,high,0.0,ridge,S2,T0028
0.1029795712068832,0.28365060435328165,0.13204895703301942,high,0.0,ridge,S2,T0029
0.059741247699502134,0.06871209313550315,0.03574265179651709,high,0.0,ridge,S2,T0030
0.1687351130476328,0.24318882909703887,0.12529082756915136,high,0.0,ridge,S2,T0031
0.004097602282379932,0.11460924340179066,0.03852801208827417,high,0.0,ridge,S2,T0032
0.09447780788398644,0.055746369680766975,0.03422483691963977,high,0.0,ridge,S2,T0033
0.07837840963659139,0.2867159968602601,0.12317765709034631,high,0.0,ridge,S2,T0034
0.22089375560804153,0.002341571558939493,0.007548786425267212,high,0.0,ridge,S2,T0035
0.07740298411393427,0.21637998034558298,0.113794991450088,high,0.0,ridge,S2,T0036
0.04294157967102281,0.10104937078623147,0.030345642570806398,high,0.0,ridge,S2,T0037
0.10639986054495568,0.3473875453093684,0.14607952007088856,high,0.0,ridge,S2,T0038
0.04917368727763023,0.20838944403299647,0.09540402066399267,high,0.0,ridge,S2,T0039
0.12000362623840247,0.058897977088667744,0.03002571174751062,high,0.0,ridge,S2,T0040
0.07332595795870257,0.05073372816498502,0.024593764959256713,high,0.0,ridge,S2,T0041
0.14842580346665304,0.31506246212544614,0.1304243734196096,high,0.0,ridge,S2,T0042
0.028652501538138926,0.1584050720630498,0.07414555353760131,high,0.0,ridge,S2,T0043
0.12047200777112246,0.4293239971231545,0.19675951926794483,high,0.0,ridge,S2,T0044
0.2325390769359007,0.4747350234597282,0.20908810428398902,high,0.0,ridge,S2,T0045
0.0736841344068201,0.0523001577351795,0.025231617819970582,high,0.0,ridge,S2,T0046
0.014407827139262534,0.0012652321345829611,0.014101514787711426,high,0.0,ridge,S2,T0047
0.1538700480348482,0.21183246878430823,0.09231090166436182,high,0.0,ridge,S2,T0048
0.11364825753026916,0.0658939209127324,0.011291028000269165,high,0.0,ridge,S2,T0049
0.2763327438007044,0.16562362014587026,0.07263135270511865,high,0.0,ridge,S2,T0050
0.10232967923544725,0.4127404915025749,0.18638356920533156,high,0.0,ridge,S2,T0051
0.10938355757777687,0.03985651188352924,0.0167820016950542,high,0.0,ridge,S2,T0052
0.0004929689280810946,0.5061504759222895,0.2270756186665089,high,0.0,ridge,S2,T0053
0.09089825012377513,0.19356798762086186,0.07859355167288282,high,0.0,ridge,S2,T0054
0.05613269091275798,0.016487778394897182,0.010751792467073487,high,0.0,ridge,S2,T0055
0.045649673473124326,0.4318105984832922,0.17783638144437316,high,0.0,ridge,S2,T0056
0.04620065593302692,0.19682759064486444,0.07043556018093665,high,0.0,ridge,S2,T0057
0.01211145883836751,0.0042669578290791,0.005484597765112793,high,0.0,ridge,S2,T0058
0.0004020365191920173,0.012469349515107923,0.00023650722212231444,high,0.0,ridge,S2,T0059
0.17063957423251733,0.46410413068532674,0.1996205997623086,high,0.0,ridge,S2,T0060
0.27343548244818777,0.032648206244358664,0.019269023674981935,high,0.0,ridge,S2,T0061
0.14144772410109172,0.007441131372121214,0.0021625460269475098,high,0.0,ridge,S2,T0062
0.25656825200237965,0.2085601107778024,0.08653539863929395,high,0.0,ridge,S2,T0063
0.12511875242002038,0.035818446423106505,0.011513152316388183,high,0.0,ridge,S2,T0064
0.027687553665906868,0.08036993615805678,0.03877641688522681,high,0.0,ridge,S2,T0065
0.0901083690905047,0.19344920843491492,0.10546442757194605,high,0.0,ridge,S2,T0066
0.04282359334048525,0.13793480573601583,0.04972353459784704,high,0.0,ridge,S2,T0067
0.01815565959709248,0.08106917192463482,0.044725828265270016,high,0.0,ridge,S2,T0068
0.006013165309255443,0.013649077790046652,0.0025637385535513917,high,0.0,ridge,S2,T0069
0.17208221101597285,0.01324898429473698,0.0032992953334461668,high,0.0,ridge,S2,T0070
0.15363982589805372,0.1894943021805407,0.06954016765852478,high,0.0,ridge,S2,T0071
0.06986531301797495,0.15470935418764295,0.0689887371436814,high,0.0,ridge,S2,T0072
0.014410300108119726,0.24568268803696452,0.09044241054489978,high,0.0,ridge,S2,T0073
0.11027062207787683,0.41435204856643604,0.18842659480519483,high,0.0,ridge,S2,T0074
0.15738286074920146,0.38831066063357356,0.1786263892255161,high,0.0,ridge,S2,T0075
0.1222728584322891,0.044752146262303234,0.010048518207215576,high,0.0,ridge,S2,T0076
0.1735575282522567,0.026949598834653817,0.006069532006313965,high,0.0,ridge,S2,T0077
0.1060529424572271,0.05020146092110324,0.02384650822886365,high,0.0,ridge,S2,T0078
0.00921837748672938,0.18298603475498557,0.07848195642673413,high,0.0,ridge,S2,T0079
0.014973757751890752,0.36926058088149394,0.1780469898304862,high,0.0,ridge,S2,T0080
0.04189868808990916,0.15674054461533418,0.05848773972034704,high,0.0,ridge,S2,T0081
0.19948147261962706,0.039585424377710794,0.02298671865218335,high,0.0,ridge,S2,T0082
0.33652339447821095,0.2929099473101979,0.11530717811667236,high,0.0,ridge,S2,T0083
0.0202137040457015,0.08510011935929708,0.0359096521206709,high,0.0,ridge,S2,T0084
0.08624226954448146,0.11228090568516427,0.04593850260796411,high,0.0,ridge,S2,T0085
0.015361164529656416,0.16736281086031843,0.08441950967653881,high,0.0,ridge,S2,T0086
0.17988323300836026,0.05697062399803361,0.02228424364555078,high,0.0,ridge,S2,T0087
0.1239054027686948,0.2171449408194393,0.09914449982940637,high,0.0,ridge,S2,T0088
0.07858904775493782,0.13516477935128227,0.05480040073866968,high,0.0,ridge,S2,T0089
0.1867833503534919,0.05396031738294284,0.043109190226861084,high,0.0,ridge,S2,T0090
0.0958968920138942,0.35249682647007513,0.1692698720941693,high,0.0,ridge,S2,T0091
0.04200359449253733,0.17266511267183707,0.07346193947306957,high,0.0,ridge,S2,T0092
0.08784218932242545,0.0061595534278513515,0.005931978103397217,high,0.0,ridge,S2,T0093
0.1482152871794951,0.41609808903421985,0.19705987096958888,high,0.0,ridge,S2,T0094
0.1354311805979905,0.11046956720835113,0.05815432276669165,high,0.0,ridge,S2,T0095
0.024674735944379973,0.23950796240901495,0.11148977638679687,high,0.0,ridge,S2,T0096
0.12809729129026506,0.1051846571519355,0.03973766051655603,high,0.0,ridge,S2,T0097
0.217836701540079,0.31796235670106426,0.13972966518926122,high,0.0,ridge,S2,T0098
0.161754985022628,0.08515367213718873,0.02757167247166504,high,0.0,ridge,S2,T0099
0.004853178576680884,0.10843245678382077,0.052188692833750244,high,0.0,ridge,S2,T0100
0.14161870441311095,0.0010715556102242065,0.009348983510880371,high,0.0,ridge,S2,T0101
0.18423221192550523,0.3699150778278338,0.14747940601721776,high,0.0,ridge,S2,T0102
0.2204725624805507,0.06640058536650535,0.03278912223510669,high,0.0,ridge,S2,T0103
0.08848908873364426,0.09460848679611947,0.047562753153664795,high,0.0,ridge,S2,T0104
0.0359988274903117,0.2343566098464792,0.0877346469931106,high,0.0,ridge,S2,T0105
0.24429260609176306,0.03817407288390973,0.01480876057001355,high,0.0,ridge,S2,T0106
0.03647891746164645,0.10053113072818562,0.041178641863940796,high,0.0,ridge,S2,T0107
0.057328371216412446,0.13087091006083298,0.058551552388672,high,0.0,ridge,S2,T0108
0.03227878456413814,0.43105926270469813,0.18701649670747217,high,0.0,ridge,S2,T0109
0.13976596038617148,0.061052079046833865,0.03337050793948877,high,0.0,ridge,S2,T0110
0.024692974903802463,0.09809163544541091,0.04245360453387585,high,0.0,ridge,S2,T0111
0.04146905949115876,0.0935646335538848,0.03177712330262842,high,0.0,ridge,S2,T0112
0.09352732588681024,0.058526089964647546,0.04220016604289942,high,0.0,ridge,S2,T0113
0.007001249848853088,0.08099616342090944,0.03452137861263696,high,0.0,ridge,S2,T0114
0.008225816563195433,0.15021288000006408,0.08190077122041577,high,0.0,ridge,S2,T0115
0.09557151932435673,0.3612053532944454,0.17174273021842162,high,0.0,ridge,S2,T0116
0.16175714465508448,0.16131091315478327,0.06359829909893872,high,0.0,ridge,S2,T0117
0.20957197046537374,0.1633137461477663,0.07698701939123681,high,0.0,ridge,S2,T0118
0.013057498647393587,0.4770683475762881,0.21303168058015198,high,0.0,ridge,S2,T0119
0.046739786915408206,0.11114227592832984,0.04440112477766101,high,0.0,ridge,S2,T0120
0.014070821370450463,0.08405474550645166,0.03683896707996924,high,0.0,ridge,S2,T0121
0.03324706101790643,0.032124589535109944,0.010627213094514771,high,0.0,ridge,S2,T0122
0.025475045915863977,0.0967665920871619,0.04797708089704883,high,0.0,ridge,S2,T0123
0.004261564346280667,0.022169667614744818,0.016135710754217287,high,0.0,ridge,S2,T0124
0.06393264770550745,0.2056903414067302,0.08698768793592895,high,0.0,ridge,S2,T0125
0.0016020494277702029,0.01008170337836817,0.00883091790504419,high,0.0,ridge,S2,T0126
0.22280863883201613,0.02517812154497729,0.01296533977764209,high,0.0,ridge,S2,T0127
0.07074967269525696,0.17386015180659717,0.050535420206956665,high,0.0,ridge,S3,T0000
0.03915114031788847,0.04040903615500525,0.02573868130677283,high,0.0,ridge,S3,T0001
0.05054561276164328,0.20958173343198055,0.07352756012955249,high,0.0,ridge,S3,T0002
0.02857733283911424,0.25746378400762054,0.11476367691217651,high,0.0,ridge,S3,T0003
0.0992220054816412,0.10208207451209653,0.05864630709171985,high,0.0,ridge,S3,T0004
0.14793289925519373,0.48467814923827746,0.22648023495876318,high,0.0,ridge,S3,T0005
0.1104005353926871,0.021431229239931574,0.018275303860432128,high,0.0,ridge,S3,T0006
0.06728495633586824,0.19782120577782064,0.09319759300570751,high,0.0,ridge,S3,T0007
0.10274475550375364,0.06652306680793309,0.026707977414791747,high,0.0,ridge,S3,T0008
0.050101293746324674,0.3878125955536955,0.1808968798060796,high,0.0,ridge,S3,T0009
0.1214505552489892,0.17673018198040405,0.07293964371679883,high,0.0,ridge,S3,T0010
0.02993696036946409,0.04089039757379954,0.019122410211369872,high,0.0,ridge,S3,T0011
0.1344258834371498,0.16575574983147381,0.05935203997340796,high,0.0,ridge,S3,T0012
0.10529794196630085,0.25850752200289046,0.1197085674211377,high,0.0,ridge,S3,T0013
0.04999476888969735,0.10517849846861718,0.05481904595164233,high,0.0,ridge,S3,T0014
0.035203809710064045,0.13557677875167598,0.055935798459329104,high,0.0,ridge,S3,T0015
0.06860071476894077,0.28736129964242163,0.12886517516204418,high,0.0,ridge,S3,T0016
0.27442471970063725,0.2014521813081644,0.07202256621676087,high,0.0,ridge,S3,T0017
0.0189948793000172,0.2543704549112386,0.13084056861597362,high,0.0,ridge,S3,T0018
0.06974286241516138,0.10909912390496992,0.04405302617508191,high,0.0,ridge,S3,T0019
0.09714462692594408,0.14282881958522428,0.061950113392356204,high,0.0,ridge,S3,T0020
0.01420774437870254,0.19847609459047016,0.07797214654694129,high,0.0,ridge,S3,T0021
0.13376849812723055,0.6707988999986557,0.29950005434564014,high,0.0,ridge,S3,T0022
0.23063900992114866,0.31818505112273915,0.12638005832516833,high,0.0,ridge,S3,T0023
0.011585758133775272,0.02453709510420344,0.021757521118580567,high,0.0,ridge,S3,T0024
0.027464868498797985,0.09030853165957144,0.01448629065221289,high,0.0,ridge,S3,T0025
0.021606950313183274,0.0667855714622398,0.02401605900568811,high,0.0,ridge,S3,T0026
0.22508055718762443,0.2510236006725456,0.1040215093368894,high,0.0,ridge,S3,T0027
0.023779466371042786,0.10934078305703035,0.05493028721159619,high,0.0,ridge,S3,T0028
0.09963974020199415,0.27871584354591533,0.1386962680168623,high,0.0,ridge,S3,T0029
0.044894018742327464,0.07532849843351926,0.026357937124233885,high,0.0,ridge,S3,T0030
0.15855917971340897,0.23075283981008116,0.12068958921530591,high,0.0,ridge,S3,T0031
0.027301566962322783,0.11487141422324573,0.044163297704239504,high,0.0,ridge,S3,T0032
0.08170232494925657,0.07157280160056846,0.023895814550327514,high,0.0,ridge,S3,T0033
0.08167268479234492,0.2980867802302726,0.140524967212828,high,0.0,ridge,S3,T0034
0.22295744879655027,0.011264113159263347,0.009971356022778564,high,0.0,ridge,S3,T0035
0.07245221637774692,0.2238504979492043,0.10831357378454566,high,0.0,ridge,S3,T0036
0.031004407438732513,0.08822119957909381,0.02778199794389392,high,0.0,ridge,S3,T0037
0.11138386173302042,0.36426422979769285,0.15602390929419507,high,0.0,ridge,S3,T0038
0.05640571353194403,0.1901500398778575,0.11007438720051807,high,0.0,ridge,S3,T0039
0.10370500337922753,0.07703508687825712,0.03811841106711328,high,0.0,ridge,S3,T0040
0.0734163851388009,0.06145409239791762,0.015009413029672852,high,0.0,ridge,S3,T0041
0.14454361208389724,0.3062010783040004,0.1330531974113545,high,0.0,ridge,S3,T0042
0.039913228740326996,0.15896479376327435,0.0686284872899878,high,0.0,ridge,S3,T0043
0.11281776540963853,0.41957020844243254,0.20385498219851636,high,0.0,ridge,S3,T0044
0.23254943001605027,0.46963241489636665,0.21814439012121728,high,0.0,ridge,S3,T0045
0.09074265979693687,0.04173559842236608,0.024415972390411864,high,0.0,ridge,S3,T0046
0.01974578466200139,0.001125845337629772,0.01837485862782776,high,0.0,ridge,S3,T0047
0.18032974788988634,0.19599598459321138,0.08470072266974561,high,0.0,ridge,S3,T0048
0.10654089609134168,0.0653999549035947,0.008361500995787231,high,0.0,ridge,S3,T0049
0.2599743381048592,0.16123734133981413,0.09055084204724975,high,0.0,ridge,S3,T0050
0.09436729050496864,0.4147447620752213,0.19840063612793993,high,0.0,ridge,S3,T0051
0.10010865320968901,0.04108478407579331,0.01931625365007959,high,0.0,ridge,S3,T0052
0.017167104663491365,0.5001565467216111,0.23628089697469104,high,0.0,ridge,S3,T0053
0.0891987826644386,0.1742733240620409,0.07677375656597034,high,0.0,ridge,S3,T0054
0.07789494869518578,0.03172505569861623,0.018287824555140504,high,0.0,ridge,S3,T0055
0.0542792920943347,0.43693336592648857,0.1743474566662948,high,0.0,ridge,S3,T0056
0.03229004758151605,0.1967012687239731,0.0780180237165365,high,0.0,ridge,S3,T0057
0.01438974248402725,0.004294697745944599,0.0011760580703094482,high,0.0,ridge,S3,T0058
0.018543273215422543,0.004163356902657512,0.015568744286643189,high,0.0,ridge,S3,T0059
0.18070893486656972,0.4763214905772374,0.20561033475530335,high,0.0,ridge,S3,T0060
0.2641280681181963,0.02125245057487735,0.032493507326230714,high,0.0,ridge,S3,T0061
0.15611162600046638,0.007243104481361453,0.006134852160383056,high,0.0,ridge,S3,T0062
0.2473359219331065,0.19829399412039656,0.09098126233836328,high,0.0,ridge,S3,T0063
0.13442944910424862,0.04444279418622799,0.008996217768458008,high,0.0,ridge,S3,T0064
0.0017025113483981618,0.09837919178109836,0.04436006589116773,high,0.0,ridge,S3,T0065
0.0952993127571328,0.19178205591549402,0.10606766034019287,high,0.0,ridge,S3,T0066
0.04745111507412665,0.14619404150634843,0.04135021817071924,high,0.0,ridge,S3,T0067
0.0022510527213295832,0.06353745321580896,0.02903159022177783,high,0.0,ridge,S3,T0068
0.0048765372811390715,0.011225449346598528,0.00043063950042419435,high,0.0,ridge,S3,T0069
0.16689275048578842,0.004260969584202746,0.0030472216049500732,high,0.0,ridge,S3,T0070
0.15461896692122615,0.1882806816846661,0.07484319568505529,high,0.0,ridge,S3,T0071
0.055146259642134834,0.17092417185066297,0.07988429542839576,high,0.0,ridge,S3,T0072
0.01669176682554369,0.23187722338034072,0.08419405804007703,high,0.0,ridge,S3,T0073
0.11768258877417367,0.4032224988318407,0.19581041265888013,high,0.0,ridge,S3,T0074
0.173267265090806,0.38804215994147473,0.18289715940414722,high,0.0,ridge,S3,T0075
0.13039618393178357,0.02406284915091817,0.00795931109060144,high,0.0,ridge,S3,T0076
0.16852954810164303,0.028288599058268478,0.010525971314779297,high,0.0,ridge,S3,T0077
0.09175518747871649,0.05418500672471628,0.02307725076009021,high,0.0,ridge,S3,T0078
0.0016123146838176177,0.16833170603985345,0.08593715307351794,high,0.0,ridge,S3,T0079
0.017144407181741154,0.3670929747406399,0.17618855951276818,high,0.0,ridge,S3,T0080
0.04729687812273427,0.16342137131585252,0.050010479593597536,high,0.0,ridge,S3,T0081
0.20900815361044495,0.04159311172515002,0.021490209913155395,high,0.0,ridge,S3,T0082
0.338622495966344,0.2917826180040387,0.12172248500649,high,0.0,ridge,S3,T0083
0.0017835151577036417,0.08920375337434673,0.03528241637833936,high,0.0,ridge,S3,T0084
0.09082173296664499,0.0986947574548597,0.04982040595306787,high,0.0,ridge,S3,T0085
0.018740542745423198,0.1560837537935764,0.0841557582603855,high,0.0,ridge,S3,T0086
0.1761252341259362,0.07228334060368714,0.022578624552677368,high,0.0,ridge,S3,T0087
0.11454608615741604,0.21353963383373037,0.10554072351777491,high,0.0,ridge,S3,T0088
0.06591052675264804,0.12540367921237974,0.03878924225918139,high,0.0,ridge,S3,T0089
0.17699574436427698,0.05184463302307098,0.03193692656948157,high,0.0,ridge,S3,T0090
0.12045338828746646,0.3657982060797985,0.18353462037377258,high,0.0,ridge,S3,T0091
0.02368417156208836,0.1887046769136092,0.0913097819963269,high,0.0,ridge,S3,T0092
0.10274916271561688,0.0060468724829326765,0.012687708517565307,high,0.0,ridge,S3,T0093
0.14197324832360972,0.4090276155445983,0.18377941078878393,high,0.0,ridge,S3,T0094
0.1505512822150332,0.12837079522959846,0.06423236247036083,high,0.0,ridge,S3,T0095
0.026949342794575233,0.21002581662293607,0.11503726303647949,high,0.0,ridge,S3,T0096
0.10815566363668042,0.09605469972760297,0.03921793459839075,high,0.0,ridge,S3,T0097
0.2151747408354438,0.3415696825329623,0.14633272886134643,high,0.0,ridge,S3,T0098
0.13707893500015114,0.10296436778919285,0.03639236698489893,high,0.0,ridge,S3,T0099
0.00672752283969791,0.10751309705319737,0.04793594121333435,high,0.0,ridge,S3,T0100
0.1250236671705879,0.0033512918293787672,0.004870767188186035,high,0.0,ridge,S3,T0101
0.16330670715635212,0.3610249789266879,0.14109956804360058,high,0.0,ridge,S3,T0102
0.22762047061255875,0.08715967083453514,0.04702789059785083,high,0.0,ridge,S3,T0103
0.08884678869826747,0.09629857686087265,0.04119482973068555,high,0.0,ridge,S3,T0104
0.04208869416026607,0.22787173463201005,0.08650870531133252,high,0.0,ridge,S3,T0105
0.2475644798788213,0.07789756916454117,0.02625939934660022,high,0.0,ridge,S3,T0106
0.0327013064915166,0.1033751443273315,0.04651611797148877,high,0.0,ridge,S3,T0107
0.04796308578123133,0.13525486269892087,0.04904133563941199,high,0.0,ridge,S3,T0108
0.030025121804349304,0.44091259669898225,0.1860771885846587,high,0.0,ridge,S3,T0109
0.12902840578080668,0.05202118580747096,0.03899131435179797,high,0.0,ridge,S3,T0110
0.022592484114287995,0.08897217093949668,0.0435024662813949,high,0.0,ridge,S3,T0111
0.03014389485721026,0.1235874717273894,0.02830345833045105,high,0.0,ridge,S3,T0112
0.07464523008893055,0.04606342596481656,0.0355483865963617,high,0.0,ridge,S3,T0113
0.0027754714774003157,0.06593792270746747,0.022203516932792235,high,0.0,ridge,S3,T0114
0.0034046060997472436,0.15000779231018282,0.08137012784192675,high,0.0,ridge,S3,T0115
0.0906931768014685,0.3758439680334642,0.18773902752727636,high,0.0,ridge,S3,T0116
0.17148843134060734,0.1797417926306222,0.06183711101105554,high,0.0,ridge,S3,T0117
0.20475551179889367,0.181015571337122,0.08088750882344739,high,0.0,ridge,S3,T0118
0.00966883958165632,0.4665089064182627,0.22338556162842138,high,0.0,ridge,S3,T0119
0.04772515206296209,0.10841295361471717,0.04607253017200146,high,0.0,ridge,S3,T0120
0.01643046299736495,0.07983613822176995,0.042009378590221316,high,0.0,ridge,S3,T0121
0.03232510923698862,0.04743825787346835,0.0175956135722677,high,0.0,ridge,S3,T0122
0.023627209377258547,0.08945762468224595,0.04633262720416699,high,0.0,ridge,S3,T0123
0.009367203955649718,0.026212469222943187,0.0009986405962963867,high,0.0,ridge,S3,T0124
0.09336975181596598,0.21783024633550813,0.12246570020512451,high,0.0,ridge,S3,T0125
0.002448993925117105,0.023243687134951733,0.02076826240517041,high,0.0,ridge,S3,T0126
0.22204868764488828,0.028398221727835855,0.00837327110920166,high,0.0,ridge,S3,T0127
0.15609399556490464,0.012104117158752151,0.005982481759682129,high,0.5,gp,S1,T0000
0.06313009945952631,0.09129291406145353,0.05648548313887988,high,0.5,gp,S1,T0001
0.013449291116771626,0.23217468287878745,0.09187664820484448,high,0.5,gp,S1,T0002
0.16468513750498573,0.30652547846554945,0.15117839693714502,high,0.5,gp,S1,T0003
0.19187607837663884,0.033239585728152006,0.006513537459756592,high,0.5,gp,S1,T0004
0.5091691014367917,0.3503965804661308,0.17313000687288208,high,0.5,gp,S1,T0005
0.08727510743991058,0.02127466173391879,0.009998883491421631,high,0.5,gp,S1,T0006
0.19495029020071697,0.12964488580779923,0.05003514276875464,high,0.5,gp,S1,T0007
0.20541057233609,0.3506604917762807,0.16044533341150743,high,0.5,gp,S1,T0008
0.0012625524898601805,0.3470626666254934,0.15110064317985644,high,0.5,gp,S1,T0009
0.12584035950922726,0.15393636939255997,0.05737079400472021,high,0.5,gp,S1,T0010
0.11959442938266981,0.04984068367522605,0.017555860462206543,high,0.5,gp,S1,T0011
0.10561889327740273,0.11940919782119977,0.06227697395566797,high,0.5,gp,S1,T0012
0.18635048549982133,0.4076316520819904,0.1819911010984447,high,0.5,gp,S1,T0013
0.2489929225058513,0.041543879955421865,0.029238891200637697,high,0.5,gp,S1,T0014
0.07415516530352385,0.06806476481138525,0.018665297972311767,high,0.5,gp,S1,T0015
0.06473272724876107,0.412714827212436,0.19771598926888037,high,0.5,gp,S1,T0016
0.6012411164223407,0.21738597908799567,0.0678956437415636,high,0.5,gp,S1,T0017
0.07693340795304872,0.2139133070419919,0.1056497202579082,high,0.5,gp,S1,T0018
0.0666336023365341,0.3319720606372554,0.15773077824937426,high,0.5,gp,S1,T0019
0.11176264003962713,0.2767232450472332,0.11470404191222949,high,0.5,gp,S1,T0020
0.1502154910787246,0.24915696359776146,0.09818878695983264,high,0.5,gp,S1,T0021
0.24137007626004298,0.6125826374903725,0.2709528772890996,high,0.5,gp,S1,T0022
0.14539346968885483,0.2646064028847917,0.11219791088341052,high,0.5,gp,S1,T0023
0.3041863064306536,0.06372393228903596,0.014086063316632813,high,0.5,gp,S1,T0024
0.10149506607930905,0.08774123058917228,0.014418858253945068,high,0.5,gp,S1,T0025
0.1278829109047386,0.05519853968232348,0.02163073834607141,high,0.5,gp,S1,T0026
0.2255929659749515,0.29378556418386137,0.12822029313918457,high,0.5,gp,S1,T0027
0.10524183462497064,0.2019400316954429,0.11321215293414087,high,0.5,gp,S1,T0028
0.17318720276419455,0.204153000357934,0.12079269816198376,high,0.5,gp,S1,T0029
0.05364622895362049,0.09234330466634856,0.057700923943412356,high,0.5,gp,S1,T0030
0.07217652261287318,0.2156248628648722,0.1293676527056145,high,0.5,gp,S1,T0031
0.01331088967128136,0.19774813445041872,0.09959906885695874,high,0.5,gp,S1,T0032
0.2421240555218918,0.029362010411553847,0.03105700347538513,high,0.5,gp,S1,T0033
0.09743886496644263,0.3199186596603968,0.14134546549501575,high,0.5,gp,S1,T0034
0.3586256474260394,0.02018293142017014,0.01241821930142688,high,0.5,gp,S1,T0035
0.08742818131832032,0.2721896794019477,0.11651024069769764,high,0.5,gp,S1,T0036
0.37217985367940165,0.4662925831557214,0.2125807887199077,high,0.5,gp,S1,T0037
0.16813790058653968,0.2058469419903911,0.07483076706866504,high,0.5,gp,S1,T0038
0.305896313020371,0.1987122169772063,0.12273759929911865,high,0.5,gp,S1,T0039
0.04853684397821913,0.07173296985830747,0.0354824748268407,high,0.5,gp,S1,T0040
0.1030873094089663,0.015431782453917135,0.002826487842441406,high,0.5,gp,S1,T0041
0.27451661741386696,0.5380017610991371,0.24917338938516442,high,0.5,gp,S1,T0042
0.16494180187770438,0.11580353038729177,0.04084743262805835,high,0.5,gp,S1,T0043
0.6030160577520167,0.13508302723388213,0.06377687417880543,high,0.5,gp,S1,T0044
0.43980421434897454,0.49165598636453267,0.23370435173040038,high,0.5,gp,S1,T0045
0.11847968817014168,0.06941231827556545,0.011595762302294678,high,0.5,gp,S1,T0046
0.09574877104508053,0.12795467263952867,0.03625118499102124,high,0.5,gp,S1,T0047
0.0465315732844579,0.4187706074125226,0.1897937046210808,high,0.5,gp,S1,T0048
0.04400846430550138,0.005509405862393625,0.017353446484848756,high,0.5,gp,S1,T0049
0.24254810109055175,0.3844711577707897,0.1961111821956826,high,0.5,gp,S1,T0050
0.29564301073420013,0.5988389214378016,0.2805304922743865,high,0.5,gp,S1,T0051
0.34190640419596885,0.07721446845624148,0.04562119520080664,high,0.5,gp,S1,T0052
0.10250026587285829,0.46708101661203744,0.22436367903544616,high,0.5,gp,S1,T0053
0.025744846547198226,0.32220193315378626,0.15741567381454236,high,0.5,gp,S1,T0054
0.0250563791650485,0.16801049026529488,0.07170141953476623,high,0.5,gp,S1,T0055
0.22021704469708697,0.5262921394470755,0.22115414181125195,high,0.5,gp,S1,T0056
0.027697593733443944,0.1973667868251281,0.0769640971147926,high,0.5,gp,S1,T0057
0.005280488641746795,0.039270851943118974,0.0216912878484043,high,0.5,gp,S1,T0058
0.4002873403059491,0.007794952946859614,0.014272188092036743,high,0.5,gp,S1,T0059
0.16348722421589526,0.3960564444157034,0.16761703136386571,high,0.5,gp,S1,T0060
0.09325738499601445,0.16408748746911536,0.10146376440513892,high,0.5,gp,S1,T0061
0.26077208819707937,0.07062501777957032,0.031098406217132935,high,0.5,gp,S1,T0062
0.3143890445284154,0.267553305146433,0.11684311256037792,high,0.5,gp,S1,T0063
0.22348963762548557,0.21885725140098627,0.08253637128450268,high,0.5,gp,S1,T0064
0.05858303018275031,0.06282321239959755,0.017321635657458496,high,0.5,gp,S1,T0065
0.13869348462475176,0.09415122471162776,0.04682970026554846,high,0.5,gp,S1,T0066
0.1506811396669225,0.4338439227776054,0.17275047927842443,high,0.5,gp,S1,T0067
0.26818273202378456,0.0559109049226192,0.0002743888108217773,high,0.5,gp,S1,T0068
0.04473915738930801,0.011754106229721065,0.00027209611142614743,high,0.5,gp,S1,T0069
0.4465640152202525,0.16778483169861916,0.06872684910761304,high,0.5,gp,S1,T0070
0.05163611515668522,0.3369071588323958,0.15229069724402503,high,0.5,gp,S1,T0071
0.00013880216063633102,0.11707276675636094,0.05221068267398962,high,0.5,gp,S1,T0072
0.16467804675047829,0.43523182784758596,0.18575980618978868,high,0.5,gp,S1,T0073
0.2748006100832096,0.394912882903647,0.19917464266980883,high,0.5,gp,S1,T0074
0.40806917242737034,0.1681346249067134,0.07434270029363135,high,0.5,gp,S1,T0075
0.19571444138359573,0.11112168541606102,0.0628626931827561,high,0.5,gp,S1,T0076
0.24670758830859846,0.061538291404721626,0.027001605371414796,high,0.5,gp,S1,T0077
0.2698242574037835,0.14667365382805056,0.0742421345684862,high,0.5,gp,S1,T0078
0.1876692168057676,0.11163339892801774,0.053130405816023435,high,0.5,gp,S1,T0079
0.06030639677136797,0.3436886900365416,0.16847446224356835,high,0.5,gp,S1,T0080
0.22588593105713378,0.10578826034798874,0.02137387633037268,high,0.5,gp,S1,T0081
0.20808153778479838,0.11125452308132475,0.04000611686912451,high,0.5,gp,S1,T0082
0.3890159085125176,0.2959517754616984,0.12404841921286597,high,0.5,gp,S1,T0083
0.18763134293954936,0.0074355726200797684,0.003012859997326172,high,0.5,gp,S1,T0084
0.09234840230996634,0.025112709999297052,0.0183812744079115,high,0.5,gp,S1,T0085
0.20261709711698916,0.0050269496896779295,0.012700539410676758,high,0.5,gp,S1,T0086
0.23217735648061016,0.12250351914097127,0.04281573097933691,high,0.5,gp,S1,T0087
0.13106028197181988,0.34061657870879786,0.16866774207483204,high,0.5,gp,S1,T0088
0.231754655011284,0.27391483340480144,0.10863958330579687,high,0.5,gp,S1,T0089
0.15803571205579017,0.320752974759897,0.15364352148408777,high,0.5,gp,S1,T0090
0.057340809363243,0.25130605154928437,0.13335215670610742,high,0.5,gp,S1,T0091
0.19934206340456068,0.09190895819704338,0.0371742904641709,high,0.5,gp,S1,T0092
0.17401313003325844,0.04735986058334836,0.033840925412666624,high,0.5,gp,S1,T0093
0.17311039461351543,0.2386011997439622,0.11293703145705737,high,0.5,gp,S1,T0094
0.01416841917978168,0.26196709855065453,0.12062159094337524,high,0.5,gp,S1,T0095
0.21633604522128264,0.21428638158318059,0.11674230358626685,high,0.5,gp,S1,T0096
0.055537793499545476,0.16585724905106766,0.06878952064048034,high,0.5,gp,S1,T0097
0.13445560993149228,0.27238836960599483,0.10196715130163843,high,0.5,gp,S1,T0098
0.2844448207866879,0.0967193921456794,0.026622574205926026,high,0.5,gp,S1,T0099
0.02416433466721269,0.01998338777473963,0.011733118388296998,high,0.5,gp,S1,T0100
0.058097724360318695,0.06730193023439192,0.023729638024413087,high,0.5,gp,S1,T0101
0.037432051099277615,0.32145097745780676,0.13764195789206202,high,0.5,gp,S1,T0102
0.25176384617919384,0.10587570867982457,0.04220752072949683,high,0.5,gp,S1,T0103
0.2536120389053279,0.04419593000025202,0.007332438649151367,high,0.5,gp,S1,T0104
0.016898282287956538,0.39319136450736186,0.1560920546438618,high,0.5,gp,S1,T0105
0.44580893158896223,0.04701857282332579,0.05784301702063122,high,0.5,gp,S1,T0106
0.123904852633171,0.21178621039992135,0.10554855273673108,high,0.5,gp,S1,T0107
0.08044177297781065,0.17089430007383308,0.07380100698705286,high,0.5,gp,S1,T0108
0.05792046790948081,0.42410059238364534,0.17609309248480493,high,0.5,gp,S1,T0109
0.1311024361235286,0.06437601393491034,0.018990557257907104,high,0.5,gp,S1,T0110
0.033347204826839345,0.16086836763089948,0.08110203611864392,high,0.5,gp,S1,T0111
0.09897405590820588,0.1701431608042875,0.04816052843128845,high,0.5,gp,S1,T0112
0.19131060816494966,0.051377386030145036,0.04555154132736963,high,0.5,gp,S1,T0113
0.04996178026444088,0.03220473504633226,0.016753873754505617,high,0.5,gp,S1,T0114
0.22410879884213758,0.05344985141376936,0.034044454819830566,high,0.5,gp,S1,T0115
0.21712044259588786,0.5440993664994771,0.253332990906156,high,0.5,gp,S1,T0116
0.2877407005813399,0.0008650399245863085,0.023490240372207274,high,0.5,gp,S1,T0117
0.37600400657030003,0.26318909951294966,0.11509189545124646,high,0.5,gp,S1,T0118
0.08101641689256091,0.47683691811652923,0.23232609268288013,high,0.5,gp,S1,T0119
0.18463304794681226,0.13364266588885457,0.04237123149522131,high,0.5,gp,S1,T0120
0.021015944973843407,0.11678377975586993,0.055366044129118164,high,0.5,gp,S1,T0121
0.285664649547906,0.10868735176510438,0.028304888613120607,high,0.5,gp,S1,T0122
0.3086439675853376,0.009965198545495714,0.011137540638895996,high,0.5,gp,S1,T0123
0.21991073408091372,0.010594422147016115,0.008149731281124024,high,0.5,gp,S1,T0124
0.015722879880434307,0.10289206154819378,0.03802522573676025,high,0.5,gp,S1,T0125
0.03834225463195285,0.05679923625200507,0.052471769724204954,high,0.5,gp,S1,T0126
0.047503543580966215,0.1817784788467153,0.0887422811128999,high,0.5,gp,S1,T0127
0.09249789795713005,0.041521580904435036,0.030392851629649293,high,0.5,gp,S1x2,T0000
0.09976126791499787,0.08388738660584706,0.05290382526085877,high,0.5,gp,S1x2,T0001
0.05519683056714077,0.18073041415824223,0.06169103014761597,high,0.5,gp,S1x2,T0002
0.1090871828292295,0.2940840623232652,0.15197290143022765,high,0.5,gp,S1x2,T0003
0.12682679943718303,0.11329538356311344,0.04468382350025696,high,0.5,gp,S1x2,T0004
0.3854609086575179,0.31878171754980095,0.1707246298778379,high,0.5,gp,S1x2,T0005
0.06007806983916038,0.0003547172407741828,0.000335713730182373,high,0.5,gp,S1x2,T0006
0.16189009608201274,0.1654473620729444,0.06321360608782642,high,0.5,gp,S1x2,T0007
0.13853709157832797,0.48577846781762063,0.21496034418780566,high,0.5,gp,S1x2,T0008
0.13474674441721182,0.30113830747982356,0.1352446383218208,high,0.5,gp,S1x2,T0009
0.13182652744319237,0.15083861016556901,0.06400365989508301,high,0.5,gp,S1x2,T0010
0.03349447073385998,0.13847341618745376,0.0533779570927876,high,0.5,gp,S1x2,T0011
0.09305159090611693,0.11598233862687882,0.06462346363194581,high,0.5,gp,S1x2,T0012
0.16735673002040155,0.45066175261873215,0.2018958644131118,high,0.5,gp,S1x2,T0013
0.2687411848545041,0.035536314468240245,0.03851077703509973,high,0.5,gp,S1x2,T0014
0.07715569958230585,0.022015227822845543,0.008097596557576905,high,0.5,gp,S1x2,T0015
0.0038886778104155204,0.43367130445856283,0.2124520480487943,high,0.5,gp,S1x2,T0016
0.46807799473917344,0.31100406311114054,0.11363762158270435,high,0.5,gp,S1x2,T0017
0.00043444034087125616,0.30293581566166355,0.14758411193839233,high,0.5,gp,S1x2,T0018
0.005671263062957122,0.3024777575317384,0.15478399836846288,high,0.5,gp,S1x2,T0019
0.10643107887044925,0.356866890030069,0.15889388162605445,high,0.5,gp,S1x2,T0020
0.24707352737573135,0.17245851158128214,0.06452267514874598,high,0.5,gp,S1x2,T0021
0.3158746469577462,0.6404359383616469,0.2913766429155752,high,0.5,gp,S1x2,T0022
0.11046896351537497,0.32465748310306136,0.14815977794245497,high,0.5,gp,S1x2,T0023
0.23761298898824645,0.10041295067207526,0.03147050509374853,high,0.5,gp,S1x2,T0024
0.06569330335670644,0.018693770917883327,0.018636796217400636,high,0.5,gp,S1x2,T0025
0.11925383489778454,0.11782865358947461,0.05271725819619959,high,0.5,gp,S1x2,T0026
0.043953650590493894,0.23024767865219542,0.10235396909335473,high,0.5,gp,S1x2,T0027
0.05479382361780695,0.12755984127088396,0.09313965229758692,high,0.5,gp,S1x2,T0028
0.08501507486760486,0.1758220059722482,0.10688157639244751,high,0.5,gp,S1x2,T0029
0.01566801121841044,0.08491559111770992,0.04479508139201441,high,0.5,gp,S1x2,T0030
0.09905055913434299,0.22913021265038586,0.14795333366252003,high,0.5,gp,S1x2,T0031
0.043149304344366486,0.2286447500173306,0.10191184488082801,high,0.5,gp,S1x2,T0032
0.17085864282053445,0.025750806158699742,0.027740029034727418,high,0.5,gp,S1x2,T0033
0.018691034166074542,0.28909043443548504,0.12296228271284229,high,0.5,gp,S1x2,T0034
0.25773272465954794,0.06804608229566635,0.03669889095626135,high,0.5,gp,S1x2,T0035
0.1975479970683403,0.26999514139940484,0.1270209345160465,high,0.5,gp,S1x2,T0036
0.3096849406509098,0.5249278930051553,0.2408923501255868,high,0.5,gp,S1x2,T0037
0.19008236296757858,0.1399977789681692,0.04438364831663647,high,0.5,gp,S1x2,T0038
0.2666723456226289,0.2097067670561537,0.12060547469811353,high,0.5,gp,S1x2,T0039
0.09000839105833604,0.15310388957530788,0.06551384604081616,high,0.5,gp,S1x2,T0040
0.08493453458051693,0.11431936253630706,0.06460668482674585,high,0.5,gp,S1x2,T0041
0.30434622507042186,0.4528729322679321,0.2025553593524807,high,0.5,gp,S1x2,T0042
0.18284488261422596,0.13290906568159125,0.04973653851182959,high,0.5,gp,S1x2,T0043
0.5418712855295011,0.0896007968532553,0.04096327928628467,high,0.5,gp,S1x2,T0044
0.3509626841051206,0.4419023236003373,0.20223416603683106,high,0.5,gp,S1x2,T0045
0.12210991069794733,0.003322747676013372,0.026628555967723632,high,0.5,gp,S1x2,T0046
0.16943738486656787,0.11299346802253782,0.04052532707428198,high,0.5,gp,S1x2,T0047
0.05981088128599933,0.27338945652356067,0.12021219036292578,high,0.5,gp,S1x2,T0048
0.0022831996966998784,0.06748400963689812,0.03964274732924439,high,0.5,gp,S1x2,T0049
0.2182256449651982,0.35452923608845255,0.17772531561496874,high,0.5,gp,S1x2,T0050
0.29926630024089135,0.510040615324397,0.22560405956897583,high,0.5,gp,S1x2,T0051
0.30373491711034684,0.08518195866088764,0.04743807041661963,high,0.5,gp,S1x2,T0052
0.10986326115931258,0.5269620186712608,0.244687758429058,high,0.5,gp,S1x2,T0053
0.08605659590947697,0.22241184511741957,0.10757695204574182,high,0.5,gp,S1x2,T0054
0.021083524556667625,0.23586804921346133,0.10454823338269055,high,0.5,gp,S1x2,T0055
0.18084171326087198,0.48381319524736327,0.2089607774484856,high,0.5,gp,S1x2,T0056
0.07992572038393626,0.18619650366361848,0.07996933263556873,high,0.5,gp,S1x2,T0057
0.041641250802218484,0.03797311956376365,0.013398642930428344,high,0.5,gp,S1x2,T0058
0.3289971999117278,0.03395823029175183,0.0017957021209726563,high,0.5,gp,S1x2,T0059
0.24834758655748085,0.35964450309472934,0.1499174072017577,high,0.5,gp,S1x2,T0060
0.09261601968987455,0.10920742309773249,0.07441097538350586,high,0.5,gp,S1x2,T0061
0.19472817613586108,0.0622926524320261,0.02259458263548999,high,0.5,gp,S1x2,T0062
0.3323270202897933,0.21625156415501895,0.08395535032706884,high,0.5,gp,S1x2,T0063
0.07648934560632177,0.20181252583969916,0.07022588804446277,high,0.5,gp,S1x2,T0064
0.03894753337128382,0.006450731603093176,0.009727501503344482,high,0.5,gp,S1x2,T0065
0.13239636946204006,0.13017527509123747,0.05073995856948853,high,0.5,gp,S1x2,T0066
0.14343170250871287,0.3310930434488058,0.1318914608056471,high,0.5,gp,S1x2,T0067
0.30795353938591985,0.012450908899551697,0.007309894698406982,high,0.5,gp,S1x2,T0068
0.025982203595214533,0.0002182308592665883,0.002123350400182495,high,0.5,gp,S1x2,T0069
0.289448036214276,0.21618230556919366,0.09600235891424207,high,0.5,gp,S1x2,T0070
0.05855837142773908,0.2584216852814836,0.10991151323293458,high,0.5,gp,S1x2,T0071
0.07917029359426399,0.09053570649808525,0.03434688215502344,high,0.5,gp,S1x2,T0072
0.04178159191821213,0.4694523333814722,0.2065635562073756,high,0.5,gp,S1x2,T0073
0.14350955236007493,0.28473889115767265,0.1469734782122827,high,0.5,gp,S1x2,T0074
0.3136530858440204,0.14716616004796182,0.0696767297435708,high,0.5,gp,S1x2,T0075
0.13800987489898778,0.15160638215738018,0.06190432208021533,high,0.5,gp,S1x2,T0076
0.18476653068578988,0.016156530413003193,0.001055413866828125,high,0.5,gp,S1x2,T0077
0.29918794581013103,0.09696031134251717,0.04517717445528369,high,0.5,gp,S1x2,T0078
0.06783211697582116,0.07089647166953762,0.028841642907539308,high,0.5,gp,S1x2,T0079
0.06052939135844011,0.3495135719133758,0.17541277949728576,high,0.5,gp,S1x2,T0080
0.21708431900481057,0.07453280762035248,0.014932117522305664,high,0.5,gp,S1x2,T0081
0.18215323550527188,0.10532891633734584,0.04080041146435437,high,0.5,gp,S1x2,T0082
0.4587272902404325,0.2713062468650421,0.10868834665792773,high,0.5,gp,S1x2,T0083
0.2085063067846899,0.028960590276390093,0.00918028406888672,high,0.5,gp,S1x2,T0084
0.06373585617386991,0.08163206231517063,0.04446928572709412,high,0.5,gp,S1x2,T0085
0.24089402701692858,0.01841556564069147,0.007234847547942871,high,0.5,gp,S1x2,T0086
0.2733962217479841,0.16437744452616201,0.06853768850693372,high,0.5,gp,S1x2,T0087
0.1483776156602071,0.2965844561425441,0.14835350635636183,high,0.5,gp,S1x2,T0088
0.29993109602978635,0.21488424554931723,0.0856903181395896,high,0.5,gp,S1x2,T0089
0.16898836562858846,0.3008432975108833,0.13926777861692016,high,0.5,gp,S1x2,T0090
0.09069142335789927,0.12951277071507813,0.07391297325571985,high,0.5,gp,S1x2,T0091
0.20672102723208247,0.1343350556754536,0.04267331077487451,high,0.5,gp,S1x2,T0092
0.12216146503142708,0.16765384504417338,0.09454957310556018,high,0.5,gp,S1x2,T0093
0.1496854931427755,0.2528114456339254,0.11708476960869971,high,0.5,gp,S1x2,T0094
0.0729524548373603,0.26294204720700104,0.12017828995984546,high,0.5,gp,S1x2,T0095
0.12231591351666546,0.2458408657352807,0.1272478559205758,high,0.5,gp,S1x2,T0096
0.06276514979863702,0.08566325595528114,0.03144552417221045,high,0.5,gp,S1x2,T0097
0.15350993663458992,0.30394916364050845,0.11527968570580054,high,0.5,gp,S1x2,T0098
0.208749850808791,0.15495357081374397,0.05298877814884351,high,0.5,gp,S1x2,T0099
0.06300364272657845,0.010896959983706657,0.006280934019321411,high,0.5,gp,S1x2,T0100
0.024505328305494685,0.056280598076354785,0.02605637492640991,high,0.5,gp,S1x2,T0101
0.06308530810238579,0.3111936013302697,0.13863179198743236,high,0.5,gp,S1x2,T0102
0.13008207318206902,0.06250424104012138,0.020419420179990724,high,0.5,gp,S1x2,T0103
0.25810677237059826,0.0829649278679659,0.030992651074635988,high,0.5,gp,S1x2,T0104
0.07587628018015992,0.39012527385100565,0.16066323642729688,high,0.5,gp,S1x2,T0105
0.28337165016867316,0.03494019010221728,0.012305360743208862,high,0.5,gp,S1x2,T0106
0.01522026320099679,0.13386862104297462,0.06514610214495618,high,0.5,gp,S1x2,T0107
0.1174867849902467,0.17952825390848362,0.07764178362014869,high,0.5,gp,S1x2,T0108
0.15792886331825187,0.37594605679617626,0.152314551688177,high,0.5,gp,S1x2,T0109
0.056238196560153844,0.08338785602483496,0.031018554938591673,high,0.5,gp,S1x2,T0110
0.10970488044348167,0.12834303274145645,0.0731898864922837,high,0.5,gp,S1x2,T0111
0.117701994968851,0.24614109701692483,0.08013428441010864,high,0.5,gp,S1x2,T0112
0.20551886239845057,0.008437134955825156,0.01342672347968628,high,0.5,gp,S1x2,T0113
0.00470459100530174,0.023459262631848617,0.014780657678139648,high,0.5,gp,S1x2,T0114
0.22789852016654794,0.006069667314599904,0.005208114126702637,high,0.5,gp,S1x2,T0115
0.1457794592272821,0.5442453016032734,0.25822391453969273,high,0.5,gp,S1x2,T0116
0.1507702329524058,0.03750556893443447,0.033868127737748166,high,0.5,gp,S1x2,T0117
0.40525354936535735,0.2333230746854082,0.10030887052303919,high,0.5,gp,S1x2,T0118
0.07593937992443124,0.4962825338055772,0.24037873083278882,high,0.5,gp,S1x2,T0119
0.11865094032323778,0.1907640506024833,0.079352472496078,high,0.5,gp,S1x2,T0120
0.12010476410474649,0.11974096775194207,0.04914660676482617,high,0.5,gp,S1x2,T0121
0.3227396635424851,0.09598401939369036,0.02113921849882324,high,0.5,gp,S1x2,T0122
0.44414253180113283,0.13383085867655078,0.06795577357836219,high,0.5,gp,S1x2,T0123
0.19122503190953216,0.0527095456831503,0.021573355495257324,high,0.5,gp,S1x2,T0124
0.0513647401777967,0.11011057752388978,0.04599570778237402,high,0.5,gp,S1x2,T0125
0.07634531264783641,0.01786756163967285,0.0014620214416033936,high,0.5,gp,S1x2,T0126
0.08443069751105094,0.09336251022963678,0.05752716251798584,high,0.5,gp,S1x2,T0127
0.1023798140865709,0.00937295856069831,0.013080909782454834,high,0.5,gp,S1x2cat,T0000
0.1260240744431815,0.12429755747667001,0.07487938534865515,high,0.5,gp,S1x2cat,T0001
0.06307832281087612,0.173562017712961,0.059079768623309326,high,0.5,gp,S1x2cat,T0002
0.14757744065394487,0.2909026027532014,0.16028029026159643,high,0.5,gp,S1x2cat,T0003
0.11578868098693798,0.09782100743909203,0.03654913354576379,high,0.5,gp,S1x2cat,T0004
0.3997231117823095,0.29832315658162445,0.170010702892781,high,0.5,gp,S1x2cat,T0005
0.06921123094992267,0.017874143298492465,0.010402673809084717,high,0.5,gp,S1x2cat,T0006
0.15463584751552548,0.1445868656174085,0.05241931598733325,high,0.5,gp,S1x2cat,T0007
0.13324149055433057,0.5116314668300305,0.22615053541768065,high,0.5,gp,S1x2cat,T0008
0.16342112406297685,0.22169688158616868,0.10056300509503394,high,0.5,gp,S1x2cat,T0009
0.1552156253296916,0.13286770792016625,0.056016814054887204,high,0.5,gp,S1x2cat,T0010
0.10215379251085374,0.1551114984628538,0.06320074464791284,high,0.5,gp,S1x2cat,T0011
0.13615380621950282,0.11363625002764946,0.06950394881723804,high,0.5,gp,S1x2cat,T0012
0.17354590129710332,0.36979643707795085,0.1665659532721892,high,0.5,gp,S1x2cat,T0013
0.26762346078065746,0.05865876652602965,0.050924411671919675,high,0.5,gp,S1x2cat,T0014
0.06591324994426524,0.0343483634457148,0.002632338924440918,high,0.5,gp,S1x2cat,T0015
0.012518944069138952,0.39646644528247355,0.1980370824382534,high,0.5,gp,S1x2cat,T0016
0.5245105172627696,0.3272364343113205,0.11148845901741272,high,0.5,gp,S1x2cat,T0017
0.03349999275825966,0.3086236392956277,0.154141885187375,high,0.5,gp,S1x2cat,T0018
0.020683207724284672,0.2855840021471823,0.14755132742410706,high,0.5,gp,S1x2cat,T0019
0.08120864722688582,0.3094072567024867,0.13784551587060936,high,0.5,gp,S1x2cat,T0020
0.28889481713603926,0.17422403932067845,0.060692840449666136,high,0.5,gp,S1x2cat,T0021
0.36951105914907806,0.6069189174664046,0.2785558256321655,high,0.5,gp,S1x2cat,T0022
0.16591492509259623,0.2865027061749809,0.1376795022818014,high,0.5,gp,S1x2cat,T0023
0.2786334977451269,0.12776185851072155,0.038850826247354246,high,0.5,gp,S1x2cat,T0024
0.09744375328565066,0.08226058395764514,0.006314143254394043,high,0.5,gp,S1x2cat,T0025
0.13484996907146554,0.07326885584956257,0.030800653633250855,high,0.5,gp,S1x2cat,T0026
0.098027913169734,0.25800707449621685,0.11172145878344922,high,0.5,gp,S1x2cat,T0027
0.036530868640768384,0.11866287049886351,0.10100867393623096,high,0.5,gp,S1x2cat,T0028
0.0937451686351254,0.20840041305957796,0.1306104323647831,high,0.5,gp,S1x2cat,T0029
0.03916727512891544,0.045802297381840336,0.028892441637326904,high,0.5,gp,S1x2cat,T0030
0.16600024387952636,0.18495361269634278,0.13382341991680896,high,0.5,gp,S1x2cat,T0031
0.02110151191127785,0.26636479320402284,0.11746195667743262,high,0.5,gp,S1x2cat,T0032
0.2301657228248422,0.06506811834974259,0.05170430450239685,high,0.5,gp,S1x2cat,T0033
0.021159310448277683,0.32468095006386705,0.13802595059959644,high,0.5,gp,S1x2cat,T0034
0.31959895028200436,0.013288964696812903,0.008272086835464721,high,0.5,gp,S1x2cat,T0035
0.14065150675844743,0.25458768461144343,0.11562142481333215,high,0.5,gp,S1x2cat,T0036
0.30093482895183077,0.5597940435075672,0.25880804883349084,high,0.5,gp,S1x2cat,T0037
0.16822847678429567,0.1598596275807013,0.05143605981922376,high,0.5,gp,S1x2cat,T0038
0.27056226033327,0.20613800720104525,0.12239160102189844,high,0.5,gp,S1x2cat,T0039
0.10940252625305238,0.17592085756787226,0.07475833810514172,high,0.5,gp,S1x2cat,T0040
0.08711309822428016,0.09147273950852493,0.05957186755239465,high,0.5,gp,S1x2cat,T0041
0.2795346970276181,0.508092846716305,0.22366834590539575,high,0.5,gp,S1x2cat,T0042
0.16112494035396666,0.1302718022603955,0.04586306492730615,high,0.5,gp,S1x2cat,T0043
0.5365191393693703,0.08174669872687669,0.03648336302437598,high,0.5,gp,S1x2cat,T0044
0.39502867164866184,0.44297934525953053,0.20615144011280104,high,0.5,gp,S1x2cat,T0045
0.1559172512040974,0.012091168134797384,0.028064423963192017,high,0.5,gp,S1x2cat,T0046
0.1799709783681536,0.1096421203414494,0.03759985234153345,high,0.5,gp,S1x2cat,T0047
0.009442043526514678,0.3258503639098837,0.1410362716952964,high,0.5,gp,S1x2cat,T0048
0.0673976628732942,0.026531227693826216,0.026127068440577026,high,0.5,gp,S1x2cat,T0049
0.21629182266166674,0.3662234644396029,0.18568301067958984,high,0.5,gp,S1x2cat,T0050
0.3127076549367703,0.6036492073897732,0.26546606426398706,high,0.5,gp,S1x2cat,T0051
0.26592126349779066,0.11580145197962802,0.06280435901811549,high,0.5,gp,S1x2cat,T0052
0.08730034182184933,0.5150584211222247,0.24436333237637353,high,0.5,gp,S1x2cat,T0053
0.04818434296131992,0.3185789275607332,0.14850982139129112,high,0.5,gp,S1x2cat,T0054
0.07127850703682216,0.23185724413177683,0.10934826167863781,high,0.5,gp,S1x2cat,T0055
0.20997123800905687,0.4730780117830109,0.2046770715044851,high,0.5,gp,S1x2cat,T0056
0.10901300477862727,0.15507211144860675,0.06941683205707874,high,0.5,gp,S1x2cat,T0057
0.03300971842191914,0.08056915547660749,0.026815682189133546,high,0.5,gp,S1x2cat,T0058
0.366841062856643,0.009864646098455556,0.025547332216196046,high,0.5,gp,S1x2cat,T0059
0.25963154836075647,0.3945216620842552,0.16738954769922143,high,0.5,gp,S1x2cat,T0060
0.09871186032428261,0.08129379859757731,0.0680303765782102,high,0.5,gp,S1x2cat,T0061
0.2572494280629404,0.12380905535800626,0.04741101707525586,high,0.5,gp,S1x2cat,T0062
0.35027733324769944,0.2614786011281473,0.09913041501311572,high,0.5,gp,S1x2cat,T0063
0.12551449801131684,0.20020081256555916,0.06734844406513085,high,0.5,gp,S1x2cat,T0064
0.013488412984849766,0.0011619065880086323,0.012828469898783692,high,0.5,gp,S1x2cat,T0065
0.13133586173849301,0.16345898881676899,0.060686322272787356,high,0.5,gp,S1x2cat,T0066
0.13201472810864703,0.344918558924956,0.1372183634265841,high,0.5,gp,S1x2cat,T0067
0.31509521937301727,0.013939945055546635,0.019547701180919433,high,0.5,gp,S1x2cat,T0068
0.03882455306423283,0.03620767367650741,0.013094413792250122,high,0.5,gp,S1x2cat,T0069
0.34499209122578123,0.18772258965004013,0.07768056639166601,high,0.5,gp,S1x2cat,T0070
0.02636636333812504,0.2881492001938552,0.12101933725056567,high,0.5,gp,S1x2cat,T0071
0.09229143324334667,0.06204267728583708,0.016711911980070555,high,0.5,gp,S1x2cat,T0072
0.01926546973056387,0.4381642547696514,0.19473016381304176,high,0.5,gp,S1x2cat,T0073
0.1519516798303275,0.30346645472830397,0.15567290668251613,high,0.5,gp,S1x2cat,T0074
0.32459264259876447,0.15238288692254134,0.07105073155391675,high,0.5,gp,S1x2cat,T0075
0.1564515069335737,0.2454163767243992,0.09991923693110656,high,0.5,gp,S1x2cat,T0076
0.18321249997602154,0.0399333678232558,0.02017165249255957,high,0.5,gp,S1x2cat,T0077
0.27574705158129104,0.10071396932434087,0.04632318531897095,high,0.5,gp,S1x2cat,T0078
0.06461230803449404,0.13104386010844768,0.05648438679775928,high,0.5,gp,S1x2cat,T0079
0.08289364502485687,0.3407378061606104,0.17406199207556652,high,0.5,gp,S1x2cat,T0080
0.2304493317208845,0.024617563083053358,0.005191072547850586,high,0.5,gp,S1x2cat,T0081
0.20386885002289806,0.08951069806130614,0.031859414219017335,high,0.5,gp,S1x2cat,T0082
0.4659433662509933,0.2825858409550822,0.11473172632984424,high,0.5,gp,S1x2cat,T0083
0.18224238590056233,0.08257534449762295,0.029801495273852296,high,0.5,gp,S1x2cat,T0084
0.09131831387853341,0.07344246078102247,0.04942541876786707,high,0.5,gp,S1x2cat,T0085
0.2417223357639634,0.0007436773772107055,0.0012500688844787598,high,0.5,gp,S1x2cat,T0086
0.22642928186980943,0.16998047837421373,0.0654659034555282,high,0.5,gp,S1x2cat,T0087
0.17712614827435888,0.29850369752097433,0.1533781682750449,high,0.5,gp,S1x2cat,T0088
0.2937940538387588,0.2551663417158884,0.09808183628861768,high,0.5,gp,S1x2cat,T0089
0.21242987623966736,0.31605624710961017,0.14600884735122327,high,0.5,gp,S1x2cat,T0090
0.13596974390613722,0.15190055386637039,0.08474068063754639,high,0.5,gp,S1x2cat,T0091
0.18315526016291275,0.18515621467532054,0.06193980853339014,high,0.5,gp,S1x2cat,T0092
0.15086628160671442,0.14230056657794035,0.09006268603556823,high,0.5,gp,S1x2cat,T0093
0.1268910479504898,0.28755915224179646,0.13106251156067797,high,0.5,gp,S1x2cat,T0094
0.05015093575112263,0.2315377700892302,0.10939538741699048,high,0.5,gp,S1x2cat,T0095
0.16404186489896252,0.23293489225609315,0.12232552068555005,high,0.5,gp,S1x2cat,T0096
0.04799852550799068,0.11311676710493188,0.04054025972858545,high,0.5,gp,S1x2cat,T0097
0.18183143541376182,0.2989064253495128,0.11159501778673657,high,0.5,gp,S1x2cat,T0098
0.2180303077095836,0.14140231025894737,0.04896218692001855,high,0.5,gp,S1x2cat,T0099
0.01155166655196105,0.017353802949393596,0.01291660704922058,high,0.5,gp,S1x2cat,T0100
0.04317508816686134,0.028981983901658077,0.009169630206704346,high,0.5,gp,S1x2cat,T0101
0.07829386782987892,0.3047972059679555,0.1401296982667539,high,0.5,gp,S1x2cat,T0102
0.17129312707215796,0.04278917767128854,0.013159896903567628,high,0.5,gp,S1x2cat,T0103
0.31740145782476836,0.026206866550882453,0.006069781820303955,high,0.5,gp,S1x2cat,T0104
0.07202502961928149,0.37779388764906424,0.15430623231139404,high,0.5,gp,S1x2cat,T0105
0.32164010338755966,0.034044018099849145,0.04435687898345911,high,0.5,gp,S1x2cat,T0106
0.008258371603936944,0.18039411109275347,0.08528609843823681,high,0.5,gp,S1x2cat,T0107
0.08795716148236322,0.216137421553585,0.08877229029697302,high,0.5,gp,S1x2cat,T0108
0.14077559008503995,0.4094626354729551,0.16753616878627295,high,0.5,gp,S1x2cat,T0109
0.04633188684588397,0.08315510644296782,0.033854251469707275,high,0.5,gp,S1x2cat,T0110
0.07120032392257143,0.09604065587474955,0.06063944863480274,high,0.5,gp,S1x2cat,T0111
0.1202748381008448,0.2300379121187041,0.06988387890813538,high,0.5,gp,S1x2cat,T0112
0.14313820760671894,0.05959142403890173,0.04102163824069568,high,0.5,gp,S1x2cat,T0113
0.018149636077864354,0.05059125432775814,0.026503773374156006,high,0.5,gp,S1x2cat,T0114
0.21434100539314943,0.009711107063246073,0.008236900897618896,high,0.5,gp,S1x2cat,T0115
0.17087226908055922,0.5757133698573426,0.27261938574051514,high,0.5,gp,S1x2cat,T0116
0.1831890625773844,0.010073564856498686,0.026390460800591188,high,0.5,gp,S1x2cat,T0117
0.37977182059249975,0.24064737245934947,0.10438328452749011,high,0.5,gp,S1x2cat,T0118
0.07870234400460364,0.4751617115318597,0.2382137020292002,high,0.5,gp,S1x2cat,T0119
0.1702013553712223,0.20837612046965887,0.08647987775302844,high,0.5,gp,S1x2cat,T0120
0.11672780724365675,0.12325762794209719,0.05246569664006201,high,0.5,gp,S1x2cat,T0121
0.3369485423777219,0.14201519645897723,0.03922200943363013,high,0.5,gp,S1x2cat,T0122
0.4792237962904651,0.13763805655952147,0.07497453220258898,high,0.5,gp,S1x2cat,T0123
0.272802561704669,0.05348604955240922,0.02114716345415918,high,0.5,gp,S1x2cat,T0124
0.04659819484015227,0.10543280089219512,0.042436633888980224,high,0.5,gp,S1x2cat,T0125
0.08529799089972091,0.010141343020399209,0.010961413058657105,high,0.5,gp,S1x2cat,T0126
0.1283327061238382,0.10769811196948423,0.07562871509913612,high,0.5,gp,S1x2cat,T0127
0.0728204942275862,0.16047953894565178,0.04526390886588672,high,0.5,gp,S2,T0000
0.0661285528709807,0.032710237922229664,0.030358616577628172,high,0.5,gp,S2,T0001
0.05143632374306485,0.20158931301948796,0.06816708797731519,high,0.5,gp,S2,T0002
0.03162272278520229,0.301443189459979,0.14007335975693921,high,0.5,gp,S2,T0003
0.11423188416898547,0.03549278845746213,0.026145868780636843,high,0.5,gp,S2,T0004
0.11014615859068796,0.4664177267422638,0.21444741341468335,high,0.5,gp,S2,T0005
0.12151194822184244,0.08688911817327229,0.03924062253146704,high,0.5,gp,S2,T0006
0.016807687461591062,0.17104272174823135,0.07963619987574451,high,0.5,gp,S2,T0007
0.0886310582033767,0.17727428626895583,0.07380716874836316,high,0.5,gp,S2,T0008
0.10140757329385466,0.321965270960814,0.15160829437582543,high,0.5,gp,S2,T0009
0.0788506413914364,0.1877420556377971,0.07265654780938159,high,0.5,gp,S2,T0010
0.03648802140840097,0.04132902267508649,0.0203960266205105,high,0.5,gp,S2,T0011
0.036060311007582176,0.23907782289871454,0.10931953343084326,high,0.5,gp,S2,T0012
0.15162651652184503,0.32027181257164505,0.14458785161638257,high,0.5,gp,S2,T0013
0.08289888341374925,0.025117278310687892,0.017234743979113037,high,0.5,gp,S2,T0014
0.022557574999832745,0.03598871046846142,0.008079226082836425,high,0.5,gp,S2,T0015
0.08304864906959754,0.3332566335663479,0.15098542802543408,high,0.5,gp,S2,T0016
0.2650116596816188,0.16005441167501913,0.048111779488210694,high,0.5,gp,S2,T0017
0.05115421367584251,0.2609368859240286,0.13101413393439942,high,0.5,gp,S2,T0018
0.06728556537330067,0.18066523753017846,0.08605293096917944,high,0.5,gp,S2,T0019
0.025081591640307994,0.09530399399574899,0.04110166347305542,high,0.5,gp,S2,T0020
0.03053962955782725,0.16324766293920104,0.06020278526658777,high,0.5,gp,S2,T0021
0.16790455426092118,0.665669061843374,0.2926460840959985,high,0.5,gp,S2,T0022
0.2929242672967686,0.29496525071816165,0.11364745926113928,high,0.5,gp,S2,T0023
0.06080676191775687,0.010952565452655995,0.012132813233048828,high,0.5,gp,S2,T0024
0.004902906096573568,0.1453079173463587,0.028687140095262208,high,0.5,gp,S2,T0025
0.03566388703269086,0.06219354223922864,0.02025325210634607,high,0.5,gp,S2,T0026
0.23515876774283884,0.311706668093775,0.13266481931586327,high,0.5,gp,S2,T0027
0.04115743881097201,0.2119384227056232,0.10437447367436962,high,0.5,gp,S2,T0028
0.07970186915819884,0.21223990427489298,0.12968190071652064,high,0.5,gp,S2,T0029
0.013301292997549289,0.040333699063196955,0.003708906296768799,high,0.5,gp,S2,T0030
0.09618199125018131,0.12970106183764182,0.09310010805567016,high,0.5,gp,S2,T0031
0.07386356738466605,0.0057155002133665875,0.00954254710551355,high,0.5,gp,S2,T0032
0.09310329744280534,0.021512792033137055,0.005864949991036011,high,0.5,gp,S2,T0033
0.11972197327858261,0.21971511923431225,0.10599168466847973,high,0.5,gp,S2,T0034
0.1727700195872964,0.0119063098513475,0.003983157844820557,high,0.5,gp,S2,T0035
0.07943523526417808,0.24262767610030467,0.11179645762659582,high,0.5,gp,S2,T0036
0.07247367272606499,0.21475072195106754,0.09532030126063636,high,0.5,gp,S2,T0037
0.1378671976588103,0.2464469065952874,0.09909134423521997,high,0.5,gp,S2,T0038
0.011554409128472777,0.2142243003440359,0.12536242750896973,high,0.5,gp,S2,T0039
0.10740630896556083,0.08364768699773485,0.0393576665319613,high,0.5,gp,S2,T0040
0.0168703400914777,0.046669050469631275,0.008716784695445312,high,0.5,gp,S2,T0041
0.19884705133458142,0.4028510431122674,0.18313809952296778,high,0.5,gp,S2,T0042
0.01829723526560523,0.09562520978128267,0.03670951569595215,high,0.5,gp,S2,T0043
0.17057339400509328,0.28794928494549404,0.14014383668921312,high,0.5,gp,S2,T0044
0.23167356972670589,0.5937617625783776,0.27576435602226584,high,0.5,gp,S2,T0045
0.03899242863912134,0.07315098386255493,0.045429264698491574,high,0.5,gp,S2,T0046
0.028129776419981718,0.08725355147257531,0.011428751967119628,high,0.5,gp,S2,T0047
0.18788497057149806,0.3111117099498934,0.13821124649495117,high,0.5,gp,S2,T0048
0.11549292578166756,0.051522672893712665,0.0028848636716226807,high,0.5,gp,S2,T0049
0.23835109588865927,0.2642940613361267,0.1420721199611814,high,0.5,gp,S2,T0050
0.05450248531106429,0.45604836301413554,0.217600703820562,high,0.5,gp,S2,T0051
0.12507641237051062,0.08224819193553391,0.051555627094591064,high,0.5,gp,S2,T0052
0.054936819653382554,0.4787630180190526,0.22980543669053907,high,0.5,gp,S2,T0053
0.02159080637235356,0.27953258283354493,0.13811893462300465,high,0.5,gp,S2,T0054
0.08996950849016945,0.0338972135767135,0.02092099987106311,high,0.5,gp,S2,T0055
0.04799929473598975,0.530991778559572,0.21269294602771374,high,0.5,gp,S2,T0056
0.00797787954931073,0.16108208532849086,0.06177991759479102,high,0.5,gp,S2,T0057
0.06754640841380889,0.013391342802482335,0.0068221961488150636,high,0.5,gp,S2,T0058
0.020826769500992274,0.004610165559074398,0.009931746875419312,high,0.5,gp,S2,T0059
0.1412089836080255,0.4364586295323748,0.18760855505441662,high,0.5,gp,S2,T0060
0.27834091319559223,0.13956845342226662,0.09585102034272315,high,0.5,gp,S2,T0061
0.1932740542872372,0.052402090599120724,0.021790579764107545,high,0.5,gp,S2,T0062
0.23809704197286707,0.23281828906736363,0.10445588766057592,high,0.5,gp,S2,T0063
0.11024143073724488,0.10242078217677311,0.03336908437446521,high,0.5,gp,S2,T0064
0.03554376117404418,0.02801543545931485,0.0206379525123479,high,0.5,gp,S2,T0065
0.0725929472559539,0.20139255624378188,0.10419380807303992,high,0.5,gp,S2,T0066
0.09570942603152502,0.19936177561294738,0.06950403269567346,high,0.5,gp,S2,T0067
0.03596723251831969,0.09043187212980365,0.06364002480813574,high,0.5,gp,S2,T0068
0.0030057749247647267,0.041740680219388156,0.026009548556380737,high,0.5,gp,S2,T0069
0.1374693645824732,0.10847037133149248,0.044318421430549926,high,0.5,gp,S2,T0070
0.1634837640413939,0.25622602064329375,0.11328222470576685,high,0.5,gp,S2,T0071
0.05805780399993522,0.17793190629218916,0.0772495712547107,high,0.5,gp,S2,T0072
0.0619776768519817,0.38174676532632523,0.15748294654873168,high,0.5,gp,S2,T0073
0.14492844853689127,0.43934017090794986,0.21522947149592847,high,0.5,gp,S2,T0074
0.17501597526680987,0.3247590579266885,0.15683008835468776,high,0.5,gp,S2,T0075
0.12489435580139932,0.14984747949493146,0.0717253931868811,high,0.5,gp,S2,T0076
0.05605539648269765,0.030139985286770095,0.020778748634757448,high,0.5,gp,S2,T0077
0.09991799879839727,0.11503709036705947,0.05458809694896155,high,0.5,gp,S2,T0078
0.05863330211350938,0.12656786128726008,0.06892220747202783,high,0.5,gp,S2,T0079
0.03570963274257267,0.35743810257685865,0.17412202848766528,high,0.5,gp,S2,T0080
0.038870046810506605,0.12457278071713515,0.028701192266215942,high,0.5,gp,S2,T0081
0.18569011593191245,0.03694270869410877,0.019653618490689452,high,0.5,gp,S2,T0082
0.3208752653886338,0.2564856383740203,0.10758952147049683,high,0.5,gp,S2,T0083
0.03966222383367247,0.09414235591578782,0.040528879392213134,high,0.5,gp,S2,T0084
0.09199762853797423,0.03253368877866148,0.023803880277973023,high,0.5,gp,S2,T0085
0.016271454535162214,0.08879604630013029,0.056577359068488035,high,0.5,gp,S2,T0086
0.19341515677847787,0.05019684476808424,0.014597255324999756,high,0.5,gp,S2,T0087
0.100477852749607,0.2492209860691253,0.12619865559620838,high,0.5,gp,S2,T0088
0.037400411881537705,0.22843770997202867,0.08653384255873901,high,0.5,gp,S2,T0089
0.19591814882745673,0.06868426720356093,0.0425811064427666,high,0.5,gp,S2,T0090
0.12409125768551635,0.3091825628612147,0.1633023575584004,high,0.5,gp,S2,T0091
0.0696703662725723,0.07005622307797889,0.040466026102778566,high,0.5,gp,S2,T0092
0.12285691686712594,0.00011950480797495724,0.014894964252614624,high,0.5,gp,S2,T0093
0.1259659030632704,0.40504724118443813,0.18029438405603418,high,0.5,gp,S2,T0094
0.10270024339281816,0.19679521952785778,0.09229429203009179,high,0.5,gp,S2,T0095
0.045438525111193014,0.261638297462217,0.14274868956855077,high,0.5,gp,S2,T0096
0.10462108077862689,0.09037718484813274,0.03467479809355945,high,0.5,gp,S2,T0097
0.2155760837896465,0.31196585496100887,0.12811108286025805,high,0.5,gp,S2,T0098
0.15938037298617982,0.04686431814269088,0.01242409670666162,high,0.5,gp,S2,T0099
0.02525701012638327,0.04125034524633143,0.019069614928934327,high,0.5,gp,S2,T0100
0.08206856271046921,0.035908016822134854,0.005237239119660401,high,0.5,gp,S2,T0101
0.09099101330445171,0.3465841283889554,0.13711517355405078,high,0.5,gp,S2,T0102
0.1434450339864238,0.10580821143346467,0.049179527042082276,high,0.5,gp,S2,T0103
0.09886267911865174,0.02478428949436396,0.0014158941607485351,high,0.5,gp,S2,T0104
0.0494610029803494,0.28377021943457126,0.10784194265607519,high,0.5,gp,S2,T0105
0.2545920061171584,0.06063335184048947,0.044536816491741696,high,0.5,gp,S2,T0106
0.016921983805849864,0.12221360910097348,0.06549726241508314,high,0.5,gp,S2,T0107
0.031124245003815727,0.15241790384639606,0.055094074912065305,high,0.5,gp,S2,T0108
0.0491669612943685,0.40818666046267144,0.1691003185604845,high,0.5,gp,S2,T0109
0.1250523443232399,0.05187224777270212,0.04102212340651563,high,0.5,gp,S2,T0110
0.00030413166649451156,0.16149480977901756,0.07674901661865723,high,0.5,gp,S2,T0111
0.04978068121337666,0.0785755778518349,0.006801629766992554,high,0.5,gp,S2,T0112
0.05462593590128574,0.10384226469736388,0.06431386257555664,high,0.5,gp,S2,T0113
0.0612953120338028,0.04055584180647998,0.005689024371736572,high,0.5,gp,S2,T0114
0.027739707286703615,0.07028789010261606,0.048500805179234864,high,0.5,gp,S2,T0115
0.09664277411922442,0.34476045880073947,0.1751815748533257,high,0.5,gp,S2,T0116
0.11925482500741605,0.11814821270186462,0.031415024592236815,high,0.5,gp,S2,T0117
0.15061333455258816,0.1840591213127574,0.08451678557824865,high,0.5,gp,S2,T0118
0.01366275064521583,0.4007888615135542,0.19770084733892468,high,0.5,gp,S2,T0119
0.026447549141656597,0.13708019314114586,0.05096077824194373,high,0.5,gp,S2,T0120
0.03928436737799635,0.08012178497755902,0.04829915316146338,high,0.5,gp,S2,T0121
0.08832008510507806,0.03291185992522761,0.022740407495977905,high,0.5,gp,S2,T0122
0.04511081267910056,0.05500416483616656,0.02857398408198999,high,0.5,gp,S2,T0123
0.059797936445214486,0.0012078044094901432,0.01206296192098999,high,0.5,gp,S2,T0124
0.08221421678364317,0.13152280985485434,0.055867866720725586,high,0.5,gp,S2,T0125
0.02590886667537374,0.032277436298628344,0.04768330549858215,high,0.5,gp,S2,T0126
0.09977750754736284,0.08184687630447941,0.03741492642887915,high,0.5,gp,S2,T0127
0.08346938849036452,0.11127230552312187,0.021750223247142944,high,0.5,gp,S3,T0000
0.06434227919700221,0.059343491794620076,0.05193976175724109,high,0.5,gp,S3,T0001
0.07633621818508353,0.2065718859473365,0.08128913480806274,high,0.5,gp,S3,T0002
0.015515077317970197,0.2592053987470353,0.12910098917791332,high,0.5,gp,S3,T0003
0.09824913218367096,0.12171478445323045,0.07463711177649365,high,0.5,gp,S3,T0004
0.07846533587503508,0.5368665866375906,0.26209789233163316,high,0.5,gp,S3,T0005
0.14041923774095247,0.007340835329646691,0.007989415935640136,high,0.5,gp,S3,T0006
0.021403069470786188,0.2177157416117701,0.0995891747871974,high,0.5,gp,S3,T0007
0.09787400237168511,0.06941918567247797,0.021249730336494996,high,0.5,gp,S3,T0008
0.1078912043559069,0.3960478442290839,0.18904803230727832,high,0.5,gp,S3,T0009
0.0732704101182702,0.1706510349515528,0.05879374263121753,high,0.5,gp,S3,T0010
0.046400712111972504,0.04319557936967978,0.014677214525129151,high,0.5,gp,S3,T0011
0.08185951687949446,0.16753411352933736,0.0722886697269563,high,0.5,gp,S3,T0012
0.14102560482314955,0.3209239750468593,0.1437934174439795,high,0.5,gp,S3,T0013
0.05997167282600553,0.09640593793197041,0.06772365100722998,high,0.5,gp,S3,T0014
0.03797799581017531,0.13451663247737725,0.054055085034749026,high,0.5,gp,S3,T0015
0.09043340297956699,0.26456370696148707,0.12983425155725353,high,0.5,gp,S3,T0016
0.23404108542537055,0.16050542384623726,0.03568356951172241,high,0.5,gp,S3,T0017
0.0767956773769607,0.24850223940170174,0.14005666055515503,high,0.5,gp,S3,T0018
0.06979428331580885,0.09026332470487121,0.047790341063930056,high,0.5,gp,S3,T0019
0.016365215278325577,0.18948571195290426,0.08606067715135474,high,0.5,gp,S3,T0020
0.0555670933203964,0.17712588425665923,0.05625006085421936,high,0.5,gp,S3,T0021
0.1491669430179929,0.6779168038161947,0.3042968491836587,high,0.5,gp,S3,T0022
0.28721035950763146,0.2177890402326899,0.08491610381346057,high,0.5,gp,S3,T0023
0.03333603482095688,0.06537049184525358,0.03107546532086914,high,0.5,gp,S3,T0024
0.0038381558529276836,0.1115226657752891,0.007840661680642335,high,0.5,gp,S3,T0025
0.02758517114924864,0.05017495041015203,0.011246467438257813,high,0.5,gp,S3,T0026
0.2371063107268654,0.22924631286610075,0.09055967973169067,high,0.5,gp,S3,T0027
0.006682135529040846,0.16066455176469877,0.07122117442558984,high,0.5,gp,S3,T0028
0.07091409353389506,0.2326361923186066,0.14000360913811316,high,0.5,gp,S3,T0029
0.007530751871678567,0.10674542219963698,0.022889419828747804,high,0.5,gp,S3,T0030
0.13921453981834256,0.1905116906364016,0.1184151755787052,high,0.5,gp,S3,T0031
0.07424392975821038,0.06125552294918708,0.02416083733775879,high,0.5,gp,S3,T0032
0.06150909998770994,0.07075922877318426,0.0019419537152701417,high,0.5,gp,S3,T0033
0.13193179503900257,0.3188571951911973,0.15942984645932654,high,0.5,gp,S3,T0034
0.17074074756807003,0.0027719525639199887,0.01989074196331323,high,0.5,gp,S3,T0035
0.10886783229657168,0.3225391243208251,0.1292441805614115,high,0.5,gp,S3,T0036
0.04591617253061759,0.06941898975833417,0.04626524575345984,high,0.5,gp,S3,T0037
0.13484395268461072,0.3479001429521806,0.14454356875054322,high,0.5,gp,S3,T0038
0.0012769220990838106,0.2089082539930618,0.1365922541536587,high,0.5,gp,S3,T0039
0.1017107965592923,0.11040192515920369,0.04588793048219629,high,0.5,gp,S3,T0040
0.047317986543383164,0.059841734919489645,0.019952732805847657,high,0.5,gp,S3,T0041
0.1862032816065107,0.3287056647297793,0.16144217901886412,high,0.5,gp,S3,T0042
0.014121660649548121,0.17824785972221982,0.07893761194262744,high,0.5,gp,S3,T0043
0.12969980368308212,0.3971436054084433,0.1958526769537925,high,0.5,gp,S3,T0044
0.2014081592056064,0.5097124377752728,0.24180456883315943,high,0.5,gp,S3,T0045
0.04823027100967715,0.009601092552715131,0.00449136803546936,high,0.5,gp,S3,T0046
0.020903537228542383,0.010190264953823804,0.028775190164550414,high,0.5,gp,S3,T0047
0.18859260231095637,0.26298163977961037,0.1179509132735996,high,0.5,gp,S3,T0048
0.11495807062224142,0.0316770868326366,0.015160907980176391,high,0.5,gp,S3,T0049
0.21465854982445193,0.1555170242744708,0.09673950215013184,high,0.5,gp,S3,T0050
0.04661454672536037,0.41504473600565317,0.20737054816204223,high,0.5,gp,S3,T0051
0.12453003328746828,0.0018173250677094859,0.016732494604553224,high,0.5,gp,S3,T0052
0.056597551056277465,0.4595298444987959,0.23202349146262158,high,0.5,gp,S3,T0053
0.026499514149252175,0.14741011719178412,0.08045870468868005,high,0.5,gp,S3,T0054
0.12405613682917374,0.06254895587309324,0.023660935127523194,high,0.5,gp,S3,T0055
0.042500093153501346,0.4529328620958629,0.16913940379648876,high,0.5,gp,S3,T0056
0.017619176745509727,0.15104224853491474,0.06038217025106433,high,0.5,gp,S3,T0057
0.07473212819738674,0.04048385388210896,0.0214735031235155,high,0.5,gp,S3,T0058
0.019452219437415822,0.0347945256349172,0.021265355534368775,high,0.5,gp,S3,T0059
0.16420942815479236,0.4616476593008371,0.19644471201291566,high,0.5,gp,S3,T0060
0.2568148182741021,0.06362816508958426,0.0724500565525559,high,0.5,gp,S3,T0061
0.18344011184304956,0.029574624978065962,0.02169100327938379,high,0.5,gp,S3,T0062
0.23497143342586518,0.17760401432097786,0.08381132126400317,high,0.5,gp,S3,T0063
0.10651368778834577,0.029950883762164267,0.0054467477477641605,high,0.5,gp,S3,T0064
0.03958924390227187,0.10473930740034779,0.05274189736099829,high,0.5,gp,S3,T0065
0.08930994900044122,0.2779442743877159,0.134531917418823,high,0.5,gp,S3,T0066
0.11969992056310721,0.18664056885685512,0.05947008361551672,high,0.5,gp,S3,T0067
0.011060155575907673,0.051781282277374455,0.040374647172283694,high,0.5,gp,S3,T0068
0.023602122806688504,0.006622759666047863,0.010029422737291259,high,0.5,gp,S3,T0069
0.1360518396449509,0.053342098872044566,0.03763574588280334,high,0.5,gp,S3,T0070
0.16820237828974685,0.2225620072356172,0.10408059094984241,high,0.5,gp,S3,T0071
0.05776072801257749,0.23200103877176226,0.09765822195967065,high,0.5,gp,S3,T0072
0.04347023543658069,0.19807960079344938,0.07215033432213598,high,0.5,gp,S3,T0073
0.13621973564050208,0.4205950593664022,0.2140770512373242,high,0.5,gp,S3,T0074
0.1757448053355665,0.39284155970865053,0.19190592925413502,high,0.5,gp,S3,T0075
0.10164534001511352,0.01131889809449227,0.007619825027121582,high,0.5,gp,S3,T0076
0.041969624942290736,0.021544061936459583,0.016073611530484862,high,0.5,gp,S3,T0077
0.09742601735546422,0.058210530192255874,0.028081710187813476,high,0.5,gp,S3,T0078
0.059148688842347044,0.14380170468085043,0.0855692729646189,high,0.5,gp,S3,T0079
0.031379693724695186,0.34007341169080446,0.16492714124046373,high,0.5,gp,S3,T0080
0.029610945095281678,0.18034630023833406,0.03771862771133496,high,0.5,gp,S3,T0081
0.16009649393714467,0.08359633977796545,0.028644145651258668,high,0.5,gp,S3,T0082
0.3148266167892811,0.21804175413432747,0.09741132763456788,high,0.5,gp,S3,T0083
0.013970840707550895,0.11448873449877386,0.05129838246766919,high,0.5,gp,S3,T0084
0.08981062181520506,0.08033448642550069,0.05644017088982031,high,0.5,gp,S3,T0085
0.009804127758976934,0.1532526447311189,0.09437649186429346,high,0.5,gp,S3,T0086
0.1663968485516815,0.06186188706428232,0.0005476197844278565,high,0.5,gp,S3,T0087
0.12158223845216701,0.23871174498710018,0.1312245127067462,high,0.5,gp,S3,T0088
0.041558151109175885,0.14373605523636926,0.03619668256688061,high,0.5,gp,S3,T0089
0.18351623125260677,0.020246588284361103,0.0021827213030933836,high,0.5,gp,S3,T0090
0.1318984666425516,0.3618523079263528,0.1804620108673966,high,0.5,gp,S3,T0091
0.06489492947228172,0.1927374557422829,0.11595179409396045,high,0.5,gp,S3,T0092
0.12881138223097252,0.03765238560827445,0.03888781734309497,high,0.5,gp,S3,T0093
0.11507039821591905,0.3893919963807836,0.16654901998066235,high,0.5,gp,S3,T0094
0.13676514520614416,0.1689798023347933,0.07185748998211694,high,0.5,gp,S3,T0095
0.038850740984681116,0.1929847970535648,0.12553260472262465,high,0.5,gp,S3,T0096
0.09500171286565276,0.10276889392417751,0.04759893996688257,high,0.5,gp,S3,T0097
0.1864651167115672,0.4056909519176245,0.15843439777466517,high,0.5,gp,S3,T0098
0.14299215994666384,0.11846402876488307,0.04203802521202441,high,0.5,gp,S3,T0099
0.04232298219468523,0.09983439307396039,0.05363958683658765,high,0.5,gp,S3,T0100
0.07452497717301,0.03902970232501413,0.005008082265911621,high,0.5,gp,S3,T0101
0.07653503457343892,0.28980151644439295,0.10459775456748388,high,0.5,gp,S3,T0102
0.15453859355000962,0.16183370547548567,0.07115065156900757,high,0.5,gp,S3,T0103
0.09867244871750672,0.08998986915386283,0.03370041720708887,high,0.5,gp,S3,T0104
0.05502354453028936,0.24659248665995814,0.09207432437731031,high,0.5,gp,S3,T0105
0.22710570266381797,0.12537993366678882,0.029932991043168822,high,0.5,gp,S3,T0106
0.0051688916491215995,0.08397495693150654,0.049241154786302616,high,0.5,gp,S3,T0107
0.02133416120239762,0.132142239938374,0.051362180980748656,high,0.5,gp,S3,T0108
0.05205423708191327,0.42004193984785093,0.1704741404356101,high,0.5,gp,S3,T0109
0.12889030963740003,0.06517557951238236,0.05418723508540698,high,0.5,gp,S3,T0110
0.006385638378520188,0.059391103281808424,0.03469662276674841,high,0.5,gp,S3,T0111
0.0514775825392766,0.11990226619122749,0.02440308612524048,high,0.5,gp,S3,T0112
0.029071553058800388,0.09618551501271169,0.06694604856867224,high,0.5,gp,S3,T0113
0.053649237721879475,0.005398625008318781,0.011554345237832764,high,0.5,gp,S3,T0114
0.05126891758014175,0.11730862170411974,0.07275470045676319,high,0.5,gp,S3,T0115
0.09853047135600981,0.42721883781691516,0.22305921740978638,high,0.5,gp,S3,T0116
0.10637779403800399,0.10020052646964875,0.013233853160292847,high,0.5,gp,S3,T0117
0.14444341898462557,0.1955909361608344,0.08660956388668226,high,0.5,gp,S3,T0118
0.004948271971000341,0.4236982657913364,0.22252274428560084,high,0.5,gp,S3,T0119
0.04384798130774332,0.15086205877482609,0.05057801259518347,high,0.5,gp,S3,T0120
0.06548203203648574,0.09760162662495439,0.058882945330208006,high,0.5,gp,S3,T0121
0.09848885686834899,0.020950238744750774,0.000772426107909668,high,0.5,gp,S3,T0122
0.03009844248336225,0.1302633254882696,0.06541767687385888,high,0.5,gp,S3,T0123
0.07650747779661572,0.0007808441857729,0.02488679876114282,high,0.5,gp,S3,T0124
0.0827231178945609,0.19728053515549077,0.09430975863824975,high,0.5,gp,S3,T0125
0.0361305713615745,0.04528780437537378,0.053932395893554565,high,0.5,gp,S3,T0126
0.12645662369930258,0.039574665197550936,0.024685724140809325,high,0.5,gp,S3,T0127
0.15175326880334603,0.0026222033296866014,0.018667950801296265,high,0.5,ridge,S1,T0000
0.09845604710933017,0.07656860966973712,0.03430938573400073,high,0.5,ridge,S1,T0001
0.03886046527631138,0.2748954903497692,0.10560033568839867,high,0.5,ridge,S1,T0002
0.159542896845743,0.2977503439998586,0.13842853179679943,high,0.5,ridge,S1,T0003
0.19158360798238355,0.02074124553530843,0.008370156250020263,high,0.5,ridge,S1,T0004
0.4971693672011991,0.3818059902017008,0.16544620392296425,high,0.5,ridge,S1,T0005
0.09541132915656728,0.06451218011456374,0.03920589190247583,high,0.5,ridge,S1,T0006
0.1819449485131722,0.12881539763960728,0.06311807134169446,high,0.5,ridge,S1,T0007
0.19867204235491326,0.33089835725927447,0.16334956230298742,high,0.5,ridge,S1,T0008
8.406194432764026e-05,0.3613019980506172,0.15050831169582032,high,0.5,ridge,S1,T0009
0.14947914904562268,0.1467642197143693,0.052894461744753415,high,0.5,ridge,S1,T0010
0.1346419811687072,0.04672795056837154,0.015673923871989015,high,0.5,ridge,S1,T0011
0.05413488622633718,0.14676193608983426,0.064363475062052,high,0.5,ridge,S1,T0012
0.13952800222260311,0.39953196463957713,0.18649953923655102,high,0.5,ridge,S1,T0013
0.1787362772866369,0.06098077168292916,0.02425662744962329,high,0.5,ridge,S1,T0014
0.06856347435032219,0.1201422230850416,0.041671572171455076,high,0.5,ridge,S1,T0015
0.074412702122251,0.4179711990935404,0.19266895297040856,high,0.5,ridge,S1,T0016
0.5646729501327534,0.22178143647462545,0.09069002478695727,high,0.5,ridge,S1,T0017
0.121593654302567,0.23453303011888865,0.10651809675275391,high,0.5,ridge,S1,T0018
0.07794114962754368,0.2991588824187572,0.1317514320175736,high,0.5,ridge,S1,T0019
0.13623624357513633,0.2735078105491085,0.11296080774355395,high,0.5,ridge,S1,T0020
0.16144753362120598,0.22729279569339184,0.09890541768060852,high,0.5,ridge,S1,T0021
0.1984911671262874,0.6405629806405054,0.27683801581264944,high,0.5,ridge,S1,T0022
0.10501293613529031,0.23905621817603312,0.09315343766011902,high,0.5,ridge,S1,T0023
0.39995351734989676,0.01278064321655004,0.0016907244434248047,high,0.5,ridge,S1,T0024
0.13916012556956905,0.12278436242599974,0.04144990975078345,high,0.5,ridge,S1,T0025
0.13410901357842844,0.03779852771980092,0.018144579431669066,high,0.5,ridge,S1,T0026
0.25743206143989483,0.3242872114698634,0.14955746442749804,high,0.5,ridge,S1,T0027
0.10283271456192125,0.1983252905499034,0.09224630318991675,high,0.5,ridge,S1,T0028
0.16093432498189622,0.24874129744678125,0.11722518198848852,high,0.5,ridge,S1,T0029
0.06384943725805116,0.10740429240642171,0.05436734169333618,high,0.5,ridge,S1,T0030
0.02346505970836716,0.1728916109938883,0.08824429175521888,high,0.5,ridge,S1,T0031
0.05488810493366804,0.15574168075083303,0.08505884825609533,high,0.5,ridge,S1,T0032
0.22001911769746618,0.02915679175287151,0.004731391018171753,high,0.5,ridge,S1,T0033
0.06734295671377179,0.31594239809319863,0.1262938627759614,high,0.5,ridge,S1,T0034
0.36608399631894195,0.018704658937281075,0.019553400709998534,high,0.5,ridge,S1,T0035
0.10845007869601328,0.28873712917641936,0.13627362201088453,high,0.5,ridge,S1,T0036
0.3985104017071465,0.47418199837726727,0.20974755083446436,high,0.5,ridge,S1,T0037
0.16321516296620045,0.2428257617924346,0.08449793495487952,high,0.5,ridge,S1,T0038
0.2687589386286069,0.19984318685280256,0.09927270479201074,high,0.5,ridge,S1,T0039
0.005793345387757332,0.09628153240220985,0.045058900608367064,high,0.5,ridge,S1,T0040
0.05202417605741695,0.0246155591181288,0.011592577754018188,high,0.5,ridge,S1,T0041
0.25356390126652867,0.5469846837510879,0.24208225847014844,high,0.5,ridge,S1,T0042
0.17462257081719837,0.12789684563596973,0.05149154379275537,high,0.5,ridge,S1,T0043
0.6408884451851034,0.2493779212703679,0.12224101964700293,high,0.5,ridge,S1,T0044
0.42562581156281654,0.4931055148685122,0.22923470428838988,high,0.5,ridge,S1,T0045
0.10022407499895694,0.038212667530361795,0.005778953710798706,high,0.5,ridge,S1,T0046
0.06746854153594829,0.08929881774197986,0.028196750262458006,high,0.5,ridge,S1,T0047
0.050134327848991314,0.3985789407427366,0.17515380979130737,high,0.5,ridge,S1,T0048
0.02815749500034604,0.0020735134615326727,0.0186756260959718,high,0.5,ridge,S1,T0049
0.24544310965573807,0.42504572014357794,0.202017695308761,high,0.5,ridge,S1,T0050
0.3319021706550435,0.5651898497917403,0.2575276890255547,high,0.5,ridge,S1,T0051
0.3842382735065093,0.07313703418363905,0.040138900737396975,high,0.5,ridge,S1,T0052
0.12192484461123368,0.4605238474304339,0.21093005464332057,high,0.5,ridge,S1,T0053
0.06061803555725555,0.31448536694386026,0.1434500792849314,high,0.5,ridge,S1,T0054
0.027783319888842202,0.1511702481799954,0.06373625846510352,high,0.5,ridge,S1,T0055
0.17967913086174683,0.5009201232861187,0.21804946755966248,high,0.5,ridge,S1,T0056
0.045122327640724776,0.18580972644313662,0.06713902580821338,high,0.5,ridge,S1,T0057
0.02084850423296092,0.0033158954321102505,0.013008459801376953,high,0.5,ridge,S1,T0058
0.4055583188573196,0.013063649034038841,0.0074449081070771484,high,0.5,ridge,S1,T0059
0.12442875818351076,0.3569397781162748,0.14354491245825365,high,0.5,ridge,S1,T0060
0.10606258551652373,0.18104063093971143,0.09450049014513745,high,0.5,ridge,S1,T0061
0.25186916646079227,0.05486669036305793,0.026126762927570067,high,0.5,ridge,S1,T0062
0.3267136707834398,0.24138882610260098,0.10574699638431787,high,0.5,ridge,S1,T0063
0.22079856101489054,0.23164074005711555,0.10324467843964881,high,0.5,ridge,S1,T0064
0.03952335488615761,0.07624165400479334,0.035713467085963624,high,0.5,ridge,S1,T0065
0.15501587011330034,0.08208338339902672,0.04899297281929382,high,0.5,ridge,S1,T0066
0.1618261630994933,0.4274657770231006,0.17145800142998083,high,0.5,ridge,S1,T0067
0.35029249859738215,0.09852198465822473,0.025088795979715334,high,0.5,ridge,S1,T0068
0.09822684854358002,0.036338050979523036,0.013878602088115113,high,0.5,ridge,S1,T0069
0.4279181382489734,0.2016167613425524,0.0985969737989707,high,0.5,ridge,S1,T0070
0.05805964012956745,0.3576552891033819,0.1470269477380575,high,0.5,ridge,S1,T0071
0.03411518994315494,0.11811049152859773,0.04933350199612207,high,0.5,ridge,S1,T0072
0.1901897629912983,0.4571096863420111,0.19698950015600025,high,0.5,ridge,S1,T0073
0.23932969110953722,0.3979799716613992,0.18919897220380738,high,0.5,ridge,S1,T0074
0.39398921507944645,0.16180546753343575,0.06825948190525317,high,0.5,ridge,S1,T0075
0.19236047375229637,0.08319974001191528,0.04521205073660352,high,0.5,ridge,S1,T0076
0.24574110615408767,0.03961373189338869,0.0128294776690354,high,0.5,ridge,S1,T0077
0.3129000546550437,0.17787085759416013,0.08894740730111707,high,0.5,ridge,S1,T0078
0.1560797078746229,0.12306692336556571,0.05202372489403442,high,0.5,ridge,S1,T0079
0.03829948632180503,0.35166825595227386,0.17451342580232862,high,0.5,ridge,S1,T0080
0.24665963652149991,0.0899115515590579,0.021364080929213502,high,0.5,ridge,S1,T0081
0.14952989915967443,0.08779153916770617,0.03891895165555274,high,0.5,ridge,S1,T0082
0.37093954466945195,0.30621961980371737,0.1242034868968169,high,0.5,ridge,S1,T0083
0.17690128638785,0.007844548376041429,0.00040561529203686524,high,0.5,ridge,S1,T0084
0.0938137113212312,0.0026653731994955025,0.004622480820890747,high,0.5,ridge,S1,T0085
0.22340121304992278,0.040686407134480636,0.02324371670129199,high,0.5,ridge,S1,T0086
0.2272041235562997,0.15292738601177472,0.06265992172338562,high,0.5,ridge,S1,T0087
0.1121300143232529,0.3172207609602321,0.1453087453375437,high,0.5,ridge,S1,T0088
0.21988713734195925,0.25063262745469334,0.10579033456037305,high,0.5,ridge,S1,T0089
0.15979644235080945,0.3121340608135876,0.12799614576138624,high,0.5,ridge,S1,T0090
0.09847326896861411,0.2610938032795524,0.12482076973386011,high,0.5,ridge,S1,T0091
0.24617945865817953,0.15807566149193822,0.056404533724781984,high,0.5,ridge,S1,T0092
0.14508600945431968,0.06507837775154292,0.029832014690985106,high,0.5,ridge,S1,T0093
0.14193456310553856,0.22386947617429548,0.11287464358236914,high,0.5,ridge,S1,T0094
0.016637654515568038,0.2531738138145679,0.12329361144844604,high,0.5,ridge,S1,T0095
0.18846146970601224,0.17408686394376818,0.09136524724487231,high,0.5,ridge,S1,T0096
0.0889366373272127,0.19721947922345612,0.07750509552680956,high,0.5,ridge,S1,T0097
0.132856906052751,0.27311112493499107,0.10893659832615467,high,0.5,ridge,S1,T0098
0.2712940135893594,0.08355458289207919,0.014411028261457764,high,0.5,ridge,S1,T0099
0.001109220838110825,0.00881636485252857,0.004819531819643799,high,0.5,ridge,S1,T0100
0.02080954662198237,0.09155749429610839,0.03067990090946826,high,0.5,ridge,S1,T0101
0.07723019390463272,0.3116708936518043,0.1269929224073401,high,0.5,ridge,S1,T0102
0.2764465850431117,0.15036950901540033,0.06536569548363208,high,0.5,ridge,S1,T0103
0.2279289014294803,0.019041263366633147,0.014749716618928954,high,0.5,ridge,S1,T0104
0.06456518433358428,0.40046591510074153,0.1625812585888513,high,0.5,ridge,S1,T0105
0.41209474583929634,0.0037622004360154957,0.026675323216055175,high,0.5,ridge,S1,T0106
0.11367582962180214,0.24630267961141655,0.10727721485427637,high,0.5,ridge,S1,T0107
0.05918351635232745,0.19785048700877111,0.08939687917392639,high,0.5,ridge,S1,T0108
0.025333316809736946,0.4226535187922635,0.1792443841065382,high,0.5,ridge,S1,T0109
0.16473126041484767,0.07210662855551027,0.026890578294126832,high,0.5,ridge,S1,T0110
0.013500492309455051,0.19126673243376807,0.09050903278307312,high,0.5,ridge,S1,T0111
0.1105329067345365,0.16381303087888657,0.052942330299146606,high,0.5,ridge,S1,T0112
0.2201623365434422,0.039241563834861444,0.041537151248806393,high,0.5,ridge,S1,T0113
0.03700614398132685,0.026081398814986063,0.008856989583842529,high,0.5,ridge,S1,T0114
0.3400648340232804,0.1416807060321679,0.07709439926113452,high,0.5,ridge,S1,T0115
0.20167650155370703,0.5450467908073532,0.24443495883119165,high,0.5,ridge,S1,T0116
0.2884308252882429,0.008003714825453036,0.00858666626949756,high,0.5,ridge,S1,T0117
0.397294756980842,0.2581865696620523,0.11504115909166761,high,0.5,ridge,S1,T0118
0.0756325076624398,0.5102546151356231,0.22876730808564574,high,0.5,ridge,S1,T0119
0.28692697505641773,0.05451503198557696,0.017656748399125732,high,0.5,ridge,S1,T0120
0.013082218160268558,0.1084526686730242,0.04186839255451538,high,0.5,ridge,S1,T0121
0.3034556695311586,0.12151478336780017,0.04246982002598413,high,0.5,ridge,S1,T0122
0.34751931645532674,0.03138638362425728,0.017138356946508546,high,0.5,ridge,S1,T0123
0.215566670881624,0.0347014138015997,0.009902800170373047,high,0.5,ridge,S1,T0124
0.09750647534128745,0.11561138195405166,0.04446552889990332,high,0.5,ridge,S1,T0125
0.016829828287616703,0.051351734900720605,0.04062532841654858,high,0.5,ridge,S1,T0126
0.018047315477000562,0.16517519278755835,0.07721815126486109,high,0.5,ridge,S1,T0127
0.06538327739038981,0.07401680363388786,0.05264445013911231,high,0.5,ridge,S1x2,T0000
0.11544605718974896,0.055706860747194734,0.02514023607507312,high,0.5,ridge,S1x2,T0001
0.09851496573618337,0.24707011677639673,0.09572434361000341,high,0.5,ridge,S1x2,T0002
0.05669756493255575,0.3406895202780536,0.1511216018951317,high,0.5,ridge,S1x2,T0003
0.14564100043439113,0.07692780300112863,0.032060891422638425,high,0.5,ridge,S1x2,T0004
0.3522939933819253,0.3607739446439823,0.16518041044365453,high,0.5,ridge,S1x2,T0005
0.060162672252840346,0.02112320267396384,0.002523650787775879,high,0.5,ridge,S1x2,T0006
0.139241172235092,0.16086285333202058,0.07698093171553735,high,0.5,ridge,S1x2,T0007
0.13711921399076402,0.42209148542378017,0.20102550702059999,high,0.5,ridge,S1x2,T0008
0.13235335237524073,0.32129670296703333,0.137726279047,high,0.5,ridge,S1x2,T0009
0.16671016443921607,0.1600846249798599,0.06563295784694922,high,0.5,ridge,S1x2,T0010
0.07416342777351843,0.13377519583060857,0.05326420456206177,high,0.5,ridge,S1x2,T0011
0.021138800604925404,0.13559860644958013,0.06557463278920361,high,0.5,ridge,S1x2,T0012
0.10612491550911543,0.42467140207717785,0.19814358010475622,high,0.5,ridge,S1x2,T0013
0.20206679431859115,0.06485952973118798,0.03492575089145068,high,0.5,ridge,S1x2,T0014
0.04012887854231207,0.12421736325037683,0.04038765366077124,high,0.5,ridge,S1x2,T0015
0.028994928691491458,0.4228256884047522,0.20016675827158753,high,0.5,ridge,S1x2,T0016
0.40126962556772766,0.2886889777306759,0.1235563180101659,high,0.5,ridge,S1x2,T0017
0.06039766341845944,0.29706849209309777,0.13628427649745947,high,0.5,ridge,S1x2,T0018
0.004530104774255196,0.25992196798449335,0.12126806626018799,high,0.5,ridge,S1x2,T0019
0.10339845749472723,0.3447762479708819,0.15339400822446544,high,0.5,ridge,S1x2,T0020
0.2561199006539131,0.17343945111432948,0.0684678683368341,high,0.5,ridge,S1x2,T0021
0.23411744808718998,0.6765663081180805,0.30067303437096166,high,0.5,ridge,S1x2,T0022
0.04904346971186414,0.2935445342701732,0.12239471447101892,high,0.5,ridge,S1x2,T0023
0.2801501595847764,0.06627771983298948,0.020208929650954346,high,0.5,ridge,S1x2,T0024
0.128083910984341,0.10804447632165762,0.03243095706606677,high,0.5,ridge,S1x2,T0025
0.1175007687567137,0.099829731951977,0.041344433860433225,high,0.5,ridge,S1x2,T0026
0.07810688565906083,0.2711383866026821,0.12974307416150171,high,0.5,ridge,S1x2,T0027
0.12286404866447279,0.15071767496884272,0.07460734233043823,high,0.5,ridge,S1x2,T0028
0.05597000158762773,0.24630395308615555,0.1106949095240592,high,0.5,ridge,S1x2,T0029
0.016038563695690292,0.10021768262517913,0.0470269928121958,high,0.5,ridge,S1x2,T0030
0.08247924838645589,0.18672644195251084,0.10162253943221106,high,0.5,ridge,S1x2,T0031
0.05559888547067739,0.1987230275293015,0.10287633434808618,high,0.5,ridge,S1x2,T0032
0.15856849981193968,0.06007679810349138,0.02553629129788806,high,0.5,ridge,S1x2,T0033
0.053124624111221,0.26578272143336806,0.10581985757462231,high,0.5,ridge,S1x2,T0034
0.26289845014052965,0.04326565106519548,0.03451453330545935,high,0.5,ridge,S1x2,T0035
0.21518377014765228,0.30297127817071173,0.14799965674926502,high,0.5,ridge,S1x2,T0036
0.3480508560537516,0.5389808008906478,0.23866556760546997,high,0.5,ridge,S1x2,T0037
0.184138743028221,0.18085488226443738,0.06446626269759875,high,0.5,ridge,S1x2,T0038
0.22330387126355605,0.1587734947510164,0.08293046213424488,high,0.5,ridge,S1x2,T0039
0.04211224389937319,0.15789196525084317,0.06989547057236804,high,0.5,ridge,S1x2,T0040
0.04773084169562404,0.1391001249796259,0.0609858749578252,high,0.5,ridge,S1x2,T0041
0.2940483704952213,0.46908236575866163,0.20853299700959363,high,0.5,ridge,S1x2,T0042
0.1939868765866199,0.1506344743862226,0.05893959503776416,high,0.5,ridge,S1x2,T0043
0.5449725535335149,0.20352006490560243,0.0995592437501731,high,0.5,ridge,S1x2,T0044
0.33733182344132867,0.4466965234471255,0.20480094804260499,high,0.5,ridge,S1x2,T0045
0.1009306359650686,0.04605566465960138,0.03296590928639575,high,0.5,ridge,S1x2,T0046
0.1474292802700969,0.0870212347894292,0.03635840348243982,high,0.5,ridge,S1x2,T0047
0.08309515354408327,0.2499430690329591,0.10602655856295898,high,0.5,ridge,S1x2,T0048
0.03365915678392895,0.05032766838276444,0.03278507903167456,high,0.5,ridge,S1x2,T0049
0.202270589935808,0.40472165263474286,0.19239056885292505,high,0.5,ridge,S1x2,T0050
0.3350065860551272,0.48244562204726127,0.2122401464977141,high,0.5,ridge,S1x2,T0051
0.32053839510337834,0.09641236472992201,0.05151003392132934,high,0.5,ridge,S1x2,T0052
0.11429895941187404,0.5022186485678714,0.2220294923525194,high,0.5,ridge,S1x2,T0053
0.1308581051903607,0.22363768668823675,0.10293473816899866,high,0.5,ridge,S1x2,T0054
0.008426997352704581,0.20620780811361378,0.09011814189889197,high,0.5,ridge,S1x2,T0055
0.1427471263888275,0.4655275693377471,0.20657104930658485,high,0.5,ridge,S1x2,T0056
0.06719949922715047,0.158119409612805,0.06024152940750232,high,0.5,ridge,S1x2,T0057
0.058481676619132075,0.05206458454516645,0.020774544360904906,high,0.5,ridge,S1x2,T0058
0.3246031111713996,0.00029858151051193055,0.0012046522957886963,high,0.5,ridge,S1x2,T0059
0.21075034183251246,0.3074277713918639,0.12217288463465503,high,0.5,ridge,S1x2,T0060
0.06504265431467594,0.13203799405746677,0.07026165823129957,high,0.5,ridge,S1x2,T0061
0.18203559835767577,0.06330162779890626,0.029442440681617554,high,0.5,ridge,S1x2,T0062
0.3139379336520482,0.14745922156591654,0.057912219403954836,high,0.5,ridge,S1x2,T0063
0.050879053112305186,0.21214084235078706,0.09623875082987243,high,0.5,ridge,S1x2,T0064
0.07035203549868448,0.01907146788041159,0.008217484825574464,high,0.5,ridge,S1x2,T0065
0.15666499944719972,0.1170786589082157,0.0549902697367561,high,0.5,ridge,S1x2,T0066
0.17405095846527943,0.3424727813499862,0.13482035157447253,high,0.5,ridge,S1x2,T0067
0.3883587125237876,0.038602907294826856,0.00015570943779101562,high,0.5,ridge,S1x2,T0068
0.10260748794031468,0.030899214002549365,0.013917064837315307,high,0.5,ridge,S1x2,T0069
0.239191681460316,0.26192388551425644,0.12939260625242188,high,0.5,ridge,S1x2,T0070
0.1006962654912247,0.26776956115892264,0.10761849838601184,high,0.5,ridge,S1x2,T0071
0.06399333165099914,0.11265773507686735,0.04735140543421411,high,0.5,ridge,S1x2,T0072
0.0992016408212629,0.5056379206423812,0.22243360008985058,high,0.5,ridge,S1x2,T0073
0.10936390794353021,0.3045075423559546,0.1524573283823164,high,0.5,ridge,S1x2,T0074
0.33911590530129354,0.16578235796709476,0.07074552137517823,high,0.5,ridge,S1x2,T0075
0.14203916700173821,0.09492081211162659,0.039609438260427,high,0.5,ridge,S1x2,T0076
0.1963337623849249,0.047359377053293475,0.010365094687992188,high,0.5,ridge,S1x2,T0077
0.3201511844336247,0.1496301872178746,0.06917216632597045,high,0.5,ridge,S1x2,T0078
0.03263660137974079,0.08023123539165429,0.03725031147536963,high,0.5,ridge,S1x2,T0079
0.040306814912886575,0.3596477054672637,0.1787186394304481,high,0.5,ridge,S1x2,T0080
0.22286166792093726,0.06872323319146335,0.01790973276126001,high,0.5,ridge,S1x2,T0081
0.1669301870914486,0.08048323144273258,0.030708526756870483,high,0.5,ridge,S1x2,T0082
0.4305885069599037,0.2870765107083093,0.11534519709831666,high,0.5,ridge,S1x2,T0083
0.20143519967899876,0.015591070675285427,0.009811862988178955,high,0.5,ridge,S1x2,T0084
0.04187167780339563,0.05557240515559393,0.02216064287977063,high,0.5,ridge,S1x2,T0085
0.2677751963326378,0.005818940958122743,0.0003691173690065918,high,0.5,ridge,S1x2,T0086
0.2707961938315851,0.19983335579455314,0.08925880730536499,high,0.5,ridge,S1x2,T0087
0.11199265602762107,0.2625964027943645,0.11856856713814844,high,0.5,ridge,S1x2,T0088
0.270727016592636,0.21304780361996184,0.08998156181141577,high,0.5,ridge,S1x2,T0089
0.17908947158992664,0.2564793564299928,0.10006305115941602,high,0.5,ridge,S1x2,T0090
0.12416293749300203,0.13920366168989204,0.06978743013257568,high,0.5,ridge,S1x2,T0091
0.2714335395324658,0.16855671223073135,0.05868112126272681,high,0.5,ridge,S1x2,T0092
0.05985594758471409,0.15755240653274108,0.07346910879303906,high,0.5,ridge,S1x2,T0093
0.10689204368739771,0.23416148550800214,0.10847602147003126,high,0.5,ridge,S1x2,T0094
0.0810831753995478,0.28392196478671256,0.1323781697828191,high,0.5,ridge,S1x2,T0095
0.10438471290291881,0.24556741028811369,0.11580015539782641,high,0.5,ridge,S1x2,T0096
0.01354106136182143,0.1216668230164589,0.04934911579059302,high,0.5,ridge,S1x2,T0097
0.1626457336011833,0.30502293184665247,0.11961355434617407,high,0.5,ridge,S1x2,T0098
0.18709729609176942,0.12828520458815276,0.035239060011456054,high,0.5,ridge,S1x2,T0099
0.09428274656822114,0.03843311224529745,0.016404217468180052,high,0.5,ridge,S1x2,T0100
0.04250814759678257,0.06055530061835958,0.030082065353849365,high,0.5,ridge,S1x2,T0101
0.010088623300354429,0.31755867255786613,0.12976796498765697,high,0.5,ridge,S1x2,T0102
0.17107957966127993,0.12604911737204186,0.054306003797378176,high,0.5,ridge,S1x2,T0103
0.24553760907093886,0.008554816111638332,0.0008851259084301758,high,0.5,ridge,S1x2,T0104
0.05459157089169166,0.3920728641027747,0.1656009506279265,high,0.5,ridge,S1x2,T0105
0.2648886262910608,0.12857716159794477,0.033602686583702274,high,0.5,ridge,S1x2,T0106
0.027706743035592625,0.21208486293787304,0.09321690328481066,high,0.5,ridge,S1x2,T0107
0.05468702188390352,0.19985458284545154,0.09172516657472278,high,0.5,ridge,S1x2,T0108
0.13563870855922092,0.35712555038728755,0.14701407452617835,high,0.5,ridge,S1x2,T0109
0.09861155718507655,0.09210375769940356,0.03418685323212805,high,0.5,ridge,S1x2,T0110
0.06605164953297162,0.16619110527065137,0.08235870979251794,high,0.5,ridge,S1x2,T0111
0.15507477928384863,0.2086679121998936,0.07538214832319898,high,0.5,ridge,S1x2,T0112
0.2349655247880295,0.018237273318785777,0.01452622291493579,high,0.5,ridge,S1x2,T0113
0.00034574590170477487,0.02351875466922227,0.015342477842756103,high,0.5,ridge,S1x2,T0114
0.31046101285307387,0.04641421062392848,0.028452452571787842,high,0.5,ridge,S1x2,T0115
0.13352102459424423,0.5275235141341035,0.24288136462735302,high,0.5,ridge,S1x2,T0116
0.1487701001615044,0.0010042951692479376,0.008385722040985595,high,0.5,ridge,S1x2,T0117
0.42996305288406517,0.2452077641862394,0.10645562076969103,high,0.5,ridge,S1x2,T0118
0.06753230681914081,0.5000388797974299,0.22718328847769567,high,0.5,ridge,S1x2,T0119
0.16569549923399265,0.11024206053211197,0.047624547925345456,high,0.5,ridge,S1x2,T0120
0.13474241976271897,0.10560198793867162,0.03663280076772375,high,0.5,ridge,S1x2,T0121
0.34107484551238637,0.09270989155498068,0.024568476633023927,high,0.5,ridge,S1x2,T0122
0.4832579750379119,0.17826554717183365,0.07927030284989844,high,0.5,ridge,S1x2,T0123
0.21047320948398845,0.006953424947789557,0.0043603688565019534,high,0.5,ridge,S1x2,T0124
0.006659116315239079,0.05456555494070649,0.016186292406373533,high,0.5,ridge,S1x2,T0125
0.03825479777365027,0.01598825772663293,0.00299581005736084,high,0.5,ridge,S1x2,T0126
0.0037527921009400398,0.12059036837663464,0.057555088594516114,high,0.5,ridge,S1x2,T0127
0.07467230000610144,0.060630002705505684,0.04853368298439368,high,0.5,ridge,S1x2cat,T0000
0.15103282158146467,0.08723714860964184,0.04764301933082654,high,0.5,ridge,S1x2cat,T0001
0.09386534683107908,0.22911442717437341,0.08861349831849756,high,0.5,ridge,S1x2cat,T0002
0.07372317004108288,0.34601819494524905,0.1606676151017152,high,0.5,ridge,S1x2cat,T0003
0.1444787267607234,0.08002555517010874,0.029995019129896973,high,0.5,ridge,S1x2cat,T0004
0.3937011517161874,0.329948807284764,0.17246911379960717,high,0.5,ridge,S1x2cat,T0005
0.050829042777317826,0.018855239728481358,0.001976349844805664,high,0.5,ridge,S1x2cat,T0006
0.1683868900597796,0.15650957213255576,0.07265430257292456,high,0.5,ridge,S1x2cat,T0007
0.1769965204857982,0.44002907914193407,0.20887421025474645,high,0.5,ridge,S1x2cat,T0008
0.12994707796810337,0.22132236831937718,0.10171246902553394,high,0.5,ridge,S1x2cat,T0009
0.1812064587336654,0.15668097249379512,0.05531064341096289,high,0.5,ridge,S1x2cat,T0010
0.1226794600781789,0.16968555069785038,0.07545211623072778,high,0.5,ridge,S1x2cat,T0011
0.05157759258627716,0.1627210837936011,0.08182514623956005,high,0.5,ridge,S1x2cat,T0012
0.1361115195447943,0.3623412753905795,0.1693843016260327,high,0.5,ridge,S1x2cat,T0013
0.2383476231692206,0.07825997483401738,0.05514917478837476,high,0.5,ridge,S1x2cat,T0014
0.025546907893732325,0.13694970886773464,0.042160352955208494,high,0.5,ridge,S1x2cat,T0015
0.016057849060306665,0.3814431290522542,0.18670797397261646,high,0.5,ridge,S1x2cat,T0016
0.4541285172210517,0.31214312565460317,0.11646134519291418,high,0.5,ridge,S1x2cat,T0017
0.007848859157775225,0.3003722876606852,0.154681308729395,high,0.5,ridge,S1x2cat,T0018
0.023054677161128138,0.2339150379577843,0.11145710874667725,high,0.5,ridge,S1x2cat,T0019
0.07409593791655845,0.3080020618149915,0.14657488020931056,high,0.5,ridge,S1x2cat,T0020
0.3119273971178766,0.15441016554509693,0.048129155435159054,high,0.5,ridge,S1x2cat,T0021
0.31104278683947667,0.6342331441799691,0.2913710912154072,high,0.5,ridge,S1x2cat,T0022
0.12743615083765428,0.24795452141915925,0.11369033224557923,high,0.5,ridge,S1x2cat,T0023
0.29784085232309776,0.09448937559757456,0.0282483044827146,high,0.5,ridge,S1x2cat,T0024
0.1357980874519313,0.172355511638522,0.050457263121068845,high,0.5,ridge,S1x2cat,T0025
0.13429962791501357,0.05434782594699457,0.019629342694784547,high,0.5,ridge,S1x2cat,T0026
0.12333129343420932,0.30102648994749437,0.14176710275679713,high,0.5,ridge,S1x2cat,T0027
0.10841697323367042,0.1435052817862609,0.08137587253523022,high,0.5,ridge,S1x2cat,T0028
0.07188939824977315,0.2776883391564356,0.12978678979532507,high,0.5,ridge,S1x2cat,T0029
0.00660279102437822,0.06276389409529516,0.0414906217067207,high,0.5,ridge,S1x2cat,T0030
0.15930749964355898,0.1306247023780663,0.08180859077743664,high,0.5,ridge,S1x2cat,T0031
0.05531576235598275,0.22734428853649852,0.11254049990359863,high,0.5,ridge,S1x2cat,T0032
0.2114523469092825,0.09090584976904877,0.05388053326286841,high,0.5,ridge,S1x2cat,T0033
0.005206757534213514,0.2912570818695135,0.12417519587375293,high,0.5,ridge,S1x2cat,T0034
0.3140217103176194,0.009876985520045069,0.01301957071192932,high,0.5,ridge,S1x2cat,T0035
0.14881184324161165,0.28831998116601815,0.1353980583543513,high,0.5,ridge,S1x2cat,T0036
0.34011090247252995,0.559517965393236,0.254573307702839,high,0.5,ridge,S1x2cat,T0037
0.18082454691970065,0.19574035761133207,0.0706556723809878,high,0.5,ridge,S1x2cat,T0038
0.25120882290445906,0.16151616884353184,0.09815797388761865,high,0.5,ridge,S1x2cat,T0039
0.09797723779754244,0.18849022332476323,0.08399264414562671,high,0.5,ridge,S1x2cat,T0040
0.042708906812039545,0.11122562440046033,0.055324393344042724,high,0.5,ridge,S1x2cat,T0041
0.27044556621316,0.5186359262989783,0.23235900860548242,high,0.5,ridge,S1x2cat,T0042
0.17721497224542362,0.15619110793178906,0.060300348112613526,high,0.5,ridge,S1x2cat,T0043
0.5409963929250318,0.17375367108494025,0.1023312796849707,high,0.5,ridge,S1x2cat,T0044
0.38408889798106316,0.45179910109688315,0.21287910305389918,high,0.5,ridge,S1x2cat,T0045
0.16272026161051725,0.061673880136136075,0.041284462685147946,high,0.5,ridge,S1x2cat,T0046
0.1474884184360906,0.08812203195903785,0.0317320919459762,high,0.5,ridge,S1x2cat,T0047
0.05572805875138921,0.29068412461619403,0.11604189031660693,high,0.5,ridge,S1x2cat,T0048
0.0010002190669347601,0.03338766708708225,0.03007845408802588,high,0.5,ridge,S1x2cat,T0049
0.1835878897167512,0.40835034948736926,0.20429764682126014,high,0.5,ridge,S1x2cat,T0050
0.3224042635369962,0.5694256055176379,0.24744180703877539,high,0.5,ridge,S1x2cat,T0051
0.27915598115341894,0.1515511894361821,0.0771734177185459,high,0.5,ridge,S1x2cat,T0052
0.07899118628097808,0.48471898398163055,0.2247223901756361,high,0.5,ridge,S1x2cat,T0053
0.0950686938524026,0.31007406829493717,0.14086804941541956,high,0.5,ridge,S1x2cat,T0054
0.0770861402202175,0.20308804497940042,0.08708409248800733,high,0.5,ridge,S1x2cat,T0055
0.1671400971166215,0.46498720628603674,0.20293212747062805,high,0.5,ridge,S1x2cat,T0056
0.07421673799087648,0.11996606250426314,0.052612713642927245,high,0.5,ridge,S1x2cat,T0057
0.028340601696132957,0.026442962519325493,0.008262070612336426,high,0.5,ridge,S1x2cat,T0058
0.35550992788849356,0.03060193383408128,0.014198497797376588,high,0.5,ridge,S1x2cat,T0059
0.20299290006337184,0.3308171964594087,0.13401441668509448,high,0.5,ridge,S1x2cat,T0060
0.05236611257167069,0.1024139521830367,0.06520918807985766,high,0.5,ridge,S1x2cat,T0061
0.22619628862900593,0.12054024096129937,0.04475762773760986,high,0.5,ridge,S1x2cat,T0062
0.32068754306450403,0.19936349413041682,0.07412793143815186,high,0.5,ridge,S1x2cat,T0063
0.1361586981432897,0.2291264220802986,0.09175359037081653,high,0.5,ridge,S1x2cat,T0064
0.029810164892209175,0.04851298329552779,0.018259468126173583,high,0.5,ridge,S1x2cat,T0065
0.1408156396230598,0.13738603388961326,0.06254404106212914,high,0.5,ridge,S1x2cat,T0066
0.19943317285913564,0.35856403861469494,0.13195732037318908,high,0.5,ridge,S1x2cat,T0067
0.42280034999794835,0.04891612801209867,0.012003091687653076,high,0.5,ridge,S1x2cat,T0068
0.08786940493864083,0.07551447055527462,0.031564922308878786,high,0.5,ridge,S1x2cat,T0069
0.29277591891668653,0.24139805351186738,0.1160799359982511,high,0.5,ridge,S1x2cat,T0070
0.06524408531230182,0.29577898090663696,0.12114905311280225,high,0.5,ridge,S1x2cat,T0071
0.09518158915855171,0.09058036737973287,0.030413082406848268,high,0.5,ridge,S1x2cat,T0072
0.07956795782606636,0.49215782308384676,0.21740168495089013,high,0.5,ridge,S1x2cat,T0073
0.12913778769085452,0.3151874189975424,0.1632120969884297,high,0.5,ridge,S1x2cat,T0074
0.36438739844357115,0.16715047510974304,0.07132818361919092,high,0.5,ridge,S1x2cat,T0075
0.17360515997862566,0.16738341238888318,0.0708422340633313,high,0.5,ridge,S1x2cat,T0076
0.2286194491704458,0.001278144430152395,0.006770043101162597,high,0.5,ridge,S1x2cat,T0077
0.27207421442600527,0.1567494704768896,0.06739436943479163,high,0.5,ridge,S1x2cat,T0078
0.06414584144201653,0.12169667018092081,0.0595462283593064,high,0.5,ridge,S1x2cat,T0079
0.06287934892309167,0.3438086099563723,0.17302323959308374,high,0.5,ridge,S1x2cat,T0080
0.2248767704363936,0.04310351705374222,0.000815311114442749,high,0.5,ridge,S1x2cat,T0081
0.19123159359381087,0.043391475205239456,0.014185539754609741,high,0.5,ridge,S1x2cat,T0082
0.43595645227465907,0.29594513294114255,0.12463768081008837,high,0.5,ridge,S1x2cat,T0083
0.1683494056213525,0.06918868376416144,0.027408953473202026,high,0.5,ridge,S1x2cat,T0084
0.07008804324690589,0.03219771675325334,0.02540688830834033,high,0.5,ridge,S1x2cat,T0085
0.29866430160746393,0.016871546200208924,0.0048579083102404785,high,0.5,ridge,S1x2cat,T0086
0.22237290518717012,0.21733216801571842,0.08510925371526172,high,0.5,ridge,S1x2cat,T0087
0.13785656714957492,0.2449102810140142,0.11854446893366297,high,0.5,ridge,S1x2cat,T0088
0.2930565634045413,0.2509290759273431,0.0851262263693335,high,0.5,ridge,S1x2cat,T0089
0.17767816974244652,0.2662489547840197,0.10899965000121509,high,0.5,ridge,S1x2cat,T0090
0.1481802862608048,0.15652947118840246,0.0741693801140962,high,0.5,ridge,S1x2cat,T0091
0.2272922168666009,0.21481380805270905,0.08847686533168188,high,0.5,ridge,S1x2cat,T0092
0.13010834896455578,0.10798489389766411,0.06544991042353675,high,0.5,ridge,S1x2cat,T0093
0.13335988393918366,0.2733365496312138,0.11350803886096264,high,0.5,ridge,S1x2cat,T0094
0.0659204789265755,0.25870061556653173,0.1245390486190149,high,0.5,ridge,S1x2cat,T0095
0.15554914178509519,0.2397042194696581,0.12438716125332751,high,0.5,ridge,S1x2cat,T0096
0.0208954334484085,0.16149515800030076,0.06426390877628027,high,0.5,ridge,S1x2cat,T0097
0.19238128085835976,0.3053637151715,0.1184630162359026,high,0.5,ridge,S1x2cat,T0098
0.18913579254631668,0.11961913252674541,0.029878096587258058,high,0.5,ridge,S1x2cat,T0099
0.06144771411346785,0.060899094088381914,0.02578125661789734,high,0.5,ridge,S1x2cat,T0100
0.010890698612918694,0.039749562155808056,0.02003617123549292,high,0.5,ridge,S1x2cat,T0101
0.02903915274021119,0.305535420363578,0.12130980710545801,high,0.5,ridge,S1x2cat,T0102
0.21842169472946626,0.11426823257479155,0.052245642795541995,high,0.5,ridge,S1x2cat,T0103
0.2771546081356247,0.06900143509887881,0.027200054986802245,high,0.5,ridge,S1x2cat,T0104
0.03895025457197277,0.37200564649654744,0.16357580566738403,high,0.5,ridge,S1x2cat,T0105
0.3084704783732265,0.07223401378863738,0.004408510768380005,high,0.5,ridge,S1x2cat,T0106
0.00838033935376459,0.23680361493426177,0.10432460961195875,high,0.5,ridge,S1x2cat,T0107
0.03143743396760213,0.23517819549135016,0.09896517646979065,high,0.5,ridge,S1x2cat,T0108
0.10072942154576772,0.40067524182676933,0.158824276805917,high,0.5,ridge,S1x2cat,T0109
0.06145734821075445,0.08197748301254083,0.02786865042427063,high,0.5,ridge,S1x2cat,T0110
0.041493259566890435,0.13786195109371627,0.07776399766449206,high,0.5,ridge,S1x2cat,T0111
0.12230115370298808,0.21594334097754525,0.07034619187384461,high,0.5,ridge,S1x2cat,T0112
0.17973350603534696,0.02392356676104019,0.02929569699206616,high,0.5,ridge,S1x2cat,T0113
0.03288723559927876,0.05595431858958112,0.03380934264567114,high,0.5,ridge,S1x2cat,T0114
0.31921726371183073,0.020806207472066077,0.013742164173266602,high,0.5,ridge,S1x2cat,T0115
0.14891057643999508,0.5347466387548956,0.25272418553960924,high,0.5,ridge,S1x2cat,T0116
0.19936423749197468,0.0347730461493423,0.004698222557074829,high,0.5,ridge,S1x2cat,T0117
0.3951087386956907,0.2574942139593831,0.10888745193484216,high,0.5,ridge,S1x2cat,T0118
0.0610162664707531,0.4755312477030003,0.22940695778281703,high,0.5,ridge,S1x2cat,T0119
0.22290355987285548,0.10862164241942865,0.05143817845986731,high,0.5,ridge,S1x2cat,T0120
0.13612908476742794,0.106411341654957,0.040617465343906985,high,0.5,ridge,S1x2cat,T0121
0.35159382990875404,0.14659380970081073,0.04647632726493213,high,0.5,ridge,S1x2cat,T0122
0.50588644031977,0.1761832343535741,0.08711000744032227,high,0.5,ridge,S1x2cat,T0123
0.29444241390073767,0.006491122120662886,0.0074638552540603025,high,0.5,ridge,S1x2cat,T0124
0.002586071815212088,0.05983416285604394,0.02973743820213208,high,0.5,ridge,S1x2cat,T0125
0.043411311299448314,0.0032466627724989103,0.011929053988579711,high,0.5,ridge,S1x2cat,T0126
0.024384532872857585,0.13466432545569842,0.06469483024077673,high,0.5,ridge,S1x2cat,T0127
0.0828751439728498,0.12641853090316127,0.031875389970283205,high,0.5,ridge,S2,T0000
0.07707325443692904,0.08871977675578431,0.04117107562020691,high,0.5,ridge,S2,T0001
0.07993685016482123,0.24099018522871168,0.08700351496537866,high,0.5,ridge,S2,T0002
0.003196421793387195,0.24920122777605863,0.11440516106649024,high,0.5,ridge,S2,T0003
0.08823102858539879,0.13829252405472284,0.06491110908460998,high,0.5,ridge,S2,T0004
0.09429959037732641,0.5727740401543309,0.24798145774650365,high,0.5,ridge,S2,T0005
0.14314518046765953,0.004019744268398685,0.004243673027328125,high,0.5,ridge,S2,T0006
0.013886965467051485,0.20128962966470687,0.09968929225475012,high,0.5,ridge,S2,T0007
0.1252931924924461,0.06354088130527681,0.034862647472927125,high,0.5,ridge,S2,T0008
0.08027584086069074,0.444560112343625,0.19617259435206202,high,0.5,ridge,S2,T0009
0.08784179496692414,0.16439755240059475,0.06017678203663061,high,0.5,ridge,S2,T0010
0.059657275885597064,0.05382566303681614,0.03306781326480664,high,0.5,ridge,S2,T0011
0.1378692999017295,0.13168619397818884,0.047704869689361815,high,0.5,ridge,S2,T0012
0.12549618132040727,0.3397781707422779,0.15846232532792517,high,0.5,ridge,S2,T0013
0.058605716788908704,0.13536055063540056,0.058669712354772946,high,0.5,ridge,S2,T0014
0.03458223662578614,0.11610000558717418,0.04481906429635815,high,0.5,ridge,S2,T0015
0.09142472774540945,0.2782497652435623,0.1258237099125094,high,0.5,ridge,S2,T0016
0.22961235597473656,0.14127009447861996,0.059900860361204344,high,0.5,ridge,S2,T0017
0.08867962550665855,0.29335627536617065,0.12707262395525196,high,0.5,ridge,S2,T0018
0.0847215380817662,0.10544646943485561,0.04019017470373779,high,0.5,ridge,S2,T0019
0.0008207759116790616,0.21091086601037207,0.09434708858148144,high,0.5,ridge,S2,T0020
0.0364224592063317,0.1649088224936557,0.07862845670544007,high,0.5,ridge,S2,T0021
0.13289054277395104,0.716114410340437,0.30889064615189304,high,0.5,ridge,S2,T0022
0.2539763644110777,0.20032086345450678,0.0688334434677318,high,0.5,ridge,S2,T0023
0.036837446163217887,0.04939326216676755,0.02678032297800171,high,0.5,ridge,S2,T0024
0.023472436164799777,0.10993056293664485,0.03188593645530432,high,0.5,ridge,S2,T0025
0.01722264514162353,0.035287746465718924,0.020286176731670286,high,0.5,ridge,S2,T0026
0.23983620627172497,0.23199461847647573,0.10223664951379467,high,0.5,ridge,S2,T0027
0.052909153574892134,0.1497029157535862,0.06239809823361963,high,0.5,ridge,S2,T0028
0.056063229524057914,0.26320874217694085,0.1238822377349652,high,0.5,ridge,S2,T0029
0.013261667376595346,0.10142679495441179,0.04787429639945508,high,0.5,ridge,S2,T0030
0.17366290029899897,0.2298533971976111,0.12129543129293763,high,0.5,ridge,S2,T0031
0.01503365330242146,0.04212387052370898,0.0032415737476068117,high,0.5,ridge,S2,T0032
0.0681541195162,0.03644736875450472,0.028537530688940795,high,0.5,ridge,S2,T0033
0.14370899486691793,0.3552047247623339,0.14920625260903345,high,0.5,ridge,S2,T0034
0.18839304232453508,0.00684188356653709,0.007204672875406983,high,0.5,ridge,S2,T0035
0.12796786917482542,0.31486318664163215,0.15852564463688001,high,0.5,ridge,S2,T0036
0.052278861601324236,0.06481386572715465,0.01688339327595691,high,0.5,ridge,S2,T0037
0.1345567036280282,0.357660351973686,0.14520659402134645,high,0.5,ridge,S2,T0038
0.0028208488608552633,0.26157535199093757,0.11804994974592675,high,0.5,ridge,S2,T0039
0.10887133562610898,0.09772781304874859,0.04670107612023022,high,0.5,ridge,S2,T0040
0.07641216439041255,0.04063800966699783,0.020717467212680054,high,0.5,ridge,S2,T0041
0.18193788057469354,0.34064048415988485,0.14227980900168727,high,0.5,ridge,S2,T0042
0.026593410954129378,0.19060726145771817,0.08924621835398315,high,0.5,ridge,S2,T0043
0.11997145971996417,0.4846345426403188,0.2210403101976101,high,0.5,ridge,S2,T0044
0.19889339667661493,0.5171740292664402,0.2259254833109988,high,0.5,ridge,S2,T0045
0.046818044236280894,0.01437629092836568,0.011275419641615235,high,0.5,ridge,S2,T0046
0.029867644195747674,0.024035490780284503,0.02559346737330176,high,0.5,ridge,S2,T0047
0.15380338429542287,0.27317450151841066,0.12037307767855249,high,0.5,ridge,S2,T0048
0.11662951154233023,0.02817408670101413,0.008356844229024902,high,0.5,ridge,S2,T0049
0.21107466900399113,0.15892529699866823,0.06997989970777929,high,0.5,ridge,S2,T0050
0.06667870048307768,0.41488868667885354,0.1866435094922578,high,0.5,ridge,S2,T0051
0.1510879152330877,0.008079789704875663,0.002456972595574463,high,0.5,ridge,S2,T0052
0.043755839994187036,0.4653628411525616,0.2095531860898069,high,0.5,ridge,S2,T0053
0.03495658984376177,0.1543459252309948,0.0628164913029895,high,0.5,ridge,S2,T0054
0.118719132146507,0.04685190425867792,0.023647440552434815,high,0.5,ridge,S2,T0055
0.022090154920357822,0.4330574505235425,0.17779843369028198,high,0.5,ridge,S2,T0056
0.010500700488914607,0.16544048056577307,0.05486248902728906,high,0.5,ridge,S2,T0057
0.04591667516963328,0.0018134879333198133,0.005262641338014404,high,0.5,ridge,S2,T0058
0.0029932164044363394,0.002604181042454024,0.0031584095762070314,high,0.5,ridge,S2,T0059
0.14998192316390604,0.45095463138227776,0.18936688244561328,high,0.5,ridge,S2,T0060
0.26422319245396236,0.06583731148143397,0.03508704827795288,high,0.5,ridge,S2,T0061
0.16771396680060088,0.017179809276504646,0.007195664834226807,high,0.5,ridge,S2,T0062
0.24005921898477228,0.17172223833610836,0.07000777964670898,high,0.5,ridge,S2,T0063
0.1006476154258901,0.008423374082406345,0.0015291622539536133,high,0.5,ridge,S2,T0064
0.019108864185185263,0.10516014758981065,0.047861712316860594,high,0.5,ridge,S2,T0065
0.08061868533854379,0.2698474386650582,0.14090289639747816,high,0.5,ridge,S2,T0066
0.11299361720402942,0.16477469577042217,0.06223658016009143,high,0.5,ridge,S2,T0067
0.008890609811791074,0.06703924072725854,0.041416246145310545,high,0.5,ridge,S2,T0068
0.04217669024937671,0.00879951302362514,0.0019240478178265382,high,0.5,ridge,S2,T0069
0.1274757480021785,0.07940822022820761,0.03520975335821753,high,0.5,ridge,S2,T0070
0.1667376958427397,0.2247055342678978,0.08352991466913842,high,0.5,ridge,S2,T0071
0.06613747473045357,0.22581861439881146,0.09853074689829078,high,0.5,ridge,S2,T0072
0.038920994985709174,0.1782284310283261,0.061347214361191164,high,0.5,ridge,S2,T0073
0.12629968441707276,0.4345986693225169,0.19842678842732545,high,0.5,ridge,S2,T0074
0.16309100573189825,0.39296605536744866,0.17998977138982106,high,0.5,ridge,S2,T0075
0.09259687699910259,0.007420904415307851,0.011707377480951416,high,0.5,ridge,S2,T0076
0.06567442204026665,0.022781962237774792,0.01449697842486377,high,0.5,ridge,S2,T0077
0.11704813284347862,0.037762126673482894,0.021426562808593994,high,0.5,ridge,S2,T0078
0.07125692486221692,0.17899109171489683,0.07731804540001513,high,0.5,ridge,S2,T0079
0.03755794303259342,0.34586265280912054,0.17009598870554601,high,0.5,ridge,S2,T0080
0.012421019912653989,0.18868068630739454,0.06891682218984595,high,0.5,ridge,S2,T0081
0.14663823481429086,0.07435957055820426,0.04022067211918628,high,0.5,ridge,S2,T0082
0.3053958308005201,0.2275153225694252,0.08372296036274463,high,0.5,ridge,S2,T0083
0.005970126620289397,0.09324218933497165,0.03813622691291565,high,0.5,ridge,S2,T0084
0.08662922391863172,0.10786652665804422,0.04340595731677527,high,0.5,ridge,S2,T0085
0.003398599656805613,0.1614954506979641,0.08191226727336816,high,0.5,ridge,S2,T0086
0.15096129479718004,0.05416268861798719,0.020344359678139894,high,0.5,ridge,S2,T0087
0.13658947105662986,0.26522590169112936,0.1186250984724358,high,0.5,ridge,S2,T0088
0.06943264548116503,0.12187303014455034,0.04912878347782202,high,0.5,ridge,S2,T0089
0.1843508736355801,0.03803952646036835,0.03808585799978662,high,0.5,ridge,S2,T0090
0.11661388755911442,0.3490116037415667,0.16758623314135254,high,0.5,ridge,S2,T0091
0.09033762916405842,0.21822068497249608,0.09102917982539649,high,0.5,ridge,S2,T0092
0.11557387131045846,0.0473715138127251,0.025819150267286255,high,0.5,ridge,S2,T0093
0.11304171527892318,0.3961377524705785,0.1918640536883469,high,0.5,ridge,S2,T0094
0.137370514684885,0.14076572461419803,0.07243288958237451,high,0.5,ridge,S2,T0095
0.026627865360249754,0.20558685742591432,0.09771489587973217,high,0.5,ridge,S2,T0096
0.12298036565549067,0.14288002360424687,0.05418389800485388,high,0.5,ridge,S2,T0097
0.19044740209513306,0.3774836462735177,0.1648462175198805,high,0.5,ridge,S2,T0098
0.1686372427615768,0.1058022114374674,0.031965410182702395,high,0.5,ridge,S2,T0099
0.032986955078724296,0.11226188274873819,0.05494828439937903,high,0.5,ridge,S2,T0100
0.09090575967980992,0.059928868148332884,0.01471073461512085,high,0.5,ridge,S2,T0101
0.10890438954353768,0.27966867836225046,0.107273765668,high,0.5,ridge,S2,T0102
0.17273478408501966,0.16785493738365495,0.07624699211657641,high,0.5,ridge,S2,T0103
0.09584479417022732,0.08961899556593102,0.04402831644700684,high,0.5,ridge,S2,T0104
0.03342649294096057,0.2765778466488281,0.10302772355742162,high,0.5,ridge,S2,T0105
0.22631003788516213,0.10896263213343307,0.040681875307126955,high,0.5,ridge,S2,T0106
0.009631686240270112,0.10512191378450805,0.043004925932025144,high,0.5,ridge,S2,T0107
0.026400207137943783,0.13179050710736276,0.058199544523370485,high,0.5,ridge,S2,T0108
0.050139596363300024,0.41524796246717827,0.17934923098855224,high,0.5,ridge,S2,T0109
0.13515564627220036,0.06301695351493082,0.033566605191123776,high,0.5,ridge,S2,T0110
0.006790933282281588,0.0623368718160955,0.026960454830619505,high,0.5,ridge,S2,T0111
0.05563131996479122,0.09825876617875709,0.02989097223092212,high,0.5,ridge,S2,T0112
0.030553648308194466,0.10404207937944612,0.06487957970038892,high,0.5,ridge,S2,T0113
0.040547357137536995,0.00881646319667584,0.0035122386056589358,high,0.5,ridge,S2,T0114
0.047453047838293974,0.14746954638472035,0.08172444560672558,high,0.5,ridge,S2,T0115
0.09839720197788784,0.45089960124005524,0.20881031019805443,high,0.5,ridge,S2,T0116
0.10600245866036032,0.06135007698177099,0.017069990934067015,high,0.5,ridge,S2,T0117
0.16021441430585429,0.16212883480298926,0.07776713132813648,high,0.5,ridge,S2,T0118
0.0037068009227314578,0.48719202738557243,0.2144346480469314,high,0.5,ridge,S2,T0119
0.07505048685474304,0.1512555338862032,0.06250840182031348,high,0.5,ridge,S2,T0120
0.05616832738199852,0.08863764501981398,0.0384830748151001,high,0.5,ridge,S2,T0121
0.10331165758244057,0.026745161739527575,0.007639082600367676,high,0.5,ridge,S2,T0122
0.03914005706610963,0.15546221112178518,0.07551837237515185,high,0.5,ridge,S2,T0123
0.05370190278203403,0.02989397544180234,0.004939499781321777,high,0.5,ridge,S2,T0124
0.09489752188828696,0.20847493797063305,0.08640734139240087,high,0.5,ridge,S2,T0125
0.0340719919784599,0.06594804165599573,0.04441290200131445,high,0.5,ridge,S2,T0126
0.14961558036199643,0.001779798416641221,0.0025368310420946045,high,0.5,ridge,S2,T0127
0.082701918414424,0.11075426929643947,0.016418744532909424,high,0.5,ridge,S3,T0000
0.0576679802132954,0.048305186459372276,0.04126872694186426,high,0.5,ridge,S3,T0001
0.0689988384236462,0.2194109199500644,0.08297219168926538,high,0.5,ridge,S3,T0002
0.003440121353454618,0.2268259299633083,0.10825140021375451,high,0.5,ridge,S3,T0003
0.09456024037262092,0.10599869561965017,0.06985794517911596,high,0.5,ridge,S3,T0004
0.08716070426151108,0.5196168755341425,0.26181210001086536,high,0.5,ridge,S3,T0005
0.13081335292473298,0.001210823728941546,0.01401685724909961,high,0.5,ridge,S3,T0006
0.0274004339423567,0.21194685612612374,0.09737898332265638,high,0.5,ridge,S3,T0007
0.12616641051578562,0.09927748386874716,0.036762669925792725,high,0.5,ridge,S3,T0008
0.10810649618659382,0.41692636873925615,0.19477272539579493,high,0.5,ridge,S3,T0009
0.07385555309630755,0.16205521140898463,0.04799265247597412,high,0.5,ridge,S3,T0010
0.04913317385189382,0.04032850895078877,0.006465429094777344,high,0.5,ridge,S3,T0011
0.1344512998711531,0.1315326437072906,0.04679384089195923,high,0.5,ridge,S3,T0012
0.13363168199823752,0.32870325114417764,0.1500108049546692,high,0.5,ridge,S3,T0013
0.06783761023468061,0.10295576760457756,0.07452249792131274,high,0.5,ridge,S3,T0014
0.047730339014283876,0.14914532757095425,0.06672086106221631,high,0.5,ridge,S3,T0015
0.0821433160924634,0.2636118544808089,0.134682614615968,high,0.5,ridge,S3,T0016
0.21271898135250716,0.18251368717622815,0.0419540264784552,high,0.5,ridge,S3,T0017
0.08170125370284832,0.2370792894905011,0.14634300097062428,high,0.5,ridge,S3,T0018
0.08647177056350654,0.11213004135883556,0.052990473723595215,high,0.5,ridge,S3,T0019
0.011239679143584815,0.20420801844733555,0.09343388075822681,high,0.5,ridge,S3,T0020
0.04598141785891519,0.1831676763527468,0.04716568496175818,high,0.5,ridge,S3,T0021
0.1484175606675842,0.675229132973063,0.30519381108886184,high,0.5,ridge,S3,T0022
0.2834856163357902,0.20713244359904132,0.0816407900949215,high,0.5,ridge,S3,T0023
0.01536323833109782,0.06475718462563786,0.04033814357551343,high,0.5,ridge,S3,T0024
0.006937080480484416,0.11174814221242393,0.009686195149124268,high,0.5,ridge,S3,T0025
0.023416811567211208,0.04058516266189111,0.002532882812267578,high,0.5,ridge,S3,T0026
0.24357823125943734,0.24417160531496485,0.10098693416796534,high,0.5,ridge,S3,T0027
0.0008906871410113706,0.08564269797614156,0.06467618291972314,high,0.5,ridge,S3,T0028
0.05969738828591921,0.25740907656690465,0.14204507076088,high,0.5,ridge,S3,T0029
0.006708919386990976,0.08702838599095543,0.007910118235250244,high,0.5,ridge,S3,T0030
0.15604775285657876,0.20993971096857778,0.11584056399408069,high,0.5,ridge,S3,T0031
0.040968760962617486,0.02949606302791203,0.0020743506210584716,high,0.5,ridge,S3,T0032
0.052982501562593445,0.08493782145816782,0.0007933339689575195,high,0.5,ridge,S3,T0033
0.14236106972161103,0.3409643834707288,0.17721761357054724,high,0.5,ridge,S3,T0034
0.18651266695679405,0.016733532058068882,0.02010355048188257,high,0.5,ridge,S3,T0035
0.11504174725421926,0.33206699082876356,0.12894188220550365,high,0.5,ridge,S3,T0036
0.04267689775009049,0.07828143269278943,0.05168864661187195,high,0.5,ridge,S3,T0037
0.13664381117727334,0.34491843650162285,0.14445941345729077,high,0.5,ridge,S3,T0038
0.00722290691245603,0.22470547293571652,0.1472203269019469,high,0.5,ridge,S3,T0039
0.09030158470545836,0.1307823893483512,0.05375162146074707,high,0.5,ridge,S3,T0040
0.0684273330250565,0.04248924554666023,0.0024532799341837157,high,0.5,ridge,S3,T0041
0.180063150289016,0.3317135893374657,0.16443058629093152,high,0.5,ridge,S3,T0042
0.02340246490709186,0.18147724301592008,0.07663010908901026,high,0.5,ridge,S3,T0043
0.0985902519857357,0.42321576844497566,0.2151136142828291,high,0.5,ridge,S3,T0044
0.20347763088928805,0.5075579611904081,0.24510484427421655,high,0.5,ridge,S3,T0045
0.04734249088331145,0.011192954276508795,0.005180562608891968,high,0.5,ridge,S3,T0046
0.028592230558529837,0.007944448222446667,0.0300245941328562,high,0.5,ridge,S3,T0047
0.1839881207744132,0.2636208703117327,0.11061697233683301,high,0.5,ridge,S3,T0048
0.09806415178495151,0.03569272750102021,0.013068913052246948,high,0.5,ridge,S3,T0049
0.20481425786437502,0.1732937636040355,0.11072380016562232,high,0.5,ridge,S3,T0050
0.05370651735225053,0.4176431753869468,0.2147358176918379,high,0.5,ridge,S3,T0051
0.1501705754883079,0.011499762807612448,0.013201049112153564,high,0.5,ridge,S3,T0052
0.06436044893011807,0.4556432950147791,0.23401530747466137,high,0.5,ridge,S3,T0053
0.0394937228258796,0.15256830648376354,0.0782367470585415,high,0.5,ridge,S3,T0054
0.13096087302034878,0.07946431714899617,0.02325920664339673,high,0.5,ridge,S3,T0055
0.029481118612119113,0.4616555128771994,0.17204024616981933,high,0.5,ridge,S3,T0056
0.028755956462137584,0.15167232238638725,0.0608362920089801,high,0.5,ridge,S3,T0057
0.04049145670773414,0.009131543569883273,0.00010971445843286133,high,0.5,ridge,S3,T0058
0.00833754560291722,0.01943236870094345,0.026269450314211303,high,0.5,ridge,S3,T0059
0.16454925337568652,0.45617428754676653,0.19988857613808655,high,0.5,ridge,S3,T0060
0.2507336018434992,0.05318907075125891,0.07420654632093823,high,0.5,ridge,S3,T0061
0.17518706471655157,0.02843809649867691,0.028307299469818116,high,0.5,ridge,S3,T0062
0.23408648100014479,0.16985684327753384,0.085717540180896,high,0.5,ridge,S3,T0063
0.11883027622177858,0.033542298201331706,0.003919720914092285,high,0.5,ridge,S3,T0064
0.04914890170927362,0.1210836349821465,0.048055027020030276,high,0.5,ridge,S3,T0065
0.08027092336478027,0.2551505567680221,0.13280680772685302,high,0.5,ridge,S3,T0066
0.11483261380984047,0.18484303766916846,0.05079153539557837,high,0.5,ridge,S3,T0067
0.025507923933978667,0.04431036272136702,0.009354881557656737,high,0.5,ridge,S3,T0068
0.03940706912847398,0.006271961034646502,0.0006492911612592774,high,0.5,ridge,S3,T0069
0.1358609595980301,0.050290793780082846,0.031489345225290774,high,0.5,ridge,S3,T0070
0.1701596179253251,0.220417763625872,0.10069386723368884,high,0.5,ridge,S3,T0071
0.04470646115954575,0.2349315929096219,0.09594157811774573,high,0.5,ridge,S3,T0072
0.03403135785772699,0.19321049336392399,0.06889724161566332,high,0.5,ridge,S3,T0073
0.13161151865004553,0.4084355554985676,0.21281498388140893,high,0.5,ridge,S3,T0074
0.18104502631200922,0.38569012241258704,0.1875012115111521,high,0.5,ridge,S3,T0075
0.11268527889418292,0.007625889107765462,0.013911592365535035,high,0.5,ridge,S3,T0076
0.05340397748845706,0.004433940714213548,0.008110475171047729,high,0.5,ridge,S3,T0077
0.0957905981966223,0.07021917043570249,0.030125046170371216,high,0.5,ridge,S3,T0078
0.055303631974288905,0.14979619712382267,0.09523458558748998,high,0.5,ridge,S3,T0079
0.03984256137170961,0.34609412877136375,0.16774021591587196,high,0.5,ridge,S3,T0080
0.02101106737877612,0.18314615877506188,0.030157473460407837,high,0.5,ridge,S3,T0081
0.15980817240050352,0.09083323878531142,0.02887671267998291,high,0.5,ridge,S3,T0082
0.30810758075997985,0.23016581854784757,0.10762416050143725,high,0.5,ridge,S3,T0083
0.011977605612500945,0.08270101174701285,0.03851066683684998,high,0.5,ridge,S3,T0084
0.08573040487274143,0.07831543780481899,0.057407061161248045,high,0.5,ridge,S3,T0085
0.0055808978210464275,0.12801201268868054,0.07232261222182373,high,0.5,ridge,S3,T0086
0.1546019507034552,0.07942381665042132,0.0021427276531154785,high,0.5,ridge,S3,T0087
0.1178195971345414,0.24663441505215467,0.13044986337273243,high,0.5,ridge,S3,T0088
0.056972169667321174,0.13700402184514796,0.021876384045999023,high,0.5,ridge,S3,T0089
0.18507484320198556,0.020815486309867518,0.007986959481643676,high,0.5,ridge,S3,T0090
0.13480297943856137,0.36409066887828556,0.1743252325567777,high,0.5,ridge,S3,T0091
0.05697922167766935,0.2126234615520845,0.12156704766386621,high,0.5,ridge,S3,T0092
0.12743261914547918,0.03534121572779881,0.031152675247128784,high,0.5,ridge,S3,T0093
0.09942593284269444,0.4080196766118711,0.15969598503279858,high,0.5,ridge,S3,T0094
0.14547741010708523,0.19472117524206056,0.08790824281093311,high,0.5,ridge,S3,T0095
0.03456389880340333,0.1695509712511459,0.12375390165467749,high,0.5,ridge,S3,T0096
0.10076595086647325,0.1128810628499072,0.05572708057186475,high,0.5,ridge,S3,T0097
0.18897627918836762,0.39972650648341557,0.15261511617076892,high,0.5,ridge,S3,T0098
0.14738856240266499,0.11861334543982363,0.0358511426045542,high,0.5,ridge,S3,T0099
0.03398040293666805,0.09667544125179064,0.0575790477711637,high,0.5,ridge,S3,T0100
0.07249997889498873,0.04414049174423119,0.011046598376598145,high,0.5,ridge,S3,T0101
0.07989228753693624,0.2857297671061971,0.09275765241022803,high,0.5,ridge,S3,T0102
0.17067626877401823,0.18722655622763903,0.08617909173216552,high,0.5,ridge,S3,T0103
0.08624688516707253,0.08690289471114944,0.031505471460281737,high,0.5,ridge,S3,T0104
0.05091023132773988,0.2523440997567728,0.10011375746605249,high,0.5,ridge,S3,T0105
0.2289610098220516,0.1489143022410633,0.040497311209042604,high,0.5,ridge,S3,T0106
0.000737193406931125,0.10138867011091293,0.055970735931108156,high,0.5,ridge,S3,T0107
0.017470351404793586,0.1342697202613208,0.04009358674781726,high,0.5,ridge,S3,T0108
0.05155993658941262,0.42019339718509,0.1704216858604026,high,0.5,ridge,S3,T0109
0.11819785648735151,0.05278665327742489,0.053430750959052614,high,0.5,ridge,S3,T0110
0.015932099010540216,0.05278634056129329,0.035217171563552,high,0.5,ridge,S3,T0111
0.045460433631633886,0.1254185775034561,0.02363383741463623,high,0.5,ridge,S3,T0112
0.017297124425849634,0.08045773886820624,0.05906966059126038,high,0.5,ridge,S3,T0113
0.060521558666227784,0.0033088566337696754,0.01640620931674536,high,0.5,ridge,S3,T0114
0.036141827550742474,0.13795085821302014,0.07927491719730395,high,0.5,ridge,S3,T0115
0.09729177790250623,0.4350181867105303,0.22799271353451783,high,0.5,ridge,S3,T0116
0.11613402261859282,0.09381456986963246,0.010321309491609252,high,0.5,ridge,S3,T0117
0.15031765700942587,0.19515053906294993,0.08289373767164075,high,0.5,ridge,S3,T0118
0.001434845540374541,0.43016961138580373,0.23088988021727208,high,0.5,ridge,S3,T0119
0.07114985817964493,0.14808912176316305,0.047257484004044066,high,0.5,ridge,S3,T0120
0.05212516619875708,0.0881911690563303,0.05187886658027881,high,0.5,ridge,S3,T0121
0.09979751624147495,0.036694733412326604,0.015585438310572266,high,0.5,ridge,S3,T0122
0.04245120516328222,0.12460340575752352,0.06709634580959643,high,0.5,ridge,S3,T0123
0.07663869782037593,0.010882980683447343,0.040216609323753906,high,0.5,ridge,S3,T0124
0.10182780112003745,0.21063258694643378,0.1333979403754602,high,0.5,ridge,S3,T0125
0.023986961888313736,0.04957864076615666,0.06682605483787317,high,0.5,ridge,S3,T0126
0.1458302573895032,0.008677321460618394,0.004155658300099853,high,0.5,ridge,S3,T0127
0.15609399556490464,0.012104117158752151,0.005982481759682129,high,0.9,gp,S1,T0000
0.06313009945952631,0.09129291406145353,0.05648548313887988,high,0.9,gp,S1,T0001
0.013449291116771626,0.23217468287878745,0.09187664820484448,high,0.9,gp,S1,T0002
0.16468513750498573,0.30652547846554945,0.15117839693714502,high,0.9,gp,S1,T0003
0.19187607837663884,0.033239585728152006,0.006513537459756592,high,0.9,gp,S1,T0004
0.5091691014367917,0.3503965804661308,0.17313000687288208,high,0.9,gp,S1,T0005
0.08727510743991058,0.02127466173391879,0.009998883491421631,high,0.9,gp,S1,T0006
0.19495029020071697,0.12964488580779923,0.05003514276875464,high,0.9,gp,S1,T0007
0.20541057233609,0.3506604917762807,0.16044533341150743,high,0.9,gp,S1,T0008
0.0012625524898601805,0.3470626666254934,0.15110064317985644,high,0.9,gp,S1,T0009
0.12584035950922726,0.15393636939255997,0.05737079400472021,high,0.9,gp,S1,T0010
0.11959442938266981,0.04984068367522605,0.017555860462206543,high,0.9,gp,S1,T0011
0.10561889327740273,0.11940919782119977,0.06227697395566797,high,0.9,gp,S1,T0012
0.18635048549982133,0.4076316520819904,0.1819911010984447,high,0.9,gp,S1,T0013
0.2489929225058513,0.041543879955421865,0.029238891200637697,high,0.9,gp,S1,T0014
0.07415516530352385,0.06806476481138525,0.018665297972311767,high,0.9,gp,S1,T0015
0.06473272724876107,0.412714827212436,0.19771598926888037,high,0.9,gp,S1,T0016
0.6012411164223407,0.21738597908799567,0.0678956437415636,high,0.9,gp,S1,T0017
0.07693340795304872,0.2139133070419919,0.1056497202579082,high,0.9,gp,S1,T0018
0.0666336023365341,0.3319720606372554,0.15773077824937426,high,0.9,gp,S1,T0019
0.11176264003962713,0.2767232450472332,0.11470404191222949,high,0.9,gp,S1,T0020
0.1502154910787246,0.24915696359776146,0.09818878695983264,high,0.9,gp,S1,T0021
0.24137007626004298,0.6125826374903725,0.2709528772890996,high,0.9,gp,S1,T0022
0.14539346968885483,0.2646064028847917,0.11219791088341052,high,0.9,gp,S1,T0023
0.3041863064306536,0.06372393228903596,0.014086063316632813,high,0.9,gp,S1,T0024
0.10149506607930905,0.08774123058917228,0.014418858253945068,high,0.9,gp,S1,T0025
0.1278829109047386,0.05519853968232348,0.02163073834607141,high,0.9,gp,S1,T0026
0.2255929659749515,0.29378556418386137,0.12822029313918457,high,0.9,gp,S1,T0027
0.10524183462497064,0.2019400316954429,0.11321215293414087,high,0.9,gp,S1,T0028
0.17318720276419455,0.204153000357934,0.12079269816198376,high,0.9,gp,S1,T0029
0.05364622895362049,0.09234330466634856,0.057700923943412356,high,0.9,gp,S1,T0030
0.07217652261287318,0.2156248628648722,0.1293676527056145,high,0.9,gp,S1,T0031
0.01331088967128136,0.19774813445041872,0.09959906885695874,high,0.9,gp,S1,T0032
0.2421240555218918,0.029362010411553847,0.03105700347538513,high,0.9,gp,S1,T0033
0.09743886496644263,0.3199186596603968,0.14134546549501575,high,0.9,gp,S1,T0034
0.3586256474260394,0.02018293142017014,0.01241821930142688,high,0.9,gp,S1,T0035
0.08742818131832032,0.2721896794019477,0.11651024069769764,high,0.9,gp,S1,T0036
0.37217985367940165,0.4662925831557214,0.2125807887199077,high,0.9,gp,S1,T0037
0.16813790058653968,0.2058469419903911,0.07483076706866504,high,0.9,gp,S1,T0038
0.305896313020371,0.1987122169772063,0.12273759929911865,high,0.9,gp,S1,T0039
0.04853684397821913,0.07173296985830747,0.0354824748268407,high,0.9,gp,S1,T0040
0.1030873094089663,0.015431782453917135,0.002826487842441406,high,0.9,gp,S1,T0041
0.27451661741386696,0.5380017610991371,0.24917338938516442,high,0.9,gp,S1,T0042
0.16494180187770438,0.11580353038729177,0.04084743262805835,high,0.9,gp,S1,T0043
0.6030160577520167,0.13508302723388213,0.06377687417880543,high,0.9,gp,S1,T0044
0.43980421434897454,0.49165598636453267,0.23370435173040038,high,0.9,gp,S1,T0045
0.11847968817014168,0.06941231827556545,0.011595762302294678,high,0.9,gp,S1,T0046
0.09574877104508053,0.12795467263952867,0.03625118499102124,high,0.9,gp,S1,T0047
0.0465315732844579,0.4187706074125226,0.1897937046210808,high,0.9,gp,S1,T0048
0.04400846430550138,0.005509405862393625,0.017353446484848756,high,0.9,gp,S1,T0049
0.24254810109055175,0.3844711577707897,0.1961111821956826,high,0.9,gp,S1,T0050
0.29564301073420013,0.5988389214378016,0.2805304922743865,high,0.9,gp,S1,T0051
0.34190640419596885,0.07721446845624148,0.04562119520080664,high,0.9,gp,S1,T0052
0.10250026587285829,0.46708101661203744,0.22436367903544616,high,0.9,gp,S1,T0053
0.025744846547198226,0.32220193315378626,0.15741567381454236,high,0.9,gp,S1,T0054
0.0250563791650485,0.16801049026529488,0.07170141953476623,high,0.9,gp,S1,T0055
0.22021704469708697,0.5262921394470755,0.22115414181125195,high,0.9,gp,S1,T0056
0.027697593733443944,0.1973667868251281,0.0769640971147926,high,0.9,gp,S1,T0057
0.005280488641746795,0.039270851943118974,0.0216912878484043,high,0.9,gp,S1,T0058
0.4002873403059491,0.007794952946859614,0.014272188092036743,high,0.9,gp,S1,T0059
0.16348722421589526,0.3960564444157034,0.16761703136386571,high,0.9,gp,S1,T0060
0.09325738499601445,0.16408748746911536,0.10146376440513892,high,0.9,gp,S1,T0061
0.26077208819707937,0.07062501777957032,0.031098406217132935,high,0.9,gp,S1,T0062
0.3143890445284154,0.267553305146433,0.11684311256037792,high,0.9,gp,S1,T0063
0.22348963762548557,0.21885725140098627,0.08253637128450268,high,0.9,gp,S1,T0064
0.05858303018275031,0.06282321239959755,0.017321635657458496,high,0.9,gp,S1,T0065
0.13869348462475176,0.09415122471162776,0.04682970026554846,high,0.9,gp,S1,T0066
0.1506811396669225,0.4338439227776054,0.17275047927842443,high,0.9,gp,S1,T0067
0.26818273202378456,0.0559109049226192,0.0002743888108217773,high,0.9,gp,S1,T0068
0.04473915738930801,0.011754106229721065,0.00027209611142614743,high,0.9,gp,S1,T0069
0.4465640152202525,0.16778483169861916,0.06872684910761304,high,0.9,gp,S1,T0070
0.05163611515668522,0.3369071588323958,0.15229069724402503,high,0.9,gp,S1,T0071
0.00013880216063633102,0.11707276675636094,0.05221068267398962,high,0.9,gp,S1,T0072
0.16467804675047829,0.43523182784758596,0.18575980618978868,high,0.9,gp,S1,T0073
0.2748006100832096,0.394912882903647,0.19917464266980883,high,0.9,gp,S1,T0074
0.40806917242737034,0.1681346249067134,0.07434270029363135,high,0.9,gp,S1,T0075
0.19571444138359573,0.11112168541606102,0.0628626931827561,high,0.9,gp,S1,T0076
0.24670758830859846,0.061538291404721626,0.027001605371414796,high,0.9,gp,S1,T0077
0.2698242574037835,0.14667365382805056,0.0742421345684862,high,0.9,gp,S1,T0078
0.1876692168057676,0.11163339892801774,0.053130405816023435,high,0.9,gp,S1,T0079
0.06030639677136797,0.3436886900365416,0.16847446224356835,high,0.9,gp,S1,T0080
0.22588593105713378,0.10578826034798874,0.02137387633037268,high,0.9,gp,S1,T0081
0.20808153778479838,0.11125452308132475,0.04000611686912451,high,0.9,gp,S1,T0082
0.3890159085125176,0.2959517754616984,0.12404841921286597,high,0.9,gp,S1,T0083
0.18763134293954936,0.0074355726200797684,0.003012859997326172,high,0.9,gp,S1,T0084
0.09234840230996634,0.025112709999297052,0.0183812744079115,high,0.9,gp,S1,T0085
0.20261709711698916,0.0050269496896779295,0.012700539410676758,high,0.9,gp,S1,T0086
0.23217735648061016,0.12250351914097127,0.04281573097933691,high,0.9,gp,S1,T0087
0.13106028197181988,0.34061657870879786,0.16866774207483204,high,0.9,gp,S1,T0088
0.231754655011284,0.27391483340480144,0.10863958330579687,high,0.9,gp,S1,T0089
0.15803571205579017,0.320752974759897,0.15364352148408777,high,0.9,gp,S1,T0090
0.057340809363243,0.25130605154928437,0.13335215670610742,high,0.9,gp,S1,T0091
0.19934206340456068,0.09190895819704338,0.0371742904641709,high,0.9,gp,S1,T0092
0.17401313003325844,0.04735986058334836,0.033840925412666624,high,0.9,gp,S1,T0093
0.17311039461351543,0.2386011997439622,0.11293703145705737,high,0.9,gp,S1,T0094
0.01416841917978168,0.26196709855065453,0.12062159094337524,high,0.9,gp,S1,T0095
0.21633604522128264,0.21428638158318059,0.11674230358626685,high,0.9,gp,S1,T0096
0.055537793499545476,0.16585724905106766,0.06878952064048034,high,0.9,gp,S1,T0097
0.13445560993149228,0.27238836960599483,0.10196715130163843,high,0.9,gp,S1,T0098
0.2844448207866879,0.0967193921456794,0.026622574205926026,high,0.9,gp,S1,T0099
0.02416433466721269,0.01998338777473963,0.011733118388296998,high,0.9,gp,S1,T0100
0.058097724360318695,0.06730193023439192,0.023729638024413087,high,0.9,gp,S1,T0101
0.037432051099277615,0.32145097745780676,0.13764195789206202,high,0.9,gp,S1,T0102
0.25176384617919384,0.10587570867982457,0.04220752072949683,high,0.9,gp,S1,T0103
0.2536120389053279,0.04419593000025202,0.007332438649151367,high,0.9,gp,S1,T0104
0.016898282287956538,0.39319136450736186,0.1560920546438618,high,0.9,gp,S1,T0105
0.44580893158896223,0.04701857282332579,0.05784301702063122,high,0.9,gp,S1,T0106
0.123904852633171,0.21178621039992135,0.10554855273673108,high,0.9,gp,S1,T0107
0.08044177297781065,0.17089430007383308,0.07380100698705286,high,0.9,gp,S1,T0108
0.05792046790948081,0.42410059238364534,0.17609309248480493,high,0.9,gp,S1,T0109
0.1311024361235286,0.06437601393491034,0.018990557257907104,high,0.9,gp,S1,T0110
0.033347204826839345,0.16086836763089948,0.08110203611864392,high,0.9,gp,S1,T0111
0.09897405590820588,0.1701431608042875,0.04816052843128845,high,0.9,gp,S1,T0112
0.19131060816494966,0.051377386030145036,0.04555154132736963,high,0.9,gp,S1,T0113
0.04996178026444088,0.03220473504633226,0.016753873754505617,high,0.9,gp,S1,T0114
0.22410879884213758,0.05344985141376936,0.034044454819830566,high,0.9,gp,S1,T0115
0.21712044259588786,0.5440993664994771,0.253332990906156,high,0.9,gp,S1,T0116
0.2877407005813399,0.0008650399245863085,0.023490240372207274,high,0.9,gp,S1,T0117
0.37600400657030003,0.26318909951294966,0.11509189545124646,high,0.9,gp,S1,T0118
0.08101641689256091,0.47683691811652923,0.23232609268288013,high,0.9,gp,S1,T0119
0.18463304794681226,0.13364266588885457,0.04237123149522131,high,0.9,gp,S1,T0120
0.021015944973843407,0.11678377975586993,0.055366044129118164,high,0.9,gp,S1,T0121
0.285664649547906,0.10868735176510438,0.028304888613120607,high,0.9,gp,S1,T0122
0.3086439675853376,0.009965198545495714,0.011137540638895996,high,0.9,gp,S1,T0123
0.21991073408091372,0.010594422147016115,0.008149731281124024,high,0.9,gp,S1,T0124
0.015722879880434307,0.10289206154819378,0.03802522573676025,high,0.9,gp,S1,T0125
0.03834225463195285,0.05679923625200507,0.052471769724204954,high,0.9,gp,S1,T0126
0.047503543580966215,0.1817784788467153,0.0887422811128999,high,0.9,gp,S1,T0127
0.1317561489290184,0.012852562205025179,0.017858723547585692,high,0.9,gp,S1x2,T0000
0.07886615762768669,0.09195957507433684,0.058216944068768435,high,0.9,gp,S1x2,T0001
0.03358717188062633,0.21132749661915035,0.07949351101202441,high,0.9,gp,S1x2,T0002
0.1478200966972937,0.30357032622477415,0.15283333353477538,high,0.9,gp,S1x2,T0003
0.1669525602267097,0.07058672080723778,0.02361569198024463,high,0.9,gp,S1x2,T0004
0.4828062999429673,0.3566176130120408,0.18230318195906786,high,0.9,gp,S1x2,T0005
0.08032712722699621,0.005281210480916899,0.0033800207191225584,high,0.9,gp,S1x2,T0006
0.1873568240330609,0.14536192445733012,0.054838926869236575,high,0.9,gp,S1x2,T0007
0.17962299203793,0.41111490940745826,0.18456845496629076,high,0.9,gp,S1x2,T0008
0.04759993127793628,0.3433141344790081,0.15208035235790723,high,0.9,gp,S1x2,T0009
0.13343666304337312,0.14726873778649288,0.05698450457022803,high,0.9,gp,S1x2,T0010
0.08198000121191708,0.08412404133242098,0.03056655779665796,high,0.9,gp,S1x2,T0011
0.108579909792928,0.11313891760268538,0.06262290951168017,high,0.9,gp,S1x2,T0012
0.18334603462742935,0.43045068677512216,0.1925025094677085,high,0.9,gp,S1x2,T0013
0.2783827216264962,0.044215001309553255,0.03684534849233252,high,0.9,gp,S1x2,T0014
0.08465086325970846,0.03806675416896999,0.0018076245525629883,high,0.9,gp,S1x2,T0015
0.04215487816547376,0.43147545794976216,0.20959762287025574,high,0.9,gp,S1x2,T0016
0.5667558252011474,0.24935977893312428,0.08127236404927539,high,0.9,gp,S1x2,T0017
0.03544882253786242,0.2595518891993948,0.1279039271957876,high,0.9,gp,S1x2,T0018
0.050785898687593936,0.3286371793295379,0.16156609023701135,high,0.9,gp,S1x2,T0019
0.11795107039048294,0.31653615601443535,0.13583459556232202,high,0.9,gp,S1x2,T0020
0.1973564207431256,0.2166159175275118,0.08409903117991027,high,0.9,gp,S1x2,T0021
0.28762515632447644,0.6437009068974419,0.2891114295840161,high,0.9,gp,S1x2,T0022
0.12949211353317672,0.29926538849342493,0.13235031845387513,high,0.9,gp,S1x2,T0023
0.26985686874958537,0.07892591968091779,0.020028655242101075,high,0.9,gp,S1x2,T0024
0.08980589229000831,0.05144588126990564,0.004133742640911011,high,0.9,gp,S1x2,T0025
0.1204051762699013,0.08802911419239474,0.03723165293505493,high,0.9,gp,S1x2,T0026
0.14864020578604173,0.2640087292614466,0.11647608262507446,high,0.9,gp,S1x2,T0027
0.08996974638640633,0.18262471190320875,0.11233027766073096,high,0.9,gp,S1x2,T0028
0.13373954888567216,0.18712439273346373,0.11355567804286035,high,0.9,gp,S1x2,T0029
0.040514396429625905,0.08985656558859607,0.05318523299834082,high,0.9,gp,S1x2,T0030
0.08447556517159756,0.23358925513943424,0.14528825676818372,high,0.9,gp,S1x2,T0031
0.02582664376688249,0.21174168577929536,0.10156833472086682,high,0.9,gp,S1x2,T0032
0.2185936314059745,0.041803317050441165,0.03802685952126709,high,0.9,gp,S1x2,T0033
0.04753627404897544,0.31199317704637775,0.1350276168615138,high,0.9,gp,S1x2,T0034
0.32180448748698554,0.04409958569188633,0.02443837002494116,high,0.9,gp,S1x2,T0035
0.14647694260689184,0.273524374078292,0.122866238944474,high,0.9,gp,S1x2,T0036
0.3482648243879716,0.5013338583599798,0.2304974620287279,high,0.9,gp,S1x2,T0037
0.18595333840800424,0.18548753171003576,0.06406965722796375,high,0.9,gp,S1x2,T0038
0.2947615786738176,0.21283176031748707,0.12774963502400463,high,0.9,gp,S1x2,T0039
0.07220450294753879,0.10737702969048804,0.0488356955513407,high,0.9,gp,S1x2,T0040
0.10233011657706684,0.03416666063025071,0.025887703690892213,high,0.9,gp,S1x2,T0041
0.30073782777178487,0.5141257085181951,0.23560042197926842,high,0.9,gp,S1x2,T0042
0.17696289050729289,0.12091602070354038,0.0433199018459585,high,0.9,gp,S1x2,T0043
0.5970999266834632,0.1250234856554733,0.05893354770660669,high,0.9,gp,S1x2,T0044
0.4141470148026084,0.47585823910722647,0.2226683271844392,high,0.9,gp,S1x2,T0045
0.11653199050394861,0.03474747385778521,0.00958385224552832,high,0.9,gp,S1x2,T0046
0.12901132444583938,0.128379660268953,0.03957980489212561,high,0.9,gp,S1x2,T0047
0.06367285598728235,0.3616658659329059,0.16281113908613037,high,0.9,gp,S1x2,T0048
0.028476549176274797,0.029242219111425,0.02925355472414734,high,0.9,gp,S1x2,T0049
0.23591426205416383,0.37606372253698156,0.19117584805115942,high,0.9,gp,S1x2,T0050
0.31020252976139034,0.5648449033620252,0.25773519734075584,high,0.9,gp,S1x2,T0051
0.3340255437781198,0.08290988645937027,0.04825850973264258,high,0.9,gp,S1x2,T0052
0.10754594402738768,0.49876903721630933,0.23621382474383557,high,0.9,gp,S1x2,T0053
0.049866958179862766,0.28478356821165957,0.13992262109304066,high,0.9,gp,S1x2,T0054
0.0283791478360021,0.198678600282016,0.08594106646601404,high,0.9,gp,S1x2,T0055
0.21355230852596113,0.5265997961307907,0.22440954649242528,high,0.9,gp,S1x2,T0056
0.021906716355571957,0.1961113159567499,0.07943758780083325,high,0.9,gp,S1x2,T0057
0.019965549644956896,0.032061133063963916,0.014861662129305786,high,0.9,gp,S1x2,T0058
0.39023036673305683,0.006337675827487734,0.009655802471752564,high,0.9,gp,S1x2,T0059
0.21111680023781115,0.3806617786378431,0.1584669511201399,high,0.9,gp,S1x2,T0060
0.09769605130854456,0.15190008524602341,0.09616036553053955,high,0.9,gp,S1x2,T0061
0.24062380900903185,0.06525662788306465,0.02611881632464258,high,0.9,gp,S1x2,T0062
0.3378346410316619,0.24327364680060976,0.10206294404739355,high,0.9,gp,S1x2,T0063
0.16194520975929413,0.20942727795983834,0.0746443714179718,high,0.9,gp,S1x2,T0064
0.047948910406356585,0.03982055495807769,0.004609110130624023,high,0.9,gp,S1x2,T0065
0.14073051387581195,0.10038731697928713,0.0435503555265061,high,0.9,gp,S1x2,T0066
0.16127230782438304,0.3941157639079508,0.1563362888715077,high,0.9,gp,S1x2,T0067
0.29905721221566267,0.029639996118768226,0.006985937255032715,high,0.9,gp,S1x2,T0068
0.03538292467934607,0.0020195653943985707,0.004419559976830933,high,0.9,gp,S1x2,T0069
0.3971254646795845,0.18348823099694242,0.07754219069992944,high,0.9,gp,S1x2,T0070
0.059094230301812725,0.3113222005076172,0.13735546228587672,high,0.9,gp,S1x2,T0071
0.02814128981431075,0.1102603956242196,0.04721092828822217,high,0.9,gp,S1x2,T0072
0.11551343003844725,0.46088885360427834,0.19954389936769237,high,0.9,gp,S1x2,T0073
0.22248874936783686,0.35639716710592856,0.1823271843737102,high,0.9,gp,S1x2,T0074
0.37969991213802495,0.15761604775131058,0.07224363311408838,high,0.9,gp,S1x2,T0075
0.18072860003147898,0.11570883075280039,0.056691026290487306,high,0.9,gp,S1x2,T0076
0.2229886775520557,0.04511832672194017,0.017521583759530272,high,0.9,gp,S1x2,T0077
0.2928110748641833,0.12651668132368013,0.06297171880020898,high,0.9,gp,S1x2,T0078
0.13225940626724833,0.09402725411742033,0.043051608277693845,high,0.9,gp,S1x2,T0079
0.05821617454116303,0.35112112730757017,0.1737548302751699,high,0.9,gp,S1x2,T0080
0.23110601809855252,0.10097557667861026,0.021243000710140382,high,0.9,gp,S1x2,T0081
0.20669222213792698,0.1072509565875843,0.03891378984759338,high,0.9,gp,S1x2,T0082
0.42748568398528153,0.28095384545669433,0.11509089418865234,high,0.9,gp,S1x2,T0083
0.20233163424047745,0.015147024259275502,0.005190082649545532,high,0.9,gp,S1x2,T0084
0.0886541426542198,0.048862783313493044,0.029878110542822387,high,0.9,gp,S1x2,T0085
0.23496592450026532,0.01340562904993903,0.0009248615329816894,high,0.9,gp,S1x2,T0086
0.2690360590840935,0.1398640829225198,0.05324242031662708,high,0.9,gp,S1x2,T0087
0.14787164192890642,0.3334006565846676,0.16543529982872315,high,0.9,gp,S1x2,T0088
0.26962994546078983,0.24240026623505556,0.09641101717941308,high,0.9,gp,S1x2,T0089
0.16890725872437676,0.32456561700804637,0.1540372339360847,high,0.9,gp,S1x2,T0090
0.062145765384998566,0.20373595317770948,0.11178974872239857,high,0.9,gp,S1x2,T0091
0.21839400840621975,0.09734061655852724,0.033746534833314454,high,0.9,gp,S1x2,T0092
0.15441605417383406,0.09812864301403243,0.06078239346108484,high,0.9,gp,S1x2,T0093
0.16986121024023917,0.23953661115337788,0.11220953457854639,high,0.9,gp,S1x2,T0094
0.04328151636364686,0.2606237243174573,0.11848590106176832,high,0.9,gp,S1x2,T0095
0.1770077161350431,0.23378105515900088,0.12546213905975367,high,0.9,gp,S1x2,T0096
0.002932192348897301,0.12684837053661221,0.050271428191279784,high,0.9,gp,S1x2,T0097
0.14361160898290928,0.291350030224335,0.10854194065478406,high,0.9,gp,S1x2,T0098
0.25838236740835413,0.11882517658555639,0.035748617764498294,high,0.9,gp,S1x2,T0099
0.00984489402265032,0.006454950000723271,0.003941143066534668,high,0.9,gp,S1x2,T0100
0.025481302365032717,0.017572772791193406,0.004607738530497558,high,0.9,gp,S1x2,T0101
0.0005819074168955664,0.32256666232428016,0.14111641232612818,high,0.9,gp,S1x2,T0102
0.2053219297767115,0.08621716600122954,0.0321469198179375,high,0.9,gp,S1x2,T0103
0.25864832488726236,0.07035654969272694,0.021738057099201905,high,0.9,gp,S1x2,T0104
0.017263635696556093,0.40004256250858333,0.16129056851771192,high,0.9,gp,S1x2,T0105
0.3811226599623195,0.010465308355531723,0.03980624857617493,high,0.9,gp,S1x2,T0106
0.06395638517930348,0.18808197504016555,0.09309223335639209,high,0.9,gp,S1x2,T0107
0.10123066761807578,0.17838484504638877,0.07839034020984412,high,0.9,gp,S1x2,T0108
0.09913380586502044,0.40296746522501964,0.16546972483803662,high,0.9,gp,S1x2,T0109
0.10253342775856936,0.07393711290296258,0.02451903274916394,high,0.9,gp,S1x2,T0110
0.07285949153008121,0.15667951225039614,0.08248432367264283,high,0.9,gp,S1x2,T0111
0.11653100274709674,0.2025177971939191,0.059580394313154296,high,0.9,gp,S1x2,T0112
0.21580578066727535,0.02272850820102396,0.031385013286743285,high,0.9,gp,S1x2,T0113
0.034042481106777996,0.02774116685774875,0.01572790867255371,high,0.9,gp,S1x2,T0114
0.23961996535271984,0.025201984636840098,0.016646075609015626,high,0.9,gp,S1x2,T0115
0.191694943199951,0.5469101520395127,0.25646915457037256,high,0.9,gp,S1x2,T0116
0.23718649967474864,0.014079877922699161,0.02817964464176172,high,0.9,gp,S1x2,T0117
0.3995747871442438,0.2504963519269327,0.10887883125426404,high,0.9,gp,S1x2,T0118
0.07074751229763644,0.49624063365634474,0.24111755592573877,high,0.9,gp,S1x2,T0119
0.15358513385583475,0.1691895761015028,0.06140207675323755,high,0.9,gp,S1x2,T0120
0.06020497920060765,0.12275791498373187,0.05552136153342163,high,0.9,gp,S1x2,T0121
0.3024213130710896,0.0980177918181763,0.021038974554064088,high,0.9,gp,S1x2,T0122
0.3775867928857197,0.061051547008685605,0.03421001978269995,high,0.9,gp,S1x2,T0123
0.20450798006686427,0.012827514843729296,0.002434208888963867,high,0.9,gp,S1x2,T0124
0.012602424746424593,0.10860344726195684,0.04205003761804077,high,0.9,gp,S1x2,T0125
0.05460736185673111,0.01379925096467061,0.025087031766815798,high,0.9,gp,S1x2,T0126
0.0656717334577367,0.15381154758871948,0.07900159917069519,high,0.9,gp,S1x2,T0127
0.12752774122257868,0.006543549030063324,0.008401273362162964,high,0.9,gp,S1x2cat,T0000
0.08746052522505322,0.09479381395694433,0.061149083752849734,high,0.9,gp,S1x2cat,T0001
0.024314240666505345,0.20024598338513117,0.07317168664145215,high,0.9,gp,S1x2cat,T0002
0.16847388793460708,0.28579819425156533,0.1497081556527013,high,0.9,gp,S1x2cat,T0003
0.16120881561484837,0.04430487326913397,0.012806434177865356,high,0.9,gp,S1x2cat,T0004
0.4809657704998034,0.3527823985198825,0.18384817942977685,high,0.9,gp,S1x2cat,T0005
0.10099549211072509,0.026330457128970204,0.011366776219905762,high,0.9,gp,S1x2cat,T0006
0.18649345388699087,0.13611690917930938,0.0496281691331427,high,0.9,gp,S1x2cat,T0007
0.19976745906479026,0.407606643920962,0.18248039171701416,high,0.9,gp,S1x2cat,T0008
0.07636389267783485,0.2938595580652171,0.13055733199137207,high,0.9,gp,S1x2cat,T0009
0.13123015650847006,0.13569694228803278,0.05246635465564575,high,0.9,gp,S1x2cat,T0010
0.11796874467197685,0.08591866043754033,0.03232308486049561,high,0.9,gp,S1x2cat,T0011
0.12904014166868402,0.13263455149989503,0.07194436842192237,high,0.9,gp,S1x2cat,T0012
0.1814832738468947,0.38189975167344054,0.17151088689421398,high,0.9,gp,S1x2cat,T0013
0.2853103398784485,0.07074532328999629,0.048335783378910153,high,0.9,gp,S1x2cat,T0014
0.06740507111151596,0.031179669463493882,0.0012432702346674804,high,0.9,gp,S1x2cat,T0015
0.04201481095935767,0.4077198132752453,0.20057537177786647,high,0.9,gp,S1x2cat,T0016
0.5689486268481135,0.26300015340812727,0.08348668737395923,high,0.9,gp,S1x2cat,T0017
0.006256371766381054,0.25456478796060117,0.1278078260187251,high,0.9,gp,S1x2cat,T0018
0.02718402852638247,0.32817715570061,0.1616708998021311,high,0.9,gp,S1x2cat,T0019
0.11713956401009698,0.2935599221277838,0.12602678505965453,high,0.9,gp,S1x2cat,T0020
0.22335189182167653,0.24325216242360176,0.09198893611277258,high,0.9,gp,S1x2cat,T0021
0.31638050318659133,0.6140187918060768,0.2779715610953672,high,0.9,gp,S1x2cat,T0022
0.1494687275804252,0.2962353803426932,0.1334210213080177,high,0.9,gp,S1x2cat,T0023
0.2625504147394301,0.07965772643729109,0.01842192828134668,high,0.9,gp,S1x2cat,T0024
0.10338225820307387,0.08424036900360395,0.00854777655348999,high,0.9,gp,S1x2cat,T0025
0.1308041404204466,0.07103048501699961,0.029276733648895263,high,0.9,gp,S1x2cat,T0026
0.17122513491382305,0.27546902146686125,0.11927888972121949,high,0.9,gp,S1x2cat,T0027
0.06261200366302179,0.16747219496690338,0.11330002425718066,high,0.9,gp,S1x2cat,T0028
0.12205950634404025,0.18169950498891144,0.11643578944840687,high,0.9,gp,S1x2cat,T0029
0.050454312103521984,0.06193189893412028,0.0415754232590835,high,0.9,gp,S1x2cat,T0030
0.10764806849679817,0.21607625093446192,0.14109872670071863,high,0.9,gp,S1x2cat,T0031
0.019524203404086563,0.23235036119604457,0.10855615760191625,high,0.9,gp,S1x2cat,T0032
0.24743440036015812,0.024449241495950187,0.03304479936426111,high,0.9,gp,S1x2cat,T0033
0.06699096122334826,0.31397964107270504,0.13517241172474415,high,0.9,gp,S1x2cat,T0034
0.3496272886769592,0.02275399584839855,0.014241519542166382,high,0.9,gp,S1x2cat,T0035
0.1195870903507629,0.2887760265290574,0.12795713305137926,high,0.9,gp,S1x2cat,T0036
0.3408553664367895,0.5156247880147939,0.23868371762928808,high,0.9,gp,S1x2cat,T0037
0.17769131899817495,0.18384020191509978,0.061438779375318484,high,0.9,gp,S1x2cat,T0038
0.3040310620105211,0.21362084040109008,0.1292469070767112,high,0.9,gp,S1x2cat,T0039
0.09768255087578007,0.10591024777551752,0.049526317029361694,high,0.9,gp,S1x2cat,T0040
0.0926400558054963,0.019464067905293207,0.023183523675622437,high,0.9,gp,S1x2cat,T0041
0.2867326826250708,0.5356528555826413,0.24348501788820667,high,0.9,gp,S1x2cat,T0042
0.16290002250472393,0.11004824475971955,0.03756688757129053,high,0.9,gp,S1x2cat,T0043
0.5745489665749755,0.1125930037566081,0.05216512315971167,high,0.9,gp,S1x2cat,T0044
0.4303337911920153,0.47128518563043187,0.22082253114690187,high,0.9,gp,S1x2cat,T0045
0.13986350891970759,0.05353550692980798,0.0039943515453933105,high,0.9,gp,S1x2cat,T0046
0.13870657877347733,0.1249821142374791,0.0388113737438197,high,0.9,gp,S1x2cat,T0047
0.03333406872943479,0.3900282624070987,0.17510025658476586,high,0.9,gp,S1x2cat,T0048
0.04883438017130566,0.004088990773512825,0.0186689008744209,high,0.9,gp,S1x2cat,T0049
0.24578620286947328,0.3806788394860734,0.19386477251641737,high,0.9,gp,S1x2cat,T0050
0.31978093310768013,0.6290620189584679,0.28392180277856033,high,0.9,gp,S1x2cat,T0051
0.31300084566050107,0.10919310459778955,0.060259924266383304,high,0.9,gp,S1x2cat,T0052
0.08350692997776273,0.4884106207832604,0.23395322808854346,high,0.9,gp,S1x2cat,T0053
0.03703854265851126,0.3300505497987744,0.1586023884455499,high,0.9,gp,S1x2cat,T0054
0.0006452014680125019,0.19671856747770672,0.0869612534362605,high,0.9,gp,S1x2cat,T0055
0.22746699498330308,0.505410470185464,0.21548470647635387,high,0.9,gp,S1x2cat,T0056
0.03739952852869156,0.19788355818804648,0.08003333350986121,high,0.9,gp,S1x2cat,T0057
0.018181835665286864,0.07288374130463073,0.02961052507154846,high,0.9,gp,S1x2cat,T0058
0.4002194639445143,0.007478071276160738,0.01816574727121594,high,0.9,gp,S1x2cat,T0059
0.21210941734047978,0.4214667162922737,0.17643441128721118,high,0.9,gp,S1x2cat,T0060
0.0906330409047529,0.1437479788227922,0.09383479060604956,high,0.9,gp,S1x2cat,T0061
0.27349512839147805,0.1113466656276291,0.04503915804192212,high,0.9,gp,S1x2cat,T0062
0.3520713151934971,0.2660346239998291,0.10899773857864234,high,0.9,gp,S1x2cat,T0063
0.1716837301223831,0.19607767415633143,0.06821531952361426,high,0.9,gp,S1x2cat,T0064
0.01702241742130323,0.04494417548598751,0.005399512019966553,high,0.9,gp,S1x2cat,T0065
0.1379331152424718,0.12189983628976528,0.051710769716750246,high,0.9,gp,S1x2cat,T0066
0.1504670929171634,0.3822565966246412,0.1508897482792345,high,0.9,gp,S1x2cat,T0067
0.30895934031727196,0.03463848227679812,0.0037882458295336913,high,0.9,gp,S1x2cat,T0068
0.04844074814170764,0.017787490672379894,0.003161078696298706,high,0.9,gp,S1x2cat,T0069
0.418837503305358,0.16618617444635445,0.06880653975207776,high,0.9,gp,S1x2cat,T0070
0.042473170409418344,0.3104470314467023,0.1364802437249767,high,0.9,gp,S1x2cat,T0071
0.03811746079296991,0.09245652256174187,0.038629368026536985,high,0.9,gp,S1x2cat,T0072
0.09664680428992548,0.4209500469312478,0.18393399821198975,high,0.9,gp,S1x2cat,T0073
0.22344630511504543,0.35178180203705894,0.18000800149315868,high,0.9,gp,S1x2cat,T0074
0.39072823305332444,0.15054624515169593,0.06915877909086328,high,0.9,gp,S1x2cat,T0075
0.19000156910113147,0.17028767038072798,0.07925415726001636,high,0.9,gp,S1x2cat,T0076
0.23287671545775163,0.016560101674609477,0.005852319254868408,high,0.9,gp,S1x2cat,T0077
0.28663384495865035,0.11758606665191021,0.05933019581707019,high,0.9,gp,S1x2cat,T0078
0.1415257739604381,0.13491268658125974,0.05952916502782373,high,0.9,gp,S1x2cat,T0079
0.07370466080608042,0.35538301960929225,0.1762162563131068,high,0.9,gp,S1x2cat,T0080
0.2328424548081504,0.060883041639635274,0.004458234216219605,high,0.9,gp,S1x2cat,T0081
0.2179929077350729,0.11245166906931645,0.03963642288687036,high,0.9,gp,S1x2cat,T0082
0.430054010014856,0.2791381491477227,0.11388884626088941,high,0.9,gp,S1x2cat,T0083
0.18438020140172487,0.052434377949516234,0.020039502221271363,high,0.9,gp,S1x2cat,T0084
0.09168402457411796,0.03712172846602802,0.0281581698146073,high,0.9,gp,S1x2cat,T0085
0.2240842986152345,0.0066781953189265515,0.008949202945226319,high,0.9,gp,S1x2cat,T0086
0.24120962645043853,0.1289592621121888,0.04716563832278601,high,0.9,gp,S1x2cat,T0087
0.15429266359205693,0.3603962631293007,0.17817490969228467,high,0.9,gp,S1x2cat,T0088
0.2600439083687867,0.26711549946766894,0.10599691613181592,high,0.9,gp,S1x2cat,T0089
0.1838568986235459,0.3228643065996157,0.1535817156442676,high,0.9,gp,S1x2cat,T0090
0.086672522193412,0.20889721986962267,0.11398275373090112,high,0.9,gp,S1x2cat,T0091
0.19231021848069524,0.13717889986220425,0.04861221928093628,high,0.9,gp,S1x2cat,T0092
0.1638862564302421,0.10009319096799255,0.06544057289228833,high,0.9,gp,S1x2cat,T0093
0.1550692087364264,0.2608010856543525,0.12144571766845996,high,0.9,gp,S1x2cat,T0094
0.03438907715878293,0.21853438545802578,0.10130664230710547,high,0.9,gp,S1x2cat,T0095
0.18409693729370127,0.23855402000456832,0.12816798070863683,high,0.9,gp,S1x2cat,T0096
0.015453434022101867,0.11521809868300567,0.04361430220281103,high,0.9,gp,S1x2cat,T0097
0.15079132676801751,0.28459288340427663,0.10494469965687317,high,0.9,gp,S1x2cat,T0098
0.2639215040947696,0.10653343498310988,0.03236042099124121,high,0.9,gp,S1x2cat,T0099
0.01429365875176725,0.02371450781631313,0.010124038361447022,high,0.9,gp,S1x2cat,T0100
0.0039255909237220785,0.04009236761999491,0.016121830572782228,high,0.9,gp,S1x2cat,T0101
0.01270745027392273,0.3231246080116757,0.14363963454389136,high,0.9,gp,S1x2cat,T0102
0.2270228058689403,0.06233120978596464,0.0217215086401853,high,0.9,gp,S1x2cat,T0103
0.2862719031486447,0.05084916216295589,0.011567770004811035,high,0.9,gp,S1x2cat,T0104
0.01980948761192092,0.39715599167417387,0.15921500288723436,high,0.9,gp,S1x2cat,T0105
0.3889533445253089,0.041064852798132774,0.051928027868678714,high,0.9,gp,S1x2cat,T0106
0.07663738840585356,0.19661159469896888,0.09631065698825268,high,0.9,gp,S1x2cat,T0107
0.09276737928441915,0.1767564474064834,0.0770088041942395,high,0.9,gp,S1x2cat,T0108
0.10355844268280681,0.41556279819639924,0.17105251680013148,high,0.9,gp,S1x2cat,T0109
0.10687695256218602,0.08928493700981756,0.03240850350925525,high,0.9,gp,S1x2cat,T0110
0.0567716810677313,0.1416518488120719,0.0772320269692334,high,0.9,gp,S1x2cat,T0111
0.13025302031247163,0.1811526498925581,0.04980190602863001,high,0.9,gp,S1x2cat,T0112
0.1863527254616579,0.06648966881577457,0.04834870982166711,high,0.9,gp,S1x2cat,T0113
0.029111412754612716,0.04310047116397043,0.021240563381661377,high,0.9,gp,S1x2cat,T0114
0.2456948864712461,0.030576291911061933,0.015813364736421875,high,0.9,gp,S1x2cat,T0115
0.19240873332456726,0.5699421490539448,0.2672850334923934,high,0.9,gp,S1x2cat,T0116
0.2483723934874777,0.00047559946941333486,0.02346983553438989,high,0.9,gp,S1x2cat,T0117
0.3923132716322912,0.25419221993285396,0.11020276376414538,high,0.9,gp,S1x2cat,T0118
0.07979009917883474,0.4724832109122344,0.23387556448588098,high,0.9,gp,S1x2cat,T0119
0.16910198663097428,0.17930146106465153,0.06578854046705566,high,0.9,gp,S1x2cat,T0120
0.06279288921784477,0.13111132168302594,0.05876106316039453,high,0.9,gp,S1x2cat,T0121
0.30767651888814923,0.12070804494519724,0.02977157396444104,high,0.9,gp,S1x2cat,T0122
0.38456250827257715,0.07633891025842778,0.044161031148973996,high,0.9,gp,S1x2cat,T0123
0.23925083235301242,0.016716816391182113,0.00563067254293164,high,0.9,gp,S1x2cat,T0124
0.013776880929777805,0.11138151455399595,0.04441357413673144,high,0.9,gp,S1x2cat,T0125
0.05648580625172818,0.03060736358766831,0.030795941727559693,high,0.9,gp,S1x2cat,T0126
0.0874660194461563,0.1418510371680973,0.07829031742338648,high,0.9,gp,S1x2cat,T0127
0.02603433059120531,0.13878750257924263,0.03950514049547449,high,0.9,gp,S2,T0000
0.09575307717092671,0.025362016091108892,0.023029620617894164,high,0.9,gp,S2,T0001
0.033844712992013866,0.22764249515363716,0.08284819911496509,high,0.9,gp,S2,T0002
0.08953810963566124,0.27055025936719107,0.12597778492441847,high,0.9,gp,S2,T0003
0.07792874118414896,0.039097568439432635,0.022681610950450196,high,0.9,gp,S2,T0004
0.03801600193014177,0.49225512784493564,0.21743974872172472,high,0.9,gp,S2,T0005
0.09011473979509495,0.059845126275283614,0.03179058400099878,high,0.9,gp,S2,T0006
0.07051659713983473,0.1285139933452312,0.05964070902341748,high,0.9,gp,S2,T0007
0.06871120782643182,0.20323798382393793,0.09586840801907874,high,0.9,gp,S2,T0008
0.10961823377560079,0.3440256514798374,0.15109252518318408,high,0.9,gp,S2,T0009
0.007783125453321717,0.1541834825151778,0.052998792767456546,high,0.9,gp,S2,T0010
0.034119679486342154,0.0015964166825108155,0.007165339545819092,high,0.9,gp,S2,T0011
0.007903421339745255,0.21358455929540615,0.09734376765394116,high,0.9,gp,S2,T0012
0.1124233054616969,0.3577006217384646,0.16291251813642235,high,0.9,gp,S2,T0013
0.08488026039550901,0.029521744836105153,0.01620470797263025,high,0.9,gp,S2,T0014
0.014948869899915066,0.011769867197274079,0.002805820094737793,high,0.9,gp,S2,T0015
0.028590613271357597,0.31445459149404004,0.15092463486276037,high,0.9,gp,S2,T0016
0.1564823617744571,0.10759357372114062,0.03309855058723547,high,0.9,gp,S2,T0017
0.12507872359130204,0.26423913545614525,0.12348040321641357,high,0.9,gp,S2,T0018
0.06460381258062255,0.20370382072422566,0.09528973504541577,high,0.9,gp,S2,T0019
0.09184097995598774,0.12132400891072428,0.049552692154767576,high,0.9,gp,S2,T0020
0.06602425676447311,0.14474271609345227,0.05796839312287097,high,0.9,gp,S2,T0021
0.1473122390532056,0.6735046870247906,0.2905433555910703,high,0.9,gp,S2,T0022
0.23908636861350202,0.240322392695887,0.09359183227816126,high,0.9,gp,S2,T0023
0.10419710638717858,0.021390492003674492,0.01932145996574951,high,0.9,gp,S2,T0024
0.008131632728059226,0.1378885751316883,0.03350116458332739,high,0.9,gp,S2,T0025
0.012029075415418426,0.03200040446172115,0.012424893637857789,high,0.9,gp,S2,T0026
0.1874556805656988,0.28469206897775523,0.12658417017247142,high,0.9,gp,S2,T0027
0.08796328040074854,0.2535539094725559,0.11950605933252319,high,0.9,gp,S2,T0028
0.023203381902533463,0.14391157115788036,0.09141153314730005,high,0.9,gp,S2,T0029
0.02984301173782595,0.03617127456934489,0.002037088446086914,high,0.9,gp,S2,T0030
0.05183696381782206,0.14908886248326844,0.09244925474042517,high,0.9,gp,S2,T0031
0.04853488015611308,0.06642681511782074,0.044875125664507694,high,0.9,gp,S2,T0032
0.07574711809342939,0.007387469286732897,0.009629557833693604,high,0.9,gp,S2,T0033
0.18848665552061278,0.2428654976485229,0.10576391915570874,high,0.9,gp,S2,T0034
0.09162895652645554,0.011896552970667166,0.003417117023636963,high,0.9,gp,S2,T0035
0.1109996148153303,0.23459660317814107,0.10758774201387586,high,0.9,gp,S2,T0036
0.09466484948756712,0.22964013332269556,0.10940683719195227,high,0.9,gp,S2,T0037
0.12214278884224053,0.2565736376201178,0.09525974357914038,high,0.9,gp,S2,T0038
0.03161034852972617,0.23901343030966338,0.12424430823417724,high,0.9,gp,S2,T0039
0.07933188304656115,0.10561109921137626,0.04683825291439673,high,0.9,gp,S2,T0040
0.02345340251816986,0.011554467714770813,0.00023558020427587892,high,0.9,gp,S2,T0041
0.1723217738483668,0.47322186198801086,0.21209868780912036,high,0.9,gp,S2,T0042
0.07736143539692099,0.054749265224244295,0.01974416934189038,high,0.9,gp,S2,T0043
0.1269058780766966,0.3207717977767361,0.14643432295979394,high,0.9,gp,S2,T0044
0.1445124592506614,0.6650152743802985,0.301514320912469,high,0.9,gp,S2,T0045
0.03432044243995292,0.031296288429734094,0.025490340229263306,high,0.9,gp,S2,T0046
0.07390413137850023,0.10431798099902109,0.025283259222501464,high,0.9,gp,S2,T0047
0.10306702226958178,0.38150461927312596,0.16885111651678053,high,0.9,gp,S2,T0048
0.06919972760751487,0.0337605815927497,0.008303872111732544,high,0.9,gp,S2,T0049
0.10569571038916706,0.2822107448102038,0.1424274107575857,high,0.9,gp,S2,T0050
0.050308311450534285,0.45691765608169466,0.21426511789058314,high,0.9,gp,S2,T0051
0.15685542213345785,0.06507922803071499,0.04274086042994873,high,0.9,gp,S2,T0052
0.09515248989461575,0.4540543877054946,0.21527297444371313,high,0.9,gp,S2,T0053
0.04856316259481576,0.2695711497026377,0.13175207521847143,high,0.9,gp,S2,T0054
0.08676379056378193,0.07316142653825021,0.03233970064836157,high,0.9,gp,S2,T0055
0.026899933832736374,0.5467670404697246,0.223910961415079,high,0.9,gp,S2,T0056
0.08021653727806334,0.13743982218622916,0.04690566087786829,high,0.9,gp,S2,T0057
0.046769679537451155,0.016758854235653934,0.0013915942280908202,high,0.9,gp,S2,T0058
0.06630331556399612,0.013112290813882547,0.004786881493439331,high,0.9,gp,S2,T0059
0.07842440772824645,0.3980418637685638,0.16629059996282006,high,0.9,gp,S2,T0060
0.1623810007189125,0.177695427440035,0.10258628491951391,high,0.9,gp,S2,T0061
0.12750560995875435,0.06801995141787089,0.02938992203733081,high,0.9,gp,S2,T0062
0.12462576570944298,0.21105703194979736,0.09389897318680664,high,0.9,gp,S2,T0063
0.03920047488077256,0.11721465476768725,0.04563988830903528,high,0.9,gp,S2,T0064
0.09488010138981293,0.0445462009302744,0.023055059513966063,high,0.9,gp,S2,T0065
0.022656133638753188,0.2080785262596347,0.10290265008034313,high,0.9,gp,S2,T0066
0.1271252512464577,0.23117924910101234,0.08803061427688244,high,0.9,gp,S2,T0067
0.00938737564281811,0.12273887598829139,0.07517949220111132,high,0.9,gp,S2,T0068
0.03351498664808523,0.07531492410318365,0.03904826543041687,high,0.9,gp,S2,T0069
0.02466313998422149,0.08006636911686961,0.04105646761938769,high,0.9,gp,S2,T0070
0.11668841789689413,0.27587894070951974,0.11643464658386914,high,0.9,gp,S2,T0071
0.049136227604503216,0.18261219397780334,0.0749730380778219,high,0.9,gp,S2,T0072
0.12498750753439955,0.3865145599469584,0.16412386924473243,high,0.9,gp,S2,T0073
0.1305598178153933,0.42475710361943153,0.20483251374387013,high,0.9,gp,S2,T0074
0.0692661956378668,0.25778985244611535,0.11983453530467114,high,0.9,gp,S2,T0075
0.05581616305336408,0.17901286412761705,0.08655089273151599,high,0.9,gp,S2,T0076
0.07313919843938756,0.01364522509357258,0.0030569377832731933,high,0.9,gp,S2,T0077
0.10487554109638922,0.1244039643405809,0.06427888610493225,high,0.9,gp,S2,T0078
0.11193805187984798,0.115456167724691,0.05696332945878345,high,0.9,gp,S2,T0079
0.11496976484392799,0.3372235775962943,0.167497550309078,high,0.9,gp,S2,T0080
0.03410888769141974,0.10733445451644372,0.020982273451837157,high,0.9,gp,S2,T0081
0.08164318263124139,0.001019528028564365,0.0014628504239472657,high,0.9,gp,S2,T0082
0.1418494576551005,0.17536691321898865,0.07227841925550708,high,0.9,gp,S2,T0083
0.05747973702257854,0.06054772702954793,0.02398997121993091,high,0.9,gp,S2,T0084
0.08828862915697012,0.00906428783059854,0.008357714651534546,high,0.9,gp,S2,T0085
0.050988974568018666,0.0507165206525423,0.03442453976560913,high,0.9,gp,S2,T0086
0.11185708182099188,0.006292038731804396,0.004878602507961303,high,0.9,gp,S2,T0087
0.04845764650636132,0.2857147362082494,0.13595911528790233,high,0.9,gp,S2,T0088
0.01272648421548395,0.23686330904631908,0.09449112513202661,high,0.9,gp,S2,T0089
0.14935672842465444,0.10037853695020085,0.04870885932352942,high,0.9,gp,S2,T0090
0.09154853023741528,0.27411389649503576,0.14040486931615734,high,0.9,gp,S2,T0091
0.11513346902016333,0.03069080279362591,0.014263609720082275,high,0.9,gp,S2,T0092
0.06472250777211781,0.0169860105813216,0.01599709760582007,high,0.9,gp,S2,T0093
0.03141154855438478,0.3569070152393928,0.16370524472417358,high,0.9,gp,S2,T0094
0.0015321036962479,0.20827921486499873,0.09790418877899683,high,0.9,gp,S2,T0095
0.04120678132641332,0.23689260140880802,0.1261648840835299,high,0.9,gp,S2,T0096
0.09602964266871852,0.11797325918303211,0.04616490558212891,high,0.9,gp,S2,T0097
0.1403383869105335,0.2504613883702445,0.09676974710927588,high,0.9,gp,S2,T0098
0.12519363571777856,0.04195036683876497,0.004400094446366944,high,0.9,gp,S2,T0099
0.002044725576899609,0.02028617977338554,0.01528944228518811,high,0.9,gp,S2,T0100
0.002454232144357416,0.038443079294360756,0.0026934915186621095,high,0.9,gp,S2,T0101
0.017724649621446712,0.26387717249316717,0.10401975581893848,high,0.9,gp,S2,T0102
0.0020416743415702103,0.1867599108206167,0.07905514662243823,high,0.9,gp,S2,T0103
0.061449173909888535,0.016328913400002202,0.01375791238240918,high,0.9,gp,S2,T0104
0.017344391149060615,0.29594023686674553,0.11268669786827833,high,0.9,gp,S2,T0105
0.13955081764176983,0.08825645780486725,0.06190058398282031,high,0.9,gp,S2,T0106
0.001228829955631783,0.14185878746873606,0.07440843272634949,high,0.9,gp,S2,T0107
0.002183984483075663,0.20576381949859368,0.08795117017414014,high,0.9,gp,S2,T0108
0.08294890359882791,0.36593523126633143,0.15137108724560022,high,0.9,gp,S2,T0109
0.08519780849992388,0.057465814695464315,0.03334060731514258,high,0.9,gp,S2,T0110
0.01561891407326849,0.17468816027305353,0.08364009389715686,high,0.9,gp,S2,T0111
0.06709857525286607,0.09952325257207575,0.023367395781712402,high,0.9,gp,S2,T0112
0.028170976218098172,0.14590783339529625,0.08376043515728247,high,0.9,gp,S2,T0113
0.12048132951957505,0.051109441972392325,0.027643514256632567,high,0.9,gp,S2,T0114
0.08649611951811355,0.09380994362705566,0.05808725830630298,high,0.9,gp,S2,T0115
0.06397811219859496,0.3799801996322606,0.18429080367020434,high,0.9,gp,S2,T0116
0.005813775424503843,0.04677622479268951,0.003536277585706909,high,0.9,gp,S2,T0117
0.04876768810198358,0.17674952132331337,0.08220328538976404,high,0.9,gp,S2,T0118
0.041529939799206946,0.36848146598089054,0.17928780529611305,high,0.9,gp,S2,T0119
0.03307054473970562,0.1453140715422774,0.05088038208887854,high,0.9,gp,S2,T0120
0.04838583358329375,0.06027618302883177,0.027428326378593507,high,0.9,gp,S2,T0121
0.10193079981436484,0.061360561496151,0.034082744280206544,high,0.9,gp,S2,T0122
0.07811037824276724,0.014406243607554273,0.010558198569155396,high,0.9,gp,S2,T0123
0.08684878560891952,0.03902809408170672,0.02103443038987378,high,0.9,gp,S2,T0124
0.04327298949972636,0.12781857910749764,0.046049854606359866,high,0.9,gp,S2,T0125
0.048658723823346586,0.056236391983990344,0.049526783544098875,high,0.9,gp,S2,T0126
0.010108888826146358,0.07014600975861403,0.03212736318660339,high,0.9,gp,S2,T0127
0.03080135943952151,0.027175050426926924,0.03412105042404028,high,0.9,gp,S3,T0000
0.11017712716529018,0.07643110587895187,0.0557203064928988,high,0.9,gp,S3,T0001
0.06201484955979776,0.11518101101318959,0.0435807436496416,high,0.9,gp,S3,T0002
0.06908427428127752,0.16788949999027472,0.09024709661703345,high,0.9,gp,S3,T0003
0.07666617902207297,0.18691934124110274,0.09376198870686572,high,0.9,gp,S3,T0004
0.007170777846030043,0.5012203016308415,0.24027560403233741,high,0.9,gp,S3,T0005
0.10856954227939755,0.06216060729737018,0.0299746635120354,high,0.9,gp,S3,T0006
0.07117214079236074,0.21906653890821476,0.09746040964633045,high,0.9,gp,S3,T0007
0.060217585304950264,0.029549765955854686,0.009716904780367066,high,0.9,gp,S3,T0008
0.11414836017262289,0.4111498944505694,0.18295337217003735,high,0.9,gp,S3,T0009
0.007386946895268644,0.06756589995103314,0.003992062916115967,high,0.9,gp,S3,T0010
0.025063707726140645,0.05322482435190125,0.028326684578720215,high,0.9,gp,S3,T0011
0.03186201985631105,0.057517370491753664,0.02889168213902417,high,0.9,gp,S3,T0012
0.11737005755284638,0.31537048639918025,0.13923455079886107,high,0.9,gp,S3,T0013
0.07719878666607756,0.10036080346556872,0.06846695006093872,high,0.9,gp,S3,T0014
0.024860288414299832,0.11262233421629189,0.045007858538026364,high,0.9,gp,S3,T0015
0.04393833316085311,0.14420402377854194,0.09140517288121985,high,0.9,gp,S3,T0016
0.13258807049937651,0.06437566385930323,0.0037090992090771484,high,0.9,gp,S3,T0017
0.14956392947436284,0.22571459198788285,0.11537912958125,high,0.9,gp,S3,T0018
0.04651412077798373,0.008101916333466687,0.010870723909884278,high,0.9,gp,S3,T0019
0.0954740017337802,0.25210519290643196,0.10931146564086205,high,0.9,gp,S3,T0020
0.08014399585891314,0.1583979552864451,0.052706737962186404,high,0.9,gp,S3,T0021
0.11523702855794019,0.5444005039446241,0.23968499470769286,high,0.9,gp,S3,T0022
0.22264349046402293,0.021240899965288555,0.0030683582517596437,high,0.9,gp,S3,T0023
0.07628956318252612,0.1112203616287877,0.043562409265848145,high,0.9,gp,S3,T0024
0.00832008738033352,0.0006389857908767339,0.02847617678903137,high,0.9,gp,S3,T0025
0.000904837762256139,0.016240420279613758,0.0051049659743387455,high,0.9,gp,S3,T0026
0.16674343681579887,0.11198565189568302,0.04691274932315991,high,0.9,gp,S3,T0027
0.052920230605777455,0.14904482626739937,0.07689141479197363,high,0.9,gp,S3,T0028
0.037781875591040855,0.18054080974733602,0.10941846278209728,high,0.9,gp,S3,T0029
0.025415015975764073,0.14467522838838123,0.04307680946950391,high,0.9,gp,S3,T0030
0.06804524788537715,0.217218161297432,0.12292373859985718,high,0.9,gp,S3,T0031
0.0636679985582367,0.0030002377762689,0.015983266011062622,high,0.9,gp,S3,T0032
0.04721679742382691,0.11878874398504743,0.028165304032138305,high,0.9,gp,S3,T0033
0.19138315831301383,0.33641453693174844,0.16000500037570922,high,0.9,gp,S3,T0034
0.07954305167191618,0.028946992970025072,0.020814102932955932,high,0.9,gp,S3,T0035
0.1400159501907031,0.3844220030631688,0.15532819528779457,high,0.9,gp,S3,T0036
0.06073222904912469,0.037915841048393746,0.014082950746912232,high,0.9,gp,S3,T0037
0.10858124473209221,0.2968770536355928,0.118306046303625,high,0.9,gp,S3,T0038
0.036944615380573316,0.15804384487054182,0.09974656609388477,high,0.9,gp,S3,T0039
0.07233091478838773,0.11626876976279513,0.04457064276848669,high,0.9,gp,S3,T0040
0.008301841242436271,0.04681325107088353,0.020960314444012085,high,0.9,gp,S3,T0041
0.14615964938041406,0.2500752153973574,0.1238676308556294,high,0.9,gp,S3,T0042
0.10000396991342922,0.2186418298543525,0.0994529270255293,high,0.9,gp,S3,T0043
0.11236231689167545,0.4058333154036754,0.1862903805314424,high,0.9,gp,S3,T0044
0.098981486008512,0.3916150415654125,0.18139118411192848,high,0.9,gp,S3,T0045
0.037340955713418285,0.011230200337962183,0.0064115069536350095,high,0.9,gp,S3,T0046
0.08480525088298276,0.057383989034167096,0.04868556266167664,high,0.9,gp,S3,T0047
0.09639604228585621,0.2353735515792777,0.10937697659652612,high,0.9,gp,S3,T0048
0.07847516212618229,0.0674378648037194,0.05597866609162952,high,0.9,gp,S3,T0049
0.11340737192080455,0.007785519679398558,0.0165910764865542,high,0.9,gp,S3,T0050
0.045698394756323875,0.30779564938727444,0.15555958409923437,high,0.9,gp,S3,T0051
0.15694981333947758,0.035881820594395604,0.0019548898223173826,high,0.9,gp,S3,T0052
0.08482181443389221,0.36160460299602437,0.18360514150457263,high,0.9,gp,S3,T0053
0.04102904469832109,0.04543894890854939,0.033407142078578124,high,0.9,gp,S3,T0054
0.09912721454018728,0.08487679928720877,0.02773485582889319,high,0.9,gp,S3,T0055
0.009704815650819489,0.31420235416610937,0.10947805211690088,high,0.9,gp,S3,T0056
0.0669445865048335,0.049336358512402104,0.008298996656024292,high,0.9,gp,S3,T0057
0.05526352631422206,0.06312487106280214,0.021192102122512574,high,0.9,gp,S3,T0058
0.04094185141475277,0.08720772135491552,0.02677707084309961,high,0.9,gp,S3,T0059
0.08538059837884639,0.332723071079539,0.14408119791063134,high,0.9,gp,S3,T0060
0.1371303828870574,0.07774942352470089,0.06672428687015454,high,0.9,gp,S3,T0061
0.10832982241096081,0.09386116771977818,0.04720668779570801,high,0.9,gp,S3,T0062
0.1193894887348099,0.08635704601915763,0.04024267706181397,high,0.9,gp,S3,T0063
0.03978486815913313,0.07869273223821861,0.04961721871065576,high,0.9,gp,S3,T0064
0.08977996804762718,0.14225998154960565,0.06598524873043701,high,0.9,gp,S3,T0065
0.04605816435135913,0.39360040645923255,0.17770866515423192,high,0.9,gp,S3,T0066
0.12962351960997795,0.1640400138450038,0.05878188563373645,high,0.9,gp,S3,T0067
0.007356924958435431,0.09142485394583567,0.05391903388130835,high,0.9,gp,S3,T0068
0.0417694375527028,0.018739734459619076,0.01580852728006067,high,0.9,gp,S3,T0069
0.03015114537460701,0.18364741024594458,0.08852248756002502,high,0.9,gp,S3,T0070
0.13785363649809537,0.13208012329233967,0.05956108125301416,high,0.9,gp,S3,T0071
0.04665704954586681,0.2538442569906544,0.10265213595743237,high,0.9,gp,S3,T0072
0.08440134559808328,0.014641878802654221,0.0029847313372891844,high,0.9,gp,S3,T0073
0.10845410582855877,0.3324583244373109,0.16665684905676464,high,0.9,gp,S3,T0074
0.04043772558287307,0.41128574151130093,0.19238008343288038,high,0.9,gp,S3,T0075
0.03151378632134245,0.12321879267161776,0.04057769820920606,high,0.9,gp,S3,T0076
0.09451500603602339,0.016405702269945425,0.005251130730314209,high,0.9,gp,S3,T0077
0.10636356332269839,0.014147266215445712,0.01510861822075464,high,0.9,gp,S3,T0078
0.12272652961321076,0.15245617765952932,0.07574416883606616,high,0.9,gp,S3,T0079
0.10522723408745219,0.269796707921349,0.13712110093914195,high,0.9,gp,S3,T0080
0.030323944782143515,0.11456603089026576,0.01172871540584851,high,0.9,gp,S3,T0081
0.05234793836061348,0.14774916694523718,0.04976604095352222,high,0.9,gp,S3,T0082
0.13664146736687036,0.03908290021509609,0.016817053117124756,high,0.9,gp,S3,T0083
0.054635245998418694,0.11483166613452392,0.0514779199284126,high,0.9,gp,S3,T0084
0.09100529519524227,0.09711522637879169,0.0587152668032561,high,0.9,gp,S3,T0085
0.051776961478939856,0.18825415868628909,0.09641771947593775,high,0.9,gp,S3,T0086
0.09977341539941567,0.017155748158246,0.031585131404631345,high,0.9,gp,S3,T0087
0.06629960049853419,0.1656661131888371,0.09240700955988403,high,0.9,gp,S3,T0088
0.02355512371281427,0.058275193571165076,0.004930698496737793,high,0.9,gp,S3,T0089
0.15353524327378773,0.12299130439468955,0.042699374636080686,high,0.9,gp,S3,T0090
0.08992470143035615,0.34359618782292994,0.1680294049511947,high,0.9,gp,S3,T0091
0.09767439283724202,0.1822568462606783,0.10461887525349048,high,0.9,gp,S3,T0092
0.06926908897144786,0.12242477533955134,0.06828149739807018,high,0.9,gp,S3,T0093
0.027179147166422897,0.36348181095943405,0.15454786520668604,high,0.9,gp,S3,T0094
0.009363559356186936,0.13035767917260607,0.055717269755858397,high,0.9,gp,S3,T0095
0.021820539130436304,0.13174976050298384,0.08881599021952308,high,0.9,gp,S3,T0096
0.08408205970234785,0.04215126932739122,0.02296996217213159,high,0.9,gp,S3,T0097
0.10884052625803278,0.39665506637153913,0.14735489801831764,high,0.9,gp,S3,T0098
0.11066392784687853,0.08551162876935416,0.027329075260086183,high,0.9,gp,S3,T0099
0.004614338200864544,0.13704980372662603,0.07873724147695374,high,0.9,gp,S3,T0100
0.0022231067739239556,0.016962721799797523,0.012092104942280274,high,0.9,gp,S3,T0101
0.015032961536340376,0.08223571246619212,0.015373286321010498,high,0.9,gp,S3,T0102
0.004987977596463967,0.22654789966715472,0.09256632105086816,high,0.9,gp,S3,T0103
0.042282113075235724,0.09063747502300602,0.03998435268200977,high,0.9,gp,S3,T0104
0.04173653358808594,0.12620832360180914,0.0383694492143689,high,0.9,gp,S3,T0105
0.10463805085379338,0.20257609091359935,0.05999018924301269,high,0.9,gp,S3,T0106
0.028684836841995083,0.03917008316146748,0.040315156846611085,high,0.9,gp,S3,T0107
0.01770765603102187,0.11121425789874215,0.05118442453981079,high,0.9,gp,S3,T0108
0.07689075158696547,0.3192108506506911,0.1291086826434884,high,0.9,gp,S3,T0109
0.09154784509352921,0.12094712431633017,0.06322645133535694,high,0.9,gp,S3,T0110
0.007479327242360669,0.0278447470285731,0.004459316679494629,high,0.9,gp,S3,T0111
0.06664438618868397,0.06783779272294733,0.016291205470817628,high,0.9,gp,S3,T0112
0.04523187487988801,0.17271895519660854,0.09756984112971985,high,0.9,gp,S3,T0113
0.1195553782590725,0.12140979597032978,0.05994353769923828,high,0.9,gp,S3,T0114
0.09111649371957965,0.12643415831629426,0.08200584045356225,high,0.9,gp,S3,T0115
0.06630418924530092,0.4059957018350214,0.21009025950537086,high,0.9,gp,S3,T0116
0.0021673170141087166,0.011946527418058576,0.021962320495433715,high,0.9,gp,S3,T0117
0.034303580409847385,0.21792559693830432,0.1008039974132926,high,0.9,gp,S3,T0118
0.023580402212282643,0.27062493343829963,0.15502234893844458,high,0.9,gp,S3,T0119
0.04232058611511908,0.20933310959456947,0.06551319096247742,high,0.9,gp,S3,T0120
0.05813677365885063,0.10987565285231679,0.05094599484320044,high,0.9,gp,S3,T0121
0.12744414300128906,0.013470304538906745,0.00075547803909375,high,0.9,gp,S3,T0122
0.07525901966007915,0.18200565827915186,0.09041980995744238,high,0.9,gp,S3,T0123
0.09486947973049167,0.021162365681230148,0.022829837102326906,high,0.9,gp,S3,T0124
0.051961163958068615,0.2171556670348846,0.08185046490397706,high,0.9,gp,S3,T0125
0.0484719850171489,0.0989858383090367,0.06456053938172278,high,0.9,gp,S3,T0126
0.009729314092282173,0.04234903036496097,0.014920957418028076,high,0.9,gp,S3,T0127
0.15175326880334603,0.0026222033296866014,0.018667950801296265,high,0.9,ridge,S1,T0000
0.09845604710933017,0.07656860966973712,0.03430938573400073,high,0.9,ridge,S1,T0001
0.03886046527631138,0.2748954903497692,0.10560033568839867,high,0.9,ridge,S1,T0002
0.159542896845743,0.2977503439998586,0.13842853179679943,high,0.9,ridge,S1,T0003
0.19158360798238355,0.02074124553530843,0.008370156250020263,high,0.9,ridge,S1,T0004
0.4971693672011991,0.3818059902017008,0.16544620392296425,high,0.9,ridge,S1,T0005
0.09541132915656728,0.06451218011456374,0.03920589190247583,high,0.9,ridge,S1,T0006
0.1819449485131722,0.12881539763960728,0.06311807134169446,high,0.9,ridge,S1,T0007
0.19867204235491326,0.33089835725927447,0.16334956230298742,high,0.9,ridge,S1,T0008
8.406194432764026e-05,0.3613019980506172,0.15050831169582032,high,0.9,ridge,S1,T0009
0.14947914904562268,0.1467642197143693,0.052894461744753415,high,0.9,ridge,S1,T0010
0.1346419811687072,0.04672795056837154,0.015673923871989015,high,0.9,ridge,S1,T0011
0.05413488622633718,0.14676193608983426,0.064363475062052,high,0.9,ridge,S1,T0012
0.13952800222260311,0.39953196463957713,0.18649953923655102,high,0.9,ridge,S1,T0013
0.1787362772866369,0.06098077168292916,0.02425662744962329,high,0.9,ridge,S1,T0014
0.06856347435032219,0.1201422230850416,0.041671572171455076,high,0.9,ridge,S1,T0015
0.074412702122251,0.4179711990935404,0.19266895297040856,high,0.9,ridge,S1,T0016
0.5646729501327534,0.22178143647462545,0.09069002478695727,high,0.9,ridge,S1,T0017
0.121593654302567,0.23453303011888865,0.10651809675275391,high,0.9,ridge,S1,T0018
0.07794114962754368,0.2991588824187572,0.1317514320175736,high,0.9,ridge,S1,T0019
0.13623624357513633,0.2735078105491085,0.11296080774355395,high,0.9,ridge,S1,T0020
0.16144753362120598,0.22729279569339184,0.09890541768060852,high,0.9,ridge,S1,T0021
0.1984911671262874,0.6405629806405054,0.27683801581264944,high,0.9,ridge,S1,T0022
0.10501293613529031,0.23905621817603312,0.09315343766011902,high,0.9,ridge,S1,T0023
0.39995351734989676,0.01278064321655004,0.0016907244434248047,high,0.9,ridge,S1,T0024
0.13916012556956905,0.12278436242599974,0.04144990975078345,high,0.9,ridge,S1,T0025
0.13410901357842844,0.03779852771980092,0.018144579431669066,high,0.9,ridge,S1,T0026
0.25743206143989483,0.3242872114698634,0.14955746442749804,high,0.9,ridge,S1,T0027
0.10283271456192125,0.1983252905499034,0.09224630318991675,high,0.9,ridge,S1,T0028
0.16093432498189622,0.24874129744678125,0.11722518198848852,high,0.9,ridge,S1,T0029
0.06384943725805116,0.10740429240642171,0.05436734169333618,high,0.9,ridge,S1,T0030
0.02346505970836716,0.1728916109938883,0.08824429175521888,high,0.9,ridge,S1,T0031
0.05488810493366804,0.15574168075083303,0.08505884825609533,high,0.9,ridge,S1,T0032
0.22001911769746618,0.02915679175287151,0.004731391018171753,high,0.9,ridge,S1,T0033
0.06734295671377179,0.31594239809319863,0.1262938627759614,high,0.9,ridge,S1,T0034
0.36608399631894195,0.018704658937281075,0.019553400709998534,high,0.9,ridge,S1,T0035
0.10845007869601328,0.28873712917641936,0.13627362201088453,high,0.9,ridge,S1,T0036
0.3985104017071465,0.47418199837726727,0.20974755083446436,high,0.9,ridge,S1,T0037
0.16321516296620045,0.2428257617924346,0.08449793495487952,high,0.9,ridge,S1,T0038
0.2687589386286069,0.19984318685280256,0.09927270479201074,high,0.9,ridge,S1,T0039
0.005793345387757332,0.09628153240220985,0.045058900608367064,high,0.9,ridge,S1,T0040
0.05202417605741695,0.0246155591181288,0.011592577754018188,high,0.9,ridge,S1,T0041
0.25356390126652867,0.5469846837510879,0.24208225847014844,high,0.9,ridge,S1,T0042
0.17462257081719837,0.12789684563596973,0.05149154379275537,high,0.9,ridge,S1,T0043
0.6408884451851034,0.2493779212703679,0.12224101964700293,high,0.9,ridge,S1,T0044
0.42562581156281654,0.4931055148685122,0.22923470428838988,high,0.9,ridge,S1,T0045
0.10022407499895694,0.038212667530361795,0.005778953710798706,high,0.9,ridge,S1,T0046
0.06746854153594829,0.08929881774197986,0.028196750262458006,high,0.9,ridge,S1,T0047
0.050134327848991314,0.3985789407427366,0.17515380979130737,high,0.9,ridge,S1,T0048
0.02815749500034604,0.0020735134615326727,0.0186756260959718,high,0.9,ridge,S1,T0049
0.24544310965573807,0.42504572014357794,0.202017695308761,high,0.9,ridge,S1,T0050
0.3319021706550435,0.5651898497917403,0.2575276890255547,high,0.9,ridge,S1,T0051
0.3842382735065093,0.07313703418363905,0.040138900737396975,high,0.9,ridge,S1,T0052
0.12192484461123368,0.4605238474304339,0.21093005464332057,high,0.9,ridge,S1,T0053
0.06061803555725555,0.31448536694386026,0.1434500792849314,high,0.9,ridge,S1,T0054
0.027783319888842202,0.1511702481799954,0.06373625846510352,high,0.9,ridge,S1,T0055
0.17967913086174683,0.5009201232861187,0.21804946755966248,high,0.9,ridge,S1,T0056
0.045122327640724776,0.18580972644313662,0.06713902580821338,high,0.9,ridge,S1,T0057
0.02084850423296092,0.0033158954321102505,0.013008459801376953,high,0.9,ridge,S1,T0058
0.4055583188573196,0.013063649034038841,0.0074449081070771484,high,0.9,ridge,S1,T0059
0.12442875818351076,0.3569397781162748,0.14354491245825365,high,0.9,ridge,S1,T0060
0.10606258551652373,0.18104063093971143,0.09450049014513745,high,0.9,ridge,S1,T0061
0.25186916646079227,0.05486669036305793,0.026126762927570067,high,0.9,ridge,S1,T0062
0.3267136707834398,0.24138882610260098,0.10574699638431787,high,0.9,ridge,S1,T0063
0.22079856101489054,0.23164074005711555,0.10324467843964881,high,0.9,ridge,S1,T0064
0.03952335488615761,0.07624165400479334,0.035713467085963624,high,0.9,ridge,S1,T0065
0.15501587011330034,0.08208338339902672,0.04899297281929382,high,0.9,ridge,S1,T0066
0.1618261630994933,0.4274657770231006,0.17145800142998083,high,0.9,ridge,S1,T0067
0.35029249859738215,0.09852198465822473,0.025088795979715334,high,0.9,ridge,S1,T0068
0.09822684854358002,0.036338050979523036,0.013878602088115113,high,0.9,ridge,S1,T0069
0.4279181382489734,0.2016167613425524,0.0985969737989707,high,0.9,ridge,S1,T0070
0.05805964012956745,0.3576552891033819,0.1470269477380575,high,0.9,ridge,S1,T0071
0.03411518994315494,0.11811049152859773,0.04933350199612207,high,0.9,ridge,S1,T0072
0.1901897629912983,0.4571096863420111,0.19698950015600025,high,0.9,ridge,S1,T0073
0.23932969110953722,0.3979799716613992,0.18919897220380738,high,0.9,ridge,S1,T0074
0.39398921507944645,0.16180546753343575,0.06825948190525317,high,0.9,ridge,S1,T0075
0.19236047375229637,0.08319974001191528,0.04521205073660352,high,0.9,ridge,S1,T0076
0.24574110615408767,0.03961373189338869,0.0128294776690354,high,0.9,ridge,S1,T0077
0.3129000546550437,0.17787085759416013,0.08894740730111707,high,0.9,ridge,S1,T0078
0.1560797078746229,0.12306692336556571,0.05202372489403442,high,0.9,ridge,S1,T0079
0.03829948632180503,0.35166825595227386,0.17451342580232862,high,0.9,ridge,S1,T0080
0.24665963652149991,0.0899115515590579,0.021364080929213502,high,0.9,ridge,S1,T0081
0.14952989915967443,0.08779153916770617,0.03891895165555274,high,0.9,ridge,S1,T0082
0.37093954466945195,0.30621961980371737,0.1242034868968169,high,0.9,ridge,S1,T0083
0.17690128638785,0.007844548376041429,0.00040561529203686524,high,0.9,ridge,S1,T0084
0.0938137113212312,0.0026653731994955025,0.004622480820890747,high,0.9,ridge,S1,T0085
0.22340121304992278,0.040686407134480636,0.02324371670129199,high,0.9,ridge,S1,T0086
0.2272041235562997,0.15292738601177472,0.06265992172338562,high,0.9,ridge,S1,T0087
0.1121300143232529,0.3172207609602321,0.1453087453375437,high,0.9,ridge,S1,T0088
0.21988713734195925,0.25063262745469334,0.10579033456037305,high,0.9,ridge,S1,T0089
0.15979644235080945,0.3121340608135876,0.12799614576138624,high,0.9,ridge,S1,T0090
0.09847326896861411,0.2610938032795524,0.12482076973386011,high,0.9,ridge,S1,T0091
0.24617945865817953,0.15807566149193822,0.056404533724781984,high,0.9,ridge,S1,T0092
0.14508600945431968,0.06507837775154292,0.029832014690985106,high,0.9,ridge,S1,T0093
0.14193456310553856,0.22386947617429548,0.11287464358236914,high,0.9,ridge,S1,T0094
0.016637654515568038,0.2531738138145679,0.12329361144844604,high,0.9,ridge,S1,T0095
0.18846146970601224,0.17408686394376818,0.09136524724487231,high,0.9,ridge,S1,T0096
0.0889366373272127,0.19721947922345612,0.07750509552680956,high,0.9,ridge,S1,T0097
0.132856906052751,0.27311112493499107,0.10893659832615467,high,0.9,ridge,S1,T0098
0.2712940135893594,0.08355458289207919,0.014411028261457764,high,0.9,ridge,S1,T0099
0.001109220838110825,0.00881636485252857,0.004819531819643799,high,0.9,ridge,S1,T0100
0.02080954662198237,0.09155749429610839,0.03067990090946826,high,0.9,ridge,S1,T0101
0.07723019390463272,0.3116708936518043,0.1269929224073401,high,0.9,ridge,S1,T0102
0.2764465850431117,0.15036950901540033,0.06536569548363208,high,0.9,ridge,S1,T0103
0.2279289014294803,0.019041263366633147,0.014749716618928954,high,0.9,ridge,S1,T0104
0.06456518433358428,0.40046591510074153,0.1625812585888513,high,0.9,ridge,S1,T0105
0.41209474583929634,0.0037622004360154957,0.026675323216055175,high,0.9,ridge,S1,T0106
0.11367582962180214,0.24630267961141655,0.10727721485427637,high,0.9,ridge,S1,T0107
0.05918351635232745,0.19785048700877111,0.08939687917392639,high,0.9,ridge,S1,T0108
0.025333316809736946,0.4226535187922635,0.1792443841065382,high,0.9,ridge,S1,T0109
0.16473126041484767,0.07210662855551027,0.026890578294126832,high,0.9,ridge,S1,T0110
0.013500492309455051,0.19126673243376807,0.09050903278307312,high,0.9,ridge,S1,T0111
0.1105329067345365,0.16381303087888657,0.052942330299146606,high,0.9,ridge,S1,T0112
0.2201623365434422,0.039241563834861444,0.041537151248806393,high,0.9,ridge,S1,T0113
0.03700614398132685,0.026081398814986063,0.008856989583842529,high,0.9,ridge,S1,T0114
0.3400648340232804,0.1416807060321679,0.07709439926113452,high,0.9,ridge,S1,T0115
0.20167650155370703,0.5450467908073532,0.24443495883119165,high,0.9,ridge,S1,T0116
0.2884308252882429,0.008003714825453036,0.00858666626949756,high,0.9,ridge,S1,T0117
0.397294756980842,0.2581865696620523,0.11504115909166761,high,0.9,ridge,S1,T0118
0.0756325076624398,0.5102546151356231,0.22876730808564574,high,0.9,ridge,S1,T0119
0.28692697505641773,0.05451503198557696,0.017656748399125732,high,0.9,ridge,S1,T0120
0.013082218160268558,0.1084526686730242,0.04186839255451538,high,0.9,ridge,S1,T0121
0.3034556695311586,0.12151478336780017,0.04246982002598413,high,0.9,ridge,S1,T0122
0.34751931645532674,0.03138638362425728,0.017138356946508546,high,0.9,ridge,S1,T0123
0.215566670881624,0.0347014138015997,0.009902800170373047,high,0.9,ridge,S1,T0124
0.09750647534128745,0.11561138195405166,0.04446552889990332,high,0.9,ridge,S1,T0125
0.016829828287616703,0.051351734900720605,0.04062532841654858,high,0.9,ridge,S1,T0126
0.018047315477000562,0.16517519278755835,0.07721815126486109,high,0.9,ridge,S1,T0127
0.11903798754071412,0.030762108698079445,0.03453741118255945,high,0.9,ridge,S1x2,T0000
0.10827107029698971,0.06740786069750927,0.029947289000218504,high,0.9,ridge,S1x2,T0001
0.0705994750979,0.27286336201943323,0.1049320102140586,high,0.9,ridge,S1x2,T0002
0.12777212547715136,0.31528002934889116,0.14275585973417101,high,0.9,ridge,S1x2,T0003
0.1746262881060551,0.04289019903961439,0.01784895537436853,high,0.9,ridge,S1x2,T0004
0.45965763078168365,0.3964718073609548,0.17561569759056886,high,0.9,ridge,S1x2,T0005
0.08830837294430878,0.030026864344751554,0.022948399229901124,high,0.9,ridge,S1x2,T0006
0.16659081429421604,0.14246153145896226,0.06929842071195666,high,0.9,ridge,S1x2,T0007
0.1746117361656541,0.3716271140057637,0.18110846934505054,high,0.9,ridge,S1x2,T0008
0.04478146607921563,0.3655260055604043,0.1543703688833784,high,0.9,ridge,S1x2,T0009
0.16519920566713422,0.14688990950236794,0.05553358473949243,high,0.9,ridge,S1x2,T0010
0.11122719824122582,0.07800343533883565,0.028726803734471923,high,0.9,ridge,S1x2,T0011
0.035791981565731774,0.13812898936567344,0.06357735273354834,high,0.9,ridge,S1x2,T0012
0.1265271139068522,0.4159854983098114,0.19478038161509523,high,0.9,ridge,S1x2,T0013
0.1983353853967152,0.0699249679417069,0.031883352290019776,high,0.9,ridge,S1x2,T0014
0.0629171929064143,0.11854072133564988,0.03886165669433594,high,0.9,ridge,S1x2,T0015
0.059162365849025636,0.42946858861985193,0.20087673482250842,high,0.9,ridge,S1x2,T0016
0.5174231045959211,0.24363586367103401,0.10161133857452893,high,0.9,ridge,S1x2,T0017
0.09440725207584658,0.2725407764919963,0.12458254049656592,high,0.9,ridge,S1x2,T0018
0.0532902550861228,0.28963983550910544,0.1304528770758108,high,0.9,ridge,S1x2,T0019
0.1318203590232442,0.3061111379221657,0.13071463972568725,high,0.9,ridge,S1x2,T0020
0.2085461347235385,0.20503815067646208,0.08625389292336902,high,0.9,ridge,S1x2,T0021
0.22221740188051625,0.6749083424931633,0.29487030453824853,high,0.9,ridge,S1x2,T0022
0.07930909868210935,0.27294223968243553,0.10991170826478748,high,0.9,ridge,S1x2,T0023
0.3658833012723681,0.02547469076526033,0.002926657961654297,high,0.9,ridge,S1x2,T0024
0.14079789635947085,0.11730713444364246,0.03746094587172766,high,0.9,ridge,S1x2,T0025
0.12658452925837368,0.06689469953744394,0.028693497757937378,high,0.9,ridge,S1x2,T0026
0.1820647558890304,0.2999155379166982,0.14139120361178273,high,0.9,ridge,S1x2,T0027
0.12474727742006422,0.19000670973805872,0.09036376164186499,high,0.9,ridge,S1x2,T0028
0.11245159873175206,0.248789219979263,0.11478743974449877,high,0.9,ridge,S1x2,T0029
0.04808651816423483,0.1066660899451394,0.05241225426470166,high,0.9,ridge,S1x2,T0030
0.049499817724667786,0.1802445674031267,0.0950450566467655,high,0.9,ridge,S1x2,T0031
0.05763431341043736,0.17239358800331037,0.09303151836733399,high,0.9,ridge,S1x2,T0032
0.20136637715687528,0.051855469172938665,0.0176730173709115,high,0.9,ridge,S1x2,T0033
0.011567867854752613,0.3007781671201951,0.11917039233495935,high,0.9,ridge,S1x2,T0034
0.32942484990922927,0.03158722589287289,0.027653014395415284,high,0.9,ridge,S1x2,T0035
0.1667591872270269,0.3023058750532618,0.14507082616258313,high,0.9,ridge,S1x2,T0036
0.3825602891127787,0.5096539888227102,0.2260925727800498,high,0.9,ridge,S1x2,T0037
0.17662761026899512,0.22975981439361726,0.08060670873909265,high,0.9,ridge,S1x2,T0038
0.25374900023400293,0.19106127936274425,0.09641685224457397,high,0.9,ridge,S1x2,T0039
0.013746254489744317,0.12441086012797811,0.05615631115467627,high,0.9,ridge,S1x2,T0040
0.0548551253529478,0.0720400975577007,0.03159826833056543,high,0.9,ridge,S1x2,T0041
0.2819041883764043,0.5243267528482838,0.23298738461079785,high,0.9,ridge,S1x2,T0042
0.1900950612508912,0.1349756120795992,0.053272481461324954,high,0.9,ridge,S1x2,T0043
0.6361246736737487,0.2508277228610018,0.12212299408062623,high,0.9,ridge,S1x2,T0044
0.40469063861276033,0.4787429949514539,0.22116316043173315,high,0.9,ridge,S1x2,T0045
0.09788534507299887,0.0012242398868742013,0.012365857237862914,high,0.9,ridge,S1x2,T0046
0.10134790075400277,0.08902196170408357,0.031867199647707886,high,0.9,ridge,S1x2,T0047
0.07450079904569308,0.33609312428331434,0.14602243884172655,high,0.9,ridge,S1x2,T0048
0.00560590857589638,0.027675028733301917,0.027482692029983397,high,0.9,ridge,S1x2,T0049
0.23338313742189565,0.42675760380500816,0.20274258592939295,high,0.9,ridge,S1x2,T0050
0.3515741563151071,0.5254614437345202,0.23582015225613012,high,0.9,ridge,S1x2,T0051
0.37254237237931537,0.07646059768503856,0.043001824878203615,high,0.9,ridge,S1x2,T0052
0.12513457806199033,0.4869575675300856,0.2189625570552876,high,0.9,ridge,S1x2,T0053
0.09433481066984609,0.27561180510597366,0.12676675383357167,high,0.9,ridge,S1x2,T0054
0.014211055252773278,0.1758617536753346,0.07541299126034119,high,0.9,ridge,S1x2,T0055
0.17291283889702805,0.4951759345500249,0.21792501596109118,high,0.9,ridge,S1x2,T0056
0.004534263600962652,0.17671711361005124,0.0648870438064928,high,0.9,ridge,S1x2,T0057
0.035554880329999324,0.024550905457694512,0.0030235621322094726,high,0.9,ridge,S1x2,T0058
0.3943822218900715,0.013218308709945507,0.006693173671412475,high,0.9,ridge,S1x2,T0059
0.1694372312575149,0.3386315242270108,0.13423224594942237,high,0.9,ridge,S1x2,T0060
0.09503232736737369,0.17018157526843466,0.08931527873314649,high,0.9,ridge,S1x2,T0061
0.2261744551983325,0.05615170329730303,0.026762582742879393,high,0.9,ridge,S1x2,T0062
0.3407268469709449,0.19608407576927728,0.08319817396875707,high,0.9,ridge,S1x2,T0063
0.14529456540083338,0.22468579329653604,0.1008642005930171,high,0.9,ridge,S1x2,T0064
0.05299516327075178,0.03787715422828298,0.017660448864189455,high,0.9,ridge,S1x2,T0065
0.16389777369088201,0.09083044168188616,0.04869427610523218,high,0.9,ridge,S1x2,T0066
0.18134329140941266,0.393774398752046,0.15665775349745106,high,0.9,ridge,S1x2,T0067
0.38587809912765403,0.06237881026620985,0.00797764265687378,high,0.9,ridge,S1x2,T0068
0.10233106248185939,0.029363331357671614,0.012576218831861694,high,0.9,ridge,S1x2,T0069
0.36665109339677765,0.22631385396345466,0.11198493354733642,high,0.9,ridge,S1x2,T0070
0.07982240621577709,0.32887572430662043,0.13424007315958986,high,0.9,ridge,S1x2,T0071
0.001323871289807266,0.1196437047378818,0.050123887469299196,high,0.9,ridge,S1x2,T0072
0.15788987581899924,0.48571570894829674,0.21139357948056506,high,0.9,ridge,S1x2,T0073
0.1897695395060756,0.3633315398917903,0.17721619219516235,high,0.9,ridge,S1x2,T0074
0.3800977668137155,0.1611008373286449,0.06830935142946899,high,0.9,ridge,S1x2,T0075
0.17947413546693078,0.07970330650150488,0.03937278852960364,high,0.9,ridge,S1x2,T0076
0.227379829582754,0.03927876311025675,0.009782163079811524,high,0.9,ridge,S1x2,T0077
0.32929591753222914,0.16819701010733493,0.0823061411784054,high,0.9,ridge,S1x2,T0078
0.0982919621680273,0.10704089112135082,0.04713638144905517,high,0.9,ridge,S1x2,T0079
0.03153684334732538,0.362860058223245,0.18044858041262477,high,0.9,ridge,S1x2,T0080
0.2471167663862301,0.08587110456289933,0.021485476843680542,high,0.9,ridge,S1x2,T0081
0.1640745099177904,0.08198332853935066,0.033971953410229246,high,0.9,ridge,S1x2,T0082
0.4044870150407885,0.295032379840263,0.11844417068403955,high,0.9,ridge,S1x2,T0083
0.19633307050680454,0.001111450520477342,0.003064106625244629,high,0.9,ridge,S1x2,T0084
0.0820531540126296,0.02394182386858735,0.006372920395361938,high,0.9,ridge,S1x2,T0085
0.2594355024306292,0.022142498638046963,0.011371956255260498,high,0.9,ridge,S1x2,T0086
0.2642526154482628,0.17248706292592123,0.07463727070079162,high,0.9,ridge,S1x2,T0087
0.12314836313661623,0.3025076918029832,0.13691183961496559,high,0.9,ridge,S1x2,T0088
0.252131737478607,0.22707188771094516,0.0962174243510066,high,0.9,ridge,S1x2,T0089
0.17492398740961843,0.29366960502349665,0.11766491237784704,high,0.9,ridge,S1x2,T0090
0.10552629041089642,0.21611570106842592,0.10477288071674414,high,0.9,ridge,S1x2,T0091
0.27706529378223327,0.16149869074705006,0.05570540492398462,high,0.9,ridge,S1x2,T0092
0.11260763056676701,0.1119504253318446,0.05191426153490906,high,0.9,ridge,S1x2,T0093
0.1260689775227314,0.22348351638548042,0.10957844640555713,high,0.9,ridge,S1x2,T0094
0.045169349852567105,0.26289049090835104,0.12551861151007665,high,0.9,ridge,S1x2,T0095
0.15027520429576338,0.20422762510733167,0.1012905705398899,high,0.9,ridge,S1x2,T0096
0.04598842643541435,0.1659913004787206,0.06609057112137975,high,0.9,ridge,S1x2,T0097
0.14547319841018316,0.28910518141283376,0.11361099660654736,high,0.9,ridge,S1x2,T0098
0.2371064068983459,0.10252425852782912,0.02186533328488574,high,0.9,ridge,S1x2,T0099
0.03601130293382771,0.01052006650302695,0.0035520059523011477,high,0.9,ridge,S1x2,T0100
0.038406773285033786,0.028244741463738794,0.005294259063977783,high,0.9,ridge,S1x2,T0101
0.046100048949970225,0.318473886608775,0.12972425835174073,high,0.9,ridge,S1x2,T0102
0.23980605816289086,0.14411110399729757,0.0625420711285725,high,0.9,ridge,S1x2,T0103
0.24217313587878603,0.01652465269270598,0.010090115422206055,high,0.9,ridge,S1x2,T0104
0.020973461761880644,0.40686630439301524,0.16767894820477736,high,0.9,ridge,S1x2,T0105
0.3534072799376695,0.0564055207998926,0.0013285667436147462,high,0.9,ridge,S1x2,T0106
0.05331434150608495,0.24866729294615036,0.10893606338800525,high,0.9,ridge,S1x2,T0107
0.061071578349997116,0.20378944443110675,0.09291393349034399,high,0.9,ridge,S1x2,T0108
0.06718551814039854,0.3884037127773086,0.1622186576613922,high,0.9,ridge,S1x2,T0109
0.14122952990464097,0.08410795290338059,0.031408339890156005,high,0.9,ridge,S1x2,T0110
0.04179840479429376,0.191037174525853,0.09160201134743799,high,0.9,ridge,S1x2,T0111
0.13903691693029271,0.18102608823481361,0.06055520239446753,high,0.9,ridge,S1x2,T0112
0.23963081222222188,0.012772999648373588,0.030769689743540406,high,0.9,ridge,S1x2,T0113
0.022633169817173896,0.022150132966988204,0.011092928276496826,high,0.9,ridge,S1x2,T0114
0.34746458923418994,0.1054608587347872,0.05857251074734814,high,0.9,ridge,S1x2,T0115
0.17800398049860558,0.5438294038842135,0.2461844706127063,high,0.9,ridge,S1x2,T0116
0.23763698005715822,0.003929574971241468,0.00967258618105371,high,0.9,ridge,S1x2,T0117
0.4248856709197028,0.25046338558673115,0.11056574014824769,high,0.9,ridge,S1x2,T0118
0.06087009807362599,0.5241122248837633,0.23543698673900929,high,0.9,ridge,S1x2,T0119
0.24778238545097342,0.08140578863745586,0.032442002486051266,high,0.9,ridge,S1x2,T0120
0.04784749554745339,0.108063207552524,0.03956141580271338,high,0.9,ridge,S1x2,T0121
0.32097010077704496,0.1057108346365582,0.03230375887655835,high,0.9,ridge,S1x2,T0122
0.4237837140465904,0.09922265814304057,0.04600881104168799,high,0.9,ridge,S1x2,T0123
0.21060602761028063,0.024249840490826187,0.00692101974981836,high,0.9,ridge,S1x2,T0124
0.062043079311203134,0.09371971416072546,0.03379050160256274,high,0.9,ridge,S1x2,T0125
0.020398079732145694,0.018388923226706492,0.023202583288595216,high,0.9,ridge,S1x2,T0126
0.009840129442328928,0.14921623114693863,0.06975577394831116,high,0.9,ridge,S1x2,T0127
0.11828199199344194,0.02040975647141147,0.03288937947776599,high,0.9,ridge,S1x2cat,T0000
0.12843423608137342,0.0603937815099795,0.03462126861771802,high,0.9,ridge,S1x2cat,T0001
0.06156977734318171,0.26210320425415606,0.10187957404251928,high,0.9,ridge,S1x2cat,T0002
0.11357956676438577,0.3158248952900506,0.1451388479629812,high,0.9,ridge,S1x2cat,T0003
0.18688872372593926,0.025419475823731393,0.005377439879516113,high,0.9,ridge,S1x2cat,T0004
0.46863318360237116,0.38204975979973754,0.1881504828080619,high,0.9,ridge,S1x2cat,T0005
0.09398560487560634,0.04703839440084458,0.03198706452464673,high,0.9,ridge,S1x2cat,T0006
0.1986705653522442,0.14409589974385603,0.06632457007990186,high,0.9,ridge,S1x2cat,T0007
0.2217451992648179,0.3614074177497812,0.1766467751532716,high,0.9,ridge,S1x2cat,T0008
0.05417904513724649,0.29958917989201644,0.13184999512314355,high,0.9,ridge,S1x2cat,T0009
0.1637839499489996,0.14595004581016038,0.04800102979631104,high,0.9,ridge,S1x2cat,T0010
0.1382662614272401,0.09144744151570379,0.04077021210548291,high,0.9,ridge,S1x2cat,T0011
0.06974320742510894,0.16728428193190595,0.07903194210886329,high,0.9,ridge,S1x2cat,T0012
0.1479801368028755,0.37150346681481183,0.172877361527281,high,0.9,ridge,S1x2cat,T0013
0.23658318700330727,0.09119563071474825,0.05479946990546192,high,0.9,ridge,S1x2cat,T0014
0.03406291364063092,0.13016449870867727,0.04257928349914307,high,0.9,ridge,S1x2cat,T0015
0.0407659825751669,0.3931044349115277,0.18966413094857287,high,0.9,ridge,S1x2cat,T0016
0.5023079009546673,0.2651107270783113,0.09617044385950121,high,0.9,ridge,S1x2cat,T0017
0.04217794790071617,0.2516551662948064,0.13350124468180982,high,0.9,ridge,S1x2cat,T0018
0.03080334359414489,0.2821267629789676,0.129061917259755,high,0.9,ridge,S1x2cat,T0019
0.11224023751579384,0.2867634241396633,0.12854114705023706,high,0.9,ridge,S1x2cat,T0020
0.24586912992615179,0.22793095044086392,0.0820771579089806,high,0.9,ridge,S1x2cat,T0021
0.2669317623969681,0.6342291636135943,0.28561954491116404,high,0.9,ridge,S1x2cat,T0022
0.13884320505105355,0.259407854924314,0.11094516315874987,high,0.9,ridge,S1x2cat,T0023
0.3640217699774465,0.03730881396833586,0.006573734856934326,high,0.9,ridge,S1x2cat,T0024
0.1393693182957995,0.17165862619768105,0.05219215448268481,high,0.9,ridge,S1x2cat,T0025
0.14868731503578567,0.04529696053951927,0.01629165680333777,high,0.9,ridge,S1x2cat,T0026
0.20749936779328187,0.32072685201175766,0.1492925135073667,high,0.9,ridge,S1x2cat,T0027
0.11408336632409258,0.16324500668724154,0.08904222669995752,high,0.9,ridge,S1x2cat,T0028
0.10965216064093788,0.24635140958519935,0.12054158096446924,high,0.9,ridge,S1x2cat,T0029
0.02329415402379798,0.0735066235992607,0.04966224437708911,high,0.9,ridge,S1x2cat,T0030
0.08267559161243028,0.15448036651258382,0.08696194919512415,high,0.9,ridge,S1x2cat,T0031
0.0350549071061479,0.19900344609772502,0.10222275794543384,high,0.9,ridge,S1x2cat,T0032
0.2321273841282157,0.03404721861990396,0.02728965466727832,high,0.9,ridge,S1x2cat,T0033
0.03977783117655565,0.2988496378046638,0.1276256520788419,high,0.9,ridge,S1x2cat,T0034
0.351822530740526,0.004443226792702205,0.01970592673178003,high,0.9,ridge,S1x2cat,T0035
0.11704319688173956,0.3307403275768795,0.1491089863789862,high,0.9,ridge,S1x2cat,T0036
0.3807229645208769,0.5245571101898656,0.23921591072341186,high,0.9,ridge,S1x2cat,T0037
0.17650866640256116,0.22403724496196992,0.0804100498409491,high,0.9,ridge,S1x2cat,T0038
0.2900168773708845,0.18142535383103955,0.10824217717703809,high,0.9,ridge,S1x2cat,T0039
0.07937570101904158,0.12758597367145133,0.061039287622374754,high,0.9,ridge,S1x2cat,T0040
0.043990903987252146,0.05483513998629343,0.03133586586220544,high,0.9,ridge,S1x2cat,T0041
0.26703730974411316,0.5445126935587878,0.2475434893315078,high,0.9,ridge,S1x2cat,T0042
0.1750405287537449,0.12965747163841637,0.04956288986473242,high,0.9,ridge,S1x2cat,T0043
0.6339642726580997,0.212362517791514,0.11971825659097607,high,0.9,ridge,S1x2cat,T0044
0.4315287378897682,0.46829698634806916,0.2223844708164341,high,0.9,ridge,S1x2cat,T0045
0.14804134809574768,0.01584444977386135,0.007272010665239868,high,0.9,ridge,S1x2cat,T0046
0.09918894678538684,0.08687144466069914,0.028220613457385132,high,0.9,ridge,S1x2cat,T0047
0.06287026544732345,0.35699164729840643,0.1501464986499204,high,0.9,ridge,S1x2cat,T0048
0.0009463883206417558,0.0052857475236003934,0.02105985800748645,high,0.9,ridge,S1x2cat,T0049
0.22848296110649097,0.4281449887309503,0.21479753325828674,high,0.9,ridge,S1x2cat,T0050
0.3485133584901157,0.5821428850226802,0.26184153527128273,high,0.9,ridge,S1x2cat,T0051
0.34149929017408603,0.10989714425612643,0.05921448341596753,high,0.9,ridge,S1x2cat,T0052
0.07908080967760107,0.46664838428601346,0.22070946831995789,high,0.9,ridge,S1x2cat,T0053
0.07966379555206322,0.3158512639199013,0.1471560021819574,high,0.9,ridge,S1x2cat,T0054
0.014996570001528934,0.17509459118903922,0.07079296801380286,high,0.9,ridge,S1x2cat,T0055
0.1829148257039537,0.48268745592243156,0.2088287331792843,high,0.9,ridge,S1x2cat,T0056
0.006087121539199438,0.1648924147231998,0.065002535299104,high,0.9,ridge,S1x2cat,T0057
0.031858410844706204,0.004176700545933943,0.005786101112413574,high,0.9,ridge,S1x2cat,T0058
0.39817516452352747,0.02287311908563017,0.010415005871875367,high,0.9,ridge,S1x2cat,T0059
0.15620459933400946,0.37203602363675153,0.14964152112962378,high,0.9,ridge,S1x2cat,T0060
0.07369407934680773,0.157414071488807,0.09199760234599048,high,0.9,ridge,S1x2cat,T0061
0.24577075306721047,0.10227999419489045,0.040178390550147464,high,0.9,ridge,S1x2cat,T0062
0.3439942355417947,0.21714902678223297,0.090237784644552,high,0.9,ridge,S1x2cat,T0063
0.1879164541736481,0.2213216190053952,0.08987392102617957,high,0.9,ridge,S1x2cat,T0064
0.03576786944138905,0.028705414922952095,0.015018331745167236,high,0.9,ridge,S1x2cat,T0065
0.14677390190155462,0.11244250336510389,0.05748371088458948,high,0.9,ridge,S1x2cat,T0066
0.20237752210794024,0.38846459469126526,0.1449092994671864,high,0.9,ridge,S1x2cat,T0067
0.3836600088793508,0.09214035009290301,0.0269581071475918,high,0.9,ridge,S1x2cat,T0068
0.09959939689330208,0.06303544073363755,0.025150266992906005,high,0.9,ridge,S1x2cat,T0069
0.38899283830884407,0.21519963007018506,0.10231405851414051,high,0.9,ridge,S1x2cat,T0070
0.06439749535493673,0.3286138878769707,0.13929083648498986,high,0.9,ridge,S1x2cat,T0071
0.039644427364826935,0.10656173518886372,0.04188362110600086,high,0.9,ridge,S1x2cat,T0072
0.1453033268791418,0.4576613546328546,0.19920638689090392,high,0.9,ridge,S1x2cat,T0073
0.21098816664516634,0.35236412252672883,0.18042770954823803,high,0.9,ridge,S1x2cat,T0074
0.4136930620990607,0.1593068880048726,0.0674043208312915,high,0.9,ridge,S1x2cat,T0075
0.20488555978179784,0.12179164948193241,0.060305440949525634,high,0.9,ridge,S1x2cat,T0076
0.2641216885156195,0.021231817790434152,0.0034177118153344726,high,0.9,ridge,S1x2cat,T0077
0.2844981798891056,0.16622115889693537,0.07730970253363378,high,0.9,ridge,S1x2cat,T0078
0.1385891726219274,0.14243524830607898,0.06748426257407983,high,0.9,ridge,S1x2cat,T0079
0.047909221270434635,0.3635726704956924,0.17942672342911706,high,0.9,ridge,S1x2cat,T0080
0.22626387634038408,0.05897903989875998,5.172063615270996e-05,high,0.9,ridge,S1x2cat,T0081
0.20251028837647517,0.08434383731112634,0.031098274978174925,high,0.9,ridge,S1x2cat,T0082
0.4040839690460952,0.29486451538020686,0.12381099294776832,high,0.9,ridge,S1x2cat,T0083
0.1638551457328941,0.03611156036847863,0.015787840780941406,high,0.9,ridge,S1x2cat,T0084
0.07872519959733483,0.00015615161846199713,0.006611531503225708,high,0.9,ridge,S1x2cat,T0085
0.27016595306277763,0.0383228479453357,0.016767536888156496,high,0.9,ridge,S1x2cat,T0086
0.23379990207162477,0.17218946161676077,0.06416897313207824,high,0.9,ridge,S1x2cat,T0087
0.1377358645846072,0.3149499415652216,0.14915789788243114,high,0.9,ridge,S1x2cat,T0088
0.26729886077303316,0.2637206073700927,0.09487738110955322,high,0.9,ridge,S1x2cat,T0089
0.171419432174553,0.2842476234131209,0.11901759766774793,high,0.9,ridge,S1x2cat,T0090
0.10700040228125293,0.21693391117573962,0.10459557791644482,high,0.9,ridge,S1x2cat,T0091
0.2084714923754844,0.19717596937734122,0.08354439424292164,high,0.9,ridge,S1x2cat,T0092
0.14896761869146488,0.09599607809957891,0.05479638207658984,high,0.9,ridge,S1x2cat,T0093
0.1281710035098266,0.254918468927661,0.11206732430058325,high,0.9,ridge,S1x2cat,T0094
0.03633281550812718,0.23422058006768282,0.11349065439432837,high,0.9,ridge,S1x2cat,T0095
0.17048403573737883,0.2148890859233505,0.11668046092813038,high,0.9,ridge,S1x2cat,T0096
0.0391054958729209,0.16793269397921198,0.0674105047795868,high,0.9,ridge,S1x2cat,T0097
0.15895054983262494,0.28998775513412184,0.11051927817063269,high,0.9,ridge,S1x2cat,T0098
0.24062034435628382,0.09282549932323082,0.015553231166859863,high,0.9,ridge,S1x2cat,T0099
0.02328230363604911,0.009430253162671655,0.0004149042440672607,high,0.9,ridge,S1x2cat,T0100
0.019917715586935395,0.04395065672508692,0.014195577533977051,high,0.9,ridge,S1x2cat,T0101
0.018047572709854468,0.3168728988862191,0.12404936794997144,high,0.9,ridge,S1x2cat,T0102
0.2683356364277826,0.132708689901703,0.05988392845514038,high,0.9,ridge,S1x2cat,T0103
0.2742977799424929,0.03339865237145579,0.020469224282796874,high,0.9,ridge,S1x2cat,T0104
0.006103950461649467,0.39974801824982237,0.16965396931989576,high,0.9,ridge,S1x2cat,T0105
0.377042781778613,0.048345331094220026,0.009531019475199463,high,0.9,ridge,S1x2cat,T0106
0.06392830112311178,0.25339306638646036,0.11434422599570813,high,0.9,ridge,S1x2cat,T0107
0.04527648527746287,0.2058638999987062,0.08785274237864563,high,0.9,ridge,S1x2cat,T0108
0.0561539058770011,0.4086043378593744,0.16470955721046654,high,0.9,ridge,S1x2cat,T0109
0.12159228919278456,0.0892911451323969,0.028674582147963867,high,0.9,ridge,S1x2cat,T0110
0.028777891389271955,0.17299200066766388,0.09023241313727978,high,0.9,ridge,S1x2cat,T0111
0.12241493910334025,0.16795498528964173,0.04795112074500049,high,0.9,ridge,S1x2cat,T0112
0.1998212531237537,0.049718238052031696,0.04571479420423804,high,0.9,ridge,S1x2cat,T0113
0.036434976702335316,0.036724086758118675,0.022826660152924803,high,0.9,ridge,S1x2cat,T0114
0.3328184527739059,0.10334622308335042,0.05518679785271729,high,0.9,ridge,S1x2cat,T0115
0.16876448381415224,0.5477330970450607,0.2557635486192417,high,0.9,ridge,S1x2cat,T0116
0.26514251311471454,0.033236342050533836,0.006778616870431519,high,0.9,ridge,S1x2cat,T0117
0.4107948077487981,0.2602006595795892,0.1109679644212594,high,0.9,ridge,S1x2cat,T0118
0.06390871491354368,0.48579788655515665,0.23155810791627246,high,0.9,ridge,S1x2cat,T0119
0.2607305359863036,0.07768349803881082,0.03101830188573889,high,0.9,ridge,S1x2cat,T0120
0.07566344115269076,0.1230862780727918,0.04940567791419751,high,0.9,ridge,S1x2cat,T0121
0.33284526112247365,0.13052900229118788,0.040679816554458376,high,0.9,ridge,S1x2cat,T0122
0.42802240145183146,0.11705939320750983,0.06029668008709522,high,0.9,ridge,S1x2cat,T0123
0.2573348808288823,0.023421015689416295,0.01816835385333716,high,0.9,ridge,S1x2cat,T0124
0.03236870001665338,0.08942589162134586,0.045901814620173585,high,0.9,ridge,S1x2cat,T0125
0.025567409669492454,0.023796201895673615,0.03132928170929602,high,0.9,ridge,S1x2cat,T0126
0.004624777058452879,0.13840489408370352,0.06379012236153052,high,0.9,ridge,S1x2cat,T0127
0.04741362745987994,0.024562126597361407,0.035999839689354246,high,0.9,ridge,S2,T0000
0.09875317937549785,0.09586639719215587,0.043615890046932004,high,0.9,ridge,S2,T0001
0.0700023626685209,0.13398616311175784,0.039080885507252444,high,0.9,ridge,S2,T0002
0.04955482456142081,0.11957211795966874,0.05842039721218921,high,0.9,ridge,S2,T0003
0.06955142133597604,0.17981507773977004,0.07911973560436267,high,0.9,ridge,S2,T0004
0.00858008258823262,0.5085013675920598,0.2140067191868114,high,0.9,ridge,S2,T0005
0.10168973279727159,0.057451434650182,0.019848885070811766,high,0.9,ridge,S2,T0006
0.07557468754100045,0.20917257253750382,0.10333110706020886,high,0.9,ridge,S2,T0007
0.07930647138296278,0.011607525299689449,0.006088706921982788,high,0.9,ridge,S2,T0008
0.0950018336966921,0.47156507848219187,0.20491936120219434,high,0.9,ridge,S2,T0009
0.019951712269863923,0.07592664503182857,0.0204368641735,high,0.9,ridge,S2,T0010
0.030790862385236824,0.04805847502510814,0.032256641940673826,high,0.9,ridge,S2,T0011
0.07808106694336849,0.00887272149887153,0.005970988282186035,high,0.9,ridge,S2,T0012
0.10347225032719568,0.33981770070922046,0.15798776077067567,high,0.9,ridge,S2,T0013
0.07091737860416032,0.13115448654322795,0.05568989537444153,high,0.9,ridge,S2,T0014
0.031948646972924384,0.11299256136295957,0.03956395397521924,high,0.9,ridge,S2,T0015
0.03534748042824749,0.15206518859964577,0.07311837712860975,high,0.9,ridge,S2,T0016
0.10886731811862008,0.08239457521844269,0.03402933356690539,high,0.9,ridge,S2,T0017
0.16482488767643025,0.2607558445362618,0.1112306760255066,high,0.9,ridge,S2,T0018
0.05701564914095793,0.014904989087198842,0.01282121844640161,high,0.9,ridge,S2,T0019
0.10363482414397054,0.26678986569806723,0.11587126328348853,high,0.9,ridge,S2,T0020
0.06286341155667009,0.18095822039876033,0.08723179724585364,high,0.9,ridge,S2,T0021
0.10548399825809632,0.5592607809377358,0.23533337542232324,high,0.9,ridge,S2,T0022
0.22098016408728444,0.01047681182934468,0.022460747891081056,high,0.9,ridge,S2,T0023
0.06295640057943115,0.1395217416393463,0.06374374057130273,high,0.9,ridge,S2,T0024
0.0021371830336799906,0.009224106891753127,0.012862419298374023,high,0.9,ridge,S2,T0025
0.01534450905685714,0.013660387047167991,0.010586135106236572,high,0.9,ridge,S2,T0026
0.17926445493147788,0.11704388313826172,0.053255204004151124,high,0.9,ridge,S2,T0027
0.025928160280447872,0.10835364659051386,0.04453230206729761,high,0.9,ridge,S2,T0028
0.05596048260997384,0.2155362307297432,0.10268943782573206,high,0.9,ridge,S2,T0029
0.04226395388729127,0.14977580336707016,0.06569155677041455,high,0.9,ridge,S2,T0030
0.10295846076001539,0.2625697609785472,0.13496121048823803,high,0.9,ridge,S2,T0031
0.03182289620426882,0.01526916462900874,0.024827121420757936,high,0.9,ridge,S2,T0032
0.026866822687049992,0.10849748151377295,0.06039860091683814,high,0.9,ridge,S2,T0033
0.19522791047253413,0.3345642821592213,0.13420347988440992,high,0.9,ridge,S2,T0034
0.08343785670123839,0.029501511800509313,0.024485409062590332,high,0.9,ridge,S2,T0035
0.1609867575973334,0.40354080843741713,0.1947722458624209,high,0.9,ridge,S2,T0036
0.07032902897195632,0.08444834233201583,0.043460435413057254,high,0.9,ridge,S2,T0037
0.10974868625179493,0.317737450380809,0.12078374961767151,high,0.9,ridge,S2,T0038
0.04256193492060024,0.2063004193851759,0.09259356977666651,high,0.9,ridge,S2,T0039
0.05912973980420179,0.1296096986016149,0.05895934976646277,high,0.9,ridge,S2,T0040
0.018485359950391748,0.027906685115804138,0.015360824915612305,high,0.9,ridge,S2,T0041
0.13270272216763027,0.25223138496604686,0.10333022533777442,high,0.9,ridge,S2,T0042
0.09058117253300636,0.2412427669470985,0.11094346695736597,high,0.9,ridge,S2,T0043
0.09579952912232517,0.4775335462355219,0.2142197345436277,high,0.9,ridge,S2,T0044
0.09181500776803105,0.3970252493576327,0.17004103845084864,high,0.9,ridge,S2,T0045
0.036179391555835334,0.014294840339283413,0.013037464876801148,high,0.9,ridge,S2,T0046
0.08824603436375618,0.10764410499790963,0.06242742893291809,high,0.9,ridge,S2,T0047
0.08671284759032728,0.22724504097113135,0.09975656950815112,high,0.9,ridge,S2,T0048
0.07854030491597637,0.07432764485864914,0.05425104539693738,high,0.9,ridge,S2,T0049
0.09187341723022825,0.03205572615906178,0.01556982879563208,high,0.9,ridge,S2,T0050
0.06577773753492334,0.3082711866912683,0.13842046736875147,high,0.9,ridge,S2,T0051
0.17097116338944898,0.06447008051159943,0.02495195305097754,high,0.9,ridge,S2,T0052
0.08813448800010866,0.36284735843615945,0.16372019536172924,high,0.9,ridge,S2,T0053
0.03884428435830701,0.03368682262318568,0.012382381514658326,high,0.9,ridge,S2,T0054
0.11394990919647188,0.08849345971963964,0.03955307314346765,high,0.9,ridge,S2,T0055
0.017909121864813086,0.3061382221442072,0.12209684070336364,high,0.9,ridge,S2,T0056
0.0689964216047906,0.07579969263068227,0.014590026436808717,high,0.9,ridge,S2,T0057
0.04312224934583942,0.021832638831539023,0.00011932091072399903,high,0.9,ridge,S2,T0058
0.042565545404681666,0.06827745701309453,0.03226293485392346,high,0.9,ridge,S2,T0059
0.07696855359275169,0.31153571231867966,0.1225760091302931,high,0.9,ridge,S2,T0060
0.13463072434814152,0.07841683384736899,0.040729842232177,high,0.9,ridge,S2,T0061
0.08763801597630351,0.07808213141250188,0.03206749619012524,high,0.9,ridge,S2,T0062
0.1072762111741932,0.07534181828998678,0.02820575902043799,high,0.9,ridge,S2,T0063
0.039531339867404376,0.08112883292055285,0.040067092999065794,high,0.9,ridge,S2,T0064
0.08425475798244515,0.1617053439011318,0.06953836335832105,high,0.9,ridge,S2,T0065
0.038997787554286296,0.3761782408427448,0.1844865191740155,high,0.9,ridge,S2,T0066
0.12861539876263958,0.13873111757789217,0.05104336462480786,high,0.9,ridge,S2,T0067
0.03329484795732641,0.09153246958401641,0.054754643703332766,high,0.9,ridge,S2,T0068
0.057055604478755975,0.019812702028537413,0.007702832279519409,high,0.9,ridge,S2,T0069
0.007005117235275029,0.2184692141305456,0.09165681387026,high,0.9,ridge,S2,T0070
0.14211879484483772,0.13539761186950885,0.04353789904628613,high,0.9,ridge,S2,T0071
0.05031632367187096,0.2628904080632017,0.111871862465432,high,0.9,ridge,S2,T0072
0.09376163636895837,0.02207549444407209,0.023332353285300537,high,0.9,ridge,S2,T0073
0.09886530217545766,0.35320056085040247,0.16147108408505054,high,0.9,ridge,S2,T0074
0.04708195887479756,0.39735989744569916,0.1796682869935249,high,0.9,ridge,S2,T0075
0.018197070721444056,0.1356240842852258,0.06451965735210523,high,0.9,ridge,S2,T0076
0.0887338602789134,0.03686154121375213,0.019175451595927734,high,0.9,ridge,S2,T0077
0.10534434954370067,0.008269760898593216,0.011423948889875489,high,0.9,ridge,S2,T0078
0.11960748951143466,0.18357477881602693,0.07836052935563526,high,0.9,ridge,S2,T0079
0.11505906949185743,0.2937536804202762,0.1485418538998236,high,0.9,ridge,S2,T0080
0.03645184800625618,0.13627792731425895,0.0419333166848927,high,0.9,ridge,S2,T0081
0.04859403371576311,0.15592869531412454,0.07642548581319311,high,0.9,ridge,S2,T0082
0.12243337491852693,0.03507798104707111,0.0009019546152670898,high,0.9,ridge,S2,T0083
0.03251914953240676,0.08214149834077368,0.03197409445498853,high,0.9,ridge,S2,T0084
0.09732100508102695,0.09113960946990131,0.034732146286779786,high,0.9,ridge,S2,T0085
0.037551506418489485,0.1799490038291718,0.0886167546154729,high,0.9,ridge,S2,T0086
0.07481411256513305,0.025997008270041984,0.007462473232418701,high,0.9,ridge,S2,T0087
0.07412647007909808,0.18658484192759286,0.08295753778432434,high,0.9,ridge,S2,T0088
0.04329414107459629,0.03284104804390953,0.010861389918401123,high,0.9,ridge,S2,T0089
0.13730261693754162,0.1507959312410401,0.08690856844267224,high,0.9,ridge,S2,T0090
0.09686367834854107,0.34984739264739917,0.16541221378555224,high,0.9,ridge,S2,T0091
0.10151503604402926,0.22046571423833156,0.0893901272135088,high,0.9,ridge,S2,T0092
0.05945415181250942,0.13865348149940396,0.06508375527297534,high,0.9,ridge,S2,T0093
0.026736329207967542,0.39292276078375776,0.19243904435148365,high,0.9,ridge,S2,T0094
0.019304824563064486,0.13021962603858825,0.0663285841641294,high,0.9,ridge,S2,T0095
0.02229142396537043,0.1193132370937103,0.06085949685302051,high,0.9,ridge,S2,T0096
0.09572524834095433,0.09475361424836407,0.030928140806654295,high,0.9,ridge,S2,T0097
0.1161882946099985,0.40200392031069354,0.1720166119850603,high,0.9,ridge,S2,T0098
0.11704641759051396,0.07840341505401417,0.015359653501718017,high,0.9,ridge,S2,T0099
0.004920689776716781,0.13679077988835278,0.06619280576118566,high,0.9,ridge,S2,T0100
0.0058508997818645945,0.05197741990970341,0.010047835189894775,high,0.9,ridge,S2,T0101
0.0031398550912670195,0.08439994231973781,0.022781216293937746,high,0.9,ridge,S2,T0102
0.014704182223435617,0.24851904875687647,0.10740880154887963,high,0.9,ridge,S2,T0103
0.025025772692575672,0.08790819421974323,0.04170476931184204,high,0.9,ridge,S2,T0104
0.03899496210967802,0.14805109490528937,0.04381341863870972,high,0.9,ridge,S2,T0105
0.08958470768385131,0.199560208256448,0.07301428400790198,high,0.9,ridge,S2,T0106
0.016428224062005062,0.06198394317775581,0.02450845697688208,high,0.9,ridge,S2,T0107
0.013545879355770788,0.10414072059952403,0.04506688275350574,high,0.9,ridge,S2,T0108
0.06737801610856965,0.3348078692835791,0.1424129474083734,high,0.9,ridge,S2,T0109
0.08107385639181898,0.09390569129276968,0.04561679844631775,high,0.9,ridge,S2,T0110
0.001994616360901647,0.026623210248314384,0.01090275722266443,high,0.9,ridge,S2,T0111
0.0595597453598143,0.052844018815140795,0.005535109497501831,high,0.9,ridge,S2,T0112
0.06156977477399074,0.16396595929019767,0.09191646914002637,high,0.9,ridge,S2,T0113
0.11257716399929676,0.10821572689983797,0.04403754240467859,high,0.9,ridge,S2,T0114
0.08908900229362084,0.14419392614776874,0.07927378270274903,high,0.9,ridge,S2,T0115
0.06705361038377435,0.4268124089331186,0.19414712322619812,high,0.9,ridge,S2,T0116
0.009615489027647308,0.024404185069987212,0.0217905920216969,high,0.9,ridge,S2,T0117
0.04333393285404081,0.1828473136568454,0.08787213987731006,high,0.9,ridge,S2,T0118
0.026481736724112144,0.3231509562661417,0.13873114614831897,high,0.9,ridge,S2,T0119
0.07360915897917626,0.20353862171874687,0.08472477935912257,high,0.9,ridge,S2,T0120
0.05102052906420075,0.10817796178105996,0.044982803994958374,high,0.9,ridge,S2,T0121
0.12505367586718555,0.044106242911717004,0.014263687234426026,high,0.9,ridge,S2,T0122
0.07983259095957153,0.20070186599747247,0.09500614275779992,high,0.9,ridge,S2,T0123
0.08388177284057387,0.03691356320000145,0.006360004519381591,high,0.9,ridge,S2,T0124
0.07942581385122661,0.246101669435197,0.09915227609027417,high,0.9,ridge,S2,T0125
0.05532095838274355,0.13511764045287564,0.07628623405452002,high,0.9,ridge,S2,T0126
0.042303792362975996,0.08238116543258707,0.033601496831247316,high,0.9,ridge,S2,T0127
0.04433799898734964,0.02466326270717579,0.03603055403148242,high,0.9,ridge,S3,T0000
0.10271059615383496,0.07691570641400804,0.04480494478543933,high,0.9,ridge,S3,T0001
0.05669534985738746,0.12519412627683027,0.04482214367653369,high,0.9,ridge,S3,T0002
0.05570827500211152,0.11410938304277088,0.059469040881670286,high,0.9,ridge,S3,T0003
0.07183454146897918,0.16896124585245173,0.083163008200995,high,0.9,ridge,S3,T0004
0.015512641849672607,0.4919733001801103,0.22817223495011488,high,0.9,ridge,S3,T0005
0.10557197052747688,0.06002866059639568,0.019296245954604982,high,0.9,ridge,S3,T0006
0.07313754082210051,0.2168754321547534,0.10162120884932031,high,0.9,ridge,S3,T0007
0.07753089053630093,0.005855935369894484,0.003187622814717651,high,0.9,ridge,S3,T0008
0.10513512296775443,0.4451295751365282,0.19385606028406152,high,0.9,ridge,S3,T0009
0.013974448938318677,0.0530759091228772,0.0026011432554614257,high,0.9,ridge,S3,T0010
0.03209298437975711,0.04809049555118518,0.026420016586649903,high,0.9,ridge,S3,T0011
0.07754868631696694,0.019814587397564146,0.002868238170074951,high,0.9,ridge,S3,T0012
0.10233592080522827,0.3247553143690466,0.14526861181550355,high,0.9,ridge,S3,T0013
0.08106640427284846,0.11330961864435193,0.0656091530974115,high,0.9,ridge,S3,T0014
0.03008771214052714,0.12839156999658544,0.05361490377322705,high,0.9,ridge,S3,T0015
0.03275582277623674,0.15363348709996535,0.09009221103559387,high,0.9,ridge,S3,T0016
0.11004079325653729,0.09261822617571609,0.025048942087399415,high,0.9,ridge,S3,T0017
0.15595187152875836,0.23341746202775243,0.11811856378290625,high,0.9,ridge,S3,T0018
0.060365460804538154,0.004631997129893318,0.001146612974977539,high,0.9,ridge,S3,T0019
0.10829082418128635,0.25070460185337323,0.10634790189978198,high,0.9,ridge,S3,T0020
0.06837733745605563,0.15948041719729802,0.05637885018643274,high,0.9,ridge,S3,T0021
0.11669398583353477,0.541489296446359,0.23677559186837988,high,0.9,ridge,S3,T0022
0.22203662808799546,0.006512116106788259,0.009339102933133179,high,0.9,ridge,S3,T0023
0.06441498064978458,0.1372869397314053,0.061523432732044435,high,0.9,ridge,S3,T0024
0.00034306620232710255,0.009867151149319521,0.019615994767052003,high,0.9,ridge,S3,T0025
0.009317913571161853,0.0099564496009269,0.00495231301943103,high,0.9,ridge,S3,T0026
0.18249230611990438,0.12392408577902972,0.056957064014262204,high,0.9,ridge,S3,T0027
0.02410688367809944,0.0802407914257064,0.04838069791531616,high,0.9,ridge,S3,T0028
0.04898379094526868,0.2179534459525801,0.11058845444769226,high,0.9,ridge,S3,T0029
0.040613028711429806,0.13298066768282132,0.04259230862912842,high,0.9,ridge,S3,T0030
0.10150350257579824,0.24839683386046785,0.12672385243218615,high,0.9,ridge,S3,T0031
0.031955131508393804,0.019274447486577476,0.024240825154103272,high,0.9,ridge,S3,T0032
0.03219049620815596,0.11739591816867986,0.040296262797036984,high,0.9,ridge,S3,T0033
0.1962916183387698,0.3427551596036036,0.15543364319264807,high,0.9,ridge,S3,T0034
0.08527282793901943,0.020867348453523508,0.02382003472317517,high,0.9,ridge,S3,T0035
0.15545312362108768,0.40585164495872694,0.17377619850891005,high,0.9,ridge,S3,T0036
0.06806895355873673,0.05339413948479811,0.0024847076969011232,high,0.9,ridge,S3,T0037
0.11302173815494035,0.30781118706075256,0.12020375884792456,high,0.9,ridge,S3,T0038
0.0410892296859225,0.19783023242087783,0.10465076085566065,high,0.9,ridge,S3,T0039
0.06210824268990779,0.13895030564194558,0.0573075965467356,high,0.9,ridge,S3,T0040
0.012601403663426995,0.025076243794772697,0.010853595612847168,high,0.9,ridge,S3,T0041
0.13327944001999717,0.25735235847013155,0.12005165381818969,high,0.9,ridge,S3,T0042
0.09651768604692582,0.22990033087919143,0.10288661498277539,high,0.9,ridge,S3,T0043
0.09246108264807236,0.4693681405976303,0.22169951718353295,high,0.9,ridge,S3,T0044
0.09268626098123901,0.4135211253524075,0.1888021893352771,high,0.9,ridge,S3,T0045
0.03696158622047086,0.0006694944235000057,0.006620061198398315,high,0.9,ridge,S3,T0046
0.08818173668694974,0.09326242524279522,0.057891329442700194,high,0.9,ridge,S3,T0047
0.09151781946427241,0.2280586814318009,0.10160422945215186,high,0.9,ridge,S3,T0048
0.0744716116199118,0.06726411586127053,0.05435847639269531,high,0.9,ridge,S3,T0049
0.0975117284198346,0.032922133159698226,0.022735095398398925,high,0.9,ridge,S3,T0050
0.06279139544046076,0.3089063290975647,0.15201643946174537,high,0.9,ridge,S3,T0051
0.17414214466607794,0.047049276561949585,0.010142445207480958,high,0.9,ridge,S3,T0052
0.08992861946468007,0.35897153786027125,0.1763415364694055,high,0.9,ridge,S3,T0053
0.03419270445639056,0.04660135902013752,0.02448110432209192,high,0.9,ridge,S3,T0054
0.11055678000584826,0.0890339717013486,0.027470555632586182,high,0.9,ridge,S3,T0055
0.015499277450137797,0.31542035180517186,0.1164479468519148,high,0.9,ridge,S3,T0056
0.07701000194772824,0.05564076248621265,0.006537421122313477,high,0.9,ridge,S3,T0057
0.03834773794356484,0.027211019318930947,0.0022222174927886964,high,0.9,ridge,S3,T0058
0.04502154542188858,0.06838461013044751,0.028709688288281982,high,0.9,ridge,S3,T0059
0.08153495854961836,0.3217321977370508,0.1352494259609198,high,0.9,ridge,S3,T0060
0.1320915868032491,0.08494034464120893,0.06277119499158668,high,0.9,ridge,S3,T0061
0.09656190413510515,0.0965005083415649,0.04849827428439258,high,0.9,ridge,S3,T0062
0.11433568563470722,0.08630392853185621,0.03920018513793872,high,0.9,ridge,S3,T0063
0.049950281893022266,0.07042781312662451,0.041147988584854855,high,0.9,ridge,S3,T0064
0.09204664587709106,0.16824815656364236,0.06747342368852026,high,0.9,ridge,S3,T0065
0.04007396514002282,0.36782672368093966,0.17428376989696998,high,0.9,ridge,S3,T0066
0.130986399497918,0.13712313305670634,0.04486084011625696,high,0.9,ridge,S3,T0067
0.0293146117421847,0.06712182482960684,0.029665620378802247,high,0.9,ridge,S3,T0068
0.06183631395800361,4.844101082118747e-05,0.005940147904642334,high,0.9,ridge,S3,T0069
0.020145602108640474,0.19537881794888806,0.08702538231636718,high,0.9,ridge,S3,T0070
0.14089665790820607,0.13472490271149332,0.04996093848432873,high,0.9,ridge,S3,T0071
0.04272528040698249,0.2502138750554395,0.10033831262471984,high,0.9,ridge,S3,T0072
0.09047125158010512,0.0028837887898985897,0.010976926115926391,high,0.9,ridge,S3,T0073
0.10108140142045949,0.3451462478232243,0.16868479062669653,high,0.9,ridge,S3,T0074
0.0529674138444028,0.4013939470466586,0.1834481934461433,high,0.9,ridge,S3,T0075
0.022177145330483653,0.11668082244370634,0.04082950183411816,high,0.9,ridge,S3,T0076
0.08386840121619056,0.020702439717324165,0.012361869496385743,high,0.9,ridge,S3,T0077
0.10734912717757619,0.025116038939351222,0.020301134513491335,high,0.9,ridge,S3,T0078
0.11932512000116194,0.16423072666208796,0.07726569011593237,high,0.9,ridge,S3,T0079
0.11775000195970611,0.2832496233164514,0.14300035047319543,high,0.9,ridge,S3,T0080
0.03815579269755704,0.12103347575938675,0.01538225611851587,high,0.9,ridge,S3,T0081
0.05273593637530495,0.15372861991907436,0.05767024185156018,high,0.9,ridge,S3,T0082
0.12809925492386412,0.04821718232790763,0.01668159579678247,high,0.9,ridge,S3,T0083
0.03121323420700873,0.08772511950592256,0.03900088810721729,high,0.9,ridge,S3,T0084
0.09721248049367584,0.08581504176072897,0.04481105776892798,high,0.9,ridge,S3,T0085
0.04047616245270919,0.159288315544634,0.07678761898876464,high,0.9,ridge,S3,T0086
0.08314029644542921,0.02361762327381723,0.012539091876402099,high,0.9,ridge,S3,T0087
0.06512024403742879,0.17634361023096654,0.08840851404571289,high,0.9,ridge,S3,T0088
0.040404018512516245,0.0327549395397836,0.004974723576857666,high,0.9,ridge,S3,T0089
0.1450136275046174,0.12984020327648563,0.06629975658687255,high,0.9,ridge,S3,T0090
0.09604773288050875,0.3474889331004067,0.16265585440822986,high,0.9,ridge,S3,T0091
0.09010516336334208,0.21859041062553713,0.11244892013687231,high,0.9,ridge,S3,T0092
0.06371381469418681,0.12250820821107902,0.061450405654281004,high,0.9,ridge,S3,T0093
0.018073218243788162,0.3675612590599204,0.15607384329867577,high,0.9,ridge,S3,T0094
0.017444448544519934,0.15042037166906805,0.06998536957183056,high,0.9,ridge,S3,T0095
0.029745554844087536,0.11459039925517947,0.07703347360728992,high,0.9,ridge,S3,T0096
0.09659479897429937,0.08891109433721124,0.03992014592295593,high,0.9,ridge,S3,T0097
0.11757230917029379,0.39714292193524914,0.15392475387812843,high,0.9,ridge,S3,T0098
0.11698490986043145,0.08333255497170845,0.020439076683176512,high,0.9,ridge,S3,T0099
0.006508584531220165,0.13762001949720606,0.07687567826239625,high,0.9,ridge,S3,T0100
0.0013636865152161228,0.037774121482369034,0.0010562575839958496,high,0.9,ridge,S3,T0101
0.005023299762572654,0.07640213262687713,0.009531627203338623,high,0.9,ridge,S3,T0102
0.01169267635885707,0.25584253602356033,0.10812045179419849,high,0.9,ridge,S3,T0103
0.025245478139311335,0.09833950321300025,0.04639670644359815,high,0.9,ridge,S3,T0104
0.03460497937651575,0.1387564411626316,0.04429943361132422,high,0.9,ridge,S3,T0105
0.09759598656082338,0.2240589120313397,0.07599532531249598,high,0.9,ridge,S3,T0106
0.021209130466857132,0.08175362536413434,0.048760224699631226,high,0.9,ridge,S3,T0107
0.016458964447884642,0.1128183912238093,0.04917837959787537,high,0.9,ridge,S3,T0108
0.06974306525983855,0.3257738558665716,0.13272858278062255,high,0.9,ridge,S3,T0109
0.07863562668729009,0.09118689249149632,0.04826409520251465,high,0.9,ridge,S3,T0110
0.005667332613860932,0.027344498945214298,0.004883203758987549,high,0.9,ridge,S3,T0111
0.05725444010364096,0.07330041584060644,0.017734558599053346,high,0.9,ridge,S3,T0112
0.05977162834156392,0.15829473198651303,0.09127313541080201,high,0.9,ridge,S3,T0113
0.12148889081839923,0.1216171778449632,0.056125524143085935,high,0.9,ridge,S3,T0114
0.0962529438527038,0.16038543706317634,0.09647669509953516,high,0.9,ridge,S3,T0115
0.06461259125313647,0.41933709280017756,0.2064588494158639,high,0.9,ridge,S3,T0116
0.012225237793322689,0.011983428281775458,0.025428337041397096,high,0.9,ridge,S3,T0117
0.043504861367668075,0.18949409202539075,0.08971357325297302,high,0.9,ridge,S3,T0118
0.02959492249397456,0.3047916252330366,0.1576518329926029,high,0.9,ridge,S3,T0119
0.074302251842317,0.18421017196461723,0.05945835352820959,high,0.9,ridge,S3,T0120
0.05089786903292649,0.10276892427094539,0.04147837013841748,high,0.9,ridge,S3,T0121
0.12262806045382271,0.04963842711638107,0.024771183787995484,high,0.9,ridge,S3,T0122
0.08681838944834515,0.18833593879150518,0.09309869593942774,high,0.9,ridge,S3,T0123
0.08827814590946727,0.04171211288336058,0.0258922143228396,high,0.9,ridge,S3,T0124
0.07053594746695592,0.23649422606459697,0.10603368713004419,high,0.9,ridge,S3,T0125
0.050149195005040906,0.1218599781219987,0.0748829840610819,high,0.9,ridge,S3,T0126
0.03848718815255115,0.08989099962010334,0.04088028218133496,high,0.9,ridge,S3,T0127
