run_id,policy,round,candidate_id,process_group_id,temperature_K,wjfet_scale,npwell_scale,qit_eff_cm2,mu_channel_scale,mesh_hash,physics_hash,solver_hash,seed,converged,retry_count,runtime_s,vth_V,ron_norm,ss_mV_dec,ion_A_per_cm,ioff_A_per_cm,code_commit,created_at,vth_interp_V,ss_interp_mV_dec,refined,gm_max_S_per_cm,vg_at_gm_max_V,ron_mohm_cm2,id_vds_req_A_per_cm,vds_reached_V,kcl_floor_A_per_cm,ioff_below_floor,ss_window_resolved,logid_vg4,logid_vg5,logid_vg6,logid_vg7,logid_vg8,logid_vg10,logid_vg12,logid_vg14,logid_vg16,logid_vg18,logid_vg20,error_code,n_nodes,n_solves,mesh_scale,extended,holes,config_version
C0000_T423,manual,0,C0000,C0000,423.0,1.0930539164692163,0.9129283931106328,-1372895958833.3965,1.0368419263511897,2ba5e9c9f116,0d66397d18c3,5e1d50a6e395,0,True,0,47.56,4.219383081954178,3.3403088487179895,153.82066538080852,0.010529710720483039,1.689790157965045e-13,ae73669,2026-10-04T00:13:59+00:00,4.224469759748657,154.45012011311476,True,0.002975355096564414,4.75,3.3403088487179895,0.2045327119562588,5.0,2.4327567150926914e-12,True,True,-5.150942852982176,-2.6562266150232006,-2.3747173594702122,-2.257058553839291,-2.1876053810186695,-2.1053404062970014,-2.0561243184620057,-2.022336681837408,-1.9972286033898792,-1.9775835598898848,-1.9616468256225343,,10379,93,1.5,False,False,"variant-gamma_m1 (v1.1-frozen + mu_surf_gamma=-1; robustness study v1.3, 423 K only)"
C0001_T423,manual,0,C0001,C0001,423.0,0.9804712820798158,1.0435902420431376,-688610140234.2319,0.941992649063468,cff19d78675f,0d66397d18c3,5e1d50a6e395,0,True,0,40.726,2.9789557286370365,3.4780467455036135,157.9478092929244,0.010116764646019972,1.6897901579650446e-13,ae73669,2026-10-04T00:13:45+00:00,2.9826335770229813,158.6370724208338,True,0.0026324058237002113,3.5,3.4780467455036135,0.19604706866087707,5.0,1.4474893678600617e-12,True,True,-2.603059138433137,-2.3840012140345714,-2.278806866736564,-2.213379776253119,-2.167528293770937,-2.1058749914944004,-2.0652083926487568,-2.035742059987135,-2.013091470563675,-1.994958353210881,-1.9800053876018435,,11081,93,1.5,False,False,"variant-gamma_m1 (v1.1-frozen + mu_surf_gamma=-1; robustness study v1.3, 423 K only)"
C0002_T423,manual,0,C0002,C0002,423.0,0.8453975930809975,0.8861619886010885,-1104799352586.2695,1.1247575774788856,f92a72037cc6,0d66397d18c3,5e1d50a6e395,0,True,0,44.676,3.517074705259511,3.3973195919020083,152.85433716008444,0.010352950795961276,1.6897901579650446e-13,ae73669,2026-10-04T00:13:50+00:00,3.5228869871781883,153.30211646191717,True,0.003184807259580435,4.0,3.3973195919020083,0.20113361801322088,5.0,2.0977161547572186e-12,True,True,-2.8442561143884837,-2.4124521777235284,-2.274353683900349,-2.199311975835711,-2.1503672549897863,-2.0883396874820335,-2.049380390292336,-2.021955180518198,-2.001271626646279,-1.98493585003727,-1.9716010270939495,,11783,92,1.5,False,False,"variant-gamma_m1 (v1.1-frozen + mu_surf_gamma=-1; robustness study v1.3, 423 K only)"
C0003_T423,manual,0,C0003,C0003,423.0,1.132815146446228,1.1570748541504146,-960616848431.5276,0.8041775979101659,789e083144eb,0d66397d18c3,5e1d50a6e395,0,True,0,46.319,3.895832748700097,3.6785971394536108,161.44736063951558,0.009574045322709045,1.6897901579650449e-13,ae73669,2026-10-04T00:32:25+00:00,3.91198868362,161.6751178096746,True,0.0022228607246639748,4.25,3.6785971394536108,0.18448764233816123,5.0,1.3443044845580595e-12,True,True,-3.6341822759648212,-2.633060924244067,-2.4231598399741894,-2.316288380220827,-2.2478955568023755,-2.161928754001142,-2.108076195263488,-2.070158217507333,-2.041535429678251,-2.018904520936392,-2.000409318828662,,10145,91,1.5,False,False,"variant-gamma_m1 (v1.1-frozen + mu_surf_gamma=-1; robustness study v1.3, 423 K only)"
C0004_T423,manual,0,C0004,C0004,423.0,1.18760603107512,0.8299005512148142,-593505548313.2601,0.8760468561202288,4eb0417c346c,0d66397d18c3,5e1d50a6e395,0,True,0,34.485,2.192261627527413,3.3034001368209402,151.43323889551863,0.010643315423247026,1.6897901579650443e-13,ae73669,2026-10-04T00:37:04+00:00,2.20212909662225,151.86883428152692,True,0.0027145799259120774,2.75,3.3034001368209402,0.20724020103057006,5.0,2.0210886763093884e-12,True,True,-2.398841815548612,-2.2802675038480023,-2.209338961149048,-2.1606132764212576,-2.1243895186027153,-2.073017525492514,-2.037468971670595,-2.0108826499058363,-1.9899685346212825,-1.9729230669905713,-1.9586620568868054,,9794,93,1.5,False,False,"variant-gamma_m1 (v1.1-frozen + mu_surf_gamma=-1; robustness study v1.3, 423 K only)"
C0005_T423,manual,0,C0005,C0005,423.0,0.8751755077391863,1.1007876243442296,-1471941457130.015,1.196678004786372,63eb6b448cde,0d66397d18c3,5e1d50a6e395,0,True,0,54.28,4.91340613446979,3.4647212776140863,159.3601778013003,0.010157592687991974,1.689790157965045e-13,ae73669,2026-10-04T00:14:03+00:00,4.9257616956651615,159.549821842381,True,0.0029958112771029544,5.5,3.4647212776140863,0.19659497667383377,5.0,2.692444606711081e-12,True,True,-9.409790245259057,-3.656027074780683,-2.5229506296113975,-2.3246774044364287,-2.229507036903888,-2.1295543947412745,-2.0747064603336787,-2.038809564920661,-2.0129662963508816,-1.9932092060480884,-1.9774676484499274,,11549,93,1.5,False,False,"variant-gamma_m1 (v1.1-frozen + mu_surf_gamma=-1; robustness study v1.3, 423 K only)"
C0006_T423,manual,0,C0006,C0006,423.0,0.9477621659636496,0.9691413793712854,-821499322541.0581,0.9639153033494948,6e389d2a8ea1,0d66397d18c3,5e1d50a6e395,0,True,0,35.074,3.09620756014141,3.4622778322954844,155.67149129287506,0.010161512589653554,1.6897901579650446e-13,ae73669,2026-10-04T00:39:11+00:00,3.113756014742338,155.67587430249864,True,0.0027610815702597243,3.5,3.4622778322954844,0.1970783494734571,5.0,1.283687119149102e-12,True,True,-2.6316255965830098,-2.387110849369434,-2.2767446084951315,-2.2097890267108986,-2.1635187689508895,-2.102031634159934,-2.0618645314994257,-2.0329208060620663,-2.010749457869067,-1.9930416404334528,-1.9784636307511394,,11198,92,1.5,False,False,"variant-gamma_m1 (v1.1-frozen + mu_surf_gamma=-1; robustness study v1.3, 423 K only)"
C0007_T423,manual,0,C0007,C0007,423.0,1.035331830382347,1.099829029664397,-1240037595853.2097,1.058715035766363,91e6a8d7a9f1,0d66397d18c3,5e1d50a6e395,0,True,0,48.099,4.384001939791199,3.4249089777986903,159.4738723416411,0.010274419577643617,1.6897901579650446e-13,ae73669,2026-10-04T00:13:56+00:00,4.39968080274411,159.60179002897357,True,0.002792943736635255,4.75,3.4249089777986903,0.1989937712242527,5.0,2.1213495530357106e-12,True,True,-6.076705549566043,-2.777995895768911,-2.4224254473427944,-2.288728038399629,-2.212153901251867,-2.123157647088433,-2.0707002466088693,-2.0350289854411274,-2.0087122586121096,-1.988242702916273,-1.971719807194008,,10730,91,1.5,False,False,"variant-gamma_m1 (v1.1-frozen + mu_surf_gamma=-1; robustness study v1.3, 423 K only)"
C0008_T423,manual,0,C0008,C0008,423.0,1.0178218875080347,0.8715755004435778,-789656600914.8955,1.1737071547657252,ed80dfdc1439,0d66397d18c3,5e1d50a6e395,0,True,0,46.307,2.7416755691633288,3.1692084512264738,152.34130038913148,0.011090022318106619,1.6897901579650443e-13,ae73669,2026-10-04T00:13:56+00:00,2.7430659879705392,152.86791233782932,True,0.0033192858593355913,3.25,3.1692084512264738,0.21638111566879015,5.0,1.5377013776646e-12,True,True,-2.444108420293727,-2.2770382123182813,-2.1920793302725206,-2.1382512492796124,-2.100195816698539,-2.048676203732759,-2.0144958528696417,-1.9896305910153333,-1.9704569983689915,-1.9550675798543748,-1.9423491431960846,,10847,92,1.5,False,False,"variant-gamma_m1 (v1.1-frozen + mu_surf_gamma=-1; robustness study v1.3, 423 K only)"
C0009_T423,manual,0,C0009,C0009,423.0,0.9053371001034975,1.1975406002253297,-1144900463521.4805,0.8536625649780035,74b6296ee823,0d66397d18c3,5e1d50a6e395,0,True,0,52.491,4.409567746377479,3.8171658638099295,162.5281827597802,0.009230241386310019,1.689790157965044e-13,ae73669,2026-10-04T00:14:05+00:00,4.423946439083599,162.70319532848964,True,0.002269265268628195,5.0,3.8171658638099295,0.17743817289867245,5.0,1.9149437916945025e-12,True,True,-6.157220942945452,-2.871376361147785,-2.5016071574029,-2.3601437356494634,-2.2782498171340864,-2.1821673262176127,-2.1250797688503886,-2.0860894126250584,-2.057251106924937,-2.034786941295685,-2.0166384903474506,,11432,93,1.5,False,False,"variant-gamma_m1 (v1.1-frozen + mu_surf_gamma=-1; robustness study v1.3, 423 K only)"
C0010_T423,manual,0,C0010,C0010,423.0,0.8717282548546792,0.929175417497754,-560620430856.9431,1.08652516156435,7c91dbab7d27,0d66397d18c3,5e1d50a6e395,0,True,0,53.311,2.374870375736462,3.3544740610538684,154.28176640778125,0.010483611427703505,1.6897901579650446e-13,ae73669,2026-10-04T00:14:04+00:00,2.3911627289517865,154.26444720864475,True,0.003019475031765629,2.75,3.3544740610538684,0.20385187183556444,5.0,2.1461408696520868e-12,True,True,-2.3993126031354493,-2.2725422731789187,-2.2007562113581534,-2.1529548863667234,-2.1181684322021623,-2.069901568049593,-2.037232385567988,-2.0131969197054578,-1.9945347387263672,-1.9794890844377202,-1.9670180587991473,,11666,91,1.5,False,False,"variant-gamma_m1 (v1.1-frozen + mu_surf_gamma=-1; robustness study v1.3, 423 K only)"
C0011_T423,manual,0,C0011,C0011,423.0,1.1592432737350464,1.0016600351780651,-1377839031629.2644,0.9907498694956304,7b142ceff673,0d66397d18c3,5e1d50a6e395,0,True,0,50.982,4.468112848268532,3.4004459170661057,156.62500297435056,0.010347349908345327,1.6897901579650443e-13,ae73669,2026-10-04T00:14:05+00:00,4.473496153818335,157.07171260591514,True,0.0027882214582029287,5.0,3.4004459170661057,0.20052378599619292,5.0,2.677635400913597e-12,True,True,-6.624167101069864,-2.8481274402503156,-2.4424474785817463,-2.2993383580569398,-2.218668845511329,-2.125672892484729,-2.0710646897819505,-2.033941718189436,-2.006526868147651,-1.9851708644633377,-1.9679027234274187,,10028,93,1.5,False,False,"variant-gamma_m1 (v1.1-frozen + mu_surf_gamma=-1; robustness study v1.3, 423 K only)"
C0012_T423,manual,0,C0012,C0012,423.0,1.1140341583639384,0.9854138862341644,-1010727500542.9984,0.9126191157847644,4e97b7fdbe50,0d66397d18c3,5e1d50a6e395,0,True,0,52.826,3.58229150057453,3.4488030154084983,156.253719332778,0.010202247759703744,1.689790157965044e-13,ae73669,2026-10-04T00:14:02+00:00,3.5996131886242,156.29711257005152,True,0.0026567234343552867,4.0,3.4488030154084983,0.19773270835434922,5.0,2.06803458705012e-12,True,True,-2.982674645681782,-2.4889056174544972,-2.331931979611117,-2.245573116823106,-2.188626658119609,-2.115594048632202,-2.0691641667222935,-2.0361987178959526,-2.0111736649857406,-1.9913041339154345,-1.9750119666204333,,10262,92,1.5,False,False,"variant-gamma_m1 (v1.1-frozen + mu_surf_gamma=-1; robustness study v1.3, 423 K only)"
C0013_T423,manual,0,C0013,C0013,423.0,0.801506169512868,1.0578725177794694,-927762304432.6902,1.0084455769509078,76f2787c9957,0d66397d18c3,5e1d50a6e395,0,True,0,45.278,3.56271928532877,3.6136878701043607,158.30385524931089,0.009741588983262633,1.6897901579650446e-13,ae73669,2026-10-04T00:13:50+00:00,3.57788377946764,158.61877690693782,True,0.0027583516838616323,4.0,3.6136878701043607,0.1882565963807815,5.0,1.928095117916815e-12,True,True,-2.9476109035178877,-2.475640161840722,-2.326547695424265,-2.2452293209237784,-2.1919986808242533,-2.1243278100020766,-2.0817474026459517,-2.0517732893298293,-2.0291867990838717,-2.0113701981133185,-1.9968467166840536,,12017,92,1.5,False,False,"variant-gamma_m1 (v1.1-frozen + mu_surf_gamma=-1; robustness study v1.3, 423 K only)"
C0014_T423,manual,0,C0014,C0014,423.0,0.9726279839873314,0.815287820622325,-1277789399959.147,0.8255852311849594,b6983811955a,0d66397d18c3,5e1d50a6e395,0,True,0,32.706,3.7419913287591786,3.5972296977175904,151.02751569982408,0.009782538177839481,1.689790157965045e-13,ae73669,2026-10-04T00:13:37+00:00,3.7435182268453837,151.63386803580582,True,0.0026348558606000792,4.25,3.5972296977175904,0.18950304571671467,5.0,1.8077775885492162e-12,True,True,-3.216418869004314,-2.5305942503588588,-2.3560021351547125,-2.264913307816756,-2.206345127834614,-2.1326343148028934,-2.086406187297804,-2.0537933361862803,-2.029113865701844,-2.0095484485238666,-1.9935159872577473,,10964,92,1.5,False,False,"variant-gamma_m1 (v1.1-frozen + mu_surf_gamma=-1; robustness study v1.3, 423 K only)"
C0015_T423,manual,0,C0015,C0015,423.0,1.0600998014211656,1.1412789095193148,-656797992065.549,1.1455802761018277,c3b371300f37,0d66397d18c3,5e1d50a6e395,0,True,0,38.4,3.1212347567644176,3.254349944010794,160.57486746903515,0.010806117471948108,1.6897901579650443e-13,ae73669,2026-10-04T00:39:37+00:00,3.137184589417993,160.40486041048752,True,0.00294354875059254,3.5,3.254349944010794,0.2100808599987692,5.0,1.6589001733399634e-12,True,True,-2.613125291998434,-2.3603699878618856,-2.2486611410888346,-2.181402370069499,-2.13512551541414,-2.0738975771452544,-2.0340900343169737,-2.0055171179455518,-1.9837027058684256,-1.9663303156103027,-1.9520646121527778,,10613,91,1.5,False,False,"variant-gamma_m1 (v1.1-frozen + mu_surf_gamma=-1; robustness study v1.3, 423 K only)"
C0016_T423,manual,0,C0016,C0016,423.0,1.067554134130478,0.8097493596374989,-1159865411929.786,0.9602174967527388,1e9256faa414,0d66397d18c3,5e1d50a6e395,0,True,0,45.699,3.439029400196043,3.3424277082422504,150.61195205738852,0.010520483295436079,1.6897901579650449e-13,ae73669,2026-10-04T00:14:45+00:00,3.449047122349723,151.2077428912407,True,0.0029144714478804776,4.0,3.3424277082422504,0.20468163117444338,5.0,2.1731725950211034e-12,True,True,-2.798672966867818,-2.417368599403309,-2.2818405980168643,-2.2057209250376815,-2.155140619285283,-2.089926046298352,-2.0482675076787116,-2.018579231380998,-1.9959686718979432,-1.9779643088781098,-1.9631634588358768,,10613,93,1.5,False,False,"variant-gamma_m1 (v1.1-frozen + mu_surf_gamma=-1; robustness study v1.3, 423 K only)"
C0017_T423,manual,0,C0017,C0017,423.0,0.9549900010228156,1.1337812080979348,-780550811439.7526,1.0687390767037868,a28d3f09a33f,0d66397d18c3,5e1d50a6e395,0,True,0,39.838,3.3971690955309906,3.415088567723493,160.44809602106557,0.010302525324566473,1.6897901579650449e-13,ae73669,2026-10-04T00:14:25+00:00,3.4117029794914795,160.5434913241568,True,0.0027533200943209877,3.75,3.415088567723493,0.19971749189275267,5.0,2.1925372088592238e-12,True,True,-2.7900984007713063,-2.428406958300729,-2.2941943572526378,-2.217682150687174,-2.1664769802863635,-2.1002145795735934,-2.0579071350435703,-2.027865209991323,-2.005094816391647,-1.9870563092657902,-1.9723032751921925,,11081,93,1.5,False,False,"variant-gamma_m1 (v1.1-frozen + mu_surf_gamma=-1; robustness study v1.3, 423 K only)"
C0018_T423,manual,0,C0018,C0018,423.0,0.8214604604989291,0.9896462060511112,-1426983706653.1182,0.8980861324816942,88a34c5c8db7,0d66397d18c3,5e1d50a6e395,0,True,0,45.178,4.560363081404441,3.7744795123408217,156.40372985269613,0.009331165481632339,1.6897901579650446e-13,ae73669,2026-10-04T00:14:36+00:00,4.575796727617864,156.60743421359956,True,0.002593746067283496,5.0,3.7744795123408217,0.1798052997726518,5.0,1.8419642704804237e-12,True,True,-7.1927392771910945,-2.9653713417178884,-2.497603184114641,-2.3465238019931585,-2.2634501006770984,-2.169276253334776,-2.1147261008053544,-2.0779589648247487,-2.050977202957801,-2.0300641085975495,-2.013225749659923,,12017,92,1.5,False,False,"variant-gamma_m1 (v1.1-frozen + mu_surf_gamma=-1; robustness study v1.3, 423 K only)"
C0019_T423,manual,0,C0019,C0019,423.0,1.1088961336761711,1.0671646401286126,-509522489272.058,1.1807759206742048,160b55d8d977,0d66397d18c3,5e1d50a6e395,0,True,0,44.38,2.60105183723745,3.1500221918037763,158.3703432418932,0.011159396775295375,1.6897901579650449e-13,ae73669,2026-10-04T00:33:09+00:00,2.6174171147188314,158.39283703455052,True,0.0031091701969069934,3.0,3.1500221918037763,0.21749140743298737,5.0,2.6367410584197015e-12,True,True,-2.4321723223308527,-2.27834279029833,-2.1956519399358596,-2.141845298447718,-2.103199671467096,-2.05017838642442,-2.014632174002669,-1.9886326680137207,-1.9685250092186015,-1.9523592806888583,-1.9389871546263209,,10262,92,1.5,False,False,"variant-gamma_m1 (v1.1-frozen + mu_surf_gamma=-1; robustness study v1.3, 423 K only)"
C0020_T423,manual,0,C0020,C0020,423.0,1.1634810119867325,0.9458590939640998,-876786606386.304,1.102671118080616,42f8a42a39d9,0d66397d18c3,5e1d50a6e395,0,True,0,39.299,3.1515041371039074,3.1821487862589626,154.75840527300744,0.01104729186496917,1.689790157965044e-13,ae73669,2026-10-04T00:37:43+00:00,3.1655833298062017,155.0591558372494,True,0.0030153725791626437,3.5,3.1821487862589626,0.21525057171894488,5.0,2.075938649037688e-12,True,True,-2.6102442234951284,-2.3505593542175074,-2.2380528173519743,-2.1708324601215976,-2.1247542942144153,-2.063909675536723,-2.024346382141629,-1.9958987181193684,-1.9741276070313154,-1.9567441719559278,-1.9424316325285178,,10028,93,1.5,False,False,"variant-gamma_m1 (v1.1-frozen + mu_surf_gamma=-1; robustness study v1.3, 423 K only)"
C0021_T423,manual,0,C0021,C0021,423.0,0.8510567829012872,1.0234035141766071,-1059750274755.0608,0.8199317909777165,e445fbb50260,0d66397d18c3,5e1d50a6e395,0,True,0,54.68,3.802687094644964,3.8097943127082714,157.52679072826325,0.009245192022895875,1.6897901579650454e-13,ae73669,2026-10-04T00:14:58+00:00,3.817299504560056,157.90438330970414,True,0.0023925251082819524,4.25,3.8097943127082714,0.17809232084876134,5.0,1.3914237516012717e-12,True,True,-3.3750934144024702,-2.587904968416374,-2.4006069765955558,-2.3036719946987385,-2.2414750011665157,-2.16336415239096,-2.114559492192457,-2.0802811049584635,-2.0544609939387106,-2.0340840641026428,-2.0174587466256164,,11783,92,1.5,False,False,"variant-gamma_m1 (v1.1-frozen + mu_surf_gamma=-1; robustness study v1.3, 423 K only)"
C0022_T423,manual,0,C0022,C0022,423.0,0.922074880078435,0.853488026559353,-647814457304.7758,1.0405869636684657,1dbc917aef5f,0d66397d18c3,5e1d50a6e395,0,True,0,31.967,2.371540585520836,3.323276366247368,151.9291403001109,0.010579947437503217,1.689790157965045e-13,ae73669,2026-10-04T00:39:43+00:00,2.388286480142196,151.93510296674606,True,0.0030408163883293387,2.75,3.323276366247368,0.20597534763100603,5.0,9.758789544451566e-13,True,True,-2.3963620562549806,-2.269760783465152,-2.197978103512841,-2.1501275555189387,-2.115264826495691,-2.0668034669589033,-2.0339155981755486,-2.0096563439626793,-1.9907741882199312,-1.9755164899245583,-1.96284308461099,,11315,93,1.5,False,False,"variant-gamma_m1 (v1.1-frozen + mu_surf_gamma=-1; robustness study v1.3, 423 K only)"
C0023_T423,manual,0,C0023,C0023,423.0,1.009650457277894,1.1774938859045505,-1292632466182.1128,0.9321165468543768,e255dcbfd861,0d66397d18c3,5e1d50a6e395,0,True,0,48.62,4.698459041372973,3.6387129709618424,161.8503749224408,0.009678322558848736,1.689790157965045e-13,ae73669,2026-10-04T00:14:45+00:00,4.707118191392319,162.41337402603472,True,0.0024903397201412264,5.25,3.6387129709618424,0.18656448688231364,5.0,1.3952991909740328e-12,True,True,-7.943791817398992,-3.163539260860306,-2.536413670647349,-2.362837472651187,-2.270062568459425,-2.166202230653699,-2.1064612935535907,-2.066329403796424,-2.0369417892324666,-2.014199907832511,-1.995911269311155,,10847,93,1.5,False,False,"variant-gamma_m1 (v1.1-frozen + mu_surf_gamma=-1; robustness study v1.3, 423 K only)"
C0024_T423,manual,0,C0024,C0024,423.0,1.0434941709041596,0.955795568227768,-741150132380.4259,0.8471803814172745,0e1b8f8895a1,0d66397d18c3,5e1d50a6e395,0,True,0,49.758,2.8865639196970965,3.5191597916974495,155.42652555007723,0.009998924823072228,1.6897901579650446e-13,ae73669,2026-10-04T00:14:46+00:00,2.9033887787157022,155.54133204199348,True,0.002492558814270798,3.25,3.5191597916974495,0.19373687180113336,5.0,1.1018998213874198e-12,True,True,-2.589018216693165,-2.386787258061985,-2.2853177006562793,-2.2210120449305517,-2.1754350938562474,-2.113494865564713,-2.072215782316359,-2.0420834207219993,-2.018786312160391,-2.000046696851094,-1.984531191741748,,10613,93,1.5,False,False,"variant-gamma_m1 (v1.1-frozen + mu_surf_gamma=-1; robustness study v1.3, 423 K only)"
C0025_T423,manual,0,C0025,C0025,423.0,0.931027503311634,1.0751367710530757,-1322309426963.329,1.1301160238683223,e9ab408017c6,0d66397d18c3,5e1d50a6e395,0,True,0,50.972,4.50981004513662,3.437066923426314,158.6743548735733,0.010237861487514885,1.6897901579650443e-13,ae73669,2026-10-04T00:14:56+00:00,4.513245467122591,159.17251345207828,True,0.0029997345173903064,5.0,3.437066923426314,0.1983198571279339,5.0,2.0094740107637416e-12,True,True,-6.868170547750863,-2.8632856067901966,-2.430435033706905,-2.2878830212475605,-2.209389479304557,-2.1205093098994245,-2.0691543354623105,-2.0346272537751444,-2.009346505622361,-1.9897907505051415,-1.9740726648826035,,11315,92,1.5,False,False,"variant-gamma_m1 (v1.1-frozen + mu_surf_gamma=-1; robustness study v1.3, 423 K only)"
C0026_T423,manual,0,C0026,C0026,423.0,0.8958378065377474,0.8450652211904526,-969211492687.4636,0.9101466853171588,316c4eba49a3,0d66397d18c3,5e1d50a6e395,0,True,0,49.382,3.104486739264005,3.518995503585854,151.8363868663921,0.009997491020166878,1.6897901579650449e-13,ae73669,2026-10-04T00:14:53+00:00,3.122480957615892,151.61729289738156,True,0.002786567841318324,3.5,3.518995503585854,0.19395346944430059,5.0,2.1099181623548796e-12,True,True,-2.630944425889561,-2.3870414437969654,-2.2780012314564315,-2.2121905118025667,-2.1668468302788577,-2.1067138776458285,-2.067460983121211,-2.0391616927793015,-2.017461635210437,-2.000108977281335,-1.9858052528607155,,11549,91,1.5,False,False,"variant-gamma_m1 (v1.1-frozen + mu_surf_gamma=-1; robustness study v1.3, 423 K only)"
C0027_T423,manual,0,C0027,C0027,423.0,1.183371326699853,1.124149303883314,-1090345594100.654,1.0172505360096693,0aa5fefbc5c9,0d66397d18c3,5e1d50a6e395,0,True,0,44.845,4.097823561350442,3.3656912275977886,160.22235445330492,0.010454007488216847,1.689790157965045e-13,ae73669,2026-10-04T00:14:50+00:00,4.11488914756227,160.23553307877003,True,0.0027451106685808784,4.5,3.3656912275977886,0.20259856448533117,5.0,1.3942667858743783e-12,True,True,-4.454100695723242,-2.63343118726312,-2.383071860835077,-2.2691116425793902,-2.199537274992899,-2.1151254879683643,-2.0637285105578607,-2.0281360424648365,-2.0015629444648133,-1.9807171931525507,-1.9637813243017965,,9794,92,1.5,False,False,"variant-gamma_m1 (v1.1-frozen + mu_surf_gamma=-1; robustness study v1.3, 423 K only)"
C0028_T423,manual,0,C0028,C0028,423.0,1.1379562050104142,0.8887776337563992,-1457609480246.9016,1.0891457214951514,6adc6d590eea,0d66397d18c3,5e1d50a6e395,0,True,0,47.892,4.3454629808259755,3.263994053724655,153.00525166583856,0.010773375329992868,1.6897901579650449e-13,ae73669,2026-10-04T00:14:50+00:00,4.3624300481901646,152.9628635326933,True,0.0031444568943888697,4.75,3.263994053724655,0.20955595467381535,5.0,1.0444700659917316e-12,True,True,-5.927627412117995,-2.710895543252841,-2.3785406383640204,-2.2520755088597206,-2.1796596720212746,-2.0955680094546567,-2.0459698913761333,-2.012168939951424,-1.9871603452307858,-1.9676482096515868,-1.9518497166251074,,10145,92,1.5,False,False,"variant-gamma_m1 (v1.1-frozen + mu_surf_gamma=-1; robustness study v1.3, 423 K only)"
C0029_T423,manual,0,C0029,C0029,423.0,0.8254341289401055,1.1678875088691711,-601977829821.4078,0.981992331892252,8751292f68ad,0d66397d18c3,5e1d50a6e395,0,True,0,41.045,3.0694253039717574,3.6136339330742007,161.5163250619971,0.009742322311743318,1.6897901579650449e-13,ae73669,2026-10-04T00:14:31+00:00,3.085258769672052,161.79199861236603,True,0.0026167610787928993,3.5,3.6136339330742007,0.18819415735205958,5.0,1.4835053492441449e-12,True,True,-2.643862160699528,-2.405100856258356,-2.29547546983002,-2.2285269774837517,-2.18211943563764,-2.1203693139564144,-2.080064399626342,-2.051089281351226,-2.028958479470402,-2.011337506472722,-1.996875506576627,,11900,92,1.5,False,False,"variant-gamma_m1 (v1.1-frozen + mu_surf_gamma=-1; robustness study v1.3, 423 K only)"
C0030_T423,manual,0,C0030,C0030,423.0,0.9981123823672532,0.9120339505374432,-1189572826959.1929,1.15196392275393,8272cf3c2b00,0d66397d18c3,5e1d50a6e395,0,True,0,32.568,3.782733847458884,3.27050526583999,153.65579924123918,0.010751170183414377,1.689790157965045e-13,ae73669,2026-10-04T00:14:10+00:00,3.792550158702927,153.93331769706842,True,0.0032414242041548026,4.25,3.27050526583999,0.2092216847778189,5.0,1.193803736421195e-12,True,True,-3.25692626582254,-2.4667555181436938,-2.29214243416944,-2.2042514601028818,-2.1487835883426225,-2.0801227301456344,-2.0377400231293463,-2.0081758169697075,-1.9859993328077927,-1.9685442635119492,-1.9543276405759438,,10964,92,1.5,False,False,"variant-gamma_m1 (v1.1-frozen + mu_surf_gamma=-1; robustness study v1.3, 423 K only)"
C0031_T423,manual,0,C0031,C0031,423.0,1.0855904940515757,1.031349352002144,-873916940763.5928,0.8690794434398413,05949f941270,0d66397d18c3,5e1d50a6e395,0,True,0,40.757,3.3859287885487603,3.524774281212008,157.71347126836866,0.009984833453072639,1.689790157965045e-13,ae73669,2026-10-04T00:40:18+00:00,3.4026042088129405,157.7117264410637,True,0.0024700569135371825,3.75,3.524774281212008,0.19323250814483967,5.0,1.0806026212728526e-12,True,True,-2.8258885584893028,-2.4683286402732105,-2.3300884391101824,-2.2498917425129146,-2.1956134607427287,-2.124569360919837,-2.0786689480788842,-2.0457818403482313,-2.0206727986886115,-2.000659174760706,-1.984203599160533,,10379,91,1.5,False,False,"variant-gamma_m1 (v1.1-frozen + mu_surf_gamma=-1; robustness study v1.3, 423 K only)"
C0032_T423,manual,0,C0032,C0032,423.0,1.0755397338420152,0.8758497755974531,-535573140718.0429,0.9254410725086928,5a6755e61f9c,0d66397d18c3,5e1d50a6e395,0,True,0,45.479,2.1844376947670945,3.3264411103189095,152.8043905338053,0.010570548033377645,1.6897901579650443e-13,ae73669,2026-10-04T00:15:31+00:00,2.19528151318839,153.3784693151991,True,0.002743663982723565,2.75,3.3264411103189095,0.20570728872907862,5.0,9.27085665181071e-13,True,True,-2.393809738862988,-2.2769308777509973,-2.2071062732476276,-2.1592084256957027,-2.1236539023398677,-2.0733415892662115,-2.0386286091108925,-2.0127380554076657,-1.992422292895681,-1.9759024959752693,-1.9621104021759055,,10496,93,1.5,False,False,"variant-gamma_m1 (v1.1-frozen + mu_surf_gamma=-1; robustness study v1.3, 423 K only)"
C0033_T423,manual,0,C0033,C0033,423.0,0.9880245212465524,1.1549368251115084,-1399010615423.3218,1.0456817347556353,29e54d001fb3,0d66397d18c3,5e1d50a6e395,0,True,0,39.055,4.882903875297192,3.5255196428172795,161.0641284361798,0.009985345252945855,1.689790157965045e-13,ae73669,2026-10-04T00:15:04+00:00,4.898679081848424,161.03439378171026,True,0.0027191010943454492,5.25,3.5255196428172795,0.19290976006123312,5.0,2.0868796167878602e-12,True,True,-9.139169665736112,-3.568872335277135,-2.553869238258595,-2.3544518316704988,-2.2555418964377623,-2.1493783528677484,-2.0900968950320205,-2.0508970299564546,-2.0224772465331933,-2.00063691438296,-1.9831638373965945,,10964,91,1.5,False,False,"variant-gamma_m1 (v1.1-frozen + mu_surf_gamma=-1; robustness study v1.3, 423 K only)"
C0034_T423,manual,0,C0034,C0034,423.0,0.8356959134340287,0.9248645197600126,-799704497680.068,0.8125253103673459,d5778d588e8c,0d66397d18c3,5e1d50a6e395,0,True,0,43.812,2.943793021038881,3.7300711689652544,154.51821108329867,0.009438450452998555,1.6897901579650449e-13,ae73669,2026-10-04T00:15:20+00:00,2.953733610778555,155.219790271537,True,0.0024112728787485495,3.5,3.7300711689652544,0.1823359373959445,5.0,9.010066998049737e-13,True,True,-2.6195419078137014,-2.4092054550887254,-2.3063878587983577,-2.242024327666997,-2.1967557833768616,-2.1356793726766368,-2.095252182719174,-2.065879347556406,-2.043249812328764,-2.0250992996585366,-2.0101080047262987,,11900,93,1.5,False,False,"variant-gamma_m1 (v1.1-frozen + mu_surf_gamma=-1; robustness study v1.3, 423 K only)"
C0035_T423,manual,0,C0035,C0035,423.0,1.1481808945536611,1.0442027766257524,-1138789300806.8203,1.108496680855751,549e7ba5cbff,0d66397d18c3,5e1d50a6e395,0,True,0,50.068,4.010178922679655,3.2662624456478273,157.77819952633521,0.010767592143797348,1.6897901579650446e-13,ae73669,2026-10-04T00:34:00+00:00,4.013754085549287,158.2769983528046,True,0.003016735395231722,4.5,3.2662624456478273,0.20922469944190972,5.0,2.6017167343392472e-12,True,True,-4.044883731489699,-2.5645583316701743,-2.3404032730537923,-2.235652933591947,-2.171266597446847,-2.0929087913900815,-2.0451259817037926,-2.0120159784982707,-1.9872866364008663,-1.9678814030692857,-1.9521119826218263,,10145,92,1.5,False,False,"variant-gamma_m1 (v1.1-frozen + mu_surf_gamma=-1; robustness study v1.3, 423 K only)"
C0036_T423,manual,0,C0036,C0036,423.0,1.1808884967118505,0.96865163333714,-1255900654941.7974,1.1866693940013646,75016b1ee808,0d66397d18c3,5e1d50a6e395,0,True,0,38.643,4.084576814858356,3.1661615389203672,155.3741975348557,0.011103832472943689,1.6897901579650449e-13,ae73669,2026-10-04T00:38:22+00:00,4.100730337303848,155.49574988786964,True,0.003251423151788326,4.5,3.1661615389203672,0.21624921004133957,5.0,2.4259940590610097e-12,True,True,-4.408930358805703,-2.56373646286135,-2.324290768368369,-2.2175583768163882,-2.153205184357428,-2.075962626923035,-2.0293406906658285,-1.9972039547111573,-1.9732726816469401,-1.954527099178933,-1.9393105520448453,,9911,92,1.5,False,False,"variant-gamma_m1 (v1.1-frozen + mu_surf_gamma=-1; robustness study v1.3, 423 K only)"
C0037_T423,manual,0,C0037,C0037,423.0,0.8934164855629206,1.0879639010876416,-682562443427.7416,0.8906483862549067,e1d396c3f4d6,0d66397d18c3,5e1d50a6e395,0,True,0,47.706,3.0783490810569076,3.634461230301335,159.34616129666125,0.009686247277789155,1.689790157965045e-13,ae73669,2026-10-04T00:15:46+00:00,3.0954482856913144,159.58761953025902,True,0.002494978258424706,3.5,3.634461230301335,0.18714625113220232,5.0,2.4789979943338216e-12,True,True,-2.6649301500948237,-2.4216860977296717,-2.3092536571560855,-2.2402750921260672,-2.192286155588167,-2.1281571032777737,-2.0860890387419766,-2.055719367836401,-2.0324394108560284,-2.013844448152526,-1.9985397616653995,,11432,92,1.5,False,False,"variant-gamma_m1 (v1.1-frozen + mu_surf_gamma=-1; robustness study v1.3, 423 K only)"
C0038_T423,manual,0,C0038,C0038,423.0,0.9332321226596832,0.8321111101657153,-1016121498309.0758,1.0738010324537757,b5ef5e602849,0d66397d18c3,5e1d50a6e395,0,True,0,33.53,3.161840061023902,3.320363642976389,151.17893844929776,0.010589394209100636,1.689790157965044e-13,ae73669,2026-10-04T00:40:17+00:00,3.174994664312769,151.78092088119755,True,0.003068957894387997,3.5,3.320363642976389,0.20613824900772693,5.0,9.423651706012843e-13,True,True,-2.6066641468168164,-2.3501852890217547,-2.241244552131548,-2.1768594071802707,-2.133035724056847,-2.0755389500144372,-2.0383571186513896,-2.011707659633806,-1.9913552857519288,-1.9751288840067758,-1.9617844694557085,,11315,93,1.5,False,False,"variant-gamma_m1 (v1.1-frozen + mu_surf_gamma=-1; robustness study v1.3, 423 K only)"
C0039_T423,manual,0,C0039,C0039,423.0,1.045760305225849,1.1112241458147765,-918431572616.1003,0.953611434996128,0b36889bdfde,0d66397d18c3,5e1d50a6e395,0,True,0,45.378,3.674558708149476,3.486237920931268,159.92667180419494,0.010094964008305052,1.689790157965044e-13,ae73669,2026-10-04T00:15:31+00:00,3.68657956438125,160.36758352112668,True,0.0025649387629050092,4.25,3.486237920931268,0.19537805963683952,5.0,1.043086317337962e-12,True,True,-3.1126824946134435,-2.5157298606302034,-2.3466528335629495,-2.2559727533735443,-2.1968703426947704,-2.1217872846430437,-2.0744647435843633,-2.04107093965082,-2.015843827349054,-1.9958952251128506,-1.9795954186286693,,10613,93,1.5,False,False,"variant-gamma_m1 (v1.1-frozen + mu_surf_gamma=-1; robustness study v1.3, 423 K only)"
C0040_T423,manual,0,C0040,C0040,423.0,1.0010889548808335,0.9328362498432398,-1110529010184.1091,0.8639664571732283,88c6d24bc012,0d66397d18c3,5e1d50a6e395,0,True,0,49.675,3.6806487350734938,3.5730331567723326,154.7033026933703,0.009850082028183703,1.6897901579650443e-13,ae73669,2026-10-04T00:15:36+00:00,3.6923273584218883,155.10869375579907,True,0.0025300654204260106,4.25,3.5730331567723326,0.19063199050605056,5.0,1.8202825782694417e-12,True,True,-3.120795411224049,-2.5227379717096947,-2.354395849478727,-2.2643943292353814,-2.2058419583349247,-2.131521749548822,-2.0846510572538595,-2.0515195008361675,-2.0264375977703106,-2.006560152828357,-1.9902835898166822,,10964,93,1.5,False,False,"variant-gamma_m1 (v1.1-frozen + mu_surf_gamma=-1; robustness study v1.3, 423 K only)"
C0041_T423,manual,0,C0041,C0041,423.0,0.9136715892702342,1.0103517409414051,-951011424884.2,1.1586211819201708,61f2cc79ed4e,0d66397d18c3,5e1d50a6e395,0,True,0,52.342,3.486176027807929,3.3436659700472617,156.697872000255,0.010519004763500466,1.6897901579650443e-13,ae73669,2026-10-04T00:15:49+00:00,3.4884374708987433,157.25113283453786,True,0.0030985271413611834,4.0,3.3436659700472617,0.2043430253779267,5.0,2.0380525877904297e-12,True,True,-2.8257083223584623,-2.412378023714261,-2.2744734579817467,-2.198466700610278,-2.148509543651081,-2.084815671820034,-2.0446371448997724,-2.0163019535628406,-1.9949172769166146,-1.9780253482209125,-1.9642383355845625,,11432,92,1.5,False,False,"variant-gamma_m1 (v1.1-frozen + mu_surf_gamma=-1; robustness study v1.3, 423 K only)"
C0042_T423,manual,0,C0042,C0042,423.0,0.8596828252077103,0.8662175063043833,-1351220862939.954,0.9761483632028104,cf3d38f02f05,0d66397d18c3,5e1d50a6e395,0,True,0,54.148,4.044938983922378,3.5493294562057076,152.4240302153187,0.00991409364301808,1.6897901579650449e-13,ae73669,2026-10-04T00:15:48+00:00,4.057790759518212,152.77460001676735,True,0.002913980274079125,4.5,3.5493294562057076,0.19208966856074774,5.0,1.0218423329710902e-12,True,True,-4.208144603613466,-2.5924588544470244,-2.3657427445355186,-2.2621991213058856,-2.1993015024939737,-2.123477636945023,-2.077575959495378,-2.0458851564981155,-2.0222624595035583,-2.003746983307209,-1.988711719733661,,11666,92,1.5,False,False,"variant-gamma_m1 (v1.1-frozen + mu_surf_gamma=-1; robustness study v1.3, 423 K only)"
C0043_T423,manual,0,C0043,C0043,423.0,1.1722652718424798,1.190252324566245,-714222029782.8317,1.0965337961912156,cf6bbed559cf,0d66397d18c3,5e1d50a6e395,0,True,0,46.887,3.370295612631563,3.256593894697187,162.00474338845038,0.010799992302832871,1.6897901579650443e-13,ae73669,2026-10-04T00:15:37+00:00,3.38646080631972,162.00383982731014,True,0.002822121177870875,3.75,3.256593894697187,0.2097940232285643,5.0,1.7520739257884672e-12,True,True,-2.767509711252929,-2.4154269041524477,-2.281113544505719,-2.203715722944417,-2.1515760808381494,-2.083684459392296,-2.0400798983452146,-2.008989784194249,-1.985350963124686,-1.9665765540351245,-1.9511880917918951,,9911,92,1.5,False,False,"variant-gamma_m1 (v1.1-frozen + mu_surf_gamma=-1; robustness study v1.3, 423 K only)"
C0044_T423,manual,0,C0044,C0044,423.0,1.1049728740006686,0.8225050982087851,-831333629786.9683,1.0247064974159,85e21477a23d,0d66397d18c3,5e1d50a6e395,0,True,0,43.407,2.7090051730782596,3.217697003335441,150.94301486627538,0.010924000247829834,1.6897901579650443e-13,ae73669,2026-10-04T00:15:34+00:00,2.715764203347566,151.56647314223147,True,0.0030632966093300518,3.25,3.217697003335441,0.21302357752028292,5.0,1.2607467645820522e-12,True,True,-2.4610073630659883,-2.295023419965613,-2.208802456823456,-2.15356500378031,-2.1142206355851387,-2.060545644773105,-2.0246512269017645,-1.9983810546068632,-1.9780247198906187,-1.961618298679583,-1.94801066049503,,10262,93,1.5,False,False,"variant-gamma_m1 (v1.1-frozen + mu_surf_gamma=-1; robustness study v1.3, 423 K only)"
C0045_T423,manual,0,C0045,C0045,423.0,0.8174033973366023,1.1465141151100398,-1234079054556.787,0.9042714271694422,aed830aebb8d,0d66397d18c3,5e1d50a6e395,0,True,0,40.549,4.494388364878002,3.8213040665221247,161.01244402034033,0.009219836892156618,1.6897901579650443e-13,ae73669,2026-10-04T00:15:12+00:00,4.495462046761825,161.4551439618891,True,0.0024569818527436847,5.0,3.8213040665221247,0.17729490888543092,5.0,2.1927551093355023e-12,True,True,-6.6993162188240465,-2.9195994666441067,-2.5004806851407713,-2.3540758705503424,-2.271732836801903,-2.1770393652991253,-2.121660362706517,-2.0841845113873902,-2.0566377732073837,-2.035276761968379,-2.018080040010284,,12017,92,1.5,False,False,"variant-gamma_m1 (v1.1-frozen + mu_surf_gamma=-1; robustness study v1.3, 423 K only)"
C0046_T423,manual,0,C0046,C0046,423.0,0.9588791906833648,0.9765978720039128,-568122538737.9528,1.1367404915392398,439fa8857c90,0d66397d18c3,5e1d50a6e395,0,True,0,33.491,2.5133120086152334,3.2597969974218857,155.6830652551899,0.01078578967480398,1.6897901579650449e-13,ae73669,2026-10-04T00:14:43+00:00,2.5179024091318385,156.1084716888958,True,0.0031184584045520023,3.0,3.2597969974218857,0.2099787196225879,5.0,1.7281363234912947e-12,True,True,-2.4170447249565457,-2.275778377212484,-2.198356132507093,-2.1475836463379054,-2.110965762687833,-2.0605566398368227,-2.0266676745189116,-2.001838758721367,-1.9826150199384327,-1.9671480528001868,-1.9543471362847384,,11081,92,1.5,False,False,"variant-gamma_m1 (v1.1-frozen + mu_surf_gamma=-1; robustness study v1.3, 423 K only)"
C0047_T423,manual,0,C0047,C0047,423.0,1.0713095262646677,1.0541391555219888,-1493387673050.1653,0.8421368315815926,a740656e43a9,0d66397d18c3,5e1d50a6e395,0,True,0,43.297,4.882464962433962,3.7064694044379594,158.4293562753406,0.00950286020078505,1.6897901579650449e-13,ae73669,2026-10-04T00:41:02+00:00,4.899554974208691,158.5071669169088,True,0.0023951049813914923,5.25,3.7064694044379594,0.1830255130549741,5.0,1.1111315860456994e-12,True,True,-9.187186486902151,-3.5826909984988595,-2.603202680098138,-2.3992224167528615,-2.2959911782088773,-2.183492834865847,-2.119787324836605,-2.0772492319637905,-2.046174781043861,-2.022145659715016,-2.0028201011104136,,10496,91,1.5,False,False,"variant-gamma_m1 (v1.1-frozen + mu_surf_gamma=-1; robustness study v1.3, 423 K only)"
C0048_T423,manual,0,C0048,C0048,423.0,1.0514254555106164,0.9983421318233012,-994167254306.376,1.0520898200571538,b780457e62bf,0d66397d18c3,5e1d50a6e395,0,True,0,47.684,3.5642533582019906,3.3356485418792543,156.4689090114222,0.010544426978328376,1.6897901579650443e-13,ae73669,2026-10-04T00:16:19+00:00,3.579448867967828,156.73415113610977,True,0.0029419776890255824,4.0,3.3356485418792543,0.20481321703959138,5.0,2.1180652892899924e-12,True,True,-2.9275619776278883,-2.4485570252065516,-2.2978473140265674,-2.2155620509772653,-2.1616038256682426,-2.0928093542207926,-2.0493401013855115,-2.018615881613819,-1.995375352790718,-1.9769770163902936,-1.96192899957797,,10613,92,1.5,False,False,"variant-gamma_m1 (v1.1-frozen + mu_surf_gamma=-1; robustness study v1.3, 423 K only)"
C0049_T423,manual,0,C0049,C0049,423.0,0.9638921231031418,1.0708235889673232,-1069326626136.8988,0.9689596250653268,663fcdee2f3d,0d66397d18c3,5e1d50a6e395,0,True,0,38.935,3.9263298710223307,3.533595288139858,158.74091103787458,0.009960629266397677,1.689790157965045e-13,ae73669,2026-10-04T00:15:44+00:00,3.9380698535101306,159.34870998272055,True,0.0026177862963568674,4.5,3.533595288139858,0.19267586059390793,5.0,1.6012770117550947e-12,True,True,-3.714259601791833,-2.5806867980461448,-2.3729120151053418,-2.271197424975504,-2.2074809986678634,-2.1288912284005908,-2.080493743282036,-2.046791259422087,-2.021550482198957,-2.001713223996836,-1.9855789305929272,,11081,93,1.5,False,False,"variant-gamma_m1 (v1.1-frozen + mu_surf_gamma=-1; robustness study v1.3, 423 K only)"
C0050_T423,manual,0,C0050,C0050,423.0,0.8100192729383707,0.8024576269090176,-731010651215.9109,1.189221265539527,1e84edeb41aa,0d66397d18c3,5e1d50a6e395,0,True,0,40.857,2.404988422602836,3.2961525014309943,150.08287652633024,0.010665576987910031,1.6897901579650449e-13,ae73669,2026-10-04T00:16:01+00:00,2.4184380456069867,150.3904263192764,True,0.0033362512091814817,2.75,3.2961525014309943,0.2078211033089073,5.0,1.576800972777348e-12,True,True,-2.365682305056632,-2.2430375007828105,-2.1751866573068503,-2.1306073923884687,-2.098444936211195,-2.054163887001058,-2.0243836348731814,-2.0025512104650103,-1.9856352892890774,-1.9720156450539992,-1.9607366847639507,,11900,93,1.5,False,False,"variant-gamma_m1 (v1.1-frozen + mu_surf_gamma=-1; robustness study v1.3, 423 K only)"
C0051_T423,manual,0,C0051,C0051,423.0,1.122485752776265,1.1284258604049682,-1328573142178.3567,0.8819228682667017,e8bce5acfab4,0d66397d18c3,5e1d50a6e395,0,True,0,48.428,4.67391519442165,3.6204881948370273,160.520729003078,0.009726747485572623,1.6897901579650446e-13,ae73669,2026-10-04T00:34:49+00:00,4.686365586393663,161.05028586783433,True,0.0024107919763848257,5.25,3.6204881948370273,0.18752990169667008,5.0,2.241043503312549e-12,True,True,-7.8129076238441595,-3.1315731524567347,-2.5385767236305425,-2.3665121827232514,-2.273346245911553,-2.1680971709277306,-2.1070764351733513,-2.065864864692258,-2.0355619707477897,-2.0120323586229145,-1.9930556703147482,,10145,93,1.5,False,False,"variant-gamma_m1 (v1.1-frozen + mu_surf_gamma=-1; robustness study v1.3, 423 K only)"
C0052_T423,manual,0,C0052,C0052,423.0,1.1554023876786232,0.8587190598249436,-1211308959871.5305,0.8100208126008511,63802722f447,0d66397d18c3,5e1d50a6e395,0,True,0,35.406,3.7155221117122377,3.5265665209831427,152.45084903706106,0.009978233598418266,1.689790157965044e-13,ae73669,2026-10-04T00:38:58+00:00,3.72179713732442,153.11801574427696,True,0.002538675099042786,4.25,3.5265665209831427,0.19330824806600197,5.0,2.8594731768996214e-12,True,True,-3.1793676299460683,-2.5339109451213577,-2.359367209265463,-2.2666759878624867,-2.2064873876501703,-2.1300837533207457,-2.0818039937848174,-2.0475818524169958,-2.0215980855962434,-2.000946333097127,-1.9839890128045514,,10028,93,1.5,False,False,"variant-gamma_m1 (v1.1-frozen + mu_surf_gamma=-1; robustness study v1.3, 423 K only)"
C0053_T423,manual,0,C0053,C0053,423.0,0.867924463748932,1.1847130946815012,-848244014196.0979,1.117370280623436,900b66e31c10,0d66397d18c3,5e1d50a6e395,0,True,0,53.842,3.667042163776676,3.47691174669698,161.83769463373775,0.010121864261768067,1.6897901579650449e-13,ae73669,2026-10-04T00:16:40+00:00,3.679243353693762,162.30846847342872,True,0.0027928938204661163,4.25,3.47691174669698,0.19592227465026907,5.0,2.00533635829669e-12,True,True,-3.0739337349286147,-2.482174305162839,-2.319839920058529,-2.234067575338573,-2.1787235409249797,-2.109143345825901,-2.0657683351120317,-2.0354160333172553,-2.012643095998757,-1.9947394910501894,-1.9801845130896185,,11666,93,1.5,False,False,"variant-gamma_m1 (v1.1-frozen + mu_surf_gamma=-1; robustness study v1.3, 423 K only)"
C0054_T423,manual,0,C0054,C0054,423.0,0.909308758750558,0.9421291410923004,-1452062926255.1665,0.9471048634499312,9f9ea26c712a,0d66397d18c3,5e1d50a6e395,0,True,0,39.261,4.489451011284852,3.6019222609542694,154.85675466747816,0.009772595812636491,1.6897901579650443e-13,ae73669,2026-10-04T00:40:56+00:00,4.4913425728999625,155.4139782861813,True,0.0027397172209332066,5.0,3.6019222609542694,0.18895231477806285,5.0,1.473243522683248e-12,True,True,-6.782656639586064,-2.8724979507081914,-2.458010321769816,-2.3156399743209217,-2.2362358332843133,-2.145480572752191,-2.092585375989553,-2.056796059526284,-2.030455256335159,-2.0099900629581002,-1.9934785340960692,,11432,92,1.5,False,False,"variant-gamma_m1 (v1.1-frozen + mu_surf_gamma=-1; robustness study v1.3, 423 K only)"
C0055_T423,manual,0,C0055,C0055,423.0,1.0218306470662355,1.014584805816412,-611400149762.6305,1.0301854152232408,1d87940451d8,0d66397d18c3,5e1d50a6e395,0,True,0,47.842,2.71932313267956,3.3291505966570205,156.9728076034555,0.010564053371899217,1.6897901579650449e-13,ae73669,2026-10-04T00:16:19+00:00,2.724430120466316,157.66025680350376,True,0.0028419041674417186,3.25,3.3291505966570205,0.2053121719697649,5.0,1.0185544197481468e-12,True,True,-2.4941825261852335,-2.323098032314195,-2.2336559298494025,-2.176128782553031,-2.135070545938744,-2.079019673294345,-2.041582433997671,-2.014251399368921,-1.993135696685905,-1.976169413309229,-1.9621397024605813,,10730,93,1.5,False,False,"variant-gamma_m1 (v1.1-frozen + mu_surf_gamma=-1; robustness study v1.3, 423 K only)"
C0056_T423,manual,0,C0056,C0056,423.0,1.025021742284298,0.8429230198264123,-1421162460930.6455,1.1405175484716892,4af715fdda80,0d66397d18c3,5e1d50a6e395,0,True,0,44.559,4.127753597980276,3.2577677419157824,151.45340236492544,0.010792190517286632,1.6897901579650446e-13,ae73669,2026-10-04T00:16:21+00:00,4.14366151336602,151.72408223233546,True,0.0032635112304858277,4.5,3.2577677419157824,0.2101452760254198,5.0,1.5038410012133685e-12,True,True,-4.651672707626732,-2.5751284316204828,-2.32850064910419,-2.2220774420956113,-2.1588236549353494,-2.0837042535830395,-2.038716384067268,-2.007821460597988,-1.9848588885226537,-1.9668903965574303,-1.952312725908651,,10730,93,1.5,False,False,"variant-gamma_m1 (v1.1-frozen + mu_surf_gamma=-1; robustness study v1.3, 423 K only)"
C0057_T423,manual,0,C0057,C0057,423.0,0.93758587539196,1.1138390220701695,-519280469045.04297,0.8321920409798622,b95ad9f4882b,0d66397d18c3,5e1d50a6e395,0,True,0,46.991,2.7677349006876986,3.663715252896716,160.20604744858107,0.009609749938128498,1.6897901579650449e-13,ae73669,2026-10-04T00:16:36+00:00,2.7740051069084743,160.72568117464863,True,0.0023507773950851634,3.25,3.663715252896716,0.1855705502412328,5.0,1.8933562850993888e-12,True,True,-2.5829375679263236,-2.3984739156322177,-2.301364431707309,-2.2385082393209554,-2.1934266326609717,-2.1315775019989953,-2.0900809715181774,-2.0597043722253052,-2.03619635801572,-2.017287913257979,-2.0016416866627593,,11315,92,1.5,False,False,"variant-gamma_m1 (v1.1-frozen + mu_surf_gamma=-1; robustness study v1.3, 423 K only)"
C0058_T423,manual,0,C0058,C0058,423.0,0.8851778689771891,0.956411512196064,-1181448983028.531,1.0025513496249914,b2197fb71faf,0d66397d18c3,5e1d50a6e395,0,True,0,55.14,3.8944424249102507,3.522549197895971,155.22066684401113,0.009989907203559422,1.689790157965045e-13,ae73669,2026-10-04T00:16:43+00:00,3.9097019315152424,155.60110595310493,True,0.002792152542502631,4.25,3.522549197895971,0.19348940934817244,5.0,2.458733927567749e-12,True,True,-3.5957683453597165,-2.547221049941206,-2.350286136641329,-2.2539076680102035,-2.1937029053538217,-2.119689239805871,-2.074245606253567,-2.0426511158347727,-2.0190097937720752,-2.000438545925095,-1.9853380660870277,,11549,93,1.5,False,False,"variant-gamma_m1 (v1.1-frozen + mu_surf_gamma=-1; robustness study v1.3, 423 K only)"
C0059_T423,manual,0,C0059,C0059,423.0,1.1977421957999468,1.0870702035725115,-755091533996.1648,0.9200576398521662,1a6e1f92be86,0d66397d18c3,5e1d50a6e395,0,True,0,43.15,3.2413004931093767,3.4006873186376043,159.2898359867969,0.010346268293408133,1.6897901579650446e-13,ae73669,2026-10-04T00:16:21+00:00,3.2428914711439556,159.74083608639467,True,0.0025788402538008824,3.75,3.4006873186376043,0.20054508400750143,5.0,7.257926898374123e-13,True,True,-2.7268174502238605,-2.429850840152515,-2.303432223170607,-2.2278509284281958,-2.1759045172980285,-2.10707516015342,-2.062169155210328,-2.0298149900130347,-2.005024670639163,-1.9852162639091586,-1.9688998673220182,,9794,92,1.5,False,False,"variant-gamma_m1 (v1.1-frozen + mu_surf_gamma=-1; robustness study v1.3, 423 K only)"
C0060_T423,manual,0,C0060,C0060,423.0,1.1306588307023049,0.9001730419695377,-637827597558.4984,0.9981555722653864,24a355a51b38,0d66397d18c3,5e1d50a6e395,0,True,0,42.787,2.4825092076615696,3.243626331174572,153.46363893415344,0.010838608002697469,1.6897901579650449e-13,ae73669,2026-10-04T00:16:17+00:00,2.4855138912971544,154.01394593015948,True,0.002924640741566369,3.0,3.243626331174572,0.2111211132389334,5.0,2.267856932762715e-12,True,True,-2.429647227001489,-2.2877214838195856,-2.208509296346875,-2.1560030910612262,-2.1178413074150253,-2.064862995614931,-2.0289205522309524,-2.00239641456954,-1.9817360006380045,-1.9650264904513068,-1.9511337056850733,,10145,92,1.5,False,False,"variant-gamma_m1 (v1.1-frozen + mu_surf_gamma=-1; robustness study v1.3, 423 K only)"
C0061_T423,manual,0,C0061,C0061,423.0,0.8430830597877503,1.0308577224612236,-1298682591877.8777,1.0807003527879715,136d6935ec46,0d66397d18c3,5e1d50a6e395,0,True,0,43.713,4.350300737096851,3.5409543762887363,157.4002696355593,0.009939887086231496,1.6897901579650449e-13,ae73669,2026-10-04T00:15:56+00:00,4.367217014153551,157.46608893584312,True,0.0029178208645789425,4.75,3.5409543762887363,0.1922875868142094,5.0,1.8067528533230264e-12,True,True,-5.901199942879213,-2.7429651981967837,-2.410364174630181,-2.2840551700782323,-2.2118476623380845,-2.128262933387355,-2.07923328458007,-2.0460150936745767,-2.0215792247042867,-2.0026185490136643,-1.9873457092905915,,11783,92,1.5,False,False,"variant-gamma_m1 (v1.1-frozen + mu_surf_gamma=-1; robustness study v1.3, 423 K only)"
C0062_T423,manual,0,C0062,C0062,423.0,0.9830025110393764,0.899210698157549,-902017000131.3092,0.8603372912853957,24b587b3d4c5,0d66397d18c3,5e1d50a6e395,0,True,0,32.711,3.1059462073266486,3.5357108422561216,153.64513188409612,0.009951789004937277,1.689790157965045e-13,ae73669,2026-10-04T00:15:16+00:00,3.124176688949038,153.6703945240867,True,0.0026110446742939946,3.5,3.5357108422561216,0.19287317821604646,5.0,1.5383196792389388e-12,True,True,-2.656202967800265,-2.4075681898302164,-2.294833675275727,-2.2262295023827274,-2.1786972849956547,-2.1153261242589094,-2.073759180358182,-2.043699381991624,-2.0206000227336656,-2.002098840346468,-1.9868290349540842,,11081,92,1.5,False,False,"variant-gamma_m1 (v1.1-frozen + mu_surf_gamma=-1; robustness study v1.3, 423 K only)"
C0063_T423,manual,0,C0063,C0063,423.0,1.0954269338399172,1.1701007142663002,-1038395587354.8984,1.1686131555587054,5ed51b3bbb1d,0d66397d18c3,5e1d50a6e395,0,True,0,38.431,4.070949648378522,3.2782711773106894,161.36021790860465,0.010729508754939655,1.6897901579650449e-13,ae73669,2026-10-04T00:41:40+00:00,4.086090023368566,161.59329431837764,True,0.0030157955312035273,4.5,3.2782711773106894,0.20831609079128582,5.0,1.7252585595756195e-12,True,True,-4.326622259274249,-2.5886777695917162,-2.3491150812121817,-2.2405148082466133,-2.1745196766674626,-2.094881206068444,-2.046679936331541,-2.013455089096471,-1.9887435202410044,-1.969420161529188,-1.9537647827883813,,10379,92,1.5,False,False,"variant-gamma_m1 (v1.1-frozen + mu_surf_gamma=-1; robustness study v1.3, 423 K only)"
C0064_T423,manual,0,C0064,C0064,423.0,1.097560141608119,0.8356564380228519,-937485761940.4792,0.8345446810126305,13def76db80e,0d66397d18c3,5e1d50a6e395,0,True,0,45.033,3.0112917149231446,3.46124221683997,151.66616365259443,0.010163076279166211,1.6897901579650446e-13,ae73669,2026-10-04T00:17:05+00:00,3.015570655687618,152.13320420440013,True,0.0026521751037376115,3.5,3.46124221683997,0.19730130683108765,5.0,2.3665107015016145e-12,True,True,-2.6132681855220077,-2.3876739987343902,-2.280735828678999,-2.2145481174192456,-2.168243506540615,-2.105955240983348,-2.0647453465446386,-2.0347574922968716,-2.0115993783073782,-1.992974814803426,-1.9775489580397143,,10379,92,1.5,False,False,"variant-gamma_m1 (v1.1-frozen + mu_surf_gamma=-1; robustness study v1.3, 423 K only)"
C0065_T423,manual,0,C0065,C0065,423.0,0.98514325581491,1.108508686721325,-1002957112155.8549,1.1428707547485828,80285c9fcd3d,0d66397d18c3,5e1d50a6e395,0,True,0,37.715,3.847757977906678,3.346820773300889,159.6389168204886,0.010510740772979739,1.689790157965044e-13,ae73669,2026-10-04T00:16:21+00:00,3.8642504457699483,159.75789756059444,True,0.0029870538800606736,4.25,3.346820773300889,0.2039716683302161,5.0,1.5108192533401884e-12,True,True,-3.450075508561009,-2.5130261804592067,-2.3233102027809323,-2.2290379380917535,-2.1697599623741572,-2.0965670395857363,-2.0515196548539936,-2.02018980200601,-1.9967579889758542,-1.9783666748109245,-1.9634268147809821,,11081,92,1.5,False,False,"variant-gamma_m1 (v1.1-frozen + mu_surf_gamma=-1; robustness study v1.3, 423 K only)"
C0066_T423,manual,0,C0066,C0066,423.0,0.8389665089547634,0.965155143290758,-665484207682.3115,0.9224100712686776,fc4368c56a6f,0d66397d18c3,5e1d50a6e395,0,True,0,42.807,2.7278314247120146,3.5829187931512156,155.60392632657332,0.009822400119259526,1.6897901579650449e-13,ae73669,2026-10-04T00:16:44+00:00,2.7317364742639905,156.16348518828804,True,0.0026414687020062506,3.25,3.5829187931512156,0.19016437842328726,5.0,2.038196684262488e-12,True,True,-2.525914096640493,-2.3544521293104315,-2.26488807686277,-2.2073362699739927,-2.166293371459003,-2.110314364485914,-2.0729615467566767,-2.045713127578374,-2.0246754051188325,-2.0077823786907536,-1.9938217130668858,,11900,93,1.5,False,False,"variant-gamma_m1 (v1.1-frozen + mu_surf_gamma=-1; robustness study v1.3, 423 K only)"
C0067_T423,manual,0,C0067,C0067,423.0,1.1265494294464589,1.0907281771302224,-1271056253463.0298,1.004904740676284,998ab8ca34dc,0d66397d18c3,5e1d50a6e395,0,True,0,49.803,4.438962388916966,3.4275719375395624,159.27018597589293,0.010267087981896744,1.6897901579650449e-13,ae73669,2026-10-04T00:35:39+00:00,4.448785655187622,159.87102982434786,True,0.002709333619979692,5.0,3.4275719375395624,0.1987706041748194,5.0,2.9322691426604445e-12,True,True,-6.405032270085886,-2.8323866615802857,-2.4439963045701507,-2.302886057669748,-2.222634987251599,-2.1296150995285683,-2.0748152352989537,-2.0375275525726804,-2.0099922216871344,-1.9885527163563663,-1.9712289397202176,,10145,93,1.5,False,False,"variant-gamma_m1 (v1.1-frozen + mu_surf_gamma=-1; robustness study v1.3, 423 K only)"
C0068_T423,manual,0,C0068,C0068,423.0,1.1967585455626248,0.921418271958828,-1153914918191.731,1.0767846763134004,81ccdacd9462,0d66397d18c3,5e1d50a6e395,0,True,0,36.904,3.731078292837052,3.215259839341868,154.03785455125464,0.010935113721848355,1.6897901579650446e-13,ae73669,2026-10-04T00:39:35+00:00,3.7342244601957533,154.58995458941072,True,0.0030724038422838434,4.25,3.215259839341868,0.21287830188758153,5.0,2.4485843203095056e-12,True,True,-3.158716715226529,-2.4680254827853503,-2.2965388176876362,-2.207672556190061,-2.150744566662494,-2.0793714986668106,-2.034806969930983,-2.0034845238107417,-1.979856980225699,-1.9611766960726726,-1.9459055544236163,,9794,92,1.5,False,False,"variant-gamma_m1 (v1.1-frozen + mu_surf_gamma=-1; robustness study v1.3, 423 K only)"
C0069_T423,manual,0,C0069,C0069,423.0,0.8841885950416327,1.0470140494406224,-782595327123.9996,0.9942404739558696,ad0d24fd1c3d,0d66397d18c3,5e1d50a6e395,0,True,0,53.552,3.200545256617704,3.515669376784291,157.99333564146534,0.010009686580245347,1.689790157965045e-13,ae73669,2026-10-04T00:17:34+00:00,3.2087116138213827,158.49971733296553,True,0.002699584072120264,3.75,3.515669376784291,0.19383876873429381,5.0,2.3846957240943423e-12,True,True,-2.6825733778302663,-2.407007405080357,-2.289558681927992,-2.2197328058925905,-2.172009964680569,-2.1092075337930005,-2.068548957832828,-2.0394335944508657,-2.0172377178923266,-1.9995795207825153,-1.9850902174950544,,11549,93,1.5,False,False,"variant-gamma_m1 (v1.1-frozen + mu_surf_gamma=-1; robustness study v1.3, 423 K only)"
C0070_T423,manual,0,C0070,C0070,423.0,0.942852371186018,0.8794425204396248,-1385815294459.4622,1.1646972823888064,f0eccfe8a8aa,0d66397d18c3,5e1d50a6e395,0,True,0,36.446,4.147409046383761,3.313101061058197,152.6150779200649,0.010614004070511987,1.6897901579650443e-13,ae73669,2026-10-04T00:41:33+00:00,4.161668216021956,153.0167282272511,True,0.0032073511336556566,4.5,3.313101061058197,0.20643686369547726,5.0,1.9527384203058796e-12,True,True,-4.757250348953948,-2.586428439542078,-2.3349388734450853,-2.227838856664261,-2.1645180686289907,-2.0896489237009894,-2.0450058731056218,-2.014449397828664,-1.9918010598488074,-1.9741207501529725,-1.9598071163279611,,11198,93,1.5,False,False,"variant-gamma_m1 (v1.1-frozen + mu_surf_gamma=-1; robustness study v1.3, 423 K only)"
C0071_T423,manual,0,C0071,C0071,423.0,1.03028222694993,1.1522720225155354,-554597348906.0999,0.8564223658293486,8d65859b20f1,0d66397d18c3,5e1d50a6e395,0,True,0,46.347,2.9366750020111656,3.582129123879832,161.2409483312951,0.009827105370936957,1.6897901579650446e-13,ae73669,2026-10-04T00:17:06+00:00,2.9474482098337025,161.72465466898805,True,0.0023410062991956557,3.5,3.582129123879832,0.18992821689927758,5.0,2.2633023134166833e-12,True,True,-2.6288376936937072,-2.4136274751388385,-2.306692578901901,-2.2390604647024146,-2.191163446015882,-2.126137158638313,-2.082881924612783,-2.0513772290932315,-2.027076204769774,-2.0075743872092833,-1.9914636452542365,,10730,93,1.5,False,False,"variant-gamma_m1 (v1.1-frozen + mu_surf_gamma=-1; robustness study v1.3, 423 K only)"
C0072_T423,manual,0,C0072,C0072,423.0,1.0228165846318007,0.9802317947149276,-1479246277362.1082,0.972874753177166,da903bbc7bce,0d66397d18c3,5e1d50a6e395,0,True,0,48.803,4.650055322562399,3.510881047348026,155.98858639389158,0.010024491738601163,1.6897901579650446e-13,ae73669,2026-10-04T00:17:10+00:00,4.664906235876047,156.34234475487952,True,0.00271086434683864,5.0,3.510881047348026,0.19397787034132755,5.0,7.319369685809731e-13,True,True,-7.787382420854349,-3.054269990937227,-2.4882464241787363,-2.325703042868895,-2.2386318504054405,-2.141291349027932,-2.0853742039394496,-2.0478074144846614,-2.020273053935422,-1.9989376377318835,-1.9817551626755092,,10730,93,1.5,False,False,"variant-gamma_m1 (v1.1-frozen + mu_surf_gamma=-1; robustness study v1.3, 423 K only)"
C0073_T423,manual,0,C0073,C0073,423.0,0.9103018518537284,1.051530795544386,-584247547201.8123,1.0560055144131184,002be8848fa0,0d66397d18c3,5e1d50a6e395,0,True,0,51.96,2.7460830066025554,3.4032484630573383,158.05683096572105,0.010336531142522365,1.6897901579650443e-13,ae73669,2026-10-04T00:17:28+00:00,2.746740342809486,158.59486419342704,True,0.0028625121957347767,3.25,3.4032484630573383,0.20060609362454257,5.0,1.2085936238957592e-12,True,True,-2.5020618791493305,-2.328692766191239,-2.2391798913519674,-2.181979026086348,-2.141332221942487,-2.0860958992539955,-2.049379884960219,-2.0226753477128243,-2.0021074219081467,-1.9856251825591382,-1.9720276415485019,,11432,92,1.5,False,False,"variant-gamma_m1 (v1.1-frozen + mu_surf_gamma=-1; robustness study v1.3, 423 K only)"
C0074_T423,manual,0,C0074,C0074,423.0,0.8626602612435819,0.8191153228282929,-1246305412612.8557,0.8858378116041422,1a18482bc8fa,0d66397d18c3,5e1d50a6e395,0,True,0,51.163,3.6741598616603883,3.6043211359741156,151.01200479893518,0.009763189776866167,1.689790157965045e-13,ae73669,2026-10-04T00:17:35+00:00,3.686641272327842,151.68995819184195,True,0.0026854409034973324,4.25,3.6043211359741156,0.18914284324639774,5.0,1.6948696699230653e-12,True,True,-3.0855530403448563,-2.497931572404486,-2.3361097785238494,-2.2506721069522717,-2.1955482212066357,-2.126100378657034,-2.08257379421814,-2.05191075544169,-2.0287443079470124,-2.010408268791552,-1.9954069217455759,,11666,93,1.5,False,False,"variant-gamma_m1 (v1.1-frozen + mu_surf_gamma=-1; robustness study v1.3, 423 K only)"
C0075_T423,manual,0,C0075,C0075,423.0,1.1501457162201405,1.149366607517004,-813278324902.0576,1.1931371685117482,4299d0501b9e,0d66397d18c3,5e1d50a6e395,0,True,0,46.608,3.4993251006106294,3.1852390512986113,160.76143083176208,0.011039022916689543,1.6897901579650446e-13,ae73669,2026-10-04T00:17:08+00:00,3.4994323420950715,161.1979299188189,True,0.003084359740852089,4.0,3.1852390512986113,0.21477732334105812,5.0,9.041049159330683e-13,True,True,-2.8456015592330997,-2.414689764628002,-2.2708000247152302,-2.191065968533463,-2.1384193849887314,-2.0709776216471,-2.0282427119989634,-1.998016076676623,-1.9751560696354529,-1.9570693650732294,-1.942287183193911,,10145,92,1.5,False,False,"variant-gamma_m1 (v1.1-frozen + mu_surf_gamma=-1; robustness study v1.3, 423 K only)"
C0076_T423,manual,0,C0076,C0076,423.0,1.1203548323363066,0.862878166884184,-696136743761.5991,1.115017092227936,3ffff2948782,0d66397d18c3,5e1d50a6e395,0,True,0,41.61,2.504509483034448,3.1346545668087353,152.14029868132457,0.01121116207834003,1.6897901579650443e-13,ae73669,2026-10-04T00:16:59+00:00,2.5061894061596686,152.54240239756427,True,0.0032382227825736546,3.0,3.1346545668087353,0.21887043013223684,5.0,2.245260193978931e-12,True,True,-2.3991345469419585,-2.2589446661171064,-2.1819812154281646,-2.131437849282291,-2.0949262349567164,-2.0445296808549713,-2.010514843361356,-1.9854949901957961,-1.9660500083384596,-1.9503493688453908,-1.937311972453783,,10145,92,1.5,False,False,"variant-gamma_m1 (v1.1-frozen + mu_surf_gamma=-1; robustness study v1.3, 423 K only)"
C0077_T423,manual,0,C0077,C0077,423.0,0.8078823473304511,1.1931523829698565,-1363416286185.3838,0.8076682023704053,5f28a1f31784,0d66397d18c3,5e1d50a6e395,0,True,0,43.628,4.912120322041736,4.039420001756805,162.45557827954337,0.008728628540141293,1.6897901579650443e-13,ae73669,2026-10-04T00:16:40+00:00,4.926497923683459,162.83054063465985,True,0.002163782538724212,5.25,4.039420001756805,0.16708619375866715,5.0,1.3977131956992329e-12,True,True,-9.233172543780979,-3.6862720492057104,-2.647852291090321,-2.438947672862683,-2.334080195510348,-2.220379819441979,-2.1563463153141664,-2.1138016009822564,-2.082868248742296,-2.0590539881659824,-2.039980600300154,,11900,93,1.5,False,False,"variant-gamma_m1 (v1.1-frozen + mu_surf_gamma=-1; robustness study v1.3, 423 K only)"
C0078_T423,manual,0,C0078,C0078,423.0,0.9680109672248364,0.9365174017846584,-967105498537.4211,1.027832053974271,1c0d60b0b7ca,0d66397d18c3,5e1d50a6e395,0,True,0,33.526,3.342290531462279,3.384413941277062,154.56116756972438,0.010392738162616662,1.6897901579650449e-13,ae73669,2026-10-04T00:15:50+00:00,3.359470563571077,154.72377456241838,True,0.0029382312424602723,3.75,3.384413941277062,0.20185688299853669,5.0,1.0297591772345793e-12,True,True,-2.735382949756372,-2.4051880722632886,-2.2782565878893877,-2.2053240300685095,-2.156343163984823,-2.092749646771288,-2.0519847480255815,-2.022930793270599,-2.000832547340496,-1.9832700143055044,-1.9688636755915767,,11081,92,1.5,False,False,"variant-gamma_m1 (v1.1-frozen + mu_surf_gamma=-1; robustness study v1.3, 423 K only)"
C0079_T423,manual,0,C0079,C0079,423.0,1.0555386699736118,1.0077934622764588,-1096357633359.7302,0.944752449914813,e08996a31120,0d66397d18c3,5e1d50a6e395,0,True,0,42.287,3.8349939285031382,3.4707758615287276,156.86382788843702,0.010138579242366903,1.6897901579650449e-13,ae73669,2026-10-04T00:42:23+00:00,3.852258596791598,157.0351074257017,True,0.0026976502296333802,4.25,3.4707758615287276,0.19638965611350778,5.0,1.0980504699942273e-12,True,True,-3.4306513768833833,-2.549057030713983,-2.3573587420045925,-2.2600848262814712,-2.1982177433288204,-2.121015262650579,-2.0729962297875733,-2.039338563908971,-2.0140082852086936,-1.994022900074807,-1.9777151002720272,,10613,92,1.5,False,False,"variant-gamma_m1 (v1.1-frozen + mu_surf_gamma=-1; robustness study v1.3, 423 K only)"
C0080_T423,manual,0,C0080,C0080,423.0,1.0730569131672385,0.9385411914438008,-595306254923.3436,1.1609736073762178,8338664a6d62,0d66397d18c3,5e1d50a6e395,0,True,0,46.104,2.4746980454527674,3.148497533052242,154.46988701208764,0.011163138744964832,1.6897901579650446e-13,ae73669,2026-10-04T00:17:51+00:00,2.4787429842118613,155.0426539879856,True,0.0032002086748287584,3.0,3.148497533052242,0.2177764151366929,5.0,2.9998823111603035e-12,True,True,-2.39512580786605,-2.2578266040339217,-2.1818643275766267,-2.1318068433592594,-2.095586836857257,-2.0455547959537217,-2.011796032955888,-1.986990427142451,-1.967737447657763,-1.9522136774447607,-1.9393411825960714,,10496,93,1.5,False,False,"variant-gamma_m1 (v1.1-frozen + mu_surf_gamma=-1; robustness study v1.3, 423 K only)"
C0081_T423,manual,0,C0081,C0081,423.0,0.9606215260922908,1.0172452423721552,-1466234243474.9006,0.8663198303431273,9461af6a5831,0d66397d18c3,5e1d50a6e395,0,True,0,41.909,4.724975086370749,3.7178427980901465,157.27167508619445,0.009472730032671746,1.6897901579650449e-13,ae73669,2026-10-04T00:17:04+00:00,4.729470035386424,157.9728387838949,True,0.0024861339246131913,5.25,3.7178427980901465,0.1825829455312789,5.0,1.9888805692217725e-12,True,True,-8.215356033846748,-3.2063594482134485,-2.546758649325897,-2.3710550896292313,-2.278034848165894,-2.1745063075118405,-2.115156573488908,-2.0753159200337303,-2.046130161150781,-2.023524839660043,-2.0053266930290587,,11081,92,1.5,False,False,"variant-gamma_m1 (v1.1-frozen + mu_surf_gamma=-1; robustness study v1.3, 423 K only)"
C0082_T423,manual,0,C0082,C0082,423.0,0.8129005488008261,0.8621605183929205,-866329240612.6857,1.0988863945007323,2f973dcda839,0d66397d18c3,5e1d50a6e395,0,True,0,41.268,2.8985621187523862,3.408706468750666,152.12258359563313,0.010317964429208341,1.6897901579650446e-13,ae73669,2026-10-04T00:17:26+00:00,2.9130239444493116,152.36657773825246,True,0.003084203494795212,3.25,3.408706468750666,0.20051108850387103,5.0,2.1865282460669785e-12,True,True,-2.5107377852551265,-2.3197567660070573,-2.228224179227261,-2.171723012064673,-2.132389085372081,-2.079871796962447,-2.0454619845172446,-2.020635216731171,-2.0016066653765776,-1.9864059736739106,-1.9738924788781123,,11900,93,1.5,False,False,"variant-gamma_m1 (v1.1-frozen + mu_surf_gamma=-1; robustness study v1.3, 423 K only)"
C0083_T423,manual,0,C0083,C0083,423.0,1.1004653494805097,1.1819061819463967,-1199113715440.035,0.9785015396773816,42a4962e0e0a,0d66397d18c3,5e1d50a6e395,0,True,0,49.03,4.48685800511464,3.5027154165016654,161.9271294848379,0.010050036808204951,1.689790157965044e-13,ae73669,2026-10-04T00:36:28+00:00,4.48915261423951,162.5629320239508,True,0.0026194188766400306,5.0,3.5027154165016654,0.19419011190774232,5.0,2.5436535121774246e-12,True,True,-6.6520911425481355,-2.89214141029907,-2.4714031895679582,-2.3235518402889923,-2.2400433454423028,-2.143567858245758,-2.0868618057731583,-2.0483370950342845,-2.019926447797858,-1.9978323476394102,-1.979999546014034,,10379,93,1.5,False,False,"variant-gamma_m1 (v1.1-frozen + mu_surf_gamma=-1; robustness study v1.3, 423 K only)"
C0084_T423,manual,0,C0084,C0084,423.0,1.1708804704248903,0.8059466991573573,-1316346843726.933,0.9003555361181498,97b88e2a7d40,0d66397d18c3,5e1d50a6e395,0,True,0,35.566,3.7962120614916524,3.374816427198202,150.59144748699882,0.010421369778909822,1.6897901579650443e-13,ae73669,2026-10-04T00:40:11+00:00,3.8095805808852106,150.9403205442661,True,0.002871485429986653,4.25,3.374816427198202,0.2025357296665383,5.0,2.589847340908946e-12,True,True,-3.313862952991326,-2.5149317290284614,-2.332294912228968,-2.2390570734998576,-2.1796604473461936,-2.1053853552573094,-2.059005678434591,-2.0263466697865735,-2.0016506035449297,-1.982075193865245,-1.9660318674871684,,9911,92,1.5,False,False,"variant-gamma_m1 (v1.1-frozen + mu_surf_gamma=-1; robustness study v1.3, 423 K only)"
C0085_T423,manual,0,C0085,C0085,423.0,0.85830422565341,1.1256694313138724,-749065777286.8872,1.0207915659993887,64d86729241b,0d66397d18c3,5e1d50a6e395,0,True,0,49.236,3.3093790291132605,3.5421275977671747,160.25158723212897,0.00993662195849073,1.6897901579650449e-13,ae73669,2026-10-04T00:18:24+00:00,3.323993350022232,160.5462553335638,True,0.0027351138814575545,3.75,3.5421275977671747,0.19221945109829158,5.0,1.9134312336753945e-12,True,True,-2.745098699767499,-2.4277176024476605,-2.3015318710671773,-2.2281561225441533,-2.178580394382201,-2.113966332451034,-2.072490253954622,-2.0429572343565066,-2.0205377310647465,-2.002761232718342,-1.9882151254060192,,11666,92,1.5,False,False,"variant-gamma_m1 (v1.1-frozen + mu_surf_gamma=-1; robustness study v1.3, 423 K only)"
C0086_T423,manual,0,C0086,C0086,423.0,0.9185366477817296,0.9948042158037425,-1083467843011.0216,0.8382211253046989,e7fce9becd1e,0d66397d18c3,5e1d50a6e395,0,True,0,38.135,3.783071531707878,3.706745666175419,156.64615325618146,0.009499115781924208,1.6897901579650446e-13,ae73669,2026-10-04T00:42:11+00:00,3.7936689239571,157.11230398049315,True,0.002465744609789464,4.25,3.706745666175419,0.18333643449719633,5.0,1.448398303138877e-12,True,True,-3.324233699853573,-2.570012714678935,-2.3858585803974632,-2.290081465746321,-2.2284958878836862,-2.151011068005998,-2.1025062457640407,-2.0683863558347504,-2.0426511984671425,-2.0223168188062313,-2.005707970022167,,11432,92,1.5,False,False,"variant-gamma_m1 (v1.1-frozen + mu_surf_gamma=-1; robustness study v1.3, 423 K only)"
C0087_T423,manual,0,C0087,C0087,423.0,1.00596059076488,1.0735312070697547,-978042305447.1613,1.1328253515064717,6924094b9c52,0d66397d18c3,5e1d50a6e395,0,True,0,48.663,3.7070473628742033,3.3225238166157998,158.61581260229397,0.010586389983005592,1.6897901579650449e-13,ae73669,2026-10-04T00:17:55+00:00,3.713829688869052,159.16938040762562,True,0.002978744666666657,4.25,3.3225238166157998,0.20558357473562933,5.0,2.129249322707362e-12,True,True,-3.1242961705944077,-2.4723285059310216,-2.3047048288879477,-2.2173036140509423,-2.1612110286574406,-2.090902788566788,-2.0471140505006065,-2.016446683364128,-1.9934021028414013,-1.975252111445475,-1.9604687581537175,,10847,93,1.5,False,False,"variant-gamma_m1 (v1.1-frozen + mu_surf_gamma=-1; robustness study v1.3, 423 K only)"
C0088_T423,manual,0,C0088,C0088,423.0,1.0471412904560566,0.8955217529088259,-1051590848714.1132,1.0495966482907533,ba2bd159f3d7,0d66397d18c3,5e1d50a6e395,0,True,0,46.747,3.425321111616588,3.298844711748212,153.25085171703356,0.010659374360216202,1.689790157965045e-13,ae73669,2026-10-04T00:17:57+00:00,3.4369018833029297,153.74880616791674,True,0.002966702793000979,4.0,3.298844711748212,0.207374741078814,5.0,1.8107972488950359e-12,True,True,-2.7807324600765506,-2.4064915129508258,-2.2725705078030844,-2.1972132613561266,-2.1471175837374212,-2.0825685683570283,-2.041414318378861,-2.012155475399961,-1.9899267082608993,-1.9722682849791948,-1.957784123797301,,10613,93,1.5,False,False,"variant-gamma_m1 (v1.1-frozen + mu_surf_gamma=-1; robustness study v1.3, 423 K only)"
C0089_T423,manual,0,C0089,C0089,423.0,0.9346084378659724,1.1726664524525403,-882992970757.1864,0.9293569337576628,eeb1b0339938,0d66397d18c3,5e1d50a6e395,0,True,0,50.356,3.7373982897382505,3.6211517673957347,161.71551497701464,0.009723069215242892,1.6897901579650449e-13,ae73669,2026-10-04T00:18:19+00:00,3.7396516617417337,162.3960924997092,True,0.0025046936705830384,4.25,3.6211517673957347,0.18769771608306715,5.0,2.045422602703217e-12,True,True,-3.2324474489679305,-2.5489378528799733,-2.37082174401969,-2.2769337126055076,-2.2162113220398947,-2.1395430028382725,-2.0914868322022917,-2.0577057137733283,-2.032263696279381,-2.0121966226415187,-1.9958364617369495,,11315,93,1.5,False,False,"variant-gamma_m1 (v1.1-frozen + mu_surf_gamma=-1; robustness study v1.3, 423 K only)"
C0090_T423,manual,0,C0090,C0090,423.0,0.8885476168245078,0.903520180657506,-1283557153306.9014,1.1124117910861968,b99425d6d49e,0d66397d18c3,5e1d50a6e395,0,True,0,53.278,3.980480939244951,3.400831463488385,153.42474608583478,0.010343018051326256,1.689790157965045e-13,ae73669,2026-10-04T00:18:28+00:00,3.983686504104287,153.97528022829133,True,0.0031177538601132406,4.5,3.400831463488385,0.20084381074110735,5.0,2.048774373007544e-12,True,True,-3.914338757221697,-2.5386049043857235,-2.328754747356933,-2.2311012999443425,-2.1714389820407844,-2.099307569500527,-2.055595608295349,-2.0254251019932785,-2.0029519069593444,-1.985352717355556,-1.9710743763255059,,11549,92,1.5,False,False,"variant-gamma_m1 (v1.1-frozen + mu_surf_gamma=-1; robustness study v1.3, 423 K only)"
C0091_T423,manual,0,C0091,C0091,423.0,1.176014570519328,1.0279501985758543,-654936708509.922,0.816440998762846,9026f69c4747,0d66397d18c3,5e1d50a6e395,0,True,0,50.623,2.8753279007018335,3.51111709785917,157.685000217007,0.010023132043676136,1.6897901579650446e-13,ae73669,2026-10-04T00:17:59+00:00,2.8930560582489977,157.6246484121754,True,0.0023751301063927917,3.25,3.51111709785917,0.19403795482485742,5.0,1.9488284541588515e-12,True,True,-2.604879461671965,-2.4008991364585444,-2.296996811420363,-2.2305786393789395,-2.1832297353606673,-2.118519284162952,-2.075171582056945,-2.0434240955278296,-2.0188211008369534,-1.9989965482551784,-1.982560110366125,,9911,91,1.5,False,False,"variant-gamma_m1 (v1.1-frozen + mu_surf_gamma=-1; robustness study v1.3, 423 K only)"
C0092_T423,manual,0,C0092,C0092,423.0,1.1464296914637089,0.9598056953400372,-772169590927.6605,0.8882949832826853,9182aeb6de28,0d66397d18c3,5e1d50a6e395,0,True,0,45.036,2.96471018099343,3.4093074322778585,155.5086338499461,0.010318358683958417,1.6897901579650449e-13,ae73669,2026-10-04T00:17:44+00:00,2.970912438659982,156.0166982566536,True,0.002602842935012976,3.5,3.4093074322778585,0.20023134900484624,5.0,1.9078327487448737e-12,True,True,-2.6000386844809236,-2.3822788760263762,-2.276506552787872,-2.21033242292581,-2.163760540358906,-2.1008339258352655,-2.0590918265046465,-2.028700705813442,-2.0052408370451644,-1.98638937937448,-1.9707914777904043,,10145,93,1.5,False,False,"variant-gamma_m1 (v1.1-frozen + mu_surf_gamma=-1; robustness study v1.3, 423 K only)"
C0093_T423,manual,0,C0093,C0093,423.0,0.8339512936770916,1.0842129696160554,-1166293444111.9434,1.1843169506639242,133cbc5fda65,0d66397d18c3,5e1d50a6e395,0,True,0,42.754,4.165647982534023,3.4617055071301115,158.8787202645292,0.010165390916299678,1.6897901579650443e-13,ae73669,2026-10-04T00:17:23+00:00,4.1778145820695185,159.20495568411386,True,0.002979346996137219,4.75,3.4617055071301115,0.19688036452096924,5.0,1.3401250595346248e-12,True,True,-4.827984676722011,-2.6222540757039376,-2.36275829240684,-2.252632280071968,-2.1875323082209115,-2.1106334969444664,-2.064917722885941,-2.033752999369666,-2.010753611000098,-1.9928759156459686,-1.9784614494041257,,11900,93,1.5,False,False,"variant-gamma_m1 (v1.1-frozen + mu_surf_gamma=-1; robustness study v1.3, 423 K only)"
C0094_T423,manual,0,C0094,C0094,423.0,0.9925235595554114,0.8392846833914519,-500226339325.3088,0.9512582406401634,5def085159d8,0d66397d18c3,5e1d50a6e395,0,True,0,28.105,1.9959944798850344,3.328868845338304,151.57343614304037,0.010561942779991722,1.6897901579650443e-13,ae73669,2026-10-04T00:16:18+00:00,1.9966940571071672,152.12636147857927,True,0.0028953863007251408,2.5,3.328868845338304,0.20565502626077653,5.0,2.5306626168219734e-12,True,True,-2.355604566470426,-2.2534648188270303,-2.1906801851168813,-2.1469842058285065,-2.1142627700240393,-2.067596960003842,-2.0351848168278486,-2.010912171109404,-1.9918146358064124,-1.9762561896596016,-1.9632490347900735,,10964,92,1.5,False,False,"variant-gamma_m1 (v1.1-frozen + mu_surf_gamma=-1; robustness study v1.3, 423 K only)"
C0095_T423,manual,0,C0095,C0095,423.0,1.0800449680536983,1.1164521295577288,-1434326668269.9324,1.071448404341936,7137e34ea37b,0d66397d18c3,5e1d50a6e395,0,True,0,37.467,4.873008899096525,3.4239504306829995,159.96161518729102,0.010278358161647546,1.689790157965044e-13,ae73669,2026-10-04T00:43:01+00:00,4.8892635836768665,159.86546390227886,True,0.0028231349604478373,5.25,3.4239504306829995,0.19893475053335183,5.0,2.4818197783398757e-12,True,True,-9.116718675906881,-3.533038501590766,-2.5375670658815808,-2.3400445815329203,-2.2418614982369727,-2.136341010146399,-2.0773339877810515,-2.0382630518574976,-2.0098999718334056,-1.9880762528780296,-1.970596058893832,,10496,91,1.5,False,False,"variant-gamma_m1 (v1.1-frozen + mu_surf_gamma=-1; robustness study v1.3, 423 K only)"
C0096_T423,manual,0,C0096,C0096,423.0,1.083824798092246,0.9720518432557584,-1224889716133.475,1.1277809493243691,aba7b2bc01f4,0d66397d18c3,5e1d50a6e395,0,True,0,46.516,4.025818666666647,3.267521675348947,155.53247570723772,0.010762311147426361,1.6897901579650449e-13,ae73669,2026-10-04T00:18:38+00:00,4.033958631628458,155.9494511228723,True,0.0031296300140194588,4.5,3.267521675348947,0.20926754167945838,5.0,1.5755448539200985e-12,True,True,-4.117561424332361,-2.556975969190477,-2.332166551394016,-2.228681583308806,-2.165541768070857,-2.089152246942478,-2.042785747548759,-2.01073650308228,-1.9868339577270486,-1.968094456290923,-1.9528752028800582,,10496,92,1.5,False,False,"variant-gamma_m1 (v1.1-frozen + mu_surf_gamma=-1; robustness study v1.3, 423 K only)"
C0097_T423,manual,0,C0097,C0097,423.0,0.9963395308703183,1.0964788913726806,-838569779880.3448,0.8448462545871736,4edaadd9cae2,0d66397d18c3,5e1d50a6e395,0,True,0,34.039,3.4657059630340057,3.6466853183540824,159.66416814213358,0.00965493665311434,1.6897901579650446e-13,ae73669,2026-10-04T00:17:38+00:00,3.471857484958966,160.347066597769,True,0.002372345898003902,4.0,3.6466853183540824,0.1863983742603827,5.0,1.7428262927967384e-12,True,True,-2.905222898990634,-2.502535941240031,-2.3556816093256403,-2.2717790359016794,-2.215404667119115,-2.142050873232362,-2.0949060640697086,-2.06124962438332,-2.0356260723258557,-2.0152505713194016,-1.998531542681411,,10964,93,1.5,False,False,"variant-gamma_m1 (v1.1-frozen + mu_surf_gamma=-1; robustness study v1.3, 423 K only)"
C0098_T423,manual,0,C0098,C0098,423.0,0.8299186684191228,0.8273318998515606,-1485113264061.5105,1.0149156343191863,cfdd493eef34,0d66397d18c3,5e1d50a6e395,0,True,0,41.709,4.240589141927941,3.533784469207744,151.11500547681078,0.009956748509096499,1.6897901579650449e-13,ae73669,2026-10-04T00:18:08+00:00,4.24223708125693,151.59474599884783,True,0.0030177412898030995,4.75,3.533784469207744,0.19303422278666763,5.0,9.0995960766449e-13,True,True,-5.297852747874247,-2.662258517005905,-2.3802472452179377,-2.265728600680373,-2.199088175427911,-2.121090266385063,-2.074901228814521,-2.04338758098656,-2.020068911985088,-2.001882462289329,-1.9871672636216384,,11900,92,1.5,False,False,"variant-gamma_m1 (v1.1-frozen + mu_surf_gamma=-1; robustness study v1.3, 423 K only)"
C0099_T423,manual,0,C0099,C0099,423.0,1.142433213442564,1.104479542374611,-574443759396.6722,0.90781236179173,9a82c2550327,0d66397d18c3,5e1d50a6e395,0,True,0,46.249,2.8651587757836725,3.424575988059836,159.78398438498004,0.010274294379401026,1.6897901579650443e-13,ae73669,2026-10-04T00:37:15+00:00,2.8826651858618058,159.8178599522251,True,0.0025160638796856336,3.25,3.424575988059836,0.19913314670990653,5.0,1.2996183990088284e-12,True,True,-2.5806462671177828,-2.379822345646044,-2.277905962308974,-2.2129358349964683,-2.1667263323166126,-2.1037562836918218,-2.061723924804155,-2.0310342187334665,-2.0073149485142414,-1.9882479950144565,-1.9724732796150324,,10145,92,1.5,False,False,"variant-gamma_m1 (v1.1-frozen + mu_surf_gamma=-1; robustness study v1.3, 423 K only)"
C0100_T423,manual,0,C0100,C0100,423.0,1.1847256120294332,0.8835457146167756,-941585159860.5514,0.9858889408409596,9b13d04a0fe0,0d66397d18c3,5e1d50a6e395,0,True,0,35.646,3.1423142924499063,3.2604536574999323,152.96565595196176,0.010783858527342075,1.6897901579650443e-13,ae73669,2026-10-04T00:40:47+00:00,3.1578605165177893,153.35282298630426,True,0.002878871242053098,3.5,3.2604536574999323,0.20991268531444543,5.0,1.3069086678160137e-12,True,True,-2.62698052606202,-2.368793806508608,-2.255312552755698,-2.187084136708756,-2.140124276852468,-2.077850289369709,-2.0371692542107915,-2.0078094706793403,-1.985270495928717,-1.9672258182491944,-1.952334035656296,,9794,93,1.5,False,False,"variant-gamma_m1 (v1.1-frozen + mu_surf_gamma=-1; robustness study v1.3, 423 K only)"
C0101_T423,manual,0,C0101,C0101,423.0,0.8971980970352889,1.1607162974774838,-1118002213537.6929,1.09304329007864,28a65457404c,0d66397d18c3,5e1d50a6e395,0,True,0,50.113,4.2401738696600235,3.505009198316966,161.18191156113804,0.010041997736946065,1.6897901579650454e-13,ae73669,2026-10-04T00:19:14+00:00,4.241839739781087,161.5607182331885,True,0.002839052005915361,4.75,3.505009198316966,0.1942242064334382,5.0,1.6373855658929978e-12,True,True,-5.222007944982919,-2.6894619404068503,-2.3994002835718486,-2.279509809413492,-2.2089872994865907,-2.1257754870196894,-2.0762835585926913,-2.0425167950158496,-2.0175781025449,-1.9981798808338036,-1.9825299065743383,,11549,92,1.5,False,False,"variant-gamma_m1 (v1.1-frozen + mu_surf_gamma=-1; robustness study v1.3, 423 K only)"
C0102_T423,manual,0,C0102,C0102,423.0,0.9261319287121296,0.9157888144254684,-705711651593.4468,0.8729762371629477,71ab6684d499,0d66397d18c3,5e1d50a6e395,0,True,0,38.551,2.6945729222050647,3.542441580488874,154.17174765442167,0.009932774422260886,1.6897901579650446e-13,ae73669,2026-10-04T00:42:50+00:00,2.704121368031791,154.67553897007787,True,0.0025709774073786953,3.25,3.542441580488874,0.19251971103391993,5.0,1.2077127172670506e-12,True,True,-2.522518543218764,-2.353961698106989,-2.2645812060755492,-2.20669841741564,-2.165201268250631,-2.108289352059774,-2.0700913185817242,-2.0420991144152407,-2.0204054964897007,-2.0029294274377394,-1.9884459720585677,,11315,93,1.5,False,False,"variant-gamma_m1 (v1.1-frozen + mu_surf_gamma=-1; robustness study v1.3, 423 K only)"
C0103_T423,manual,0,C0103,C0103,423.0,1.038604225963354,1.0401929311454297,-1357778179459.274,1.1558612827211618,cc8a4128dada,0d66397d18c3,5e1d50a6e395,0,True,0,51.724,4.504652959251314,3.3234251338051273,157.60186713236723,0.010584224534557119,1.6897901579650446e-13,ae73669,2026-10-04T00:18:47+00:00,4.50633743008396,158.09924569200928,True,0.003097946400227839,5.0,3.3234251338051273,0.2054523549961878,5.0,1.9167477051972632e-12,True,True,-6.85815851978319,-2.8464910693060603,-2.4159563724446396,-2.2737697193992004,-2.1953893985494695,-2.1065222597930746,-2.0550821152855034,-2.020437019541503,-1.9950273840525474,-1.9753409555661328,-1.9594944978947324,,10613,92,1.5,False,False,"variant-gamma_m1 (v1.1-frozen + mu_surf_gamma=-1; robustness study v1.3, 423 K only)"
C0104_T423,manual,0,C0104,C0104,423.0,1.0082999911159276,0.8180917575955391,-674845458939.6715,1.064841490238905,f1414b092a8d,0d66397d18c3,5e1d50a6e395,0,True,0,45.498,2.329842792111522,3.2214185602396155,150.73901291203222,0.010910805379822582,1.6897901579650449e-13,ae73669,2026-10-04T00:18:43+00:00,2.3464826122157465,150.77193925160648,True,0.00319634696860443,2.75,3.2214185602396155,0.21284014770939677,5.0,1.0878924883141472e-12,True,True,-2.374052327926107,-2.2515204603045005,-2.181494173358942,-2.13462109484686,-2.100374686814688,-2.052628062384985,-2.0201205174703207,-1.9960795498729065,-1.9773260679224338,-1.9621431908320728,-1.949510369881352,,10847,92,1.5,False,False,"variant-gamma_m1 (v1.1-frozen + mu_surf_gamma=-1; robustness study v1.3, 423 K only)"
C0105_T423,manual,0,C0105,C0105,423.0,0.9207168769091368,1.1378403671085835,-1265570701099.932,0.956320858001709,eaa02b425e89,0d66397d18c3,5e1d50a6e395,0,True,0,50.427,4.542079379959845,3.6522496149842367,160.69043769273205,0.009641806410252739,1.6897901579650443e-13,ae73669,2026-10-04T00:19:10+00:00,4.554137962353451,161.04441956652227,True,0.002602722059614548,5.0,3.6522496149842367,0.18594861067167565,5.0,1.4569442264235001e-12,True,True,-7.005614786495635,-2.9482704511620867,-2.4902232028535245,-2.3386459191566242,-2.2545484058614393,-2.158582662299493,-2.102732159530734,-2.0650143485482397,-2.037314479123003,-2.0158415926002653,-1.9985548624829064,,11432,92,1.5,False,False,"variant-gamma_m1 (v1.1-frozen + mu_surf_gamma=-1; robustness study v1.3, 423 K only)"
C0106_T423,manual,0,C0106,C0106,423.0,0.855956170707941,0.9827564463019371,-911629755981.2664,1.1768785309046508,891ff53c199f,0d66397d18c3,5e1d50a6e395,0,True,0,53.406,3.323159152919372,3.365661774190379,155.81892485022843,0.010450502808621264,1.6897901579650443e-13,ae73669,2026-10-04T00:19:22+00:00,3.338727026450247,156.00886391383384,True,0.0031764691574471056,3.75,3.365661774190379,0.20299330691457085,5.0,1.6183904520236467e-12,True,True,-2.6948412150930414,-2.377540450095475,-2.256604632848417,-2.187588989913345,-2.1414863700167666,-2.0819936210215264,-2.0441183740984776,-2.017272886819411,-1.9969494746397525,-1.9808628136910706,-1.9677144152604575,,11666,92,1.5,False,False,"variant-gamma_m1 (v1.1-frozen + mu_surf_gamma=-1; robustness study v1.3, 423 K only)"
C0107_T423,manual,0,C0107,C0107,423.0,1.1683732502162456,1.0614575304090976,-1024876376613.9746,0.8941893208771944,f5f0dfe4cfbe,0d66397d18c3,5e1d50a6e395,0,True,0,50.384,3.8078256859906943,3.484503754286013,158.5565099152024,0.010100321205665534,1.6897901579650443e-13,ae73669,2026-10-04T00:18:49+00:00,3.8227995449300174,158.80085008160805,True,0.0025551404810933514,4.25,3.484503754286013,0.19544091671826264,5.0,1.173698897669727e-12,True,True,-3.376005036014616,-2.5620455202219357,-2.3711829724718116,-2.272376350385166,-2.2088649098905013,-2.1288880297162738,-2.0787483755176552,-2.0434309275885765,-2.0167608065327016,-1.9956648147688474,-1.9784163304776918,,9911,92,1.5,False,False,"variant-gamma_m1 (v1.1-frozen + mu_surf_gamma=-1; robustness study v1.3, 423 K only)"
C0108_T423,manual,0,C0108,C0108,423.0,1.1106656488031148,0.9264709301292896,-1392018008045.8523,0.8222658880054952,1a2ac5caf743,0d66397d18c3,5e1d50a6e395,0,True,0,46.859,4.321082009636802,3.6126285765017916,154.5829671140291,0.009744620065044927,1.6897901579650446e-13,ae73669,2026-10-04T00:18:31+00:00,4.338130773073164,154.76582624738288,True,0.0025179798810088423,4.75,3.6126285765017916,0.18829371463169767,5.0,1.045775530310598e-12,True,True,-5.718645084818646,-2.782171212942353,-2.45646884540744,-2.324505876581283,-2.246924937085939,-2.1549559928582243,-2.0997647547674907,-2.061759168119167,-2.0334417268305534,-2.0112350890113273,-1.9931845608944885,,10262,92,1.5,False,False,"variant-gamma_m1 (v1.1-frozen + mu_surf_gamma=-1; robustness study v1.3, 423 K only)"
C0109_T423,manual,0,C0109,C0109,423.0,0.8232355993241072,1.0051947608590126,-544518936425.4475,1.1050061747431754,a4b73e58ace2,0d66397d18c3,5e1d50a6e395,0,True,0,46.453,2.5342740824660575,3.4198399609037278,156.59189948465212,0.0102863763775443,1.6897901579650449e-13,ae73669,2026-10-04T00:18:09+00:00,2.544463934608644,156.9404615438153,True,0.0030068431784650487,3.0,3.4198399609037278,0.1996452687096597,5.0,1.4127176718059854e-12,True,True,-2.4377786674041855,-2.295071838679015,-2.217359857230604,-2.1665883861247743,-2.1300726111601986,-2.0799618681689025,-2.0463938982948724,-2.0218734016571,-2.0029376551579423,-1.9877375889299496,-1.975183866437591,,11900,92,1.5,False,False,"variant-gamma_m1 (v1.1-frozen + mu_surf_gamma=-1; robustness study v1.3, 423 K only)"
C0110_T423,manual,0,C0110,C0110,423.0,0.950509274750948,0.874328825622797,-1132712818682.1938,0.934450852498412,adc29099be00,0d66397d18c3,5e1d50a6e395,0,True,0,32.163,3.5646332457465326,3.4885756898041924,152.73904978052633,0.010084816577659576,1.6897901579650449e-13,ae73669,2026-10-04T00:16:51+00:00,3.5805367091631606,152.95392806502028,True,0.002824724488080572,4.0,3.4885756898041924,0.1956159420852275,5.0,2.3263320898944773e-12,True,True,-2.9389490949896833,-2.465529245134399,-2.315686488895315,-2.2338759130951282,-2.1802425468621505,-2.111846398567246,-2.0685793601238633,-2.037948347466567,-2.0147378504808655,-1.996331996314351,-1.981253859242779,,11198,92,1.5,False,False,"variant-gamma_m1 (v1.1-frozen + mu_surf_gamma=-1; robustness study v1.3, 423 K only)"
C0111_T423,manual,0,C0111,C0111,423.0,1.0630794189870358,1.1940546914935113,-807734168134.6298,1.0429218355566263,f7042e02e4d5,0d66397d18c3,5e1d50a6e395,0,True,0,37.83,3.600414963401334,3.3904804824842305,162.169013427219,0.010377687397339852,1.6897901579650443e-13,ae73669,2026-10-04T00:43:39+00:00,3.617288966968002,162.2837184153504,True,0.002728766689533734,4.0,3.3904804824842305,0.20111379167837198,5.0,2.2725372152600912e-12,True,True,-2.997436980970068,-2.4805429225851956,-2.321739260200308,-2.2351491942757358,-2.178326553955019,-2.1058226538367615,-2.0600090809475637,-2.027657052556583,-2.0032178119315587,-1.9838994155118812,-1.9681228416186927,,10613,92,1.5,False,False,"variant-gamma_m1 (v1.1-frozen + mu_surf_gamma=-1; robustness study v1.3, 423 K only)"
C0112_T423,manual,0,C0112,C0112,423.0,1.057936077564955,0.8506323944777251,-1304820289835.3335,0.8513277050107718,a0e1b1637e54,0d66397d18c3,5e1d50a6e395,0,True,0,44.904,3.904904387147322,3.532993233364974,152.09609501031218,0.009959794577782627,1.6897901579650446e-13,ae73669,2026-10-04T00:19:23+00:00,3.9199701875847177,152.46800032966735,True,0.002602599346928619,4.25,3.532993233364974,0.19298766418148128,5.0,1.1101519009626415e-12,True,True,-3.6357145079068593,-2.574633910442863,-2.371608220450917,-2.271268457298938,-2.208160334974783,-2.129970203034479,-2.0815139403015297,-2.0475571982966905,-2.021971778569284,-2.0017496188710284,-1.9852160578296862,,10613,93,1.5,False,False,"variant-gamma_m1 (v1.1-frozen + mu_surf_gamma=-1; robustness study v1.3, 423 K only)"
C0113_T423,manual,0,C0113,C0113,423.0,0.9704689301550388,1.1808868367224932,-629736830480.3967,1.1713728610426188,1756ace54c04,0d66397d18c3,5e1d50a6e395,0,True,0,33.849,3.1472059837741937,3.307237595701531,161.67555640658105,0.010635126855126237,1.689790157965044e-13,ae73669,2026-10-04T00:18:12+00:00,3.1612222084898027,161.95477051326534,True,0.0029034650462815958,3.5,3.307237595701531,0.2065491870744378,5.0,2.0862651067000706e-12,True,True,-2.624434877204464,-2.3652993953954837,-2.2528380031778616,-2.1856286993083054,-2.139595321157214,-2.078956790776092,-2.0397064257290034,-2.0116264222249636,-1.9902457002013283,-1.9732573254930101,-1.9593345821479018,,11081,93,1.5,False,False,"variant-gamma_m1 (v1.1-frozen + mu_surf_gamma=-1; robustness study v1.3, 423 K only)"
C0114_T423,manual,0,C0114,C0114,423.0,0.805592204257846,0.9484705727547408,-1045571238733.828,0.9884148009121418,7f16b38788cb,0d66397d18c3,5e1d50a6e395,0,True,0,41.775,3.5595399704389563,3.5927941474814795,155.00084767086742,0.009796248750317475,1.6897901579650443e-13,ae73669,2026-10-04T00:18:50+00:00,3.574538549592506,155.2924362476934,True,0.0028287481276987794,4.0,3.5927941474814795,0.18955806204189057,5.0,1.30801020267303e-12,True,True,-2.9332461223973176,-2.4661130815862324,-2.3189295841242674,-2.2388507682399372,-2.1865127419255534,-2.1200380485686443,-2.078208302427084,-2.0487368330633555,-2.026502257747094,-2.00894019562586,-1.99460538448323,,12017,92,1.5,False,False,"variant-gamma_m1 (v1.1-frozen + mu_surf_gamma=-1; robustness study v1.3, 423 K only)"
C0115_T423,manual,0,C0115,C0115,423.0,1.1181252505630257,1.0197664368897676,-892888279631.7339,1.0841910526156426,ccf987bbe31a,0d66397d18c3,5e1d50a6e395,0,True,0,55.941,3.380844328561,3.2586864324108435,157.05796963229201,0.010791250065350323,1.689790157965044e-13,ae73669,2026-10-04T00:38:11+00:00,3.3966761180495713,157.27622679078857,True,0.002931165073794972,3.75,3.2586864324108435,0.2098558706344902,5.0,2.049507630007979e-12,True,True,-2.7574367905510697,-2.4041635052671424,-2.2718896987008885,-2.1962972304002677,-2.1456257721964223,-2.0799103841206734,-2.037819225452704,-2.007835794244065,-1.9850397688970702,-1.9669282434507585,-1.952074887019388,,10145,91,1.5,False,False,"variant-gamma_m1 (v1.1-frozen + mu_surf_gamma=-1; robustness study v1.3, 423 K only)"
C0116_T423,manual,0,C0116,C0116,423.0,1.1602086149156094,0.992207445576787,-525655097328.12646,1.0123424004763364,c49c338fc296,0d66397d18c3,5e1d50a6e395,0,True,0,37.116,2.4650805534471543,3.240570025292439,156.3293770347548,0.010849992608096005,1.6897901579650446e-13,ae73669,2026-10-04T00:41:24+00:00,2.470907931968246,156.71928177992515,True,0.002840800565003868,3.0,3.240570025292439,0.21119219911100057,5.0,1.1902089331996167e-12,True,True,-2.4346511294201867,-2.292585267202021,-2.212610014392309,-2.159347557184604,-2.120525836902054,-2.066510247631313,-2.0298129291298364,-2.0027231493493862,-1.9816260547789195,-1.9645705576923373,-1.950397557961703,,10028,93,1.5,False,False,"variant-gamma_m1 (v1.1-frozen + mu_surf_gamma=-1; robustness study v1.3, 423 K only)"
C0117_T423,manual,0,C0117,C0117,423.0,0.8726870127022267,1.0634805630892514,-1412834651768.2075,0.9165165174752474,9adcbdf172cb,0d66397d18c3,5e1d50a6e395,0,True,0,56.223,4.710522913766732,3.7379342542391476,158.56618636470589,0.009422543265318242,1.6897901579650446e-13,ae73669,2026-10-04T00:20:11+00:00,4.717343391263103,159.12610834993035,True,0.0025319006970912967,5.25,3.7379342542391476,0.18153101735351637,5.0,2.0936755123142392e-12,True,True,-8.097968221533467,-3.175244159768585,-2.535306425211869,-2.36354023306746,-2.272710854875891,-2.171877839256835,-2.1142786524085495,-2.0757365172209057,-2.047582430500356,-2.0258318597318112,-2.0083621882501506,,11549,93,1.5,False,False,"variant-gamma_m1 (v1.1-frozen + mu_surf_gamma=-1; robustness study v1.3, 423 K only)"
C0118_T423,manual,0,C0118,C0118,423.0,0.9000522952526808,0.8068463135510684,-762503165751.6957,1.1494769029319287,b48ed3f907d7,0d66397d18c3,5e1d50a6e395,0,True,0,34.024,2.493712419404781,3.242834096112969,150.27436021965835,0.010839210479962164,1.6897901579650449e-13,ae73669,2026-10-04T00:43:24+00:00,2.4947901681497213,150.7151007328121,True,0.003347847096531081,3.0,3.242834096112969,0.21139679700681163,5.0,1.6779734573931135e-12,True,True,-2.3869947542132968,-2.2531980511534617,-2.180404431000558,-2.132908165138686,-2.0987625595816137,-2.0518684914542833,-2.020376594432632,-1.997296480692485,-1.9794101171979086,-1.965002350332982,-1.953063411733168,,11549,92,1.5,False,False,"variant-gamma_m1 (v1.1-frozen + mu_surf_gamma=-1; robustness study v1.3, 423 K only)"
C0119_T423,manual,0,C0119,C0119,423.0,1.0125308867543936,1.1371234994381667,-1172084170393.6458,0.8294828057289124,90e36b741075,0d66397d18c3,5e1d50a6e395,0,True,0,48.41,4.337144747235184,3.745334796502658,160.8699878025337,0.009405062541187685,1.6897901579650443e-13,ae73669,2026-10-04T00:19:36+00:00,4.3550118018834185,161.10310109220538,True,0.0023318693798947097,4.75,3.745334796502658,0.1810509046413491,5.0,2.358758092649467e-12,True,True,-5.7449887591734985,-2.8217682177187893,-2.486559125402526,-2.3506325216253723,-2.270478143546416,-2.175230344576492,-2.11804341921014,-2.078722991151787,-2.0494958685695392,-2.0266383121601312,-2.008110689686411,,10847,92,1.5,False,False,"variant-gamma_m1 (v1.1-frozen + mu_surf_gamma=-1; robustness study v1.3, 423 K only)"
C0120_T423,manual,0,C0120,C0120,423.0,1.0343642048537731,0.9092728260904552,-856815369799.7332,0.9380952771753072,e58b01f935eb,0d66397d18c3,5e1d50a6e395,0,True,0,44.765,3.020920494842129,3.4021729233938784,153.85031823048035,0.010338610693583694,1.6897901579650449e-13,ae73669,2026-10-04T00:19:28+00:00,3.028104504773697,154.25678194125481,True,0.0027925050230787982,3.5,3.4021729233938784,0.20079714551614652,5.0,2.014535354402601e-12,True,True,-2.598275887674748,-2.3720394053019405,-2.2660855577146726,-2.2008941382319747,-2.155477294513344,-2.094673265723245,-2.0546665928345065,-2.0256887595610564,-2.0034001011887725,-1.9855378179779444,-1.9707896161928744,,10730,92,1.5,False,False,"variant-gamma_m1 (v1.1-frozen + mu_surf_gamma=-1; robustness study v1.3, 423 K only)"
C0121_T423,manual,0,C0121,C0121,423.0,0.9467995919287204,1.0348427262157205,-1204690785147.2498,1.0329451207071545,229a291ca046,0d66397d18c3,5e1d50a6e395,0,True,0,54.937,4.1461711580350045,3.4812194770517992,157.57399298180542,0.010108635328012748,1.6897901579650446e-13,ae73669,2026-10-04T00:20:05+00:00,4.161053794288207,157.65662410585446,True,0.0027743787272240614,4.5,3.4812194770517992,0.1957542697879047,5.0,1.3241823003665455e-12,True,True,-4.716047442253944,-2.642949641870949,-2.3844850248945737,-2.2713081800046395,-2.203412089087052,-2.122192109804984,-2.073331153219615,-2.039745404321059,-2.0147999683247004,-1.9953074704740084,-1.979520658911122,,11198,93,1.5,False,False,"variant-gamma_m1 (v1.1-frozen + mu_surf_gamma=-1; robustness study v1.3, 423 K only)"
C0122_T423,manual,0,C0122,C0122,423.0,0.8804580222815276,0.8914899144321681,-621009697206.3184,0.8002800412476063,c448278be3fe,0d66397d18c3,5e1d50a6e395,0,True,0,51.046,2.4393228985756785,3.654993508521928,153.5094847679066,0.009629335338435654,1.689790157965045e-13,ae73669,2026-10-04T00:20:14+00:00,2.450021962567241,153.93204887577704,True,0.0024222764225723444,3.0,3.654993508521928,0.1863729612423026,5.0,1.6462173406849254e-12,True,True,-2.4873436258985087,-2.3472497614960885,-2.267433097680153,-2.2139593540723643,-2.1748354581114007,-2.1201947552338463,-2.0829339314969344,-2.055353924334982,-2.0338310362062426,-2.0164036888683823,-2.001903705774046,,11549,93,1.5,False,False,"variant-gamma_m1 (v1.1-frozen + mu_surf_gamma=-1; robustness study v1.3, 423 K only)"
C0123_T423,manual,0,C0123,C0123,423.0,1.1928932216018435,1.16434532366693,-1444406559690.833,1.120860980451107,8510013ef7e1,0d66397d18c3,5e1d50a6e395,0,True,0,45.728,5.003450296894591,3.3317518018367873,161.24733794829172,0.010561009942272846,1.6897901579650446e-13,ae73669,2026-10-04T00:19:36+00:00,5.004699600351147,161.7123566636518,True,0.002938418952195002,5.5,3.3317518018367873,0.2045926807972081,5.0,1.1537316241261308e-12,True,True,-9.90485619072162,-4.014836404518194,-2.5721259120088633,-2.3468369728822487,-2.2406661335071485,-2.129355829635634,-2.0680583085671707,-2.027765988610214,-1.9986414711039968,-1.9762945485272665,-1.9584300590170587,,9794,92,1.5,False,False,"variant-gamma_m1 (v1.1-frozen + mu_surf_gamma=-1; robustness study v1.3, 423 K only)"
C0124_T423,manual,0,C0124,C0124,423.0,1.1349765859544276,0.8477270748466254,-1077173608355.224,1.199012316390872,488cb503454b,0d66397d18c3,5e1d50a6e395,0,True,0,48.24,3.339435802603832,3.1021025957021426,151.5386055900083,0.011328211763301734,1.6897901579650446e-13,ae73669,2026-10-04T00:19:20+00:00,3.3558502739084304,151.58985552841165,True,0.003434791573094316,3.75,3.1021025957021426,0.22121847755409213,5.0,1.0466427187852439e-12,True,True,-2.6731740569239837,-2.3468966014026758,-2.2245555918210753,-2.1550321453136534,-2.108633522123855,-2.048684129991805,-2.0103749717505885,-1.983095188167438,-1.9623428209568645,-1.9458386411184825,-1.932287809067084,,10145,92,1.5,False,False,"variant-gamma_m1 (v1.1-frozen + mu_surf_gamma=-1; robustness study v1.3, 423 K only)"
C0125_T423,manual,0,C0125,C0125,423.0,0.8475528307259084,1.1205595437437297,-988273341208.6964,0.8783817458897829,660f0e878458,0d66397d18c3,5e1d50a6e395,0,True,0,40.525,3.8664087426306484,3.7654871580287894,160.31449881575332,0.009353934988831861,1.689790157965045e-13,ae73669,2026-10-04T00:18:50+00:00,3.884079003269262,160.377676259138,True,0.0024154928980575684,4.25,3.7654871580287894,0.18017600298714012,5.0,1.572413958670769e-12,True,True,-3.53656480131385,-2.5991180581582785,-2.4010746127797304,-2.3010351183582918,-2.2375109115221776,-2.158380727200435,-2.1092960009138917,-2.0749926630493087,-2.049253816097822,-2.0290056528249596,-2.0125299690487912,,11783,92,1.5,False,False,"variant-gamma_m1 (v1.1-frozen + mu_surf_gamma=-1; robustness study v1.3, 423 K only)"
C0126_T423,manual,0,C0126,C0126,423.0,0.9763829570263624,0.9529872234910728,-1337457366287.7085,1.0610491745173931,9f125943d822,0d66397d18c3,5e1d50a6e395,0,True,0,33.778,4.242306956043648,3.4100650599560662,155.05008097267103,0.010316511607234251,1.6897901579650446e-13,ae73669,2026-10-04T00:17:25+00:00,4.243649955259615,155.5654642071358,True,0.0029810323212550887,4.75,3.4100650599560662,0.2001395596398312,5.0,1.3392800401590807e-12,True,True,-5.278254277348407,-2.67016152212994,-2.381750656919202,-2.2633576308223162,-2.1939555409865776,-2.112213777304833,-2.0635755321324476,-2.030318578643459,-2.0056859868284977,-1.9864671288557978,-1.9709146238811683,,11081,92,1.5,False,False,"variant-gamma_m1 (v1.1-frozen + mu_surf_gamma=-1; robustness study v1.3, 423 K only)"
C0127_T423,manual,0,C0127,C0127,423.0,1.088959014043212,1.078580055013299,-724079496227.2048,0.9662503898143768,030754e95b49,0d66397d18c3,5e1d50a6e395,0,True,0,36.987,3.144419884707931,3.397523430133175,158.95890079179887,0.010354995866939562,1.6897901579650443e-13,ae73669,2026-10-04T00:44:16+00:00,3.159767644690265,159.13953517875257,True,0.0026177719808250675,3.5,3.397523430133175,0.2008268322699702,5.0,2.075710906961325e-12,True,True,-2.6647529762796105,-2.402122443037138,-2.2851950048864884,-2.214387370535999,-2.1654478354285938,-2.100365699516565,-2.057813729999827,-2.027135587235978,-2.0036284635814945,-1.9848500701134257,-1.9693883332812994,,10379,93,1.5,False,False,"variant-gamma_m1 (v1.1-frozen + mu_surf_gamma=-1; robustness study v1.3, 423 K only)"
C0128_T423,manual,0,C0128,C0128,423.0,1.089798828586936,0.8682020150125027,-1078854058869.1832,1.0848192799836398,834dce3e0f0c,0d66397d18c3,5e1d50a6e395,0,True,0,45.53,3.4096856280327916,3.2297366888045786,152.33260032264516,0.010884944733902713,1.6897901579650446e-13,ae73669,2026-10-04T00:20:09+00:00,3.423018128178169,152.77575544522227,True,0.003058201126210888,3.75,3.2297366888045786,0.21205423789815486,5.0,2.9305837426392485e-12,True,True,-2.7541826497977056,-2.389450710202371,-2.2580956912496886,-2.1841294456507296,-2.134952020386418,-2.0715763949655446,-2.0311550741574096,-2.0024026335271428,-1.9805462709952095,-1.963173771659361,-1.9489162336798127,,10379,93,1.5,False,False,"variant-gamma_m1 (v1.1-frozen + mu_surf_gamma=-1; robustness study v1.3, 423 K only)"
C0129_T423,manual,0,C0129,C0129,423.0,0.977278084680438,1.187535583972931,-980729734525.0844,0.9925596069544552,9c24c6817dd5,0d66397d18c3,5e1d50a6e395,0,True,0,35.69,3.9916196461317908,3.5328657337761413,162.0649053639013,0.0099639166040727,1.689790157965045e-13,ae73669,2026-10-04T00:18:48+00:00,3.993108061086191,162.51228109766225,True,0.0026326076415607476,4.5,3.5328657337761413,0.19258247880151125,5.0,2.827756378909063e-12,True,True,-3.965631593957858,-2.6094645588898056,-2.386258870277155,-2.27956527484809,-2.2132946880304902,-2.132027784354858,-2.0822209796274143,-2.0476493718676663,-2.0218236714671276,-2.001569916075576,-1.9851269870843378,,11081,92,1.5,False,False,"variant-gamma_m1 (v1.1-frozen + mu_surf_gamma=-1; robustness study v1.3, 423 K only)"
C0130_T423,manual,0,C0130,C0130,423.0,0.8499551512300969,0.9324508778750896,-1318572686985.135,1.1719035148620605,7b79f994094d,0d66397d18c3,5e1d50a6e395,0,True,0,43.664,4.135603295172742,3.407954014578649,154.26666321194193,0.010322152296976292,1.6897901579650456e-13,ae73669,2026-10-04T00:19:34+00:00,4.150800386907546,154.32041775538164,True,0.0031589762930265795,4.5,3.407954014578649,0.20034809992461008,5.0,1.0563866604613819e-12,True,True,-4.683926839428018,-2.590531236318748,-2.3432285673776456,-2.237269178451965,-2.174525174252371,-2.1003305302212465,-2.0561446751429844,-2.025957162727532,-2.0036270644763645,-1.986229737472183,-1.9721719643000104,,11783,93,1.5,False,False,"variant-gamma_m1 (v1.1-frozen + mu_surf_gamma=-1; robustness study v1.3, 423 K only)"
C0131_T423,manual,0,C0131,C0131,423.0,1.1374342195689675,1.011566999554634,-744921193458.1399,0.8553745560348034,36a0551f38ae,0d66397d18c3,5e1d50a6e395,0,True,0,50.888,3.0384357761502616,3.4814717541813307,157.12487541068975,0.010107350415818851,1.6897901579650443e-13,ae73669,2026-10-04T00:39:02+00:00,3.050179692739065,157.56229536251476,True,0.0025108575992435172,3.5,3.4814717541813307,0.19579950832509846,5.0,1.1892102651114672e-12,True,True,-2.646309829958583,-2.410137294750035,-2.2981491847519795,-2.228634153469088,-2.179898404274743,-2.114247451053708,-2.0708101735611697,-2.039238928229678,-2.0148998613328377,-1.995362677307191,-1.9792118668528549,,10145,92,1.5,False,False,"variant-gamma_m1 (v1.1-frozen + mu_surf_gamma=-1; robustness study v1.3, 423 K only)"
C0132_T423,manual,0,C0132,C0132,423.0,1.1920168098062276,0.976189798116684,-862154088914.3944,0.8272911135107279,a23a6efc1d86,0d66397d18c3,5e1d50a6e395,0,True,0,36.381,3.2228317763763075,3.493784283857736,156.09913680937936,0.010072209041070888,1.6897901579650449e-13,ae73669,2026-10-04T00:42:01+00:00,3.2277867267113645,156.6722913657995,True,0.0024576597182540674,3.75,3.493784283857736,0.1950659064210757,5.0,2.4259951131264225e-12,True,True,-2.7325747430363907,-2.44289045768251,-2.3173981732083075,-2.241901155422344,-2.1898183523730275,-2.12054040472137,-2.0751451820977023,-2.042320174439731,-2.0170903237877793,-1.9968752693535814,-1.9801833188393938,,9794,93,1.5,False,False,"variant-gamma_m1 (v1.1-frozen + mu_surf_gamma=-1; robustness study v1.3, 423 K only)"
C0133_T423,manual,0,C0133,C0133,423.0,0.8795507114380599,1.055279841274023,-1201308987103.4026,1.1437705393880606,5a61d6a9d95d,0d66397d18c3,5e1d50a6e395,0,True,0,57.803,4.1797408240902945,3.4429489644137368,158.04860495411245,0.010219875072926831,1.689790157965045e-13,ae73669,2026-10-04T00:21:09+00:00,4.1903463255542235,158.40702892999025,True,0.002959652936370608,4.75,3.4429489644137368,0.19803867279166967,5.0,3.003972098986958e-12,True,True,-4.906881529351511,-2.6338609596531377,-2.368475840480813,-2.2561595285465255,-2.1897506148291934,-2.1112226384590502,-2.064458583484892,-2.032526762564451,-2.0089254744951925,-1.990554412955721,-1.9757232819984298,,11549,93,1.5,False,False,"variant-gamma_m1 (v1.1-frozen + mu_surf_gamma=-1; robustness study v1.3, 423 K only)"
C0134_T423,manual,0,C0134,C0134,423.0,0.9443606741726398,0.8244146436452866,-597963097505.2715,0.9144227549433708,2e003cf36eda,0d66397d18c3,5e1d50a6e395,0,True,0,33.534,2.182879992999709,3.408714000884498,151.17088248628784,0.010316670853436185,1.6897901579650446e-13,ae73669,2026-10-04T00:43:58+00:00,2.193996097224957,151.7595621233211,True,0.002766091850458989,2.75,3.408714000884498,0.20064156193476154,5.0,1.5312155193816235e-12,True,True,-2.392238789938659,-2.2778410478485247,-2.209825703350001,-2.163324070966799,-2.1288883137235493,-2.080274241489535,-2.04680561982308,-2.021878127931176,-2.0023375686743745,-1.9864604251156552,-1.9732134176528264,,11198,93,1.5,False,False,"variant-gamma_m1 (v1.1-frozen + mu_surf_gamma=-1; robustness study v1.3, 423 K only)"
C0135_T423,manual,0,C0135,C0135,423.0,1.031894388049841,1.143774300068617,-1461589876562.357,1.0067335851490498,1a5c99bf889b,0d66397d18c3,5e1d50a6e395,0,True,0,47.744,5.005797658859332,3.5453960873061434,160.8086621033975,0.009930356142466974,1.6897901579650446e-13,ae73669,2026-10-04T00:20:24+00:00,5.0079219631525005,161.29372194150625,True,0.0027073564843793467,5.5,3.5453960873061434,0.19172928994796817,5.0,2.758262990595694e-12,True,True,-9.921291894164161,-4.0245693694319336,-2.604638476585939,-2.3785773278791384,-2.2713723037623295,-2.1585881157779148,-2.096338796527392,-2.0553811256314285,-2.0257633306021026,-2.0030351756803904,-1.9848669241057049,,10730,92,1.5,False,False,"variant-gamma_m1 (v1.1-frozen + mu_surf_gamma=-1; robustness study v1.3, 423 K only)"
C0136_T423,manual,0,C0136,C0136,423.0,1.0149576153606177,0.9221613362431528,-505847261287.272,1.1233446646481753,4947a89498ca,0d66397d18c3,5e1d50a6e395,0,True,0,46.304,2.2260749897677985,3.198434829683058,154.01522317774007,0.010989938340810879,1.6897901579650443e-13,ae73669,2026-10-04T00:20:15+00:00,2.229958824368454,154.5762880471579,True,0.0031365732666809613,2.75,3.198434829683058,0.21427993239326176,5.0,9.600271966281326e-13,True,True,-2.359050690875733,-2.2435757767083633,-2.175950963309603,-2.1301209334248514,-2.0963928631976314,-2.049094992279349,-2.016763875452598,-1.9928168950966167,-1.9741300988821298,-1.9590047441843996,-1.946426527522443,,10847,92,1.5,False,False,"variant-gamma_m1 (v1.1-frozen + mu_surf_gamma=-1; robustness study v1.3, 423 K only)"
C0137_T423,manual,0,C0137,C0137,423.0,0.9025343369692564,1.046173346787691,-1430693255737.4238,0.8054990541189909,08059280d630,0d66397d18c3,5e1d50a6e395,0,True,0,55.302,4.721670104920125,3.874698345843002,158.24599055915456,0.009093613240201224,1.6897901579650449e-13,ae73669,2026-10-04T00:21:01+00:00,4.726891809744911,158.8967941782309,True,0.0023166513654938655,5.25,3.874698345843002,0.17478064796210277,5.0,1.253408767367637e-12,True,True,-8.154867507036915,-3.2200491807681635,-2.5725046783696324,-2.3957401321361402,-2.3014561214151494,-2.195970803312289,-2.1352595354406256,-2.0944227236890662,-2.064474076409686,-2.041263520684934,-2.0225719036331524,,11549,93,1.5,False,False,"variant-gamma_m1 (v1.1-frozen + mu_surf_gamma=-1; robustness study v1.3, 423 K only)"
C0138_T423,manual,0,C0138,C0138,423.0,0.8735512472689152,0.8770270928740502,-768997764214.8733,1.035526567697525,6e4c8611429f,0d66397d18c3,5e1d50a6e395,0,True,0,52.755,2.719571548510403,3.3985178679641295,152.6822839375599,0.010348557504786636,1.6897901579650454e-13,ae73669,2026-10-04T00:21:07+00:00,2.724634883560681,153.26010895642662,True,0.002980742997567473,3.25,3.3985178679641295,0.20114044544548418,5.0,2.2453098883666177e-12,True,True,-2.477133153399496,-2.3116694935992936,-2.226303361513452,-2.1718587188276053,-2.1332217850907824,-2.0807536661834845,-2.045864025613937,-2.02045570457664,-2.0008545256852175,-1.985120182706703,-1.9721178624137106,,11549,93,1.5,False,False,"variant-gamma_m1 (v1.1-frozen + mu_surf_gamma=-1; robustness study v1.3, 423 K only)"
C0139_T423,manual,0,C0139,C0139,423.0,1.1611281625926495,1.1545897759497166,-1171445165760.8152,0.9434116713702678,5a2dec7046e1,0d66397d18c3,5e1d50a6e395,0,True,0,47.542,4.363748006854234,3.4945801277372657,161.17742754821472,0.010073166416500157,1.6897901579650446e-13,ae73669,2026-10-04T00:20:23+00:00,4.381026594112081,161.2236357765826,True,0.0025534412151051156,4.75,3.4945801277372657,0.19466862145015112,5.0,1.9593308891891654e-12,True,True,-5.9183262163589045,-2.8021914872250173,-2.4529660480151088,-2.3160673569531136,-2.2362726571038105,-2.1422141802352694,-2.08609035679378,-2.0476334919636665,-2.0191097118318244,-1.9968339911091297,-1.9787955295499924,,10028,92,1.5,False,False,"variant-gamma_m1 (v1.1-frozen + mu_surf_gamma=-1; robustness study v1.3, 423 K only)"
C0140_T423,manual,0,C0140,C0140,423.0,1.1157107528299093,0.8332653470337391,-1288678292185.068,0.9653282169252634,590caa5e0e79,0d66397d18c3,5e1d50a6e395,0,True,0,48.68,3.806407151972986,3.342641129746307,151.38678692275687,0.010520860061659094,1.6897901579650438e-13,ae73669,2026-10-04T00:20:09+00:00,3.8211642358219873,151.66984764058233,True,0.0029729737473107682,4.25,3.342641129746307,0.20455591424676925,5.0,2.546350686290729e-12,True,True,-3.331852014801742,-2.505071897420355,-2.322361557892975,-2.2298861158990833,-2.171245655775171,-2.0982309250430684,-2.0528370324589336,-2.020977452758394,-1.9969505222590223,-1.9779487559270588,-1.9624062572644045,,10262,92,1.5,False,False,"variant-gamma_m1 (v1.1-frozen + mu_surf_gamma=-1; robustness study v1.3, 423 K only)"
C0141_T423,manual,0,C0141,C0141,423.0,0.8031468074768782,1.1108021393418313,-651734295301.1394,1.057393580302596,244afea5bddf,0d66397d18c3,5e1d50a6e395,0,True,0,40.306,3.0453833852175096,3.5442473315502143,159.78415235060706,0.009930537985100959,1.6897901579650443e-13,ae73669,2026-10-04T00:19:31+00:00,3.0577863217750547,160.15178667960717,True,0.0028116384643782615,3.5,3.5442473315502143,0.19212424466567035,5.0,1.6850112721184075e-12,True,True,-2.6073633985120908,-2.378167824991271,-2.273093820497955,-2.2091183095246203,-2.164885986042421,-2.106193792326705,-2.0679891590259496,-2.0405739471420756,-2.0196617093123588,-2.003027223042205,-1.9893854013743764,,12017,92,1.5,False,False,"variant-gamma_m1 (v1.1-frozen + mu_surf_gamma=-1; robustness study v1.3, 423 K only)"
C0142_T423,manual,0,C0142,C0142,423.0,0.9696169264614584,0.965873870998621,-1047926864586.7704,0.8773622140288353,c59db72060fe,0d66397d18c3,5e1d50a6e395,0,True,0,32.971,3.621494215564603,3.5864074760677704,155.69766202201308,0.00981398291981634,1.6897901579650446e-13,ae73669,2026-10-04T00:17:58+00:00,3.639090256387022,155.566295959778,True,0.0025588904325194754,4.0,3.5864074760677704,0.18985699427739766,5.0,1.673512342309211e-12,True,True,-3.0386323707642093,-2.5098615713400614,-2.34920093427963,-2.261853202707466,-2.204603797534509,-2.1315574942987947,-2.0853268855354354,-2.0525983137996566,-2.027806066506317,-2.0081547021973662,-1.9920642679782334,,11081,91,1.5,False,False,"variant-gamma_m1 (v1.1-frozen + mu_surf_gamma=-1; robustness study v1.3, 423 K only)"
C0143_T423,manual,0,C0143,C0143,423.0,1.0570531748235226,1.089911775290966,-888583324849.6056,1.195258981734514,b94279520f9d,0d66397d18c3,5e1d50a6e395,0,True,0,37.597,3.5342193688670487,3.229326455662932,159.03783280932038,0.010888901083225338,1.6897901579650446e-13,ae73669,2026-10-04T00:44:54+00:00,3.5440816945927835,159.35635389505887,True,0.003139967819944043,4.0,3.229326455662932,0.21180130667273517,5.0,2.370612880220454e-12,True,True,-2.8739788441637346,-2.4180884061544647,-2.2725270871562255,-2.192940065616963,-2.1407663325140387,-2.0743319521311148,-2.032448987312041,-2.002915342023404,-1.9806252963477646,-1.9630159473859057,-1.948640634087901,,10613,92,1.5,False,False,"variant-gamma_m1 (v1.1-frozen + mu_surf_gamma=-1; robustness study v1.3, 423 K only)"
C0144_T423,manual,0,C0144,C0144,423.0,1.065290980786085,0.9591633331030608,-1389483158476.6506,0.9114680513739586,f3a5fc519ddf,0d66397d18c3,5e1d50a6e395,0,True,0,47.073,4.39278541728152,3.531411951170787,155.4403041500545,0.009966503239489,1.689790157965045e-13,ae73669,2026-10-04T00:20:56+00:00,4.408679635254464,155.66815802161372,True,0.0026211309895639557,4.75,3.531411951170787,0.19282795064192385,5.0,1.304512053934559e-12,True,True,-6.161991081844148,-2.8062649675510416,-2.447165039891799,-2.3110398813977002,-2.232759458587907,-2.141393332314215,-2.0872544541392983,-2.05026468776897,-2.0228576825178197,-2.0014571877433966,-1.9841221817320127,,10613,93,1.5,False,False,"variant-gamma_m1 (v1.1-frozen + mu_surf_gamma=-1; robustness study v1.3, 423 K only)"
C0145_T423,manual,0,C0145,C0145,423.0,0.9527639426290988,1.0851482708007096,-549010640010.2377,1.015837521106005,4ad8ba40f9eb,0d66397d18c3,5e1d50a6e395,0,True,0,32.122,2.7495377548786433,3.415953422865095,159.08952900968453,0.010298877043461248,1.6897901579650446e-13,ae73669,2026-10-04T00:19:20+00:00,2.749614787784539,159.54938496173705,True,0.0027599669167707452,3.25,3.415953422865095,0.19977843288824462,5.0,2.143105251763789e-12,True,True,-2.5165503880447493,-2.3402625360729905,-2.248746347678487,-2.1900550021460417,-2.1482415240054533,-2.09127150409064,-2.0533080717538255,-2.0256491860766275,-2.004319525232569,-1.98721012679148,-1.9730838510631135,,11198,90,1.5,False,False,"variant-gamma_m1 (v1.1-frozen + mu_surf_gamma=-1; robustness study v1.3, 423 K only)"
C0146_T423,manual,0,C0146,C0146,423.0,0.8238846551626922,0.8417947214096785,-1148789780214.429,0.8485994938760997,52849ce17448,0d66397d18c3,5e1d50a6e395,0,True,0,40.797,3.5178246543989835,3.692192484261418,151.8438154041021,0.009533454906498137,1.6897901579650449e-13,ae73669,2026-10-04T00:20:15+00:00,3.5242748802239308,152.26920975352164,True,0.002644914520643367,4.0,3.692192484261418,0.18439248166686242,5.0,1.4967003331145534e-12,True,True,-2.910965603747716,-2.480353380203073,-2.3358908112650894,-2.255921858695948,-2.20316553236764,-2.135569303991843,-2.0926483794963477,-2.0621969092169965,-2.0390903805110723,-2.0207496833160072,-2.0057151058167997,,11900,92,1.5,False,False,"variant-gamma_m1 (v1.1-frozen + mu_surf_gamma=-1; robustness study v1.3, 423 K only)"
C0147_T423,manual,0,C0147,C0147,423.0,1.1113578107208013,1.1142350900918243,-785793975926.9357,1.128800767287612,9aca98eb2c5f,0d66397d18c3,5e1d50a6e395,0,True,0,46.873,3.3585753722019542,3.244997459097416,159.83331258781098,0.010837179936550131,1.689790157965044e-13,ae73669,2026-10-04T00:39:49+00:00,3.3750428885758934,159.8710916056092,True,0.0029570453242594914,3.75,3.244997459097416,0.21069108302591175,5.0,9.433122685753581e-13,True,True,-2.743037907098639,-2.3997064183778196,-2.268963138925169,-2.193849898514517,-2.143371429736393,-2.0778021321120264,-2.035781221125333,-2.005859344285761,-1.9831276027472489,-1.9650837157065286,-1.9503000036322504,,10262,92,1.5,False,False,"variant-gamma_m1 (v1.1-frozen + mu_surf_gamma=-1; robustness study v1.3, 423 K only)"
C0148_T423,manual,0,C0148,C0148,423.0,1.1661494575440885,0.8980074424296618,-668652407824.9932,1.150642555952072,a0a13de4b104,0d66397d18c3,5e1d50a6e395,0,True,0,37.689,2.536018683366315,3.0940347171343854,153.2129943439688,0.01135765826727093,1.6897901579650443e-13,ae73669,2026-10-04T00:42:39+00:00,2.546552751808621,153.4975231705791,True,0.0032820314062756996,3.0,3.0940347171343854,0.22180032243964082,5.0,2.2225508803470467e-12,True,True,-2.401730198450304,-2.2576507065086497,-2.1791593389720063,-2.1277900651455752,-2.090758083121303,-2.0397416611939767,-2.005372359100373,-1.9801255317376842,-1.9605245272068472,-1.9447112026424558,-1.9315893669659339,,10028,92,1.5,False,False,"variant-gamma_m1 (v1.1-frozen + mu_surf_gamma=-1; robustness study v1.3, 423 K only)"
C0149_T423,manual,0,C0149,C0149,423.0,0.8536648578941822,1.170473701879382,-1265900663100.183,0.8704924575984478,c510f7a90b43,0d66397d18c3,5e1d50a6e395,0,True,0,55.684,4.627054082498797,3.8514554239878382,161.74017780709127,0.009148913831763769,1.6897901579650454e-13,ae73669,2026-10-04T00:22:05+00:00,4.644225867489295,161.63355472624264,True,0.0023534829554157292,5.0,3.8514554239878382,0.17578156739619036,5.0,1.6289233034753462e-12,True,True,-7.492338184798282,-3.075587698859907,-2.542205346781144,-2.378650649736006,-2.2892979834052567,-2.188111218541372,-2.129498389900646,-2.0900082158812165,-2.0610514951824577,-2.038630462750126,-2.0205975978865727,,11783,91,1.5,False,False,"variant-gamma_m1 (v1.1-frozen + mu_surf_gamma=-1; robustness study v1.3, 423 K only)"
C0150_T423,manual,0,C0150,C0150,423.0,0.920055590197444,0.90290216691792,-931868585757.9113,1.0877266097813845,ada46d586ac3,0d66397d18c3,5e1d50a6e395,0,True,0,37.884,3.1648302819442113,3.3454179145326326,153.42099049062242,0.010511933776635502,1.689790157965044e-13,ae73669,2026-10-04T00:44:36+00:00,3.1775652998492374,153.7061171188484,True,0.002995609008770407,3.75,3.3454179145326326,0.20440519027115694,5.0,2.7980617043831776e-12,True,True,-2.6176629883874103,-2.3586827013030036,-2.2483757086979996,-2.183059752849193,-2.138557737330102,-2.080147539133605,-2.0423915862530584,-2.015357958848473,-1.994737201062719,-1.9783173837557906,-1.9648303569004673,,11432,93,1.5,False,False,"variant-gamma_m1 (v1.1-frozen + mu_surf_gamma=-1; robustness study v1.3, 423 K only)"
C0151_T423,manual,0,C0151,C0151,423.0,1.0075711842626334,1.0288612108677626,-1006594512611.6276,0.9833075892180204,3efb0cf31193,0d66397d18c3,5e1d50a6e395,0,True,0,49.879,3.67613585310043,3.4539199012434842,157.45093108987695,0.010187346793784281,1.6897901579650446e-13,ae73669,2026-10-04T00:21:14+00:00,3.6878518921537715,158.03381417253271,True,0.0026886064339112113,4.25,3.4539199012434842,0.19741714779681413,5.0,1.8849860698186725e-12,True,True,-3.0979356112209477,-2.498483224615906,-2.3319948375078274,-2.2433942939076643,-2.1859230007511847,-2.1132191187663514,-2.0675548591295794,-2.0353915399412803,-2.0111198906864063,-1.9919389095024598,-1.976272303656554,,10847,93,1.5,False,False,"variant-gamma_m1 (v1.1-frozen + mu_surf_gamma=-1; robustness study v1.3, 423 K only)"
C0152_T423,manual,0,C0152,C0152,423.0,1.0392777018249035,0.8005221370607615,-964444653131.0676,0.8998957797884941,c13ed3735a34,0d66397d18c3,5e1d50a6e395,0,True,0,44.624,2.9637091640546904,3.3938639639146837,150.41667537518876,0.010361858519742728,1.689790157965045e-13,ae73669,2026-10-04T00:21:00+00:00,2.9700236332031187,151.08431428933687,True,0.002816297884385024,3.5,3.3938639639146837,0.2015120968011648,5.0,2.2927189901748094e-12,True,True,-2.5684029284186067,-2.356883891832542,-2.2558831241032693,-2.1933425113093064,-2.1496181171459794,-2.090868450597839,-2.0520525695967433,-2.0238356075907453,-2.0020621676541652,-1.9845623418418437,-1.970075903250093,,10613,93,1.5,False,False,"variant-gamma_m1 (v1.1-frozen + mu_surf_gamma=-1; robustness study v1.3, 423 K only)"
C0153_T423,manual,0,C0153,C0153,423.0,0.9268485106527804,1.1311916198581458,-1100998239591.7178,1.1790699370205402,fb9df686218e,0d66397d18c3,5e1d50a6e395,0,True,0,48.679,4.125731130259344,3.3864848010318185,160.2581087681505,0.010389241004053008,1.6897901579650443e-13,ae73669,2026-10-04T00:21:50+00:00,4.141327949285962,160.31952910323156,True,0.0029920852917776283,4.5,3.3864848010318185,0.2014275496376217,5.0,1.878953396118835e-12,True,True,-4.607599844772515,-2.6085215378535445,-2.3578003348186307,-2.2482372756353786,-2.182682698096862,-2.104528516715455,-2.057710657693045,-2.0256477883063893,-2.001910814884107,-1.9834161790830447,-1.9684762651858982,,11315,91,1.5,False,False,"variant-gamma_m1 (v1.1-frozen + mu_surf_gamma=-1; robustness study v1.3, 423 K only)"
C0154_T423,manual,0,C0154,C0154,423.0,0.8994340669363737,0.9987761411815882,-700315779075.0265,0.961929577961564,9247f4e4fbb0,0d66397d18c3,5e1d50a6e395,0,True,0,52.356,2.8916774941397105,3.501906167853282,156.57134476307016,0.01004779643215095,1.689790157965045e-13,ae73669,2026-10-04T00:21:59+00:00,2.907371436866503,156.7310764224966,True,0.0026712232317728894,3.25,3.501906167853282,0.19472689771278534,5.0,9.497566578683947e-13,True,True,-2.56371520033639,-2.364922542532505,-2.2668058288180495,-2.205223031773752,-2.1618800423184834,-2.103420888013535,-2.064778320952556,-2.0367494173705647,-2.015191981777451,-1.9979291723020527,-1.9836922385857327,,11549,93,1.5,False,False,"variant-gamma_m1 (v1.1-frozen + mu_surf_gamma=-1; robustness study v1.3, 423 K only)"
C0155_T423,manual,0,C0155,C0155,423.0,1.1870046880096197,1.0696569677442311,-1361224655993.2827,1.0669355388730764,ddf9f684b4f9,0d66397d18c3,5e1d50a6e395,0,True,0,46.586,4.5918971178324215,3.333094368334422,158.54654588844107,0.010555249489177007,1.6897901579650443e-13,ae73669,2026-10-04T00:21:10+00:00,4.608685214946066,158.67160717623352,True,0.0028994085596814527,5.0,3.333094368334422,0.2046742642918847,5.0,1.274264033990367e-12,True,True,-7.37404556821465,-2.965522150489135,-2.4563125630459206,-2.299904392452675,-2.2147316842784566,-2.1185562651327876,-2.062925274148459,-2.025426316317237,-1.9978912203509402,-1.9765314970325607,-1.9593168446608462,,9794,92,1.5,False,False,"variant-gamma_m1 (v1.1-frozen + mu_surf_gamma=-1; robustness study v1.3, 423 K only)"
C0156_T423,manual,0,C0156,C0156,423.0,1.1417963348329068,0.9424885775893926,-1244083318859.3389,1.0387773156166076,20590699e235,0d66397d18c3,5e1d50a6e395,0,True,0,48.093,3.999804382229772,3.305542441006225,154.74385896941612,0.010639739638472088,1.6897901579650446e-13,ae73669,2026-10-04T00:20:58+00:00,3.999836626496366,155.2684749203419,True,0.002974094834155134,4.5,3.305542441006225,0.20674630590764853,5.0,2.645584142370328e-12,True,True,-3.9991353947368933,-2.5649750097515827,-2.3439277044003157,-2.2400533809677308,-2.1760823548567036,-2.098092912047454,-2.0504267983572477,-2.0173245478773647,-1.9925488163414937,-1.9730689993866806,-1.957210403252051,,10145,90,1.5,False,False,"variant-gamma_m1 (v1.1-frozen + mu_surf_gamma=-1; robustness study v1.3, 423 K only)"
C0157_T423,manual,0,C0157,C0157,423.0,0.8292142696678639,1.013395482674241,-817426892928.7792,0.9338225297629832,48fa1c755aa2,0d66397d18c3,5e1d50a6e395,0,True,0,44.228,3.2031798324022125,3.6279352755083414,157.06396478023532,0.009702805390162961,1.6897901579650446e-13,ae73669,2026-10-04T00:20:15+00:00,3.211142378546042,157.44139575869863,True,0.0025967926322414694,3.75,3.6279352755083414,0.18757666878417611,5.0,1.2337856430955085e-12,True,True,-2.6984844057546593,-2.4226153904597143,-2.304741569664175,-2.2345982275887493,-2.186632519544056,-2.1234755976557995,-2.0825622820401675,-2.05324971673626,-2.030894127616082,-2.013102679206307,-1.9984998395608304,,11900,93,1.5,False,False,"variant-gamma_m1 (v1.1-frozen + mu_surf_gamma=-1; robustness study v1.3, 423 K only)"
C0158_T423,manual,0,C0158,C0158,423.0,0.9941401582211256,0.8567604955285788,-1483856431208.551,1.100959037616849,1291a496754d,0d66397d18c3,5e1d50a6e395,0,True,0,31.094,4.315657266301982,3.329888187435603,151.94436864913342,0.01056104558402977,1.6897901579650446e-13,ae73669,2026-10-04T00:18:29+00:00,4.3309941205467934,152.05974506920617,True,0.003214594466942133,4.75,3.329888187435603,0.2053436523365243,5.0,2.3212222788398857e-12,True,True,-5.757115941095668,-2.6850357107817246,-2.370115505786087,-2.2487968731052312,-2.179264248988056,-2.0985998883984633,-2.051105851049193,-2.018787196157987,-1.9949054645303586,-1.9762930828537824,-1.9612381586820262,,10964,92,1.5,False,False,"variant-gamma_m1 (v1.1-frozen + mu_surf_gamma=-1; robustness study v1.3, 423 K only)"
C0159_T423,manual,0,C0159,C0159,423.0,1.0815579053014517,1.1874038908630609,-581556253135.2043,0.8217353295534849,945eecc35628,0d66397d18c3,5e1d50a6e395,0,True,0,37.157,3.083549012707639,3.6218570585727132,162.27554727866377,0.009721215376105975,1.689790157965045e-13,ae73669,2026-10-04T00:45:31+00:00,3.101215863234383,162.52272740482854,True,0.002286251173430201,3.5,3.6218570585727132,0.18765594740317468,5.0,2.99499827354824e-12,True,True,-2.6997534050187095,-2.449045182419477,-2.331085796016594,-2.2578899730863267,-2.2065481011491634,-2.137358887944768,-2.0915943750956076,-2.0583653582359385,-2.032783319244052,-2.0122794348536273,-1.9953556180742482,,10496,92,1.5,False,False,"variant-gamma_m1 (v1.1-frozen + mu_surf_gamma=-1; robustness study v1.3, 423 K only)"
C0160_T423,manual,0,C0160,C0160,423.0,1.0791822891682386,0.9303420521318913,-758827797137.2008,0.9774698253721,9e59ebc59583,0d66397d18c3,5e1d50a6e395,0,True,0,44.916,2.8469703312196386,3.3268924228598924,154.4249969112519,0.010570487244642915,1.6897901579650454e-13,ae73669,2026-10-04T00:21:42+00:00,2.8644793288502313,154.59215458854143,True,0.002847627061440328,3.25,3.3268924228598924,0.20553148291773787,5.0,1.4825955468956118e-12,True,True,-2.531044391454007,-2.3396564248991947,-2.2436726293032523,-2.182994853285793,-2.1400890612387675,-2.0819333347419513,-2.04328132020943,-2.015119862160267,-1.9933765186057086,-1.9759049935078365,-1.961451333444602,,10496,92,1.5,False,False,"variant-gamma_m1 (v1.1-frozen + mu_surf_gamma=-1; robustness study v1.3, 423 K only)"
C0161_T423,manual,0,C0161,C0161,423.0,0.9916055675595998,1.001226012408733,-1177678398787.975,1.0951208774000407,ab9cd96594ea,0d66397d18c3,5e1d50a6e395,0,True,0,36.756,3.993739523828057,3.3652251588255333,156.49748816951447,0.010452916805644212,1.6897901579650446e-13,ae73669,2026-10-04T00:19:57+00:00,3.9948348721128464,157.02493428108943,True,0.003002096494110623,4.5,3.3652251588255333,0.20290061386589825,5.0,2.0954754060329966e-12,True,True,-3.973029459317774,-2.55943352401268,-2.341866424775093,-2.2400092594031316,-2.1774675025554107,-2.101496886804973,-2.055273538712559,-2.023299764299072,-1.9994527623322078,-1.9807625061231795,-1.965590439195449,,10964,92,1.5,False,False,"variant-gamma_m1 (v1.1-frozen + mu_surf_gamma=-1; robustness study v1.3, 423 K only)"
C0162_T423,manual,0,C0162,C0162,423.0,0.8315261088311673,0.8688097544014455,-530772481113.6722,0.8653854735195637,91157b41e19d,0d66397d18c3,5e1d50a6e395,0,True,0,42.501,2.159467075932202,3.5857824538248506,152.6923516918511,0.009812803770385764,1.6897901579650443e-13,ae73669,2026-10-04T00:20:57+00:00,2.1739475534223716,153.08754205901158,True,0.0025814264396920423,2.5,3.5857824538248506,0.1902025565235842,5.0,1.0205796467676543e-12,True,True,-2.4152699401688547,-2.3015427620954014,-2.2334098068575625,-2.1866465610879153,-2.151942528420188,-2.1028782998435673,-2.069081221787495,-2.043917777069768,-2.024207127099722,-2.0082068857870428,-1.9948708388739094,,11900,93,1.5,False,False,"variant-gamma_m1 (v1.1-frozen + mu_surf_gamma=-1; robustness study v1.3, 423 K only)"
C0163_T423,manual,0,C0163,C0163,423.0,1.1439491935074328,1.1994760766625403,-1409643742255.8665,1.157305829226971,f92de86fa1b3,0d66397d18c3,5e1d50a6e395,0,True,0,46.462,4.999418248168415,3.3318607260874487,162.23516666750305,0.010560596939634688,1.6897901579650446e-13,ae73669,2026-10-04T00:40:36+00:00,4.99951174521379,162.63575480833313,True,0.0029751443023678303,5.5,3.3318607260874487,0.20459270727684897,5.0,2.1658059554280235e-12,True,True,-9.849734046316948,-3.9975079847333927,-2.565913498626892,-2.342336394711508,-2.2371572732906317,-2.127091104162513,-2.0666052013893146,-2.026913730572305,-1.9982651965759444,-1.97631153253495,-1.9587813810993178,,10145,92,1.5,False,False,"variant-gamma_m1 (v1.1-frozen + mu_surf_gamma=-1; robustness study v1.3, 423 K only)"
C0164_T423,manual,0,C0164,C0164,423.0,1.176865066215396,0.8125970348715783,-1042410796508.193,1.1354190301150084,3e71ee64d06e,0d66397d18c3,5e1d50a6e395,0,True,0,35.372,3.1611146348905628,3.1053537912326457,150.47043441523644,0.011315941544435451,1.6897901579650446e-13,ae73669,2026-10-04T00:43:14+00:00,3.174076523540588,150.91983423358525,True,0.0032532363089752053,3.75,3.1053537912326457,0.22103395613647656,5.0,2.2577100171288713e-12,True,True,-2.582753332074691,-2.3247209394897768,-2.2152165972483573,-2.1504436629111914,-2.1063004221006167,-2.0482665455354536,-2.010628638736991,-1.9835772968849212,-1.9628639578349456,-1.9463093046751645,-1.9326636849919525,,9911,93,1.5,False,False,"variant-gamma_m1 (v1.1-frozen + mu_surf_gamma=-1; robustness study v1.3, 423 K only)"
C0165_T423,manual,0,C0165,C0165,423.0,0.8894290115684271,1.1432374633848668,-898036126978.6954,0.8435497511178256,473cf1de3efe,0d66397d18c3,5e1d50a6e395,0,True,0,53.525,3.7139892216300923,3.771011364305476,161.02741118028175,0.009340477295394086,1.6897901579650449e-13,ae73669,2026-10-04T00:22:59+00:00,3.7204367152208846,161.40869530605607,True,0.0023222565181279364,4.25,3.771011364305476,0.17988608422880545,5.0,1.4511378131930774e-12,True,True,-3.2083093785117507,-2.5690936563806854,-2.3930670047115283,-2.2989916543019473,-2.2377264401848436,-2.1599251789165117,-2.110911092628781,-2.076344008392951,-2.0502492725404773,-2.0296309308941405,-2.01279784181473,,11432,93,1.5,False,False,"variant-gamma_m1 (v1.1-frozen + mu_surf_gamma=-1; robustness study v1.3, 423 K only)"
C0166_T423,manual,0,C0166,C0166,423.0,0.9370214395225048,0.986603219807148,-1310444966889.918,1.023287480324507,a34e5c4d0394,0d66397d18c3,5e1d50a6e395,0,True,0,40.004,4.270391648836306,3.4925733976113524,156.12485040343194,0.010075656592649552,1.6897901579650438e-13,ae73669,2026-10-04T00:45:16+00:00,4.277236007223193,156.58703353171367,True,0.0028757490588167825,4.75,3.4925733976113524,0.19513594853472874,5.0,2.085544009894542e-12,True,True,-5.429360420717767,-2.70158413140069,-2.4016208245570154,-2.2799222215301977,-2.2087834074300314,-2.125126732436939,-2.0754119886694338,-2.041451711238284,-2.0163197418168166,-1.9967266429264925,-1.9808827272174971,,11315,92,1.5,False,False,"variant-gamma_m1 (v1.1-frozen + mu_surf_gamma=-1; robustness study v1.3, 423 K only)"
C0167_T423,manual,0,C0167,C0167,423.0,1.0495851911604404,1.0575130708515643,-626091914251.4468,0.9055867791175842,0a1ebc43eaa3,0d66397d18c3,5e1d50a6e395,0,True,0,49.697,2.8718634675959165,3.4708146607539474,158.40073365156272,0.010137936068697688,1.6897901579650446e-13,ae73669,2026-10-04T00:22:04+00:00,2.8891709207211247,158.46781106848496,True,0.0025378204980413075,3.25,3.4708146607539474,0.19644248863865235,5.0,1.977433893632614e-12,True,True,-2.579307310198766,-2.3791642962158717,-2.2782621655167867,-2.214185020099392,-2.168729707753853,-2.1069449265824884,-2.0658008922679403,-2.03580608993782,-2.0126494230882663,-1.994050451828277,-1.978673481885618,,10613,91,1.5,False,False,"variant-gamma_m1 (v1.1-frozen + mu_surf_gamma=-1; robustness study v1.3, 423 K only)"
C0168_T423,manual,0,C0168,C0168,423.0,1.0035598259419205,0.8857659310102463,-1340125712566.0776,0.8143350537866354,90461a02404d,0d66397d18c3,5e1d50a6e395,0,True,0,47.536,4.0900677620641686,3.654916770611236,153.30099280985877,0.009631528191257495,1.6897901579650446e-13,ae73669,2026-10-04T00:21:48+00:00,4.108432925129652,153.3715762208141,True,0.002532350283896735,4.5,3.654916770611236,0.1861672665536802,5.0,1.5963890842132852e-12,True,True,-4.420162800102396,-2.6626997574931424,-2.4171555214251477,-2.304298643105036,-2.2352094151212554,-2.1511789631614673,-2.099827449464674,-2.0641273136520373,-2.0373707686826323,-2.0163047998561843,-1.9991329411149747,,10847,92,1.5,False,False,"variant-gamma_m1 (v1.1-frozen + mu_surf_gamma=-1; robustness study v1.3, 423 K only)"
C0169_T423,manual,0,C0169,C0169,423.0,0.9160805698484182,1.1582031421363357,-719431374222.0402,1.1067907933145762,fb9315a04561,0d66397d18c3,5e1d50a6e395,0,True,0,50.041,3.30869286983401,3.412493157873402,161.07247196563955,0.010310333705306601,1.6897901579650449e-13,ae73669,2026-10-04T00:22:40+00:00,3.3228476685779533,161.37386921736396,True,0.0028879185321604734,3.75,3.412493157873402,0.19987273705346167,5.0,1.3966345441263073e-12,True,True,-2.7243653036540953,-2.406719268371834,-2.281427865492065,-2.2088038071527136,-2.159827873017091,-2.0961052051228024,-2.0552670502268495,-2.026219905083091,-2.0041867966877964,-1.986727278069746,-1.9724473429631304,,11432,92,1.5,False,False,"variant-gamma_m1 (v1.1-frozen + mu_surf_gamma=-1; robustness study v1.3, 423 K only)"
C0170_T423,manual,0,C0170,C0170,423.0,0.8574659548699857,0.9148503363132476,-1073002330958.8431,0.9271530576050282,ea5555c2afd0,0d66397d18c3,5e1d50a6e395,0,True,0,54.478,3.538702258717188,3.5932009704991907,154.05314166815032,0.009794572265547224,1.6897901579650454e-13,ae73669,2026-10-04T00:22:54+00:00,3.5504125240909277,154.45512095372206,True,0.002742667156852208,4.0,3.5932009704991907,0.18959531486273667,5.0,1.3877171980980485e-12,True,True,-2.9215923748758135,-2.471841115692437,-2.3250621525024364,-2.2443392106721913,-2.19125820335553,-2.1234551154626393,-2.080548168567442,-2.0501921387419975,-2.027214170371176,-2.009014525138227,-1.9941237511614547,,11666,92,1.5,False,False,"variant-gamma_m1 (v1.1-frozen + mu_surf_gamma=-1; robustness study v1.3, 423 K only)"
C0171_T423,manual,0,C0171,C0171,423.0,1.1699868865311145,1.040838410705328,-990457228384.912,1.0438781008124352,7f1101405f93,0d66397d18c3,5e1d50a6e395,0,True,0,49.054,3.6630768841586976,3.2922026727840823,157.72874053660968,0.01068334777333228,1.689790157965044e-13,ae73669,2026-10-04T00:22:00+00:00,3.6761233029045695,157.93737458494107,True,0.002808007648543061,4.25,3.2922026727840823,0.20752272183378012,5.0,1.0739239358903419e-12,True,True,-3.064744002463397,-2.4762348958142155,-2.310988339683569,-2.222788662473392,-2.1654778370825776,-2.092851270430517,-2.047151897520359,-2.014917202127267,-1.9905614758010801,-1.9712926338563124,-1.9555381666851883,,9911,93,1.5,False,False,"variant-gamma_m1 (v1.1-frozen + mu_surf_gamma=-1; robustness study v1.3, 423 K only)"
C0172_T423,manual,0,C0172,C0172,423.0,1.1029027592390777,0.9711379043757916,-623224036768.0789,1.0719912897795438,4c2e32abaa76,0d66397d18c3,5e1d50a6e395,0,True,0,47.731,2.6320301804274244,3.2208265947646475,155.58757532411443,0.010915485711665104,1.6897901579650446e-13,ae73669,2026-10-04T00:21:46+00:00,2.6478881237872,155.66712021809735,True,0.002956703113653664,3.0,3.2208265947646475,0.2125883159417583,5.0,1.215577118129918e-12,True,True,-2.453946189396715,-2.295586866183898,-2.210896066367511,-2.1558875452545627,-2.116401441622091,-2.062215768308429,-2.025848614057562,-1.9992087405569399,-1.9785730669370314,-1.9619569345125434,-1.948191813433355,,10262,93,1.5,False,False,"variant-gamma_m1 (v1.1-frozen + mu_surf_gamma=-1; robustness study v1.3, 423 K only)"
C0173_T423,manual,0,C0173,C0173,423.0,0.8153688576072455,1.09709989130497,-1440265730954.7063,0.9553173232823612,82f2cd734853,0d66397d18c3,5e1d50a6e395,0,True,0,40.659,4.851455446202985,3.76951562344499,159.5226169393351,0.009344970775281947,1.6897901579650446e-13,ae73669,2026-10-04T00:20:56+00:00,4.8689585694241835,159.62568280781787,True,0.0026010299935972105,5.25,3.76951562344499,0.17987724373776492,5.0,1.4492278904709721e-12,True,True,-8.974434158716184,-3.4825366083944487,-2.5685220265661948,-2.3763561531819466,-2.279836683938165,-2.1757122040603822,-2.117430740119092,-2.0788668754434165,-2.0509058796919213,-2.0294220524610327,-2.012239892935196,,12017,92,1.5,False,False,"variant-gamma_m1 (v1.1-frozen + mu_surf_gamma=-1; robustness study v1.3, 423 K only)"
C0174_T423,manual,0,C0174,C0174,423.0,0.9614964418113232,0.8295275770127774,-852197711355.9843,1.1849574081599712,9c91a14e6045,0d66397d18c3,5e1d50a6e395,0,True,0,32.326,2.7660082898486786,3.189125234024574,150.97344742391144,0.01102066237585058,1.6897901579650446e-13,ae73669,2026-10-04T00:19:02+00:00,2.771459106417712,151.406414688039,True,0.0034135930161980554,3.25,3.189125234024574,0.2150504983152833,5.0,1.0366291158803165e-12,True,True,-2.4424963379528277,-2.274207865780207,-2.1898152398799096,-2.136719726293682,-2.0993436017810545,-2.048935317383359,-2.0155979615199846,-1.9913902365605078,-1.9727453625183589,-1.9577923022599264,-1.9454418135955138,,11081,92,1.5,False,False,"variant-gamma_m1 (v1.1-frozen + mu_surf_gamma=-1; robustness study v1.3, 423 K only)"
C0175_T423,manual,0,C0175,C0175,423.0,1.0739627279341222,1.1019908666610718,-1207389598712.3252,0.8924520194530488,9cc91a884910,0d66397d18c3,5e1d50a6e395,0,True,0,37.413,4.329225027997023,3.596483292404592,159.75998564812465,0.009789804091980128,1.689790157965044e-13,ae73669,2026-10-04T00:46:09+00:00,4.346329985386356,159.89268540627612,True,0.002504313233555708,4.75,3.596483292404592,0.1889718026245053,5.0,2.095048225568854e-12,True,True,-5.721772161781022,-2.7901422179422664,-2.4587403485607586,-2.3251641129773626,-2.246679315212894,-2.153709583296638,-2.098036953107589,-2.0598116100232495,-2.0314204970863803,-2.009225998965329,-1.9912394483537175,,10496,92,1.5,False,False,"variant-gamma_m1 (v1.1-frozen + mu_surf_gamma=-1; robustness study v1.3, 423 K only)"
C0176_T423,manual,0,C0176,C0176,423.0,1.0533011443912983,0.8454122599214315,-710333189927.0415,1.0008453719317911,b17af97433e4,0d66397d18c3,5e1d50a6e395,0,True,0,44.667,2.4967328409955676,3.2685654133941506,151.730482580448,0.01075560069901439,1.6897901579650446e-13,ae73669,2026-10-04T00:22:27+00:00,2.497292005265787,152.18984193211205,True,0.00300516966536533,3.0,3.2685654133941506,0.20955456964743108,5.0,2.373223581366881e-12,True,True,-2.4247810218076014,-2.28367928910883,-2.205626285699403,-2.154153133519551,-2.1168661900494015,-2.0652571049229693,-2.0303301470682134,-2.0045908944635964,-1.9845584064223734,-1.9683653293042236,-1.954906834034175,,10613,92,1.5,False,False,"variant-gamma_m1 (v1.1-frozen + mu_surf_gamma=-1; robustness study v1.3, 423 K only)"
C0177_T423,manual,0,C0177,C0177,423.0,0.9657303355634212,1.12297199703753,-1355083011090.7554,0.9218672811985016,9b6141fe39ea,0d66397d18c3,5e1d50a6e395,0,True,0,35.746,4.718426761002926,3.670881523416193,160.31756773928262,0.009593730535290789,1.6897901579650449e-13,ae73669,2026-10-04T00:20:33+00:00,4.723908301832815,160.9891070984425,True,0.0025165936079021047,5.25,3.670881523416193,0.1849188935328937,5.0,1.5203645887907209e-12,True,True,-8.104504084200833,-3.1942147976691815,-2.5400225318587206,-2.364826706419724,-2.2719558421434822,-2.1685365337937257,-2.109278004703099,-2.0695476852196935,-2.0404864426326728,-2.018012483981417,-1.9999473637709078,,11081,93,1.5,False,False,"variant-gamma_m1 (v1.1-frozen + mu_surf_gamma=-1; robustness study v1.3, 423 K only)"
C0178_T423,manual,0,C0178,C0178,423.0,0.807207327708602,0.9538249876350164,-939366821199.6556,1.1387140046805144,ca3dce2d0c11,0d66397d18c3,5e1d50a6e395,0,True,0,44.615,3.3150108147243253,3.4379667802307794,154.9919600084071,0.010232674168340079,1.6897901579650446e-13,ae73669,2026-10-04T00:21:42+00:00,3.330051769173591,155.14960089028727,True,0.0031282101855027583,3.75,3.4379667802307794,0.19854483843627985,5.0,1.0643257108977622e-12,True,True,-2.6956367588916184,-2.383371714650507,-2.2635957493505554,-2.195154671293495,-2.1494171913206963,-2.09038330858959,-2.052795135985509,-2.0261508675751876,-2.005978550697811,-1.9900108545785848,-1.9769594515651494,,11900,92,1.5,False,False,"variant-gamma_m1 (v1.1-frozen + mu_surf_gamma=-1; robustness study v1.3, 423 K only)"
C0179_T423,manual,0,C0179,C0179,423.0,1.119636706635356,1.0778399650007486,-1122139277867.973,0.8339041281491518,7ddf95e081be,0d66397d18c3,5e1d50a6e395,0,True,0,45.305,4.079954900929896,3.627540858077673,159.1430502692135,0.009706629396884959,1.689790157965044e-13,ae73669,2026-10-04T00:41:22+00:00,4.097463331633993,159.41817141656279,True,0.002397965791999201,4.5,3.627540858077673,0.1872980804963775,5.0,2.8312228845849285e-12,True,True,-4.3562710032142204,-2.6799638594532476,-2.4318784940085743,-2.3156917490812914,-2.2438094910459974,-2.1556288329584765,-2.101403194536764,-2.0636069874066623,-2.035254628035062,-2.012931551601837,-1.994742020811946,,10145,92,1.5,False,False,"variant-gamma_m1 (v1.1-frozen + mu_surf_gamma=-1; robustness study v1.3, 423 K only)"
C0180_T423,manual,0,C0180,C0180,423.0,1.152346596866846,0.9100860629230738,-1489280914887.786,0.8620432682335377,860a186bd4c5,0d66397d18c3,5e1d50a6e395,0,True,0,37.547,4.497944048024487,3.5369324477698356,153.96076542485238,0.009951132258905614,1.6897901579650443e-13,ae73669,2026-10-04T00:43:52+00:00,4.4983191097293025,154.5376539204898,True,0.0026199317401781374,5.0,3.5369324477698356,0.19251380948011862,5.0,2.8576522560892696e-12,True,True,-6.83779280670292,-2.8981056570249786,-2.4743460068498915,-2.326662075346986,-2.24354870527457,-2.1476901935065755,-2.0912806036942655,-2.052831358471547,-2.0243613585238074,-2.002127501584071,-1.9841076827485062,,10028,92,1.5,False,False,"variant-gamma_m1 (v1.1-frozen + mu_surf_gamma=-1; robustness study v1.3, 423 K only)"
C0181_T423,manual,0,C0181,C0181,423.0,0.864928662031889,1.034127127751708,-572256003506.4817,1.1668035134673118,6bbe649c9ddf,0d66397d18c3,5e1d50a6e395,0,True,0,59.154,2.6665016012239264,3.342348013426002,157.38112690540711,0.010522748007390535,1.6897901579650443e-13,ae73669,2026-10-04T00:23:58+00:00,2.678665263907765,157.89989444709985,True,0.0029998238973888347,3.25,3.342348013426002,0.20446869827810024,5.0,1.5650871744709279e-12,True,True,-2.4544998731348975,-2.2962883449780156,-2.213494112179474,-2.1603789077267646,-2.1225843850513924,-2.0712045163431445,-2.0370652901656223,-2.0122534849646283,-1.9931592595304537,-1.9778708297071057,-1.9652685377116461,,11666,93,1.5,False,False,"variant-gamma_m1 (v1.1-frozen + mu_surf_gamma=-1; robustness study v1.3, 423 K only)"
C0182_T423,manual,0,C0182,C0182,423.0,0.9109402265399694,0.8891996268182993,-1222225115634.501,0.9999591168016196,2ea2a66b2958,0d66397d18c3,5e1d50a6e395,0,True,0,36.721,3.807878770906346,3.4711984229136656,153.11800623754544,0.010135141289347544,1.6897901579650446e-13,ae73669,2026-10-04T00:45:53+00:00,3.8226674200908493,153.3123460642185,True,0.0029436754040138924,4.25,3.4711984229136656,0.1966061553167501,5.0,1.595481860272701e-12,True,True,-3.3385568594286696,-2.5108952048669377,-2.3301406061817262,-2.239123148225598,-2.181620549749545,-2.110340539196667,-2.0662695080089817,-2.035488759010753,-2.0123765546175845,-1.9941701926289612,-1.9793317308340475,,11432,92,1.5,False,False,"variant-gamma_m1 (v1.1-frozen + mu_surf_gamma=-1; robustness study v1.3, 423 K only)"
C0183_T423,manual,0,C0183,C0183,423.0,1.0235224794596434,1.1667332854121923,-843221889808.774,1.07898826636374,1d32cb1a9aa0,0d66397d18c3,5e1d50a6e395,0,True,0,46.341,3.6177043241676277,3.376065156461938,161.37383141879135,0.010421110784894149,1.6897901579650449e-13,ae73669,2026-10-04T00:22:51+00:00,3.634105422954193,161.31370353367348,True,0.0027976731370499986,4.0,3.376065156461938,0.20206284694460683,5.0,1.1729064252390744e-12,True,True,-3.0083900618344552,-2.473399950139918,-2.3143108219025157,-2.228400268549269,-2.1723211607689668,-2.1010933144865853,-2.056266869771781,-2.0246920124235066,-2.000882028294103,-1.9820859871747567,-1.9667520835020917,,10730,92,1.5,False,False,"variant-gamma_m1 (v1.1-frozen + mu_surf_gamma=-1; robustness study v1.3, 423 K only)"
C0184_T423,manual,0,C0184,C0184,423.0,1.0296316154301166,0.9884309340268372,-1127084138803.184,1.1878082565963268,4af294346508,0d66397d18c3,5e1d50a6e395,0,True,0,47.602,3.8367613668135823,3.2461462527455036,155.9618842345233,0.010832172413540989,1.6897901579650446e-13,ae73669,2026-10-04T00:22:36+00:00,3.8529841926409394,156.07727496418832,True,0.0032107903185948096,4.25,3.2461462527455036,0.2107450959445176,5.0,1.5854386744887161e-12,True,True,-3.4024510971773263,-2.4835979812217532,-2.2987652002969443,-2.2073019889932923,-2.149956912051029,-2.0793082846696067,-2.035875719643932,-2.0056637557724417,-1.9830509004952594,-1.9652844360247412,-1.9508362589425925,,10730,92,1.5,False,False,"variant-gamma_m1 (v1.1-frozen + mu_surf_gamma=-1; robustness study v1.3, 423 K only)"
C0185_T423,manual,0,C0185,C0185,423.0,0.9421586535871028,1.0675500255078076,-811375323683.0234,0.8832442283630372,79cefd6fdac4,0d66397d18c3,5e1d50a6e395,0,True,0,49.328,3.3285816228374285,3.614059351030754,158.762679620046,0.00974047913327501,1.6897901579650443e-13,ae73669,2026-10-04T00:23:30+00:00,3.3457549256917267,158.92102047277157,True,0.0025012089690074012,3.75,3.614059351030754,0.18824257773899364,5.0,2.0544623541329577e-12,True,True,-2.789867290837763,-2.4614261092485523,-2.329641724870026,-2.2524678504117377,-2.2000374627873445,-2.131275295831573,-2.0868292980075895,-2.0550066966900165,-2.0307380972950293,-2.0114196796902233,-1.9955573559992403,,11198,92,1.5,False,False,"variant-gamma_m1 (v1.1-frozen + mu_surf_gamma=-1; robustness study v1.3, 423 K only)"
C0186_T423,manual,0,C0186,C0186,423.0,0.8819754894822837,0.812466086819768,-1395182333886.6233,1.0507745575159788,1bffe6c260c5,0d66397d18c3,5e1d50a6e395,0,True,0,48.974,3.98543759726512,3.4256281395702786,150.5623482940699,0.010267399663027853,1.689790157965045e-13,ae73669,2026-10-04T00:23:44+00:00,3.9879022955296013,151.11742653762116,True,0.003123074209721261,4.5,3.4256281395702786,0.1994827105447037,5.0,2.1021723531517882e-12,True,True,-3.935128284507877,-2.539612163873026,-2.329910674899477,-2.2327124008039547,-2.173448593140339,-2.101867969668612,-2.0584719370465203,-2.02847779909155,-2.006097411122001,-1.9885395325460171,-1.9742699357637736,,11549,92,1.5,False,False,"variant-gamma_m1 (v1.1-frozen + mu_surf_gamma=-1; robustness study v1.3, 423 K only)"
C0187_T423,manual,0,C0187,C0187,423.0,1.1945023339241745,1.1317967128008604,-539374730549.7527,0.9703787434846164,740e45bad5e3,0d66397d18c3,5e1d50a6e395,0,True,0,43.077,2.8418978838008466,3.3266668935984414,160.49100622142092,0.01057395485766387,1.689790157965045e-13,ae73669,2026-10-04T00:22:43+00:00,2.859100953120117,160.54982802538302,True,0.0026478605255402183,3.25,3.3266668935984414,0.2052473745482818,5.0,1.14120724589023e-12,True,True,-2.556212241835374,-2.360060511919435,-2.2601239105689777,-2.1963452311099965,-2.1509666981400977,-2.0891263033633685,-2.0478577359964474,-2.017736058471235,-1.994463951555371,-1.9757625480172825,-1.9602948047088655,,9794,92,1.5,False,False,"variant-gamma_m1 (v1.1-frozen + mu_surf_gamma=-1; robustness study v1.3, 423 K only)"
C0188_T423,manual,0,C0188,C0188,423.0,1.1272122241556644,0.8562278311699629,-906516121700.406,0.9485178716480732,c775522e7003,0d66397d18c3,5e1d50a6e395,0,True,0,45.012,2.9873368321817924,3.3113484250436853,152.12599536643967,0.010618894139456252,1.6897901579650443e-13,ae73669,2026-10-04T00:22:31+00:00,2.9895805179881734,152.702365725081,True,0.002876332714895411,3.5,3.3113484250436853,0.20662324671089918,5.0,2.4191177685878157e-12,True,True,-2.5716458814533882,-2.353529352700942,-2.2501983237181578,-2.1863575312884134,-2.1417728109826197,-2.081931046685437,-2.0424435611470604,-2.013771029673661,-1.99166871822203,-1.973920708691353,-1.9592405330871527,,10145,92,1.5,False,False,"variant-gamma_m1 (v1.1-frozen + mu_surf_gamma=-1; robustness study v1.3, 423 K only)"
C0189_T423,manual,0,C0189,C0189,423.0,0.8396968238055706,1.1755843508988617,-1028071270324.2898,1.0288640543818477,3361aa8d33ed,0d66397d18c3,5e1d50a6e395,0,True,0,40.457,4.071105051527068,3.618975591391162,161.68413127440883,0.009729114741533477,1.6897901579650449e-13,ae73669,2026-10-04T00:21:37+00:00,4.086866219290123,161.88415386992762,True,0.0027064350223424036,4.5,3.618975591391162,0.1877927933742652,5.0,2.4275386901203882e-12,True,True,-4.320468360763634,-2.6314813153171164,-2.393013799808882,-2.284146134541528,-2.2178454417691342,-2.1377828483624848,-2.089352045187323,-2.056012285150591,-2.0312541580041548,-2.011926674670785,-1.996294386899048,,11783,92,1.5,False,False,"variant-gamma_m1 (v1.1-frozen + mu_surf_gamma=-1; robustness study v1.3, 423 K only)"
C0190_T423,manual,0,C0190,C0190,423.0,0.9873685445636512,0.9447183977812528,-678517197258.7705,0.811336075887084,4db9dafa655b,0d66397d18c3,5e1d50a6e395,0,True,0,33.573,2.715962369063014,3.5932802346122266,155.14359936773786,0.009794254397966665,1.689790157965044e-13,ae73669,2026-10-04T00:19:35+00:00,2.722174593000776,155.7565807170666,True,0.0024273992017619216,3.25,3.5932802346122266,0.18959856477127787,5.0,1.7922932606854383e-12,True,True,-2.5520342860246137,-2.3771687785431848,-2.2841119772778624,-2.2236422050526343,-2.180169249672957,-2.120363465542136,-2.080095193641681,-2.0505175794076256,-2.027554315283244,-2.0090286197176113,-1.9936565112802476,,10964,93,1.5,False,False,"variant-gamma_m1 (v1.1-frozen + mu_surf_gamma=-1; robustness study v1.3, 423 K only)"
C0191_T423,manual,0,C0191,C0191,423.0,1.0998529504984618,1.023811598494649,-1259972607716.918,1.1159511629492045,1ad3cf6b3cf0,0d66397d18c3,5e1d50a6e395,0,True,0,40.246,4.239989210125951,3.297300354685555,157.154387977268,0.010667058434812747,1.6897901579650446e-13,ae73669,2026-10-04T00:46:49+00:00,4.2416747741815986,157.68745687540252,True,0.0030342793081929646,4.75,3.297300354685555,0.20717967781354965,5.0,2.380825773582344e-12,True,True,-5.25350737441061,-2.663072491887742,-2.3728114999998877,-2.2532369753120762,-2.1829555796616678,-2.099975595121661,-2.050501592205183,-2.0166383407303745,-1.991542428940574,-1.9719553258104208,-1.9561010612697418,,10379,92,1.5,False,False,"variant-gamma_m1 (v1.1-frozen + mu_surf_gamma=-1; robustness study v1.3, 423 K only)"
C0192_T423,manual,0,C0192,C0192,423.0,1.094562317803502,0.9831174056977032,-643170030787.5872,0.8871530741453171,ce3fd741d07a,0d66397d18c3,5e1d50a6e395,0,True,0,45.589,2.7262750460014056,3.4325655143019347,156.21067856468562,0.01024894364926676,1.6897901579650446e-13,ae73669,2026-10-04T00:23:13+00:00,2.7304972067682867,156.85726765512103,True,0.0025801968413003184,3.25,3.4325655143019347,0.19882846377575683,5.0,1.1694343410306729e-12,True,True,-2.5324258816123577,-2.3562098577227655,-2.2630211875471464,-2.2026390825498927,-2.1593056073836903,-2.0997928274375743,-2.0597883737138307,-2.0304393922086312,-2.007674088943262,-1.9893208946995424,-1.974100257707424,,10379,92,1.5,False,False,"variant-gamma_m1 (v1.1-frozen + mu_surf_gamma=-1; robustness study v1.3, 423 K only)"
C0193_T423,manual,0,C0193,C0193,423.0,0.9820833448320628,1.0602666843682529,-1295289487577.9749,1.191718050092459,72ac53635503,0d66397d18c3,5e1d50a6e395,0,True,0,36.683,4.406364788707803,3.332393315398326,158.16395660505722,0.01055585531409839,1.689790157965045e-13,ae73669,2026-10-04T00:21:10+00:00,4.419510848362261,158.46224295117105,True,0.003034746742281773,5.0,3.332393315398326,0.20489151434276043,5.0,1.9852733775530893e-12,True,True,-6.2457655453948915,-2.757209708371393,-2.392694039858927,-2.261493509241897,-2.18761376501169,-2.1028563438575825,-2.0534346098658087,-2.02004506208346,-1.9955202815193736,-1.976506571153704,-1.9611978403567492,,11081,93,1.5,False,False,"variant-gamma_m1 (v1.1-frozen + mu_surf_gamma=-1; robustness study v1.3, 423 K only)"
C0194_T423,manual,0,C0194,C0194,423.0,0.8406559497117997,0.8161316644400358,-878982056863.606,0.974287762120366,63336d46d846,0d66397d18c3,5e1d50a6e395,0,True,0,40.972,2.8050809436799096,3.469124890870371,150.82399627782888,0.010139047494307296,1.6897901579650449e-13,ae73669,2026-10-04T00:22:24+00:00,2.8196703555219838,151.0190616811638,True,0.002981694189896281,3.25,3.469124890870371,0.19695688965924527,5.0,1.220488228871635e-12,True,True,-2.506179274659392,-2.3285353606551538,-2.2395233443262925,-2.1834748979161716,-2.143982462941023,-2.0906555750784284,-2.055340097743976,-2.0296695026165756,-2.0098821442558714,-1.9940028425763108,-1.9808807040436178,,11783,92,1.5,False,False,"variant-gamma_m1 (v1.1-frozen + mu_surf_gamma=-1; robustness study v1.3, 423 K only)"
C0195_T423,manual,0,C0195,C0195,423.0,1.1281771704554555,1.1405326921492815,-1055575063452.1244,1.0546841543167829,ed6bf78acb52,0d66397d18c3,5e1d50a6e395,0,True,0,44.621,4.052079819103298,3.357322178687825,160.65763362032405,0.010479512586829262,1.6897901579650449e-13,ae73669,2026-10-04T00:42:07+00:00,4.065505746974345,160.9998113513731,True,0.0028254641715705305,4.5,3.357322178687825,0.20315916453804472,5.0,2.1312717828153606e-12,True,True,-4.2331423049286485,-2.606808701720308,-2.3695956773648277,-2.2597615598028398,-2.1923606233441015,-2.110366707444627,-2.0603804848822076,-2.0257606821725327,-1.9999207606837615,-1.979658916376446,-1.96320565277672,,10145,92,1.5,False,False,"variant-gamma_m1 (v1.1-frozen + mu_surf_gamma=-1; robustness study v1.3, 423 K only)"
C0196_T423,manual,0,C0196,C0196,423.0,1.198594580963254,0.8723948646336794,-1422838944010.4363,1.026516790688038,cb5e4e95e200,0d66397d18c3,5e1d50a6e395,0,True,0,38.887,4.224129545449354,3.2778826779547945,152.55187236899036,0.01072818294051046,1.6897901579650443e-13,ae73669,2026-10-04T00:44:31+00:00,4.228458421593246,153.12894100733422,True,0.003023037085962621,4.75,3.2778826779547945,0.20862670463541869,5.0,2.9871265923114536e-12,True,True,-5.1881060968118415,-2.6528710558664774,-2.3691556711562205,-2.2508583479259165,-2.1810563907498226,-2.098341605670833,-2.048789765800236,-2.0147155123143694,-1.989351591242268,-1.969473829360708,-1.9533232521466166,,9794,92,1.5,False,False,"variant-gamma_m1 (v1.1-frozen + mu_surf_gamma=-1; robustness study v1.3, 423 K only)"
C0197_T423,manual,0,C0197,C0197,423.0,0.8860603902488947,1.1968189220875505,-511748392134.9049,0.9461715675890444,aa6181554c52,0d66397d18c3,5e1d50a6e395,0,True,0,52.09,2.9291526741562466,3.59126250954072,162.3702431287739,0.009802386469672684,1.6897901579650449e-13,ae73669,2026-10-04T00:24:51+00:00,2.940563541192929,162.66135146344297,True,0.002472537303340493,3.5,3.59126250954072,0.18942164090774885,5.0,3.0576351615730665e-12,True,True,-2.604811639064819,-2.394884978849503,-2.29166173783907,-2.2268401371643,-2.181184573381161,-2.1195835139668913,-2.078885556038971,-2.049403634785389,-2.026765299175324,-2.0086681789568765,-1.9937688120655228,,11549,93,1.5,False,False,"variant-gamma_m1 (v1.1-frozen + mu_surf_gamma=-1; robustness study v1.3, 423 K only)"
C0198_T423,manual,0,C0198,C0198,423.0,0.9400007545948028,0.9269034165889024,-1162552900612.3542,1.1136040840297938,3e869880f904,0d66397d18c3,5e1d50a6e395,0,True,0,36.243,3.763078815045361,3.350409074543595,154.14478835949842,0.010497318158114586,1.6897901579650446e-13,ae73669,2026-10-04T00:46:30+00:00,3.767643978839507,154.61228071696,True,0.0031265943355726234,4.25,3.350409074543595,0.2039901357124824,5.0,1.1526705995706958e-12,True,True,-3.220227897669399,-2.4744952824296758,-2.3024107581364976,-2.2150017716874815,-2.1596204613382466,-2.090880593848094,-2.0483737303354066,-2.0187028879846785,-1.996442153021776,-1.97892163977756,-1.9646542449254418,,11198,92,1.5,False,False,"variant-gamma_m1 (v1.1-frozen + mu_surf_gamma=-1; robustness study v1.3, 423 K only)"
C0199_T423,manual,0,C0199,C0199,423.0,1.0274667575955392,1.0040296625345946,-775936848483.9797,0.8089895632117987,fbbb5e643414,0d66397d18c3,5e1d50a6e395,0,True,0,48.644,3.0965356481728152,3.619340582049295,156.99805610719875,0.009725782338527972,1.6897901579650443e-13,ae73669,2026-10-04T00:23:40+00:00,3.1149703362348014,156.96472800687167,True,0.002392006350159376,3.5,3.619340582049295,0.18802271201446746,5.0,1.510284257057984e-12,True,True,-2.686892114219305,-2.4364640482066497,-2.3204737532573123,-2.2490931240831773,-2.1992824862375437,-2.1324465670516677,-2.0883734030033745,-2.0564080019614175,-2.0318027345709644,-2.012075454100968,-1.9957835904171288,,10730,92,1.5,False,False,"variant-gamma_m1 (v1.1-frozen + mu_surf_gamma=-1; robustness study v1.3, 423 K only)"
C0200_T423,manual,0,C0200,C0200,423.0,1.0194279450923205,0.8261301670223475,-1195163359865.546,0.9242136150598526,95d819fdaad1,0d66397d18c3,5e1d50a6e395,0,True,0,45.361,3.5724079815225425,3.4298266593921634,151.21131267601052,0.010255248928755683,1.6897901579650443e-13,ae73669,2026-10-04T00:23:21+00:00,3.5891671984004643,151.3570824807553,True,0.002877568514333205,4.0,3.4298266593921634,0.19919360477010228,5.0,1.9474313536511872e-12,True,True,-2.9404044525527664,-2.459540380509898,-2.308972811014825,-2.2270043219825397,-2.1733283046620944,-2.1048955430594636,-2.0615738284210225,-2.0308646681035807,-2.0075609569644564,-1.9890537934064978,-1.9738708408767323,,10847,92,1.5,False,False,"variant-gamma_m1 (v1.1-frozen + mu_surf_gamma=-1; robustness study v1.3, 423 K only)"
C0201_T423,manual,0,C0201,C0201,423.0,0.9068515066057444,1.1048510070890187,-870252897031.6052,1.0031926535069942,5ce52964648a,0d66397d18c3,5e1d50a6e395,0,True,0,49.115,3.5430070674795004,3.5250428416297184,159.6862492869916,0.009984304376810395,1.6897901579650449e-13,ae73669,2026-10-04T00:24:19+00:00,3.555133892402333,160.03630197811614,True,0.002724366223406444,4.0,3.5250428416297184,0.193193795999628,5.0,8.470099621682436e-13,True,True,-2.932593509696697,-2.4739706894186337,-2.3243212879889055,-2.2417812068674356,-2.187394200478034,-2.117838067851479,-2.073830677440157,-2.042739818597139,-2.0192498596243555,-2.00068218776239,-1.9855205827483995,,11432,92,1.5,False,False,"variant-gamma_m1 (v1.1-frozen + mu_surf_gamma=-1; robustness study v1.3, 423 K only)"
C0202_T423,manual,0,C0202,C0202,423.0,0.8670842677354813,0.9747794393450022,-1454407007433.474,0.8362506587058306,98db72c86eeb,0d66397d18c3,5e1d50a6e395,0,True,0,56.112,4.592162564779066,3.814998203343877,156.0484969553898,0.009233066403254013,1.6897901579650449e-13,ae73669,2026-10-04T00:24:40+00:00,4.610382991708426,156.2254440614239,True,0.002469225929551397,5.0,3.814998203343877,0.1778015261286897,5.0,2.016455828182766e-12,True,True,-7.3903538467210454,-3.01696518875175,-2.521042176556569,-2.363964872828995,-2.277740683641144,-2.1799094613154697,-2.1231185105744514,-2.084758760870459,-2.0565534942715837,-2.034654041027367,-2.016993934456475,,11666,92,1.5,False,False,"variant-gamma_m1 (v1.1-frozen + mu_surf_gamma=-1; robustness study v1.3, 423 K only)"
C0203_T423,manual,0,C0203,C0203,423.0,1.154507641494274,1.0944839086383582,-607099147513.5088,1.1410611134022477,649c3e9fdf99,0d66397d18c3,5e1d50a6e395,0,True,0,45.482,2.8962026803885657,3.1777264811959784,159.19174914368418,0.011063799748558992,1.689790157965044e-13,ae73669,2026-10-04T00:23:29+00:00,2.9105003963127665,159.35883398744255,True,0.0029418493989161894,3.25,3.1777264811959784,0.2154241509681689,5.0,2.419486081970788e-12,True,True,-2.523077482309804,-2.3224674847890836,-2.22418802181603,-2.162659622717652,-2.11940823292639,-2.0611292072101,-2.022637197055221,-1.9947313940329965,-1.9732750373495178,-1.956095693426843,-1.9419279740449293,,10028,93,1.5,False,False,"variant-gamma_m1 (v1.1-frozen + mu_surf_gamma=-1; robustness study v1.3, 423 K only)"
C0204_T423,manual,0,C0204,C0204,423.0,1.1249250520020724,0.9185421641916036,-974363273940.9803,1.1628937378525734,a7c0b0871db8,0d66397d18c3,5e1d50a6e395,0,True,0,47.306,3.3003001780968066,3.154767023510769,153.85795131701374,0.011141822263416458,1.6897901579650443e-13,ae73669,2026-10-04T00:23:19+00:00,3.313380057261681,154.05899905302667,True,0.0032749919604637447,3.75,3.154767023510769,0.2172535157537261,5.0,1.3802165334829163e-12,True,True,-2.6696305717200355,-2.3584855460780885,-2.2370119620826485,-2.1669862207611534,-2.119893137530859,-2.0586810267969753,-2.019394727783731,-1.9913640891766826,-1.9700220921533493,-1.9530437737740034,-1.9391034790893502,,10145,92,1.5,False,False,"variant-gamma_m1 (v1.1-frozen + mu_surf_gamma=-1; robustness study v1.3, 423 K only)"
C0205_T423,manual,0,C0205,C0205,423.0,0.8124887082725764,1.0382694695144892,-1087173588573.9326,0.8581344522535801,4b791e8039e8,0d66397d18c3,5e1d50a6e395,0,True,0,43.708,3.899127957467803,3.8060426601147053,157.91576175015098,0.00925451069528971,1.6897901579650449e-13,ae73669,2026-10-04T00:22:21+00:00,3.9147233201829974,158.30174826874244,True,0.0024006878199538105,4.25,3.8060426601147053,0.17824597733473138,5.0,1.7266757354176684e-12,True,True,-3.631135053226068,-2.606906767341399,-2.4045310124838055,-2.3038246426575286,-2.24031975058905,-2.1616257375837336,-2.1129979418930214,-2.079075249272161,-2.0536443422950375,-2.0336465383322833,-2.01737704686627,,11900,93,1.5,False,False,"variant-gamma_m1 (v1.1-frozen + mu_surf_gamma=-1; robustness study v1.3, 423 K only)"
C0206_T423,manual,0,C0206,C0206,423.0,0.9647689163684844,0.8824158933013678,-737516541033.9833,1.075078699365258,628b35dca115,0d66397d18c3,5e1d50a6e395,0,True,0,32.44,2.6583862518398162,3.2849686125123814,152.79344283036534,0.010702843806931287,1.6897901579650446e-13,ae73669,2026-10-04T00:20:08+00:00,2.671912680547165,153.36582637275214,True,0.003009642991580117,3.0,3.2849686125123814,0.20841266185536153,5.0,2.594413354168911e-12,True,True,-2.4500547671409323,-2.292317248781018,-2.209366925874792,-2.1559905204016796,-2.117907320146538,-2.0659366211786105,-2.0312231388138646,-2.0058677761556973,-1.9862643641832756,-1.9705008124490486,-1.95745554803537,,11081,93,1.5,False,False,"variant-gamma_m1 (v1.1-frozen + mu_surf_gamma=-1; robustness study v1.3, 423 K only)"
C0207_T423,manual,0,C0207,C0207,423.0,1.0523323848843575,1.161113888397813,-1327930408529.9373,0.9960501160472632,da99e57231c1,0d66397d18c3,5e1d50a6e395,0,True,0,37.884,4.736642404781555,3.526803396670211,161.31347124206985,0.00998201602377105,1.689790157965045e-13,ae73669,2026-10-04T00:47:28+00:00,4.738957962890767,161.79867315217788,True,0.002665167612513237,5.25,3.526803396670211,0.19280672350106068,5.0,1.566851563912091e-12,True,True,-8.20646780724461,-3.2153403118942436,-2.5245857022654636,-2.346983711185909,-2.2536971577645653,-2.150357312782967,-2.091364477181568,-2.0518929235669034,-2.0230591398819557,-2.0007817373120362,-1.98288670688856,,10496,93,1.5,False,False,"variant-gamma_m1 (v1.1-frozen + mu_surf_gamma=-1; robustness study v1.3, 423 K only)"
C0208_T423,manual,0,C0208,C0208,423.0,1.069073174893856,0.8926426284015179,-825136544182.8966,1.1106998059898614,8056ab304a28,0d66397d18c3,5e1d50a6e395,0,True,0,45.969,2.887241537528986,3.198938529680581,153.08041332362376,0.010988517803192753,1.6897901579650443e-13,ae73669,2026-10-04T00:23:59+00:00,2.902592155023291,153.15069832761986,True,0.003119454637370043,3.25,3.198938529680581,0.21421348195932277,5.0,1.2676222918561741e-12,True,True,-2.5020524465005796,-2.3081356832105975,-2.213827442164586,-2.155097266034108,-2.1139538656964096,-2.058659193193773,-2.0221842928537916,-1.995734255618833,-1.9753784929042908,-1.9590608838555126,-1.9455866683164822,,10496,93,1.5,False,False,"variant-gamma_m1 (v1.1-frozen + mu_surf_gamma=-1; robustness study v1.3, 423 K only)"
C0209_T423,manual,0,C0209,C0209,423.0,0.956600496172905,1.163924840092659,-1234420479275.286,0.8182446327060462,3e03e515dcdf,0d66397d18c3,5e1d50a6e395,0,True,0,34.059,4.545078377384289,3.8339137726332333,161.64419314338917,0.009190499026679679,1.6897901579650449e-13,ae73669,2026-10-04T00:21:44+00:00,4.558169848813162,162.09062326168956,True,0.0022910485241475504,5.0,3.8339137726332333,0.17660709473104166,5.0,1.847402280772757e-12,True,True,-6.979873393429667,-2.996199312970526,-2.537543628669567,-2.38083366054139,-2.2926465448921918,-2.190800675098626,-2.1308833453178067,-2.090136139464713,-2.0600623796916238,-2.036660906606344,-2.0177646761068777,,11081,92,1.5,False,False,"variant-gamma_m1 (v1.1-frozen + mu_surf_gamma=-1; robustness study v1.3, 423 K only)"
C0210_T423,manual,0,C0210,C0210,423.0,0.8167295400053263,0.9064965926110744,-588350017555.058,1.047786904871464,8aa265d1a33b,0d66397d18c3,5e1d50a6e395,0,True,0,43.538,2.3809373561475353,3.4364624381792566,153.57573296289584,0.010235746918941,1.6897901579650446e-13,ae73669,2026-10-04T00:23:07+00:00,2.3970780894058845,153.81779116290394,True,0.002953944838879447,2.75,3.4364624381792566,0.1987804625164272,5.0,1.5033655964925835e-12,True,True,-2.4090532936369518,-2.2821563677987218,-2.210423114008637,-2.1627087887588745,-2.128011455349191,-2.079902477026728,-2.0473609633175367,-2.023429247455773,-2.004853145651086,-1.9898804606772107,-1.9774724814278153,,12017,93,1.5,False,False,"variant-gamma_m1 (v1.1-frozen + mu_surf_gamma=-1; robustness study v1.3, 423 K only)"
C0211_T423,manual,0,C0211,C0211,423.0,1.104256673529744,1.036789071559906,-1475109478458.7622,0.9310628212988376,54bd98452c7a,0d66397d18c3,5e1d50a6e395,0,True,0,50.414,4.787761761736784,3.5422615368556745,157.77386914675907,0.009938094544747639,1.689790157965044e-13,ae73669,2026-10-04T00:42:58+00:00,4.7991008326800175,158.13339024178075,True,0.0026533472084221774,5.25,3.5422615368556745,0.19201258052449324,5.0,8.711469046129849e-13,True,True,-8.616690032326579,-3.3203293787490202,-2.5424813183582473,-2.356990239174024,-2.2609397725445186,-2.1552603722254036,-2.095117639076867,-2.0548812698005943,-2.0254601122151885,-2.002696875967737,-1.984382982450997,,10262,92,1.5,False,False,"variant-gamma_m1 (v1.1-frozen + mu_surf_gamma=-1; robustness study v1.3, 423 K only)"
C0212_T423,manual,0,C0212,C0212,423.0,1.1744650259613991,0.950282511115074,-1107997941784.5603,0.9529702264815568,055b4ac9af6e,0d66397d18c3,5e1d50a6e395,0,True,0,36.569,3.7123500536913463,3.363384492710795,155.11689540133756,0.010458634854973765,1.6897901579650446e-13,ae73669,2026-10-04T00:45:08+00:00,3.7187684622628447,155.69696404154686,True,0.002756602611023875,4.25,3.363384492710795,0.20301334964750675,5.0,2.045746977353289e-12,True,True,-3.1535449225713212,-2.5019460152644935,-2.3294232301358804,-2.2383932002663345,-2.179514715122645,-2.1050947520547876,-2.0583070263715966,-2.0252864161825443,-2.0003099503126127,-1.9805249993734872,-1.9643274102724795,,9911,93,1.5,False,False,"variant-gamma_m1 (v1.1-frozen + mu_surf_gamma=-1; robustness study v1.3, 423 K only)"
C0213_T423,manual,0,C0213,C0213,423.0,0.8619493365287781,1.080552154034376,-955491889268.16,1.069644771143794,9147f8953cd9,0d66397d18c3,5e1d50a6e395,0,True,0,54.852,3.6768135133712554,3.5015342496163404,158.88212525005807,0.010050469651305464,1.689790157965045e-13,ae73669,2026-10-04T00:25:46+00:00,3.6880660943715458,159.2436628255348,True,0.0027906520578962393,4.25,3.5015342496163404,0.19457738372885638,5.0,2.8749243810977644e-12,True,True,-3.0873674868887147,-2.4859624296324796,-2.3229722431720377,-2.2371022950958923,-2.1817693374568954,-2.1122495809860347,-2.068905812334233,-2.0385520637092154,-2.0157552038169855,-1.9978136434967568,-1.9832123786441163,,11666,93,1.5,False,False,"variant-gamma_m1 (v1.1-frozen + mu_surf_gamma=-1; robustness study v1.3, 423 K only)"
C0214_T423,manual,0,C0214,C0214,423.0,0.914308849349618,0.8489059150218964,-1367309428751.4688,0.8901047259569168,cf8aa64fb19f,0d66397d18c3,5e1d50a6e395,0,True,0,33.817,4.041005336818748,3.5941351091525826,151.96702223541837,0.009791592863388179,1.689790157965045e-13,ae73669,2026-10-04T00:47:04+00:00,4.053376863400823,152.2643722210656,True,0.0027532505273526195,4.5,3.5941351091525826,0.18959473307322305,5.0,2.038396474320799e-12,True,True,-4.186965437623582,-2.612214920625369,-2.3834821165194264,-2.277664479389139,-2.2129437018726335,-2.134431993897752,-2.0866109990385047,-2.0534492989442987,-2.0286444340222936,-2.009146652884369,-1.993274964630339,,11432,92,1.5,False,False,"variant-gamma_m1 (v1.1-frozen + mu_surf_gamma=-1; robustness study v1.3, 423 K only)"
C0215_T423,manual,0,C0215,C0215,423.0,1.001792972162366,1.1202109716832638,-692277944646.7758,1.182611062377691,666800ad2004,0d66397d18c3,5e1d50a6e395,0,True,0,49.621,3.151576556542759,3.26185536620829,159.93145019008693,0.010781128812931109,1.6897901579650449e-13,ae73669,2026-10-04T00:24:30+00:00,3.1651876600858286,160.22805829464158,True,0.002968821129230944,3.5,3.26185536620829,0.20961516867150817,5.0,1.9604819606393764e-12,True,True,-2.61643905609951,-2.356897437557785,-2.2448602733014127,-2.1780563702723557,-2.1323561043334323,-2.0722040277970564,-2.033278653292097,-2.005424197801692,-1.9842051898695798,-1.967335764978444,-1.9535022569152112,,10964,93,1.5,False,False,"variant-gamma_m1 (v1.1-frozen + mu_surf_gamma=-1; robustness study v1.3, 423 K only)"
C0216_T423,manual,0,C0216,C0216,423.0,1.0451108679175376,0.9480609759688378,-1275098165497.1838,1.097467378154397,7c1380254359,0d66397d18c3,5e1d50a6e395,0,True,0,46.87,4.081786045836043,3.3152141021530945,154.82440831242818,0.010608637528077709,1.6897901579650446e-13,ae73669,2026-10-04T00:24:09+00:00,4.098234466740617,154.8688446967228,True,0.0030841758496890827,4.5,3.3152141021530945,0.20615310569228087,5.0,1.6959027238418842e-12,True,True,-4.391767801118028,-2.5837336204502255,-2.3453481473021007,-2.2384895090370436,-2.1739376262962953,-2.0963708830964047,-2.0495240274834967,-2.0172267124244914,-1.9931765284054739,-1.9743403891460691,-1.9590534544811635,,10613,92,1.5,False,False,"variant-gamma_m1 (v1.1-frozen + mu_surf_gamma=-1; robustness study v1.3, 423 K only)"
C0217_T423,manual,0,C0217,C0217,423.0,0.9325403422117232,1.020908645540476,-661407967098.0573,0.9798168923705816,82162dc0f34a,0d66397d18c3,5e1d50a6e395,0,True,0,52.41,2.855757456207714,3.458579403737778,157.23666009494914,0.010172631183796755,1.689790157965045e-13,ae73669,2026-10-04T00:25:12+00:00,2.8731662330487215,157.1986926019555,True,0.0027317693404470635,3.25,3.458579403737778,0.19725977818568943,5.0,2.754237482632073e-12,True,True,-2.5495319784341914,-2.3566806772281095,-2.2601710903340164,-2.199237274251274,-2.1562052653560713,-2.0979973655628843,-2.0594285072475773,-2.0314137636718432,-2.009847561013861,-1.992566700881736,-1.9783081188652094,,11315,92,1.5,False,False,"variant-gamma_m1 (v1.1-frozen + mu_surf_gamma=-1; robustness study v1.3, 423 K only)"
C0218_T423,manual,0,C0218,C0218,423.0,0.8912045422941447,0.8525434687733651,-1014875889755.7854,1.1596521452069282,2ed494ad549d,0d66397d18c3,5e1d50a6e395,0,True,0,49.052,3.211411883142292,3.2970933112923424,151.74024975395307,0.010663744306361978,1.6897901579650449e-13,ae73669,2026-10-04T00:25:29+00:00,3.2175068712207207,152.3092931756438,True,0.0032586237713724776,3.75,3.2970933112923424,0.20762671120299905,5.0,1.992125165381073e-12,True,True,-2.614318514824447,-2.3439778158381133,-2.233594541607956,-2.1693262072140764,-2.125956890960672,-2.0694968371737943,-2.033248111431322,-2.0073956089814673,-1.9877256059939767,-1.9720902769163433,-1.9592641793962153,,11432,93,1.5,False,False,"variant-gamma_m1 (v1.1-frozen + mu_surf_gamma=-1; robustness study v1.3, 423 K only)"
C0219_T423,manual,0,C0219,C0219,423.0,1.1786342103034255,1.178145492821932,-925540270283.8182,0.8677327491343022,c2c187c11158,0d66397d18c3,5e1d50a6e395,0,True,0,42.973,3.8551986114854278,3.5548074581050613,161.9715263688277,0.00990403728781265,1.6897901579650443e-13,ae73669,2026-10-04T00:24:12+00:00,3.8730726984085155,162.12058993080214,True,0.002386006215811093,4.25,3.5548074581050613,0.19122905523502126,5.0,1.1865072336837517e-12,True,True,-3.5107760134261943,-2.598819083352865,-2.3971138871226763,-2.293526338532609,-2.2270568121290055,-2.143399875565933,-2.0909715425265984,-2.054060505399422,-2.0262052105229285,-2.0041877332410825,-1.986199139635367,,9911,92,1.5,False,False,"variant-gamma_m1 (v1.1-frozen + mu_surf_gamma=-1; robustness study v1.3, 423 K only)"
C0220_T423,manual,0,C0220,C0220,423.0,1.148842562735081,0.8088292934000493,-558428979478.7765,0.8396401423960924,754d840fe4dc,0d66397d18c3,5e1d50a6e395,0,True,0,43.306,2.0525625693592344,3.351686114600598,150.78457549263496,0.010490789863112682,1.6897901579650449e-13,ae73669,2026-10-04T00:24:02+00:00,2.0672710258989273,150.93151695252004,True,0.0027202102218939032,2.5,3.351686114600598,0.20418826258716608,5.0,2.0809300316195324e-12,True,True,-2.38567129886861,-2.2765745613740496,-2.2095946919012857,-2.162937225234386,-2.127943040095416,-2.077903153944405,-2.043017076446445,-2.0167990206550606,-1.9961032138637456,-1.9791918120659941,-1.965014205519582,,10145,92,1.5,False,False,"variant-gamma_m1 (v1.1-frozen + mu_surf_gamma=-1; robustness study v1.3, 423 K only)"
C0221_T423,manual,0,C0221,C0221,423.0,0.8364243388175965,1.134408287703991,-1382018007338.047,1.1315099995583295,3dd86c05fd80,0d66397d18c3,5e1d50a6e395,0,True,0,42.229,4.788836146605691,3.561379040720698,160.39917357476608,0.009885089400953121,1.6897901579650449e-13,ae73669,2026-10-04T00:23:03+00:00,4.799776374886637,160.79895844835056,True,0.002942464345750763,5.25,3.561379040720698,0.19095631274640196,5.0,1.5548782953757877e-12,True,True,-8.578173824102354,-3.300521927920408,-2.5063645554855283,-2.3283048165116145,-2.238233967316227,-2.14102109141433,-2.0867122538346123,-2.050858053430665,-2.024915605331127,-2.005019398564265,-1.9891329163205513,,11900,92,1.5,False,False,"variant-gamma_m1 (v1.1-frozen + mu_surf_gamma=-1; robustness study v1.3, 423 K only)"
C0222_T423,manual,0,C0222,C0222,423.0,0.9902486953884364,0.9918235965073108,-794297147542.2383,0.9016769975423812,b88d88a071ee,0d66397d18c3,5e1d50a6e395,0,True,0,38.359,3.097798472407832,3.511263669871539,156.45871712042813,0.010021620122445955,1.689790157965044e-13,ae73669,2026-10-04T00:20:47+00:00,3.115687843691662,156.5148367993745,True,0.0026067107457482842,3.5,3.511263669871539,0.19414590984669325,5.0,1.9641198955393416e-12,True,True,-2.6542092819957532,-2.4064889349895062,-2.293517618714448,-2.2245765541636464,-2.176741613024677,-2.1129207144182582,-2.0710688115487876,-2.0408319591973627,-2.017625116842951,-1.9990620635624412,-1.98376090566478,,10964,92,1.5,False,False,"variant-gamma_m1 (v1.1-frozen + mu_surf_gamma=-1; robustness study v1.3, 423 K only)"
C0223_T423,manual,0,C0223,C0223,423.0,1.0778306651860476,1.0646942988038064,-1142239796929.0615,1.0193786464631558,b3e0fd9bcf01,0d66397d18c3,5e1d50a6e395,0,True,0,39.997,4.075925600542529,3.4064402204092055,158.48749819989726,0.010329027577262387,1.6897901579650443e-13,ae73669,2026-10-04T00:48:08+00:00,4.092215231887527,158.71301542477545,True,0.002806955404586098,4.5,3.4064402204092055,0.20018322039509745,5.0,2.849257479918396e-12,True,True,-4.349808043686714,-2.6180178349211802,-2.3760846892002427,-2.265442027897974,-2.197893261971837,-2.1160198121139175,-2.066233144961823,-2.0317882379398005,-2.006089567228077,-1.9859405630600389,-1.9695780590611764,,10496,92,1.5,False,False,"variant-gamma_m1 (v1.1-frozen + mu_surf_gamma=-1; robustness study v1.3, 423 K only)"
C0224_T423,manual,0,C0224,C0224,423.0,1.0864291463047266,0.8218566562980414,-1448417950421.5718,1.1751664496958254,39824f1def01,0d66397d18c3,5e1d50a6e395,0,True,0,45.444,4.1274556054431075,3.183375868779718,150.74709529003627,0.011041817680093647,1.6897901579650446e-13,ae73669,2026-10-04T00:24:45+00:00,4.1432303892098625,151.0338366395514,True,0.003374447800423953,4.5,3.183375868779718,0.21530245887226354,5.0,1.87873683496505e-12,True,True,-4.655651056070742,-2.561693013515618,-2.315730475530772,-2.209979880760728,-2.1472246283124914,-2.0727655488559145,-2.0281852483341702,-1.997561614319113,-1.9747893421464127,-1.9569594281054052,-1.9424854815313186,,10379,93,1.5,False,False,"variant-gamma_m1 (v1.1-frozen + mu_surf_gamma=-1; robustness study v1.3, 423 K only)"
C0225_T423,manual,0,C0225,C0225,423.0,0.9990055847913026,1.147455543652177,-617025005631.1488,0.8959928587079048,7e6db89b02e4,0d66397d18c3,5e1d50a6e395,0,True,0,34.485,3.066007935533404,3.557664195744564,161.05626067970758,0.009893914551625015,1.6897901579650443e-13,ae73669,2026-10-04T00:22:19+00:00,3.081897217658331,161.31185406490877,True,0.0024744041222058625,3.5,3.557664195744564,0.1913076862492251,5.0,1.6660244727543577e-12,True,True,-2.6632848536583786,-2.4205027958093934,-2.3069846422590325,-2.2369209365634446,-2.1879835009207778,-2.1223371127456905,-2.0791207536304404,-2.047848967653886,-2.023836845790181,-2.004631844721584,-1.9888080436561042,,10964,92,1.5,False,False,"variant-gamma_m1 (v1.1-frozen + mu_surf_gamma=-1; robustness study v1.3, 423 K only)"
C0226_T423,manual,0,C0226,C0226,423.0,0.827835275232792,0.9790895756334066,-1216456986032.4265,1.063031842932105,1deca5579b5e,0d66397d18c3,5e1d50a6e395,0,True,0,45.197,4.02964384861544,3.535059817683688,155.8407604204578,0.009955343356433626,1.6897901579650443e-13,ae73669,2026-10-04T00:23:53+00:00,4.03888065505715,156.22316766098055,True,0.002949706405709673,4.5,3.535059817683688,0.19272722396213587,5.0,1.884151933988703e-12,True,True,-4.133900916758937,-2.5821519214452677,-2.3591890690670043,-2.2569161610765547,-2.1947104242590694,-2.119736134522579,-2.074436140568746,-2.043245491240578,-2.020062827384638,-2.0019437567081027,-1.9872699344288371,,11900,92,1.5,False,False,"variant-gamma_m1 (v1.1-frozen + mu_surf_gamma=-1; robustness study v1.3, 423 K only)"
C0227_T423,manual,0,C0227,C0227,423.0,1.140411901473999,1.0519404027611017,-845083512365.818,0.9580268416553736,3ca5dec9144a,0d66397d18c3,5e1d50a6e395,0,True,0,49.182,3.3609929382645913,3.3839755454261375,158.19120267221476,0.010396255276570248,1.6897901579650449e-13,ae73669,2026-10-04T00:43:47+00:00,3.3783726535273573,158.0475860856344,True,0.002671107604320727,3.75,3.3839755454261375,0.2016474591061005,5.0,2.303611603684204e-12,True,True,-2.7829750516452214,-2.437425795412025,-2.302977004246183,-2.224961775473289,-2.1721889096009335,-2.1031834571744037,-2.058658127772302,-2.026791259045299,-2.002483358040874,-1.983123065084388,-1.967214909123939,,10145,92,1.5,False,False,"variant-gamma_m1 (v1.1-frozen + mu_surf_gamma=-1; robustness study v1.3, 423 K only)"
C0228_T423,manual,0,C0228,C0228,423.0,1.182496029511094,0.9353036526590586,-727819562889.6356,0.9361629329621792,11587570f91f,0d66397d18c3,5e1d50a6e395,0,True,0,38.129,2.7921404269788663,3.3121148427866447,154.6689595068868,0.01061769115516728,1.6897901579650443e-13,ae73669,2026-10-04T00:45:47+00:00,2.8044719854719227,154.98457874832238,True,0.002777271966738324,3.25,3.3121148427866447,0.20643918065578465,5.0,1.3303542866860007e-12,True,True,-2.5261410662681483,-2.3414570118287306,-2.246404952341327,-2.185573322082806,-2.1422293932235936,-2.0830589381868543,-2.04347082760275,-2.014497592932705,-1.9920527333035003,-1.9739699114640048,-1.958977963437248,,9911,92,1.5,False,False,"variant-gamma_m1 (v1.1-frozen + mu_surf_gamma=-1; robustness study v1.3, 423 K only)"
C0229_T423,manual,0,C0229,C0229,423.0,0.8949323732405902,1.00817732475698,-1333690585568.5474,1.041118296980858,f1b6b42a0c7a,0d66397d18c3,5e1d50a6e395,0,True,0,58.817,4.377846475095087,3.52504597067089,156.76349258804,0.009984084934801782,1.6897901579650449e-13,ae73669,2026-10-04T00:26:45+00:00,4.394123209674723,156.733346529207,True,0.0028395446132306844,4.75,3.52504597067089,0.193217965895182,5.0,1.5155997032505065e-12,True,True,-6.071527444916961,-2.7679669465698695,-2.420257732478982,-2.290092106164944,-2.2158773936619194,-2.130015910183961,-2.079616632694493,-2.0454310543833243,-2.020252430708204,-2.00069173309446,-1.9849173769283075,,11549,91,1.5,False,False,"variant-gamma_m1 (v1.1-frozen + mu_surf_gamma=-1; robustness study v1.3, 423 K only)"
C0230_T423,manual,0,C0230,C0230,423.0,0.9285897120833396,0.8655933652073146,-999761542305.3503,0.8240755360573531,f4365958bddf,0d66397d18c3,5e1d50a6e395,0,True,0,31.931,3.2426822090067033,3.622597250845386,152.63492021222768,0.009714966068376704,1.6897901579650449e-13,ae73669,2026-10-04T00:47:36+00:00,3.2440905309023016,153.23429239943786,True,0.002557637506105853,3.75,3.622597250845386,0.18808128129810128,5.0,1.1434139225718898e-12,True,True,-2.7278312094103945,-2.4373430325176297,-2.3150768499904313,-2.24258556617885,-2.1930450331210194,-2.1277226244145733,-2.0852505689897085,-2.054687162752883,-2.0312730813324857,-2.0125587119290977,-1.997135760232379,,11315,92,1.5,False,False,"variant-gamma_m1 (v1.1-frozen + mu_surf_gamma=-1; robustness study v1.3, 423 K only)"
C0231_T423,manual,0,C0231,C0231,423.0,1.0410262435674666,1.1911694165319204,-1065651078708.4698,1.103300191834569,cf44acef71eb,0d66397d18c3,5e1d50a6e395,0,True,0,47.012,4.187092442542521,3.385216449222379,162.02284103845298,0.010394185286901144,1.6897901579650449e-13,ae73669,2026-10-04T00:25:17+00:00,4.196783802400235,162.5773672902575,True,0.0028154320026244134,4.75,3.385216449222379,0.20138613580780165,5.0,1.5577725705961977e-12,True,True,-4.922494311405609,-2.6602632533975332,-2.3856360859193244,-2.267800297291614,-2.197487999183466,-2.1136312666861117,-2.063308242307762,-2.028783220694388,-2.003183287414002,-1.9832095457042782,-1.9670547579318998,,10613,93,1.5,False,False,"variant-gamma_m1 (v1.1-frozen + mu_surf_gamma=-1; robustness study v1.3, 423 K only)"
C0232_T423,manual,0,C0232,C0232,423.0,1.0120760235935449,0.9632087845355272,-904715992510.3188,1.013496521860361,ddbe45005532,0d66397d18c3,5e1d50a6e395,0,True,0,47.405,3.2693046966997175,3.3708286923164597,155.42433063062035,0.010434627152614957,1.689790157965045e-13,ae73669,2026-10-04T00:24:56+00:00,3.2758598156722356,155.89525619405308,True,0.002890572006600439,3.75,3.3708286923164597,0.2026635702418525,5.0,2.6749564609989173e-12,True,True,-2.698895363953713,-2.3983452273685537,-2.27603512706049,-2.2044136503752707,-2.1558260301502212,-2.092215851411739,-2.051158208569763,-2.021775782952928,-1.9993670114328566,-1.9815230644188264,-1.966864322767179,,10847,92,1.5,False,False,"variant-gamma_m1 (v1.1-frozen + mu_surf_gamma=-1; robustness study v1.3, 423 K only)"
C0233_T423,manual,0,C0233,C0233,423.0,0.9245549965649844,1.093504424020648,-1033777869306.5046,0.9091276183724404,112661fd42e7,0d66397d18c3,5e1d50a6e395,0,True,0,50.567,3.9044757456485364,3.6457576956192446,159.4722776041241,0.00965756660541252,1.689790157965044e-13,ae73669,2026-10-04T00:26:03+00:00,3.919159482145571,159.78269656371836,True,0.002461826700697761,4.25,3.6457576956192446,0.18642793884545988,5.0,8.619736868720196e-13,True,True,-3.646531700805096,-2.5957775761049118,-2.3907883616797014,-2.28890906642739,-2.224641796461914,-2.144941658660823,-2.095648588219633,-2.0612404562750735,-2.0354335921311795,-2.0151322879707814,-1.998610110984888,,11315,93,1.5,False,False,"variant-gamma_m1 (v1.1-frozen + mu_surf_gamma=-1; robustness study v1.3, 423 K only)"
C0234_T423,manual,0,C0234,C0234,423.0,0.8519198432564736,0.8360769081860782,-633686709217.7272,1.1264595832675697,9fabd850a489,0d66397d18c3,5e1d50a6e395,0,True,0,49.787,2.2821968777570576,3.3048722197154135,151.23046083104464,0.010638043608157155,1.6897901579650449e-13,ae73669,2026-10-04T00:26:20+00:00,2.292037008366363,151.51336958706878,True,0.0032700715976369753,2.75,3.3048722197154135,0.20720697220202805,5.0,1.4648295762236658e-12,True,True,-2.3615124979362774,-2.246011468170999,-2.179778071807063,-2.1354342022438333,-2.1030613530986058,-2.0580074345865293,-2.027419023438608,-2.0048607138111927,-1.9873108524895267,-1.9731382337237295,-1.961373924109159,,11783,92,1.5,False,False,"variant-gamma_m1 (v1.1-frozen + mu_surf_gamma=-1; robustness study v1.3, 423 K only)"
C0235_T423,manual,0,C0235,C0235,423.0,1.1643986225128171,1.1073559861630202,-1300897110253.5725,0.8462592694908381,9e5f158825bb,0d66397d18c3,5e1d50a6e395,0,True,0,45.996,4.563983701780799,3.6351942713304144,159.96924628768204,0.009687772351928057,1.6897901579650449e-13,ae73669,2026-10-04T00:24:59+00:00,4.5799175506299,160.2980137800799,True,0.0024094849962938104,5.0,3.6351942713304144,0.18673816038753377,5.0,1.1129949564602601e-12,True,True,-7.133563103039515,-2.998664444739084,-2.5209924710269904,-2.3616261531043152,-2.2724085336225035,-2.169591125008505,-2.1091123948838693,-2.0679376911631344,-2.0375008808944686,-2.0137760750118927,-1.9945850419172886,,10028,92,1.5,False,False,"variant-gamma_m1 (v1.1-frozen + mu_surf_gamma=-1; robustness study v1.3, 423 K only)"
C0236_T423,manual,0,C0236,C0236,423.0,1.1064827505499124,0.8797910820692778,-1183632929809.3916,0.8743953488767148,80deff88d9cb,0d66397d18c3,5e1d50a6e395,0,True,0,46.189,3.703915295888467,3.470767278906275,153.0153892007754,0.010136997864726126,1.6897901579650443e-13,ae73669,2026-10-04T00:24:49+00:00,3.7119508264104852,153.7559577084935,True,0.0026477809723589015,4.25,3.470767278906275,0.1965678124699577,5.0,1.1016925219320406e-12,True,True,-3.1466566057847856,-2.5139538055102975,-2.3428371504753134,-2.2521851428733948,-2.193447200774529,-2.1190782121649843,-2.07222691368393,-2.039100426737234,-2.0140020004070442,-1.9940906449859344,-1.9777677844437749,,10262,92,1.5,False,False,"variant-gamma_m1 (v1.1-frozen + mu_surf_gamma=-1; robustness study v1.3, 423 K only)"
C0237_T423,manual,0,C0237,C0237,423.0,0.8190169412642718,1.1510931927710772,-750920077785.8496,1.1545460253953934,be1dee42cb81,0d66397d18c3,5e1d50a6e395,0,True,0,40.412,3.36160974833217,3.469024301016139,160.85855622608182,0.010144168014111147,1.6897901579650446e-13,ae73669,2026-10-04T00:23:44+00:00,3.3778862670962195,160.88746796903064,True,0.0029331955509019816,3.75,3.469024301016139,0.19644459108886408,5.0,1.5821261901466404e-12,True,True,-2.7476812339499603,-2.408671585061444,-2.281681483098795,-2.2094089290292174,-2.161175083611869,-2.099000022163947,-2.059492541015276,-2.031552546583243,-2.0104495077266047,-1.993783566343545,-1.9801909652527039,,12017,92,1.5,False,False,"variant-gamma_m1 (v1.1-frozen + mu_surf_gamma=-1; robustness study v1.3, 423 K only)"
C0238_T423,manual,0,C0238,C0238,423.0,0.9541391238570214,0.919446162506938,-1416514160111.5464,0.9872103076428176,433a4b2e9b0c,0d66397d18c3,5e1d50a6e395,0,True,0,36.456,4.342519906871999,3.4986454121360024,154.09065002041334,0.010057605474059012,1.6897901579650443e-13,ae73669,2026-10-04T00:21:23+00:00,4.359933671590067,154.0209630223951,True,0.002871484083035686,4.75,3.4986454121360024,0.19486168886247057,5.0,1.4881689630596995e-12,True,True,-5.8819496777906295,-2.744172713215957,-2.4139193969230104,-2.2864516014071703,-2.2130913912188923,-2.1276422510504225,-2.07716745522142,-2.042768497862087,-2.017332936895918,-1.9975054042887295,-1.9814679535463808,,11081,92,1.5,False,False,"variant-gamma_m1 (v1.1-frozen + mu_surf_gamma=-1; robustness study v1.3, 423 K only)"
C0239_T423,manual,0,C0239,C0239,423.0,1.0666731208562852,1.0497187722474337,-521948874928.05725,1.0916302759200334,472f225fc46b,0d66397d18c3,5e1d50a6e395,0,True,0,39.305,2.594131924062922,3.244517518189773,157.95004836928456,0.010837234005378595,1.6897901579650446e-13,ae73669,2026-10-04T00:48:47+00:00,2.610884853767587,157.90360478050286,True,0.002955001009505407,3.0,3.244517518189773,0.21088870025683915,5.0,1.4209165120326837e-12,True,True,-2.4510378912028457,-2.2966549510592564,-2.2130895911945903,-2.1585105391626103,-2.119213848635005,-2.06517039367359,-2.0288563653497422,-2.002253819642318,-1.9816560772277163,-1.965081548931094,-1.9513614265556507,,10613,92,1.5,False,False,"variant-gamma_m1 (v1.1-frozen + mu_surf_gamma=-1; robustness study v1.3, 423 K only)"
C0240_T423,manual,0,C0240,C0240,423.0,1.062313288450241,0.9055151768028736,-1020773429423.5706,0.8015953999012709,dcaa2f49ac84,0d66397d18c3,5e1d50a6e395,0,True,0,46.589,3.405221372028088,3.591433947473618,153.93850899159267,0.009799748237166431,1.6897901579650446e-13,ae73669,2026-10-04T00:25:32+00:00,3.420557765657831,154.46873003459748,True,0.0024226884309904552,3.75,3.591433947473618,0.1896499407538174,5.0,1.9457063551967264e-12,True,True,-2.8425548618431082,-2.4773026562782032,-2.338086688502791,-2.2577429350578804,-2.203505678387852,-2.1326165487577087,-2.086816370135201,-2.0539640653681275,-2.028842490304332,-2.008785081513001,-1.9922657878917573,,10613,93,1.5,False,False,"variant-gamma_m1 (v1.1-frozen + mu_surf_gamma=-1; robustness study v1.3, 423 K only)"
C0241_T423,manual,0,C0241,C0241,423.0,0.9748838141560554,1.0252225890755653,-915767031721.7708,1.1194419581443071,d4b80a3cbf5d,0d66397d18c3,5e1d50a6e395,0,True,0,36.906,3.444804901541215,3.3281252222155335,157.18464280010323,0.01056788752900211,1.6897901579650454e-13,ae73669,2026-10-04T00:22:56+00:00,3.453433775628111,157.64933247847236,True,0.002978229105349595,4.0,3.3281252222155335,0.20531412600593463,5.0,2.1196281347772155e-12,True,True,-2.800139342871212,-2.4127838178276995,-2.2768889247911286,-2.2008195137406013,-2.1504020096295933,-2.0856609118953524,-2.0445657047148864,-2.015468253107468,-1.9934456898993418,-1.9760118174406225,-1.9617573036435172,,11081,93,1.5,False,False,"variant-gamma_m1 (v1.1-frozen + mu_surf_gamma=-1; robustness study v1.3, 423 K only)"
C0242_T423,manual,0,C0242,C0242,423.0,0.8021571625024081,0.895150301605463,-1253712958656.2517,0.9395081900060176,3033a058a748,0d66397d18c3,5e1d50a6e395,0,True,0,42.576,3.902833280964893,3.653190206209856,153.3827033966555,0.009635493197463615,1.6897901579650446e-13,ae73669,2026-10-04T00:24:36+00:00,3.9176423872395545,153.90636802249767,True,0.002711733156758219,4.25,3.653190206209856,0.18631912396825256,5.0,2.5953557177344065e-12,True,True,-3.624514271718378,-2.560869950776973,-2.363744191814665,-2.267663140947787,-2.2077859084908176,-2.13431386170443,-2.0892612345208605,-2.0579530755984,-2.034528298698736,-2.0161260508626997,-2.001161167411997,,12017,93,1.5,False,False,"variant-gamma_m1 (v1.1-frozen + mu_surf_gamma=-1; robustness study v1.3, 423 K only)"
C0243_T423,manual,0,C0243,C0243,423.0,1.114727494493127,1.1738681718707085,-686729915440.0825,1.0316236644983292,3ae15f6c6852,0d66397d18c3,5e1d50a6e395,0,True,0,47.858,3.2750418941005996,3.3434348953096067,161.64841852993095,0.010521875546759913,1.6897901579650446e-13,ae73669,2026-10-04T00:44:35+00:00,3.2829901570632325,162.10179806473312,True,0.0027503863405286275,3.75,3.3434348953096067,0.2041219589073158,5.0,9.411162004918124e-13,True,True,-2.72346635883282,-2.4148308674574,-2.287946681903778,-2.213109000543152,-2.162091476959634,-2.0950215224224844,-2.051605224612784,-2.0205052445038345,-1.9967861184287723,-1.97790683936409,-1.9624073599671537,,10262,92,1.5,False,False,"variant-gamma_m1 (v1.1-frozen + mu_surf_gamma=-1; robustness study v1.3, 423 K only)"
C0244_T423,manual,0,C0244,C0244,423.0,1.157017603516579,0.8388871029019356,-803841502405.7031,1.0597338166087866,14b579a7132e,0d66397d18c3,5e1d50a6e395,0,True,0,34.172,2.690057909163477,3.1621696100667362,151.40496864738518,0.011114467884134973,1.6897901579650446e-13,ae73669,2026-10-04T00:46:21+00:00,2.699573035224015,151.89645210344267,True,0.0030980727374300757,3.25,3.1621696100667362,0.21688645968621556,5.0,2.4339414895395932e-12,True,True,-2.4491318638669215,-2.2856173264500046,-2.2002064586541445,-2.1453479077535476,-2.1062156204237543,-2.0527644665012046,-2.0169857790293606,-1.9907872691155322,-1.9704806367682943,-1.954111324734291,-1.9405327933737353,,10028,93,1.5,False,False,"variant-gamma_m1 (v1.1-frozen + mu_surf_gamma=-1; robustness study v1.3, 423 K only)"
C0245_T423,manual,0,C0245,C0245,423.0,0.869435827434063,1.1175819404423235,-1136571140959.859,0.9676694128662348,42a9a3c393aa,0d66397d18c3,5e1d50a6e395,0,True,0,53.793,4.194289962963307,3.6515576728476087,160.0846278017569,0.009642848931620939,1.6897901579650449e-13,ae73669,2026-10-04T00:27:39+00:00,4.203477879793012,160.59648666022775,True,0.0025809341132955535,4.75,3.6515576728476087,0.18606919374237965,5.0,3.063671484511963e-12,True,True,-4.958338888926062,-2.6966338296064185,-2.4214125351250124,-2.3028331912142757,-2.2319809671348994,-2.147414305355484,-2.0966391042322767,-2.0617950845371817,-2.0359556131460157,-2.0157946370006044,-1.9994894288361091,,11666,93,1.5,False,False,"variant-gamma_m1 (v1.1-frozen + mu_surf_gamma=-1; robustness study v1.3, 423 K only)"
C0246_T423,manual,0,C0246,C0246,423.0,0.9046739239245654,0.9617291674017906,-532878151163.45886,1.1975994028151034,118db68ee117,0d66397d18c3,5e1d50a6e395,0,True,0,36.459,2.388453067911777,3.2487878137877817,155.13583673964655,0.0108216992299093,1.6897901579650443e-13,ae73669,2026-10-04T00:48:13+00:00,2.403290294065795,155.32842061039597,True,0.003174012836108185,2.75,3.2487878137877817,0.21075732057951585,5.0,1.7150740912665962e-12,True,True,-2.3797977738531797,-2.2533508364118817,-2.1823102316120235,-2.1352134469341046,-2.101042073643723,-2.053772651309601,-2.021876394302921,-1.9984622123941853,-1.9803144216927966,-1.9657045406867406,-1.9536093976186204,,11549,93,1.5,False,False,"variant-gamma_m1 (v1.1-frozen + mu_surf_gamma=-1; robustness study v1.3, 423 K only)"
C0247_T423,manual,0,C0247,C0247,423.0,1.017091954126954,1.0814596094191071,-1403632094152.2715,0.87970320135355,600b8f911d29,0d66397d18c3,5e1d50a6e395,0,True,0,48.964,4.736599653575085,3.6809279580617926,159.1667866819254,0.009567746321347886,1.6897901579650443e-13,ae73669,2026-10-04T00:26:06+00:00,4.7390464044717024,159.7971049628577,True,0.0024754800392409937,5.25,3.6809279580617926,0.1843970852554317,5.0,1.0805271608016476e-12,True,True,-8.241276760255003,-3.2320129426153836,-2.552356473713995,-2.37340936040776,-2.278709769046244,-2.173220278251779,-2.1126892274834623,-2.072038736325762,-2.0422565480472863,-2.01919034806086,-2.0006233257683923,,10847,93,1.5,False,False,"variant-gamma_m1 (v1.1-frozen + mu_surf_gamma=-1; robustness study v1.3, 423 K only)"
C0248_T423,manual,0,C0248,C0248,423.0,1.0360072314739228,0.8594682037830353,-562524504959.5833,0.9902184408158065,cf647b0c33ff,0d66397d18c3,5e1d50a6e395,0,True,0,43.393,2.194891429112389,3.278588003528441,152.1864312562917,0.010722958941299376,1.6897901579650446e-13,ae73669,2026-10-04T00:25:40+00:00,2.2039400205276927,152.91094728663091,True,0.0029107946336622043,2.75,3.278588003528441,0.20889164955022613,5.0,1.530219329828678e-12,True,True,-2.3763615053824942,-2.261161337939909,-2.192894375346614,-2.1463012519108977,-2.111837652619259,-2.0632433320625454,-2.029831245040363,-2.0049704234440666,-1.9854974758317585,-1.9696853569416817,-1.9564994639066413,,10613,93,1.5,False,False,"variant-gamma_m1 (v1.1-frozen + mu_surf_gamma=-1; robustness study v1.3, 423 K only)"
C0249_T423,manual,0,C0249,C0249,423.0,0.9484799101948738,1.1838662646710874,-1497059232555.3298,1.0824790615588429,19db3e8dc68e,0d66397d18c3,5e1d50a6e395,0,True,0,50.499,5.173187036231437,3.5481345860379627,161.84716726862968,0.009922871108999275,1.6897901579650446e-13,ae73669,2026-10-04T00:26:54+00:00,5.184784338192163,162.20956214608086,True,0.0027513015399219212,5.75,3.5481345860379627,0.19156386834349134,5.0,9.695152666799878e-13,True,True,-10.950508130907542,-4.8460614887320395,-2.6599113658204505,-2.3911196802029933,-2.274977830596121,-2.157996369926329,-2.0952753346316344,-2.0546331880809414,-2.0255336717400207,-2.003362649782684,-1.985737450624549,,11198,93,1.5,False,False,"variant-gamma_m1 (v1.1-frozen + mu_surf_gamma=-1; robustness study v1.3, 423 K only)"
C0250_T423,manual,0,C0250,C0250,423.0,0.8774134147912265,0.9397320479154588,-834528344683.3491,0.8530335865914822,f0e4c55b3553,0d66397d18c3,5e1d50a6e395,0,True,0,52.013,3.0599824120644326,3.6460176391607275,154.93056154394748,0.009654065033970396,1.689790157965045e-13,ae73669,2026-10-04T00:27:12+00:00,3.0756233996187143,155.21070262445946,True,0.002553014774821598,3.5,3.6460176391607275,0.18671863198791838,5.0,1.5385280023750504e-12,True,True,-2.649094775641351,-2.4129400109785877,-2.30339594766566,-2.2361984755034423,-2.1894607036839995,-2.1269909291695095,-2.085966113321054,-2.0563010905655688,-2.0335198174309723,-2.015289779911428,-2.0002589378063287,,11549,92,1.5,False,False,"variant-gamma_m1 (v1.1-frozen + mu_surf_gamma=-1; robustness study v1.3, 423 K only)"
C0251_T423,manual,0,C0251,C0251,423.0,1.1898862812668085,1.016884272545576,-1228965479880.5713,1.1695631235837936,431b0b326046,0d66397d18c3,5e1d50a6e395,0,True,0,48.12,4.146661726974244,3.1922762750542075,156.88104573778406,0.011014610049343619,1.6897901579650443e-13,ae73669,2026-10-04T00:25:47+00:00,4.160853935421731,157.04439806852432,True,0.0030738403908738177,4.5,3.1922762750542075,0.2143164452684813,5.0,2.21807262664879e-12,True,True,-4.732676115550542,-2.6013226106641194,-2.342464385236685,-2.230246513648101,-2.163175413723499,-2.0831100999624814,-2.0349799476539445,-2.001882975957831,-1.9772784950634206,-1.95803087358503,-1.942423381854731,,9794,93,1.5,False,False,"variant-gamma_m1 (v1.1-frozen + mu_surf_gamma=-1; robustness study v1.3, 423 K only)"
C0252_T423,manual,0,C0252,C0252,423.0,1.1321763902902604,0.9959693275392056,-1346076835878.1934,1.147673263773322,c271cdd3d8b4,0d66397d18c3,5e1d50a6e395,0,True,0,47.723,4.367011519074285,3.2509588352499206,156.25750985635855,0.010817520130899367,1.6897901579650443e-13,ae73669,2026-10-04T00:25:37+00:00,4.383280619664746,156.1842432041185,True,0.0031026644115241787,4.75,3.2509588352499206,0.21028589996857228,5.0,1.2787444714223994e-12,True,True,-6.025064443837773,-2.7282814307575367,-2.383325689811052,-2.254130294975157,-2.1804217740601133,-2.095038223254325,-2.0448165432124426,-2.010679459543295,-1.9854845586510466,-1.9658722879267536,-1.9500262993878175,,10145,91,1.5,False,False,"variant-gamma_m1 (v1.1-frozen + mu_surf_gamma=-1; robustness study v1.3, 423 K only)"
C0253_T423,manual,0,C0253,C0253,423.0,0.8446920797228814,1.0730987071990967,-717386296018.9581,0.8311947975307703,b68f590ab5b1,0d66397d18c3,5e1d50a6e395,0,True,0,40.765,3.1298333326502625,3.764366890161263,159.0060621959446,0.009355402847228822,1.6897901579650449e-13,ae73669,2026-10-04T00:24:25+00:00,3.1471870197759277,159.02575913459205,True,0.0023403027327533066,3.5,3.764366890161263,0.1803692117605982,5.0,2.3450361792372417e-12,True,True,-2.7063104845354995,-2.4489388065390316,-2.3322374863595505,-2.2610864014364065,-2.211736842000433,-2.1459390839167134,-2.1028479239165283,-2.071766245979308,-2.0479525280946667,-2.0289375068746422,-2.0132907698128237,,11783,91,1.5,False,False,"variant-gamma_m1 (v1.1-frozen + mu_surf_gamma=-1; robustness study v1.3, 423 K only)"
C0254_T423,manual,0,C0254,C0254,423.0,0.9782700199633836,0.8031824819743634,-1114170106127.8582,1.010636518150568,9d7daae622ce,0d66397d18c3,5e1d50a6e395,0,True,0,33.55,3.3092205508187016,3.340011757516193,150.3203055341049,0.010527421649407563,1.6897901579650446e-13,ae73669,2026-10-04T00:21:57+00:00,3.324226199883602,150.38162597438586,True,0.003105330806961448,3.75,3.340011757516193,0.20490003569034482,5.0,1.2156300271959353e-12,True,True,-2.69395030921026,-2.3821051249003196,-2.260700358203853,-2.1908729041186596,-2.1439730936347603,-2.083044677427738,-2.043919640238485,-2.0159693204685905,-1.9946573378602177,-1.9776779821429453,-1.9637174806064546,,11081,92,1.5,False,False,"variant-gamma_m1 (v1.1-frozen + mu_surf_gamma=-1; robustness study v1.3, 423 K only)"
C0255_T423,manual,0,C0255,C0255,423.0,1.0907858971506357,1.1276033788919448,-945382923819.1248,0.9183262541890144,36c4785de568,0d66397d18c3,5e1d50a6e395,0,True,0,37.45,3.7791777192887896,3.514341392590827,160.45340327081237,0.010015658142022649,1.6897901579650443e-13,ae73669,2026-10-04T00:49:25+00:00,3.788463356527587,160.92707999803724,True,0.002546669311429422,4.25,3.514341392590827,0.19367413756978547,5.0,9.236188203143314e-13,True,True,-3.313510384080025,-2.5553920987962253,-2.369392852080953,-2.2723089786120205,-2.2097118455321243,-2.1307594408398884,-2.081245387933315,-2.0463906048803673,-2.020096038227019,-1.9993205073731517,-1.9823536457787874,,10379,92,1.5,False,False,"variant-gamma_m1 (v1.1-frozen + mu_surf_gamma=-1; robustness study v1.3, 423 K only)"
C0256_T423,manual,0,C0256,C0256,423.0,1.0921106349676848,0.8040580667555333,-613950738683.3429,1.104194064438343,06b5989640d4,0d66397d18c3,5e1d50a6e395,0,True,0,43.952,2.1440989922531797,3.1212398847626854,150.2402075448618,0.011257604019335189,1.6897901579650443e-13,ae73669,2026-10-04T00:26:16+00:00,2.1589334752862257,150.66334284089817,True,0.0032322763851351916,2.5,3.1212398847626854,0.21999419321384556,5.0,1.1618475279084883e-12,True,True,-2.3301505036208865,-2.2221261059624293,-2.158043453914655,-2.11431387380523,-2.0819769246874786,-2.036388586018585,-2.005038749233664,-1.9817024702338166,-1.9634135590506627,-1.9485540315011987,-1.936155147717983,,10379,93,1.5,False,False,"variant-gamma_m1 (v1.1-frozen + mu_surf_gamma=-1; robustness study v1.3, 423 K only)"
C0257_T423,manual,0,C0257,C0257,423.0,0.9796811606734992,1.1269240602850914,-1445636578835.5469,0.8247748114168645,2454d5eab901,0d66397d18c3,5e1d50a6e395,0,True,0,35.648,4.948469026789069,3.830874423136694,160.58986931223018,0.009198089336995402,1.6897901579650446e-13,ae73669,2026-10-04T00:23:32+00:00,4.9575686655763835,161.23681870203998,True,0.002292867792328864,5.5,3.830874423136694,0.17671506915656812,5.0,2.4277943893945665e-12,True,True,-9.531005322077666,-3.803890972962652,-2.642148161705384,-2.4248335647665633,-2.3171816080500043,-2.2010505674469076,-2.1357439298493786,-2.0923177713311634,-2.0606936416785806,-2.0363023766302444,-2.0167289835760394,,11081,93,1.5,False,False,"variant-gamma_m1 (v1.1-frozen + mu_surf_gamma=-1; robustness study v1.3, 423 K only)"
C0258_T423,manual,0,C0258,C0258,423.0,0.8444545082747936,0.9968393333256244,-845853653736.4125,1.0420120630413294,1901e3428b98,0d66397d18c3,5e1d50a6e395,0,True,0,44.095,3.2172303915461,3.4914998583273507,156.41956364698595,0.01007771933657552,1.689790157965045e-13,ae73669,2026-10-04T00:25:20+00:00,3.222657269026524,156.88434187360366,True,0.0028502886835084958,3.75,3.4914998583273507,0.19530909856896067,5.0,1.9497160699068547e-12,True,True,-2.6714715243792244,-2.3933550323046067,-2.277352774930158,-2.209048926448962,-2.1626410004164454,-2.101893534392082,-2.062748892159213,-2.0347984220768627,-2.013532240817876,-1.9966377408675122,-1.9827902715340469,,11783,93,1.5,False,False,"variant-gamma_m1 (v1.1-frozen + mu_surf_gamma=-1; robustness study v1.3, 423 K only)"
C0259_T423,manual,0,C0259,C0259,423.0,1.1320248402655124,1.072423060238361,-1217636136338.1147,0.936862101778388,bb822a89d1c6,0d66397d18c3,5e1d50a6e395,0,True,0,46.971,4.2773632861273105,3.4884789544131753,158.80015316413787,0.010089441979661821,1.6897901579650443e-13,ae73669,2026-10-04T00:45:23+00:00,4.286187562367652,159.26197736554127,True,0.002635058643453799,4.75,3.4884789544131753,0.19515154017049707,5.0,7.154684830701363e-13,True,True,-5.434285327637215,-2.740272649608864,-2.430991334932253,-2.302901366995058,-2.2270892343293474,-2.1369103077644827,-2.082752098559054,-2.045504582016143,-2.0178064837016203,-1.996132852777487,-1.9785540355475464,,10145,92,1.5,False,False,"variant-gamma_m1 (v1.1-frozen + mu_surf_gamma=-1; robustness study v1.3, 423 K only)"
C0260_T423,manual,0,C0260,C0260,423.0,1.1897446494549513,0.9406007692217828,-1334747727029.0256,0.958694788813591,73013d6ecdeb,0d66397d18c3,5e1d50a6e395,0,True,0,39.636,4.2121641204661335,3.38116651084672,154.7978483150444,0.010404790384554967,1.6897901579650443e-13,ae73669,2026-10-04T00:47:01+00:00,4.21859738957311,155.41733911574008,True,0.0027810890114657364,4.75,3.38116651084672,0.20182956213727885,5.0,8.638380809278257e-13,True,True,-5.092807831623704,-2.6782426396423267,-2.3955808113141743,-2.2750848972042133,-2.2032650509004776,-2.1174993459133953,-2.0658184736846366,-2.03017729324125,-2.0036067637205788,-1.9827666646833095,-1.9658272468154885,,9794,93,1.5,False,False,"variant-gamma_m1 (v1.1-frozen + mu_surf_gamma=-1; robustness study v1.3, 423 K only)"
C0261_T423,manual,0,C0261,C0261,423.0,0.8771628733724356,1.0162102915346622,-728711839765.3103,1.0638958178460598,21f977cf9b5d,0d66397d18c3,5e1d50a6e395,0,True,0,55.048,2.9926605721936212,3.4308684499548057,156.99460014520784,0.010253980624992531,1.6897901579650454e-13,ae73669,2026-10-04T00:28:35+00:00,2.9939447210954513,157.52746712678882,True,0.0029034277959421526,3.5,3.4308684499548057,0.19893235102918222,5.0,1.6236625182372318e-12,True,True,-2.5720962244307906,-2.3556722241658092,-2.2542935141661826,-2.1920717003287455,-2.148852418242192,-2.091246676455776,-2.0535724439107486,-2.0264364586967507,-2.005671200647834,-1.9891075074989724,-1.9754899903258702,,11549,92,1.5,False,False,"variant-gamma_m1 (v1.1-frozen + mu_surf_gamma=-1; robustness study v1.3, 423 K only)"
C0262_T423,manual,0,C0262,C0262,423.0,0.94990096911788,0.8603450790047646,-1062747702002.5254,0.896660890057683,5d5a0fcad519,0d66397d18c3,5e1d50a6e395,0,True,0,34.11,3.366459966989604,3.5148785321606617,152.33554398934612,0.010009697755774845,1.6897901579650443e-13,ae73669,2026-10-04T00:48:47+00:00,3.3842309292155233,152.3087770918593,True,0.00273091548607371,3.75,3.5148785321606617,0.19412513077477056,5.0,2.8115195671977456e-12,True,True,-2.776164669885249,-2.434653122126146,-2.3040617455461865,-2.229048077963331,-2.1786354495469964,-2.113077425620771,-2.070941858134431,-2.040830340634178,-2.0178696241462175,-1.999579035905387,-1.9845435146525106,,11198,91,1.5,False,False,"variant-gamma_m1 (v1.1-frozen + mu_surf_gamma=-1; robustness study v1.3, 423 K only)"
C0263_T423,manual,0,C0263,C0263,423.0,1.0373189993202687,1.183185274153948,-996809407137.3344,1.176030508801341,d1408f09d1a2,0d66397d18c3,5e1d50a6e395,0,True,0,47.141,4.003606657759194,3.3081301682072444,161.74142687043746,0.01063341738809395,1.689790157965044e-13,ae73669,2026-10-04T00:26:54+00:00,4.004896155909512,162.13917720397964,True,0.0030115986955096333,4.5,3.3081301682072444,0.20636760149273123,5.0,2.384796168249157e-12,True,True,-4.015596280009461,-2.56328273371797,-2.3409876809135657,-2.237178462078236,-2.1734382093611706,-2.096016815138191,-2.0489548191348823,-2.016452632415099,-1.9922560101474698,-1.9733271386492117,-1.9579890058554128,,10613,92,1.5,False,False,"variant-gamma_m1 (v1.1-frozen + mu_surf_gamma=-1; robustness study v1.3, 423 K only)"
C0264_T423,manual,0,C0264,C0264,423.0,1.0157801639288664,0.9610351949930191,-1033127991482.6156,1.0907663241028789,fa490c047187,0d66397d18c3,5e1d50a6e395,0,True,0,45.984,3.5551086422497433,3.3117271174554213,155.26960047841686,0.010619187238311515,1.689790157965044e-13,ae73669,2026-10-04T00:26:26+00:00,3.5690839415154705,155.48397266059143,True,0.0030606110947889974,4.0,3.3117271174554213,0.20643496555925558,5.0,1.3156555329857041e-12,True,True,-2.902678904810875,-2.4329131067468586,-2.2854684718816007,-2.205223570758213,-2.152729888853322,-2.0859595521036134,-2.0438584936582775,-2.0141397175308766,-1.991678939265387,-1.9739087216183933,-1.9593811906773408,,10847,92,1.5,False,False,"variant-gamma_m1 (v1.1-frozen + mu_surf_gamma=-1; robustness study v1.3, 423 K only)"
C0265_T423,manual,0,C0265,C0265,423.0,0.9032528426498176,1.0823479406535623,-903408912010.4908,0.9865423835814,15839b39020a,0d66397d18c3,5e1d50a6e395,0,True,0,50.52,3.5676442304075895,3.541872515733341,159.05384306338343,0.009937160650331374,1.6897901579650449e-13,ae73669,2026-10-04T00:27:44+00:00,3.5833804880938125,159.27369775334998,True,0.002706317145714484,4.0,3.541872515733341,0.19225028830266877,5.0,2.203462077884754e-12,True,True,-2.960888656070336,-2.481641892624501,-2.329185794569012,-2.2456065323537864,-2.1906869534381137,-2.120588573793208,-2.076298664456297,-2.0450270169921914,-2.0214066753999917,-2.0027376890479194,-1.9874934036258614,,11549,92,1.5,False,False,"variant-gamma_m1 (v1.1-frozen + mu_surf_gamma=-1; robustness study v1.3, 423 K only)"
C0266_T423,manual,0,C0266,C0266,423.0,0.869686346501112,0.8382016658782959,-1304095157422.1252,1.153681990876794,2573b3d6cbed,0d66397d18c3,5e1d50a6e395,0,True,0,52.385,3.8416575489887177,3.351382042370452,151.28195262912402,0.010492917388041508,1.689790157965045e-13,ae73669,2026-10-04T00:28:05+00:00,3.85836253913578,151.36411504392134,True,0.003317200579565429,4.25,3.351382042370452,0.20408085210144075,5.0,2.52491359617015e-12,True,True,-3.4033259156843707,-2.4747304650988413,-2.294894739860968,-2.207161425149299,-2.1526273725743925,-2.085926337573724,-2.045147348399227,-2.0168561664224223,-1.995708441677967,-1.9791037463749503,-1.9656046119611092,,11666,92,1.5,False,False,"variant-gamma_m1 (v1.1-frozen + mu_surf_gamma=-1; robustness study v1.3, 423 K only)"
C0267_T423,manual,0,C0267,C0267,423.0,1.157159212976694,1.1184636436402795,-636351773515.3436,0.8737273421138525,5a7f7f651233,0d66397d18c3,5e1d50a6e395,0,True,0,43.196,3.045518671512412,3.47838936051276,160.2631427153456,0.010117450851463922,1.6897901579650438e-13,ae73669,2026-10-04T00:26:31+00:00,3.0585127644345125,160.6981582129342,True,0.002463163985266676,3.5,3.47838936051276,0.19584750050595487,5.0,2.053119694597638e-12,True,True,-2.656714523399389,-2.417004956018727,-2.3032414584725545,-2.2325232801560473,-2.182894143035659,-2.1159941322890803,-2.0717271364367753,-2.039569184179341,-2.014796789601467,-1.9949288966462901,-1.9785191045684523,,10028,92,1.5,False,False,"variant-gamma_m1 (v1.1-frozen + mu_surf_gamma=-1; robustness study v1.3, 423 K only)"
C0268_T423,manual,0,C0268,C0268,423.0,1.1148790221661329,0.8944631986320019,-753463133238.256,0.8455600172281266,562386b02d8e,0d66397d18c3,5e1d50a6e395,0,True,0,43.736,2.7497721177018373,3.4442456142288616,153.50772990086298,0.010213487165580638,1.6897901579650449e-13,ae73669,2026-10-04T00:26:21+00:00,2.7498130104216414,154.07842876979322,True,0.002597482885460834,3.25,3.4442456142288616,0.19823729957753522,5.0,1.6585799658506378e-12,True,True,-2.5379968731060902,-2.358987251912755,-2.2651036482275546,-2.204498649691317,-2.161087139547373,-2.1015278271682334,-2.061489863000378,-2.0320901245006517,-2.0092576685524888,-1.9908259525065162,-1.9755198610872926,,10262,90,1.5,False,False,"variant-gamma_m1 (v1.1-frozen + mu_surf_gamma=-1; robustness study v1.3, 423 K only)"
C0269_T423,manual,0,C0269,C0269,423.0,0.802394711598754,1.1747511595487594,-1186953112483.025,1.125565733760595,e26a4285714e,0d66397d18c3,5e1d50a6e395,0,True,0,41.552,4.42958579677564,3.5895149813924814,161.56724446412252,0.00980851894111423,1.6897901579650438e-13,ae73669,2026-10-04T00:25:07+00:00,4.440222685517682,162.11079829143137,True,0.0028137437658219385,5.0,3.5895149813924814,0.1893745473677123,5.0,1.3287949191889405e-12,True,True,-6.3324330437460095,-2.807676446360513,-2.4309685869038686,-2.2969627439713762,-2.2217444537612194,-2.1356955475824133,-2.085706280504068,-2.0520562126190023,-2.0274271867574285,-2.008396564919838,-1.9931224141128256,,12017,93,1.5,False,False,"variant-gamma_m1 (v1.1-frozen + mu_surf_gamma=-1; robustness study v1.3, 423 K only)"
C0270_T423,manual,0,C0270,C0270,423.0,0.9734726510941982,0.904822876304388,-520519789308.3096,0.9084284741431476,b18a003cd97d,0d66397d18c3,5e1d50a6e395,0,True,0,34.719,2.231424792881919,3.4285558005062398,153.75664394921674,0.0102588933433418,1.6897901579650443e-13,ae73669,2026-10-04T00:22:32+00:00,2.23473173340378,154.33906371765315,True,0.0027008649780852125,2.75,3.4285558005062398,0.19927873901515689,5.0,1.0060858396387928e-12,True,True,-2.4140948125427624,-2.29364139658117,-2.2222970813151934,-2.173587572990373,-2.1375465074954976,-2.086715712413409,-2.051766986967359,-2.0257708625018744,-2.005417811724518,-1.9888994853062443,-1.9751319623757346,,11081,93,1.5,False,False,"variant-gamma_m1 (v1.1-frozen + mu_surf_gamma=-1; robustness study v1.3, 423 K only)"
C0271_T423,manual,0,C0271,C0271,423.0,1.0609885282814502,1.026109629869461,-1415986414067.4473,1.0126027803868056,25476ad76fb6,0d66397d18c3,5e1d50a6e395,0,True,0,39.074,4.616345742098628,3.45296711710892,157.3493945500425,0.010191512284922774,1.6897901579650446e-13,ae73669,2026-10-04T00:50:04+00:00,4.6332950417944385,157.352664243977,True,0.0027964118031760946,5.0,3.45296711710892,0.19732646779793972,5.0,2.535419178537269e-12,True,True,-7.546910613573339,-3.0045236410038636,-2.474180097484754,-2.3155653170405346,-2.229795084243028,-2.1333898259909603,-2.0778192481076556,-2.0404321760095185,-2.013012735746951,-1.991761367684827,-1.9746457860737325,,10613,91,1.5,False,False,"variant-gamma_m1 (v1.1-frozen + mu_surf_gamma=-1; robustness study v1.3, 423 K only)"
C0272_T423,manual,0,C0272,C0272,423.0,1.066031215339899,0.9201399441808462,-916764060035.348,0.8807678539305925,5730851daacd,0d66397d18c3,5e1d50a6e395,0,True,0,46.951,3.1951694587237376,3.467302426755179,154.28100016633485,0.010146849086825402,1.6897901579650446e-13,ae73669,2026-10-04T00:27:03+00:00,3.2045854861180083,154.78304842750333,True,0.002602775910633681,3.75,3.467302426755179,0.19678963107079017,5.0,9.780717912757628e-13,True,True,-2.692431464040667,-2.415947031046412,-2.2961948527896228,-2.2244187614417585,-2.1750694666705357,-2.1096715960908465,-2.066978940356583,-2.0361879226261457,-2.012566646864866,-1.9936687988002162,-1.978083758499445,,10613,93,1.5,False,False,"variant-gamma_m1 (v1.1-frozen + mu_surf_gamma=-1; robustness study v1.3, 423 K only)"
C0273_T423,manual,0,C0273,C0273,423.0,0.9536076538264752,1.0488302502781153,-1021725752390.9211,1.198078833147883,5315840f67d7,0d66397d18c3,5e1d50a6e395,0,True,0,36.979,3.7431835204754025,3.3047142020477525,157.82469161415293,0.010642441258033304,1.6897901579650449e-13,ae73669,2026-10-04T00:24:09+00:00,3.7443277103878483,158.32631967832333,True,0.0031496414708567268,4.25,3.3047142020477525,0.20679355764141022,5.0,1.534337883387669e-12,True,True,-3.180028108811112,-2.4651291098175205,-2.295235155937564,-2.2083757380908526,-2.1531824970643876,-2.084568118075594,-2.042134107446769,-2.012544846314275,-1.990377799997756,-1.9729587382739078,-1.9587964016255734,,11198,92,1.5,False,False,"variant-gamma_m1 (v1.1-frozen + mu_surf_gamma=-1; robustness study v1.3, 423 K only)"
C0274_T423,manual,0,C0274,C0274,423.0,0.8199373450130225,0.8804767098277808,-683886644430.4585,0.968734148144722,70538d9e975f,0d66397d18c3,5e1d50a6e395,0,True,0,42.211,2.5374961497185082,3.5079465026906433,152.88453194487218,0.010028882560547524,1.689790157965045e-13,ae73669,2026-10-04T00:26:02+00:00,2.5488673516027167,153.1936797894204,True,0.0028697161349445725,3.0,3.5079465026906433,0.19457200814687778,5.0,2.116529375159863e-12,True,True,-2.4558011812657297,-2.3118428808912967,-2.233197763274799,-2.1817031102058926,-2.1445916776292093,-2.093515549069801,-2.059165196769497,-2.0339794350337237,-2.0144629513304615,-1.998747454299973,-1.985730875018112,,12017,92,1.5,False,False,"variant-gamma_m1 (v1.1-frozen + mu_surf_gamma=-1; robustness study v1.3, 423 K only)"
C0275_T423,manual,0,C0275,C0275,423.0,1.1075139712542297,1.1502116803079845,-1250700769945.979,1.0602133296430112,b03b2a6a63a9,0d66397d18c3,5e1d50a6e395,0,True,0,47.666,4.526673120466303,3.401023412469899,160.9345656740686,0.010346900826094789,1.6897901579650446e-13,ae73669,2026-10-04T00:46:11+00:00,4.53500315110562,161.38958860229002,True,0.0028263319896087323,5.0,3.401023412469899,0.20034639263320156,5.0,2.073197520627048e-12,True,True,-6.9234217462047125,-2.9047348738827186,-2.4540157088745955,-2.304384574455764,-2.221324969302767,-2.1264952654154334,-2.0712614530854117,-2.0339271585527556,-2.006483696150917,-1.9851897135577903,-1.9680310356677377,,10262,92,1.5,False,False,"variant-gamma_m1 (v1.1-frozen + mu_surf_gamma=-1; robustness study v1.3, 423 K only)"
C0276_T423,manual,0,C0276,C0276,423.0,1.1654183991253375,0.836763820424676,-1133436824195.087,1.0321207854896783,5be5fa92bdb8,0d66397d18c3,5e1d50a6e395,0,True,0,37.842,3.4507498418303304,3.2259980735439995,151.39710668031304,0.010897356715983525,1.6897901579650446e-13,ae73669,2026-10-04T00:47:39+00:00,3.4587688825197396,152.03141848446757,True,0.0030569192117593184,4.0,3.2259980735439995,0.21232246637944596,5.0,2.1839710252035323e-12,True,True,-2.7934940774289108,-2.4030685602971507,-2.2665239858585853,-2.19015304031375,-2.1395074508998815,-2.0743167746163045,-2.0327361200126695,-2.0031339420001117,-1.9806063784062908,-1.962678832598583,-1.9479480585638944,,10028,93,1.5,False,False,"variant-gamma_m1 (v1.1-frozen + mu_surf_gamma=-1; robustness study v1.3, 423 K only)"
C0277_T423,manual,0,C0277,C0277,423.0,0.8528547428548336,1.1064728077501058,-801120247691.8698,0.9405919637531042,5dae974f760f,0d66397d18c3,5e1d50a6e395,0,True,0,56.15,3.392462158486639,3.638162527115377,159.80024783623358,0.009676995160059201,1.6897901579650449e-13,ae73669,2026-10-04T00:29:31+00:00,3.408132474684973,160.092197411266,True,0.002525095870887023,3.75,3.638162527115377,0.18689471846164704,5.0,1.902910422477866e-12,True,True,-2.820954052312602,-2.463443668673049,-2.3281638801495026,-2.2504952786867185,-2.198308657516981,-2.1305417640585156,-2.087142757464328,-2.0562681466550945,-2.032837356849106,-2.0142594761618824,-1.9990558031973982,,11783,93,1.5,False,False,"variant-gamma_m1 (v1.1-frozen + mu_surf_gamma=-1; robustness study v1.3, 423 K only)"
C0278_T423,manual,0,C0278,C0278,423.0,0.9240120824426412,0.963901275768876,-1404462292790.4128,1.1199389711022376,5b938994d818,0d66397d18c3,5e1d50a6e395,0,True,0,38.643,4.4218024160163845,3.412672239742029,155.31432471745532,0.010308842010407685,1.6897901579650446e-13,ae73669,2026-10-04T00:49:26+00:00,4.433541886531,155.62041773182668,True,0.0030010150859720378,5.0,3.412672239742029,0.19996596915794426,5.0,1.8210643985860414e-12,True,True,-6.3738595381764,-2.7732397776638384,-2.402598230556903,-2.2708451038337576,-2.1969869714734314,-2.1125075264742845,-2.0633324659772,-2.0301197617884617,-2.0057181368996178,-1.9867901161650554,-1.971541163760226,,11315,93,1.5,False,False,"variant-gamma_m1 (v1.1-frozen + mu_surf_gamma=-1; robustness study v1.3, 423 K only)"
C0279_T423,manual,0,C0279,C0279,423.0,1.0114486139267682,1.0926175739616155,-533997192047.5364,0.8026790656149387,89e9ea238817,0d66397d18c3,5e1d50a6e395,0,True,0,47.309,2.754844474694843,3.6451582457258414,159.62240732601617,0.009658160772365481,1.6897901579650446e-13,ae73669,2026-10-04T00:27:42+00:00,2.7567271247348377,160.20970031685096,True,0.0023031666838056234,3.25,3.6451582457258414,0.18656303491007642,5.0,1.183794381964809e-12,True,True,-2.585840087390887,-2.401888874239407,-2.304229619262374,-2.2407222700563785,-2.195025367607156,-2.132116469673936,-2.0897562002408723,-2.0586611760837332,-2.034542547860412,-2.0151055694916855,-1.9989949835809873,,10847,92,1.5,False,False,"variant-gamma_m1 (v1.1-frozen + mu_surf_gamma=-1; robustness study v1.3, 423 K only)"
C0280_T423,manual,0,C0280,C0280,423.0,1.0416536785662174,0.8647179711610079,-1499542234465.4795,0.917242457345128,dad5e841c7bc,0d66397d18c3,5e1d50a6e395,0,True,0,45.914,4.3901691629506185,3.4993513826552225,152.4670986718194,0.010055257236699653,1.6897901579650446e-13,ae73669,2026-10-04T00:27:13+00:00,4.40630478179874,152.8392828754168,True,0.002749978670276,4.75,3.4993513826552225,0.19485969323344876,5.0,2.410273670162279e-12,True,True,-6.190866584291907,-2.7859814165305496,-2.4309090954527743,-2.297586889742182,-2.221350939191134,-2.1327726739791686,-2.0804477307178475,-2.044733925744027,-2.0182746053567526,-1.9976068146694066,-1.9808560669206468,,10613,93,1.5,False,False,"variant-gamma_m1 (v1.1-frozen + mu_surf_gamma=-1; robustness study v1.3, 423 K only)"
C0281_T423,manual,0,C0281,C0281,423.0,0.9291326515376568,1.191848925873637,-565904793329.5369,1.010139374062419,87f0aca2eb71,0d66397d18c3,5e1d50a6e395,0,True,0,48.556,3.0374244257235,3.4863798436026707,162.17087986067224,0.010094173965620451,1.6897901579650449e-13,ae73669,2026-10-04T00:28:33+00:00,3.048326053232678,162.54412091636027,True,0.002673747362489958,3.5,3.4863798436026707,0.19541179915352644,5.0,1.7514896280317767e-12,True,True,-2.6230045074105193,-2.390375869191053,-2.2817815387728744,-2.2149871707046445,-2.168484361045527,-2.1063544593310572,-2.0656449154833445,-2.036300406286993,-2.013841434142523,-1.9959292147937382,-1.9812072202682611,,11315,92,1.5,False,False,"variant-gamma_m1 (v1.1-frozen + mu_surf_gamma=-1; robustness study v1.3, 423 K only)"
C0282_T423,manual,0,C0282,C0282,423.0,0.8939974989742041,0.9344334561377764,-1227596440352.4995,0.8301111072301866,1711cd9b4361,0d66397d18c3,5e1d50a6e395,0,True,0,54.166,3.9602004808719844,3.7290620459076234,154.79954191505186,0.009442199525674265,1.689790157965045e-13,ae73669,2026-10-04T00:28:59+00:00,3.9673528805391705,155.3187069249782,True,0.0024642655021249226,4.5,3.7290620459076234,0.18225722234344127,5.0,1.0460907630921554e-12,True,True,-3.8401996694808465,-2.6189988446170105,-2.4045817746542606,-2.3003999342920882,-2.235308814030425,-2.1550995295821678,-2.1056684927826055,-2.0711857958482214,-2.045307476093764,-2.024926826613535,-2.008317605506629,,11549,93,1.5,False,False,"variant-gamma_m1 (v1.1-frozen + mu_surf_gamma=-1; robustness study v1.3, 423 K only)"
C0283_T423,manual,0,C0283,C0283,423.0,1.181476278230548,1.008852780982852,-833940485492.3486,1.1471762262284757,15b1f38e1d28,0d66397d18c3,5e1d50a6e395,0,True,0,47.74,3.211668415626076,3.155908818645134,156.65087344006656,0.01113910128098103,1.6897901579650446e-13,ae73669,2026-10-04T00:27:19+00:00,3.217729465906741,157.26210853822408,True,0.0030983302597250234,3.75,3.155908818645134,0.21703278216815577,5.0,1.7511096491122078e-12,True,True,-2.6372059692680416,-2.3569807738156925,-2.2397809390187025,-2.1705568409543687,-2.123389423154956,-2.0614255296373987,-2.021322287278992,-1.9925790462296604,-1.970635851620064,-1.9531498472642321,-1.938776748013042,,9911,93,1.5,False,False,"variant-gamma_m1 (v1.1-frozen + mu_surf_gamma=-1; robustness study v1.3, 423 K only)"
C0284_T423,manual,0,C0284,C0284,423.0,1.139380706101656,0.978221045061946,-716676308773.458,1.169083670154214,a78a5df6dbcd,0d66397d18c3,5e1d50a6e395,0,True,0,44.383,2.8597192148722104,3.1339248182304313,155.7061523150821,0.011215592383789514,1.6897901579650436e-13,ae73669,2026-10-04T00:27:06+00:00,2.876132216242207,155.5294398090208,True,0.0031751927495223898,3.25,3.1339248182304313,0.21872366601934967,5.0,2.676770515171112e-12,True,True,-2.490845965685119,-2.3003146694455725,-2.2064669862356103,-2.147677154033652,-2.1063529157536873,-2.050670375765211,-2.0138779647587883,-1.9871841675137567,-1.9666411923009532,-1.9501777829622766,-1.9365881315560456,,10145,91,1.5,False,False,"variant-gamma_m1 (v1.1-frozen + mu_surf_gamma=-1; robustness study v1.3, 423 K only)"
C0285_T423,manual,0,C0285,C0285,423.0,0.8269148968160153,1.052614574506879,-1344829812645.912,0.8519689109176398,817d03f76e66,0d66397d18c3,5e1d50a6e395,0,True,0,44.442,4.533008016554712,3.857994833885631,158.34567963489243,0.009132165446532179,1.689790157965045e-13,ae73669,2026-10-04T00:25:52+00:00,4.543506103736675,158.80177026905162,True,0.0024331314730027804,5.0,3.857994833885631,0.17562036392779262,5.0,2.8540874479151088e-12,True,True,-6.972933564038739,-2.9601807541969465,-2.5144791441121916,-2.3637802118810054,-2.2796936313210776,-2.1833937698218224,-2.127178875169683,-2.0891352959506593,-2.0611499308315127,-2.0394262290406395,-2.0219177165326006,,11900,92,1.5,False,False,"variant-gamma_m1 (v1.1-frozen + mu_surf_gamma=-1; robustness study v1.3, 423 K only)"
C0286_T423,manual,0,C0286,C0286,423.0,0.9995370801538228,0.8209795903414489,-948641087859.869,1.0819995239377025,b5eb236b1bc4,0d66397d18c3,5e1d50a6e395,0,True,0,30.77,2.9721081780652234,3.2484398216963295,150.78677954346676,0.010821401098773975,1.689790157965044e-13,ae73669,2026-10-04T00:23:03+00:00,2.976731690702019,151.3721779949061,True,0.0031843846161906364,3.5,3.2484398216963295,0.21093583134014812,5.0,9.570174513973129e-13,True,True,-2.5256922017997554,-2.3173445083396804,-2.220030540898412,-2.160463113186325,-2.1191377297602054,-2.0640428561843325,-2.027926838462432,-2.0018233523388456,-1.9817720046136666,-1.9657165053965093,-1.9524680093343691,,10964,93,1.5,False,False,"variant-gamma_m1 (v1.1-frozen + mu_surf_gamma=-1; robustness study v1.3, 423 K only)"
C0287_T423,manual,0,C0287,C0287,423.0,1.0870710771530867,1.148136343434453,-1116775120608.5083,0.9891536809504032,133acd1ef858,0d66397d18c3,5e1d50a6e395,0,True,0,37.293,4.21759502648676,3.468107897816158,160.96560154558694,0.010148419491511677,1.6897901579650446e-13,ae73669,2026-10-04T00:50:42+00:00,4.223049150840692,161.40871352803578,True,0.0026521433972801958,4.75,3.468107897816158,0.19631899003566528,5.0,1.8145762497802502e-12,True,True,-5.084799476938513,-2.7018677142178906,-2.4148305910469365,-2.29207163461528,-2.2187113106741654,-2.130975428222687,-2.078134364151173,-2.0417717446425385,-2.014739726413803,-1.9936015892347618,-1.9764714899838327,,10379,93,1.5,False,False,"variant-gamma_m1 (v1.1-frozen + mu_surf_gamma=-1; robustness study v1.3, 423 K only)"
C0288_T423,manual,0,C0288,C0288,423.0,1.0768002089112998,0.991148891299963,-1294047262519.598,0.8085161767899991,de9492606518,0d66397d18c3,5e1d50a6e395,0,True,0,48.239,4.265595972104818,3.677819985459811,156.5636002124583,0.009574381193849004,1.6897901579650446e-13,ae73669,2026-10-04T00:27:52+00:00,4.271285080403401,157.0937696663721,True,0.0024116133060604087,4.75,3.677819985459811,0.1847104935021027,5.0,2.2252698250558777e-12,True,True,-5.365032755164182,-2.7658854363549072,-2.461533715509029,-2.3328133133337263,-2.2559975804484056,-2.1640178347774186,-2.108433217786747,-2.0700335158920717,-2.041377675552522,-2.018889285534924,-2.0006047382188954,,10496,92,1.5,False,False,"variant-gamma_m1 (v1.1-frozen + mu_surf_gamma=-1; robustness study v1.3, 423 K only)"
C0289_T423,manual,0,C0289,C0289,423.0,0.9893275301903486,1.0655652701854703,-642462934367.3586,1.1125455707311631,b0e3636a3b86,0d66397d18c3,5e1d50a6e395,0,True,0,36.215,2.9108074831311503,3.3019122690101894,158.3906985518862,0.010650908342129088,1.6897901579650446e-13,ae73669,2026-10-04T00:24:46+00:00,2.923804362596729,158.84520366116183,True,0.0028905439971350384,3.5,3.3019122690101894,0.2070267844801841,5.0,1.362776211322192e-12,True,True,-2.53504589598878,-2.333779669982065,-2.2360556037408656,-2.1751713039076557,-2.1325147173493852,-2.0752314215287946,-2.0375261462247134,-2.0102594843749135,-1.989336818324719,-1.9726133526804273,-1.9588422423351626,,10964,93,1.5,False,False,"variant-gamma_m1 (v1.1-frozen + mu_surf_gamma=-1; robustness study v1.3, 423 K only)"
C0290_T423,manual,0,C0290,C0290,423.0,0.8369565732777119,0.8081490091979504,-1058175279758.8706,0.9456980746239424,cf829e2e9235,0d66397d18c3,5e1d50a6e395,0,True,0,41.769,3.1996920441157135,3.5226892792547493,150.60523414523232,0.00998652329849867,1.6897901579650446e-13,ae73669,2026-10-04T00:26:45+00:00,3.208153065496277,151.1638321919867,True,0.0028565817147915926,3.75,3.5226892792547493,0.19380699537279716,5.0,8.321151150210263e-13,True,True,-2.656865454186498,-2.3878152538054427,-2.2749098051229826,-2.208413626939787,-2.1632226648769057,-2.1039883673017066,-2.0657002861609506,-2.038258713324376,-2.0172989641925323,-2.000585680450362,-1.986838665584951,,11900,93,1.5,False,False,"variant-gamma_m1 (v1.1-frozen + mu_surf_gamma=-1; robustness study v1.3, 423 K only)"
C0291_T423,manual,0,C0291,C0291,423.0,1.1494837068021295,1.135282930731773,-882237330079.0786,1.0254581708461046,8365b47c5b30,0d66397d18c3,5e1d50a6e395,0,True,0,45.567,3.640324225939095,3.345493485867787,160.532660198624,0.010515748814512602,1.6897901579650449e-13,ae73669,2026-10-04T00:46:57+00:00,3.655651640212506,160.7987360096006,True,0.002697625774204215,4.0,3.345493485867787,0.2039604458326092,5.0,1.7941181810731617e-12,True,True,-3.047383763666829,-2.4868886028590733,-2.322643510775628,-2.233957954185615,-2.1759891528469333,-2.102193836899193,-2.0556097098628694,-2.0227074181846354,-1.997836295347438,-1.9781597962604236,-1.9620758479277731,,10145,91,1.5,False,False,"variant-gamma_m1 (v1.1-frozen + mu_surf_gamma=-1; robustness study v1.3, 423 K only)"
C0292_T423,manual,0,C0292,C0292,423.0,1.1792623843997716,0.8518618941307068,-515125789679.5869,1.0535942174494266,f03418381b46,0d66397d18c3,5e1d50a6e395,0,True,0,33.603,2.058000306764946,3.1266312816120574,151.85933668335838,0.011239390386844423,1.6897901579650449e-13,ae73669,2026-10-04T00:48:13+00:00,2.0726111391184556,152.1455859838659,True,0.0031460277729306683,2.5,3.1266312816120574,0.21948716317841338,5.0,1.2301212781922822e-12,True,True,-2.3345149853197955,-2.2290070369446036,-2.164957884165658,-2.1206755876744277,-2.0876497440194712,-2.0407180647656227,-2.0082162431816326,-1.9839152803522373,-1.9648125336692097,-1.9492572438211715,-1.9362554727124637,,9911,92,1.5,False,False,"variant-gamma_m1 (v1.1-frozen + mu_surf_gamma=-1; robustness study v1.3, 423 K only)"
C0293_T423,manual,0,C0293,C0293,423.0,0.8917466949671508,1.1790218077600003,-1425317147746.682,0.9737845733761789,f427252de195,0d66397d18c3,5e1d50a6e395,0,True,0,53.742,5.005611199877832,3.707124227451292,161.8318012516866,0.00950161149189383,1.6897901579650446e-13,ae73669,2026-10-04T00:30:25+00:00,5.007680797031964,162.41165110010903,True,0.0025951463423320043,5.5,3.707124227451292,0.18294610390356747,5.0,1.642518297033315e-12,True,True,-9.87547309604832,-4.023479603135479,-2.6212040330791924,-2.3960065325139053,-2.2891164376786834,-2.1767170295444354,-2.114769234015738,-2.074079110193786,-2.0447055795219318,-2.022202731270649,-2.004243487480063,,11432,92,1.5,False,False,"variant-gamma_m1 (v1.1-frozen + mu_surf_gamma=-1; robustness study v1.3, 423 K only)"
C0294_T423,manual,0,C0294,C0294,423.0,0.9316062070429324,0.9473875552415848,-775351880118.2509,1.1906281974166633,15f5559bdfbf,0d66397d18c3,5e1d50a6e395,0,True,0,36.842,2.913753133778155,3.2538529385060664,154.703104239226,0.010805215046747233,1.689790157965044e-13,ae73669,2026-10-04T00:50:03+00:00,2.926182677215879,155.25728223055825,True,0.003141634611580667,3.5,3.2538529385060664,0.21039157248720639,5.0,1.4553535514303523e-12,True,True,-2.5034228209921214,-2.3072909858671804,-2.2136522163451975,-2.155870281185647,-2.115639461147106,-2.0619185783117935,-2.026724996378957,-2.0013417482198195,-1.9818949350257022,-1.966366585311392,-1.9535881388830776,,11315,93,1.5,False,False,"variant-gamma_m1 (v1.1-frozen + mu_surf_gamma=-1; robustness study v1.3, 423 K only)"
C0295_T423,manual,0,C0295,C0295,423.0,1.0440903298556805,1.0217779509723186,-1161188659258.1868,0.8866499695926905,dd52b025c563,0d66397d18c3,5e1d50a6e395,0,True,0,50.695,4.026532181282152,3.5725813794191486,157.39872985413095,0.00985309358139819,1.6897901579650443e-13,ae73669,2026-10-04T00:28:33+00:00,4.035298816050969,157.87554796661396,True,0.0025614228349136303,4.5,3.5725813794191486,0.1904645257598166,5.0,2.0030761474539197e-12,True,True,-4.11461700082928,-2.6340506553867207,-2.402407821545424,-2.2926180636985305,-2.2245717631747497,-2.141127681313495,-2.089880625931733,-2.0542023249139656,-2.027463797381198,-2.0064273924064726,-1.989297253886305,,10613,92,1.5,False,False,"variant-gamma_m1 (v1.1-frozen + mu_surf_gamma=-1; robustness study v1.3, 423 K only)"
C0296_T423,manual,0,C0296,C0296,423.0,1.0028134878724813,0.8497866526246072,-867528751492.5002,0.9965532802045344,c4e1df31c4cf,0d66397d18c3,5e1d50a6e395,0,True,0,46.544,2.874325325448596,3.329844837170345,151.8612255920706,0.01055976571124848,1.689790157965044e-13,ae73669,2026-10-04T00:28:00+00:00,2.891148822281387,152.11491669651943,True,0.002960086050042999,3.25,3.329844837170345,0.2054972271302259,5.0,1.5153912960601771e-12,True,True,-2.5218643422272278,-2.329378861382591,-2.2347679765175132,-2.1755665164048676,-2.1339680468987847,-2.0778946787542933,-2.040793339608,-2.0138275462977955,-1.9930369855560097,-1.9763457173553043,-1.9625454226267587,,10964,93,1.5,False,False,"variant-gamma_m1 (v1.1-frozen + mu_surf_gamma=-1; robustness study v1.3, 423 K only)"
C0297_T423,manual,0,C0297,C0297,423.0,0.915242962166667,1.1195245929062367,-1192024244926.87,1.0761686116456983,202277250754,0d66397d18c3,5e1d50a6e395,0,True,0,50.037,4.317747414560387,3.500279999548355,160.01478559714621,0.010055158741715467,1.6897901579650446e-13,ae73669,2026-10-04T00:29:24+00:00,4.333062121359796,160.27877225332,True,0.0028572356237686076,4.75,3.500279999548355,0.19452785952285162,5.0,1.2653858787063941e-12,True,True,-5.677930609398679,-2.733393332955754,-2.4120837593297444,-2.285866238955301,-2.2127802662687643,-2.127379139061397,-2.0769164859625397,-2.0425920729156672,-2.0172816420286566,-1.9976110687662063,-1.9817485074001762,,11432,92,1.5,False,False,"variant-gamma_m1 (v1.1-frozen + mu_surf_gamma=-1; robustness study v1.3, 423 K only)"
C0298_T423,manual,0,C0298,C0298,423.0,0.8614071615040303,0.9511717841029168,-608221079222.8579,0.8586375337094069,b218a8692f44,0d66397d18c3,5e1d50a6e395,0,True,0,54.078,2.56476138192842,3.62440627865766,155.2776964985137,0.009710751697850907,1.6897901579650449e-13,ae73669,2026-10-04T00:29:54+00:00,2.5809600999824927,155.57474591182253,True,0.002550967266690905,3.0,3.62440627865766,0.18791753038199033,5.0,1.298000335686611e-12,True,True,-2.504125197190578,-2.351505598689167,-2.267427685847506,-2.2120266002644295,-2.1719119143921453,-2.116438369412966,-2.078962568127021,-2.0514043477309967,-2.0300052636142065,-2.0127471505664536,-1.9984354199283516,,11666,92,1.5,False,False,"variant-gamma_m1 (v1.1-frozen + mu_surf_gamma=-1; robustness study v1.3, 423 K only)"
C0299_T423,manual,0,C0299,C0299,423.0,1.1738368295133117,1.07985914722085,-1455242004245.5195,1.163983567431569,daf8b9c30be9,0d66397d18c3,5e1d50a6e395,0,True,0,45.085,4.826970130803692,3.2680889147924534,158.75271638334766,0.010763196424601147,1.6897901579650446e-13,ae73669,2026-10-04T00:28:04+00:00,4.8426746197913495,158.94628420063927,True,0.0030919008675538736,5.25,3.2680889147924534,0.20893378014274205,5.0,2.5196164597434635e-12,True,True,-8.872465824226792,-3.3866499019868055,-2.494282823176299,-2.306706762230026,-2.21260082720849,-2.111108980858273,-2.0542423537784362,-2.0165451728661243,-1.989153313808698,-1.9680587339284288,-1.951149069162838,,9911,92,1.5,False,False,"variant-gamma_m1 (v1.1-frozen + mu_surf_gamma=-1; robustness study v1.3, 423 K only)"
C0300_T423,manual,0,C0300,C0300,423.0,1.1036155071109532,0.9073841936886312,-1088130709715.1876,1.142119602113962,cef879906287,0d66397d18c3,5e1d50a6e395,0,True,0,45.45,3.5354507350627196,3.193744616542044,153.51010136349097,0.011007142305119894,1.689790157965045e-13,ae73669,2026-10-04T00:27:52+00:00,3.54587934305263,153.87636757439705,True,0.0032437243904657872,4.0,3.193744616542044,0.21447884954586632,5.0,1.984555152644864e-12,True,True,-2.860029104021854,-2.406546634888928,-2.2627619851907945,-2.1844389968878866,-2.133194547773929,-2.06799069817793,-2.02684161465491,-1.9977616989534213,-1.9757566267024955,-1.9583254187402694,-1.9440579922916228,,10262,92,1.5,False,False,"variant-gamma_m1 (v1.1-frozen + mu_surf_gamma=-1; robustness study v1.3, 423 K only)"
C0301_T423,manual,0,C0301,C0301,423.0,0.8161972831934691,1.0360973551869392,-975363193079.8292,0.8367240205407143,a4be825f8fad,0d66397d18c3,5e1d50a6e395,0,True,0,44.13,3.6367315834650245,3.8120246726189486,157.89394977000137,0.009239834030096164,1.6897901579650443e-13,ae73669,2026-10-04T00:26:36+00:00,3.653585159265276,158.04199431228406,True,0.0023729376313829193,4.0,3.8120246726189486,0.17798425786538588,5.0,7.876732212531778e-13,True,True,-3.081756003732169,-2.5415214493591063,-2.3786470647021307,-2.290201514488903,-2.232274371217967,-2.1584542229034223,-2.1118321026320124,-2.0789026884599027,-2.054016636529498,-2.03433582969556,-2.0182563820821713,,12017,91,1.5,False,False,"variant-gamma_m1 (v1.1-frozen + mu_surf_gamma=-1; robustness study v1.3, 423 K only)"
C0302_T423,manual,0,C0302,C0302,423.0,0.9575216390192508,0.8935250319540501,-1324913421645.7605,1.0042512502521277,7fde762ae162,0d66397d18c3,5e1d50a6e395,0,True,0,34.385,4.0576904250532655,3.447417630203543,153.23523535619455,0.010204792330458873,1.6897901579650449e-13,ae73669,2026-10-04T00:23:38+00:00,4.072424960201639,153.51618281355474,True,0.0029540226532149285,4.5,3.447417630203543,0.19798071753254742,5.0,2.033089412699513e-12,True,True,-4.270056031066513,-2.591916451616111,-2.3602111909521426,-2.2547427088110568,-2.1906827077871416,-2.1134113210763026,-2.0665918515337514,-2.034243912840457,-2.0101167770623913,-1.9911958288365392,-1.9758237515388806,,11081,92,1.5,False,False,"variant-gamma_m1 (v1.1-frozen + mu_surf_gamma=-1; robustness study v1.3, 423 K only)"
C0303_T423,manual,0,C0303,C0303,423.0,1.070103608816862,1.163237176835537,-734670379199.0876,0.924687084928155,ed87adb54e67,0d66397d18c3,5e1d50a6e395,0,True,0,36.442,3.372263514960985,3.4982127703689456,161.45762146965814,0.010061042276000975,1.6897901579650446e-13,ae73669,2026-10-04T00:51:19+00:00,3.389326814981681,161.4284834259738,True,0.002493398242378174,3.75,3.4982127703689456,0.19464510853977976,5.0,1.1757261830780408e-12,True,True,-2.8157611105395772,-2.4633313237610546,-2.325895229074181,-2.2459361356752607,-2.191749903342513,-2.120798290317193,-2.074990332992841,-2.042216010593339,-2.0172347359589957,-1.9973570261122386,-1.981040481568273,,10496,92,1.5,False,False,"variant-gamma_m1 (v1.1-frozen + mu_surf_gamma=-1; robustness study v1.3, 423 K only)"
C0304_T423,manual,0,C0304,C0304,423.0,1.0524846993386745,0.8815349649637938,-1237735923379.6597,1.181917878612876,a5a75213b1d2,0d66397d18c3,5e1d50a6e395,0,True,0,45.924,3.8084852352894862,3.2015911636364502,152.63686833280542,0.010980081109852427,1.6897901579650443e-13,ae73669,2026-10-04T00:28:38+00:00,3.8226922110715207,152.7568464168465,True,0.003353739102012053,4.25,3.2015911636364502,0.21396632027697113,5.0,1.6308719531731753e-12,True,True,-3.312921471506625,-2.4608020152698553,-2.2829051676171184,-2.1944341139931485,-2.138893290891045,-2.070391119971923,-2.0282052313812935,-1.9988031481238135,-1.9767525468548133,-1.959394451741006,-1.9452528338530979,,10496,92,1.5,False,False,"variant-gamma_m1 (v1.1-frozen + mu_surf_gamma=-1; robustness study v1.3, 423 K only)"
C0305_T423,manual,0,C0305,C0305,423.0,0.9650057263672353,1.1618000764399767,-827676768414.6761,0.8892170403152705,3af0ec38756c,0d66397d18c3,5e1d50a6e395,0,True,0,34.436,3.5884914950130087,3.6356502686784946,161.46720469626828,0.009684560429594563,1.6897901579650446e-13,ae73669,2026-10-04T00:25:20+00:00,3.6060314719453013,161.56628160745922,True,0.0024382278596439553,4.0,3.6356502686784946,0.18692554697029828,5.0,1.1517371599067784e-12,True,True,-3.02097386594541,-2.522699575276526,-2.3629098022620556,-2.2745992355860243,-2.2162137425082706,-2.141225983764458,-2.0935637436523296,-2.059778565260051,-2.0341884526306,-2.0139200865952422,-1.9973422844618176,,11081,92,1.5,False,False,"variant-gamma_m1 (v1.1-frozen + mu_surf_gamma=-1; robustness study v1.3, 423 K only)"
C0306_T423,manual,0,C0306,C0306,423.0,0.8110783319920302,0.9176530819386244,-1474586470983.9224,1.0689516700804234,c1cd4c071b9a,0d66397d18c3,5e1d50a6e395,0,True,0,45.3,4.465529969820932,3.554698235980515,153.9522887452953,0.00990050798529449,1.6897901579650446e-13,ae73669,2026-10-04T00:27:30+00:00,4.47117762972284,154.51446663107794,True,0.0029798061755356565,5.0,3.554698235980515,0.19165474854866563,5.0,8.438508995909292e-13,True,True,-6.6653415295543015,-2.8159918057020694,-2.4215857595640538,-2.2871504043590623,-2.212779421219189,-2.128481887720544,-2.0797536743187135,-2.0469704277529086,-2.0229450046516875,-2.004342521609479,-1.9893768202201982,,11900,93,1.5,False,False,"variant-gamma_m1 (v1.1-frozen + mu_surf_gamma=-1; robustness study v1.3, 423 K only)"
C0307_T423,manual,0,C0307,C0307,423.0,1.1235995527356863,1.0389626670628789,-586923763155.9373,0.9520826235413552,9cde0f33d777,0d66397d18c3,5e1d50a6e395,0,True,0,47.153,2.7305903344919877,3.354690613873387,157.82603118862625,0.010485155806613121,1.6897901579650449e-13,ae73669,2026-10-04T00:47:44+00:00,2.7339756861586766,158.29894391050198,True,0.002675984102067817,3.25,3.354690613873387,0.20359459272339228,5.0,1.1345212963531637e-12,True,True,-2.520285809091684,-2.343779284009292,-2.2508254011068445,-2.1907237319804143,-2.1476565150198206,-2.088610938403538,-2.048999787249648,-2.0199883410169415,-1.997517672883534,-1.9794251116507526,-1.964437487741769,,10145,93,1.5,False,False,"variant-gamma_m1 (v1.1-frozen + mu_surf_gamma=-1; robustness study v1.3, 423 K only)"
C0308_T423,manual,0,C0308,C0308,423.0,1.1531966380774974,0.9738916475325824,-954187639988.9587,0.930192730948329,bf37ac4594d0,0d66397d18c3,5e1d50a6e395,0,True,0,37.5,3.419574314934399,3.389529925260361,155.8627746120178,0.010378647556250948,1.689790157965044e-13,ae73669,2026-10-04T00:48:51+00:00,3.4324081437766165,156.3086790234045,True,0.0026400217073882246,4.0,3.389529925260361,0.20138289175916743,5.0,1.198676574665214e-12,True,True,-2.821927356544935,-2.4466397580433137,-2.30734644902392,-2.2276546726674944,-2.174122958385879,-2.1044842657239324,-2.0597056591768044,-2.0277007081254523,-2.0032971523994507,-1.983859235805968,-1.9678822553603723,,10028,93,1.5,False,False,"variant-gamma_m1 (v1.1-frozen + mu_surf_gamma=-1; robustness study v1.3, 423 K only)"
C0309_T423,manual,0,C0309,C0309,423.0,0.8656624473631382,1.0951754342764617,-1107352802529.9312,1.047112937644124,65440b0797c8,0d66397d18c3,5e1d50a6e395,0,True,0,54.368,4.0661116531431105,3.550923389362737,159.3599144430391,0.009912705119817131,1.6897901579650449e-13,ae73669,2026-10-04T00:31:20+00:00,4.0814243023466945,159.5371208049201,True,0.002813397390776901,4.5,3.550923389362737,0.19167215311493682,5.0,2.0428678803898545e-12,True,True,-4.301583949689704,-2.6145991506691946,-2.3788650831643476,-2.271505615828856,-2.2062337919546606,-2.127515938699251,-2.079929017600349,-2.047165531955726,-2.0228231907740835,-2.0038078128916887,-1.9884169622712538,,11666,92,1.5,False,False,"variant-gamma_m1 (v1.1-frozen + mu_surf_gamma=-1; robustness study v1.3, 423 K only)"
C0310_T423,manual,0,C0310,C0310,423.0,0.9071028124541044,0.8252479542046786,-694940177723.7654,0.8173744343221188,cc1a25ae9c37,0d66397d18c3,5e1d50a6e395,0,True,0,33.881,2.4201269121320657,3.5744183896425663,151.36315741263766,0.00984309042878849,1.6897901579650443e-13,ae73669,2026-10-04T00:50:37+00:00,2.433519817048826,152.06421985873354,True,0.002527054342900039,3.0,3.5744183896425663,0.19090098622873972,5.0,9.96125057439734e-13,True,True,-2.464765429901216,-2.3284038318835965,-2.2507814295305026,-2.198826578991976,-2.1608350258968745,-2.107785757537957,-2.071595549648777,-2.0447859249717837,-2.023843474606421,-2.0068685249985827,-1.9927304901067753,,11432,93,1.5,False,False,"variant-gamma_m1 (v1.1-frozen + mu_surf_gamma=-1; robustness study v1.3, 423 K only)"
C0311_T423,manual,0,C0311,C0311,423.0,1.0195688154548406,1.1055388610810042,-1370502737350.762,1.110025730729103,bce8821ecb7e,0d66397d18c3,5e1d50a6e395,0,True,0,49.013,4.695982671408212,3.4093310359521047,159.56501921881227,0.010321198749071395,1.6897901579650446e-13,ae73669,2026-10-04T00:29:22+00:00,4.704442161721003,160.25873593437834,True,0.002898594728841467,5.25,3.4093310359521047,0.1999149513185623,5.0,1.8328363355509016e-12,True,True,-8.011660205421004,-3.112937740727357,-2.4783095971803477,-2.310860661555118,-2.222936515770216,-2.125859479736339,-2.0706634523666145,-2.03383466760972,-2.0069843472385585,-1.9862698589226875,-1.9696494452266524,,10847,93,1.5,False,False,"variant-gamma_m1 (v1.1-frozen + mu_surf_gamma=-1; robustness study v1.3, 423 K only)"
C0312_T423,manual,0,C0312,C0312,423.0,1.027325912564993,0.9275783125311136,-662303075194.3589,1.0200526382774115,149d844a35a7,0d66397d18c3,5e1d50a6e395,0,True,0,46.449,2.611897183539004,3.3025349725547324,154.30612515441567,0.010647220436095573,1.6897901579650443e-13,ae73669,2026-10-04T00:28:46+00:00,2.6290516652433724,154.23497209651455,True,0.0029222546024170997,3.0,3.3025349725547324,0.20716923576630686,5.0,1.5896592905049314e-12,True,True,-2.4585385328198295,-2.303187862765394,-2.2196258041943984,-2.165222027837134,-2.126117502400543,-2.072388895362681,-2.0362848354967573,-2.0098141519000103,-1.9892952015618492,-1.972763754368089,-1.9590625098198218,,10730,91,1.5,False,False,"variant-gamma_m1 (v1.1-frozen + mu_surf_gamma=-1; robustness study v1.3, 423 K only)"
C0313_T423,manual,0,C0313,C0313,423.0,0.9397494740784168,1.0031588818877937,-1276160045526.922,0.902547112479806,058d0e12e328,0d66397d18c3,5e1d50a6e395,0,True,0,53.647,4.244548338998603,3.637748519063003,156.81155806671566,0.009678027809024775,1.6897901579650443e-13,ae73669,2026-10-04T00:30:18+00:00,4.2455231544127106,157.41018142202734,True,0.0025884665400255445,4.75,3.637748519063003,0.18692276774085573,5.0,2.127272638798107e-12,True,True,-5.256245428032432,-2.725912841561772,-2.432912763458842,-2.309710649218376,-2.2366189287504605,-2.1496742758110896,-2.0975076985739842,-2.061665170908517,-2.0350349359286346,-2.014213134315775,-1.9973374728611353,,11198,91,1.5,False,False,"variant-gamma_m1 (v1.1-frozen + mu_surf_gamma=-1; robustness study v1.3, 423 K only)"
C0314_T423,manual,0,C0314,C0314,423.0,0.8874822359532119,0.873074958100915,-922585303895.1754,1.132184097915888,cb6894c17110,0d66397d18c3,5e1d50a6e395,0,True,0,52.322,3.0573142018826607,3.3206233316985467,152.4350341792804,0.010589112181787272,1.689790157965045e-13,ae73669,2026-10-04T00:30:46+00:00,3.071573363219249,152.7134535570921,True,0.0032381339990029787,3.5,3.3206233316985467,0.2060643356393951,5.0,2.607285336065085e-12,True,True,-2.556907104209784,-2.330644713841271,-2.2295226647047435,-2.1687183337843026,-2.126976743135392,-2.071871825761393,-2.036091355864147,-2.0104068665563584,-1.9907834029162925,-1.975140450724814,-1.9622815079548244,,11549,92,1.5,False,False,"variant-gamma_m1 (v1.1-frozen + mu_surf_gamma=-1; robustness study v1.3, 423 K only)"
C0315_T423,manual,0,C0315,C0315,423.0,1.1999056097120049,1.1959440883249044,-1011967774480.5812,0.8405103638768197,56e5af793bb5,0d66397d18c3,5e1d50a6e395,0,True,0,44.305,4.099075740309405,3.611267828030827,162.48574934788863,0.00975160303341498,1.6897901579650449e-13,ae73669,2026-10-04T00:28:49+00:00,4.117095970671134,162.62750829302064,True,0.0023206801991267414,4.5,3.611267828030827,0.18800291359329302,5.0,2.507215871675449e-12,True,True,-4.440620282486515,-2.6988907979387373,-2.443024773202937,-2.323467255419674,-2.249420780596657,-2.1584356913614164,-2.1024040894631306,-2.0633250312726377,-2.034006002953662,-2.010923986215182,-1.992120033548901,,9677,92,1.5,False,False,"variant-gamma_m1 (v1.1-frozen + mu_surf_gamma=-1; robustness study v1.3, 423 K only)"
C0316_T423,manual,0,C0316,C0316,423.0,1.1295026950538158,0.8168134298175573,-1379231897182.7627,0.8686204593628646,7b9f6fa78197,0d66397d18c3,5e1d50a6e395,0,True,0,44.288,3.9774078875754406,3.455978475608211,150.99279669365296,0.010179285946441323,1.6897901579650446e-13,ae73669,2026-10-04T00:28:36+00:00,3.981455393737411,151.62024115147875,True,0.0027419534998796634,4.5,3.455978475608211,0.1975254318730639,5.0,8.673894935640192e-13,True,True,-3.9037209248636415,-2.5850710409264166,-2.368109763183321,-2.2643196009679505,-2.1999028975196193,-2.120821996818255,-2.072126566169485,-2.0381025322798902,-2.012502887015986,-1.9922826856924623,-1.9757544939021368,,10145,93,1.5,False,False,"variant-gamma_m1 (v1.1-frozen + mu_surf_gamma=-1; robustness study v1.3, 423 K only)"
C0317_T423,manual,0,C0317,C0317,423.0,0.8420663513243198,1.1396565679460764,-555351881310.3438,1.1603453535586596,be5d91c6e90e,0d66397d18c3,5e1d50a6e395,0,True,0,39.081,2.881017235221377,3.40833066086563,160.4903700961844,0.010322336876219149,1.6897901579650443e-13,ae73669,2026-10-04T00:27:15+00:00,2.896390148174143,160.47570152625835,True,0.002930342870077379,3.25,3.40833066086563,0.20018292961882453,5.0,2.0410897421911032e-12,True,True,-2.5266018765446736,-2.333426480092602,-2.2391638422705986,-2.180424615707328,-2.139311855935554,-2.0842196576232856,-2.0480772480149994,-2.02202745338383,-2.0021015906968516,-1.9862219715501515,-1.9731818490197712,,11783,91,1.5,False,False,"variant-gamma_m1 (v1.1-frozen + mu_surf_gamma=-1; robustness study v1.3, 423 K only)"
C0318_T423,manual,0,C0318,C0318,423.0,0.981846560165286,0.9837906356900932,-1143423685804.0095,0.9807045184075832,97e23e84b916,0d66397d18c3,5e1d50a6e395,0,True,0,34.543,3.879458043351922,3.4751535939724327,156.0793441211763,0.01012533834351864,1.689790157965045e-13,ae73669,2026-10-04T00:24:12+00:00,3.895971040102828,156.31071379527873,True,0.0027508051051913793,4.25,3.4751535939724327,0.19619491183217,5.0,2.32414043839678e-12,True,True,-3.5520472443534863,-2.550177215443348,-2.3531637668488927,-2.255497409897393,-2.1940659636848245,-2.1180885043094255,-2.071185928043652,-2.0384621714993827,-2.013913218524474,-1.9945904556917575,-1.9788530579568173,,11081,91,1.5,False,False,"variant-gamma_m1 (v1.1-frozen + mu_surf_gamma=-1; robustness study v1.3, 423 K only)"
C0319_T423,manual,0,C0319,C0319,423.0,1.094410028681159,1.0593971882015467,-795070120133.4596,1.0981605023145675,119db6a42ebe,0d66397d18c3,5e1d50a6e395,0,True,0,39.105,3.2509361867761553,3.2625407836075597,158.23993196567153,0.010778794672537789,1.6897901579650449e-13,ae73669,2026-10-04T00:51:58+00:00,3.25128685016345,158.75188570114628,True,0.002970288991610179,3.75,3.2625407836075597,0.20957751556882076,5.0,2.516849311923484e-12,True,True,-2.678370881074944,-2.382937414853923,-2.2615415453679613,-2.1901870304472157,-2.141683283764166,-2.0780968674761247,-2.0370314739546647,-2.007649619651468,-1.9852529101482421,-1.96742980096122,-1.952797696558965,,10379,92,1.5,False,False,"variant-gamma_m1 (v1.1-frozen + mu_surf_gamma=-1; robustness study v1.3, 423 K only)"
C0320_T423,manual,0,C0320,C0320,423.0,1.0985282126814129,0.9438422407954932,-1178267312236.1304,0.9048875156790018,c6255a0ef56a,0d66397d18c3,5e1d50a6e395,0,True,0,45.509,3.8629558014867014,3.473240268245131,154.98634664581513,0.01013093430066417,1.689790157965044e-13,ae73669,2026-10-04T00:29:24+00:00,3.88071331383525,154.81588029809902,True,0.0026621578188689315,4.25,3.473240268245131,0.19630240224882747,5.0,1.1857708967071384e-12,True,True,-3.507552863928889,-2.5596203088941274,-2.362881456439701,-2.2639061132586003,-2.2011623067287984,-2.1230002838492634,-2.0744021608173924,-2.0403157182860383,-2.014635735699364,-1.9943505010452354,-1.9777781460924737,,10379,91,1.5,False,False,"variant-gamma_m1 (v1.1-frozen + mu_surf_gamma=-1; robustness study v1.3, 423 K only)"
C0321_T423,manual,0,C0321,C0321,423.0,0.9859574038535356,1.0244933966547252,-760195745155.2152,1.0223936196416616,c41f87c48408,0d66397d18c3,5e1d50a6e395,0,True,0,38.237,3.0900862083208627,3.388116516117828,157.2964237402702,0.010382380822632773,1.6897901579650443e-13,ae73669,2026-10-04T00:25:59+00:00,3.107127897128172,157.34704972172952,True,0.0028341713861154793,3.5,3.388116516117828,0.20152828580923643,5.0,1.756733397364928e-12,True,True,-2.619387852678386,-2.3760526640280486,-2.2661386755089348,-2.1994364923302956,-2.1533388861185236,-2.0920957314454434,-2.0521130745170773,-2.0233243644672814,-2.0012890458094788,-1.9837030453729134,-1.9692353718232196,,11081,92,1.5,False,False,"variant-gamma_m1 (v1.1-frozen + mu_surf_gamma=-1; robustness study v1.3, 423 K only)"
C0322_T423,manual,0,C0322,C0322,423.0,0.8399343952536583,0.8553583975881338,-1406262421980.5002,0.8428505703806878,d234f59145bd,0d66397d18c3,5e1d50a6e395,0,True,0,41.835,4.154680316077227,3.738394263257776,152.2925732399414,0.009417728425230962,1.6897901579650443e-13,ae73669,2026-10-04T00:28:12+00:00,4.169845395379181,152.51361711020382,True,0.0025585184961226214,4.5,3.738394263257776,0.18190630451123788,5.0,2.149725220057744e-12,True,True,-4.770304535146187,-2.678012045221846,-2.418829016228591,-2.30499666624375,-2.2366576710708785,-2.154798280916792,-2.1054114626381857,-2.071347746926993,-2.04595888211034,-2.026053837266002,-2.0098832629315675,,11783,93,1.5,False,False,"variant-gamma_m1 (v1.1-frozen + mu_surf_gamma=-1; robustness study v1.3, 423 K only)"
C0323_T423,manual,0,C0323,C0323,423.0,1.1273637741804123,1.1762575183063744,-528290593065.3214,1.1345252521336078,af06fe65aefc,0d66397d18c3,5e1d50a6e395,0,True,0,46.148,2.904221944090826,3.216472483586239,161.60266158727583,0.010932447171809247,1.6897901579650449e-13,ae73669,2026-10-04T00:48:31+00:00,2.9177239501427374,161.79458638528354,True,0.002860927528743674,3.5,3.216472483586239,0.21263773033712474,5.0,1.5214237897959965e-12,True,True,-2.536632628344958,-2.3331207312244366,-2.2334091807284198,-2.1709482614690883,-2.1270251415963974,-2.067834429697237,-2.028753367525936,-2.0004390153739955,-1.9786855694515377,-1.9612826125924963,-1.946942084663462,,10145,93,1.5,False,False,"variant-gamma_m1 (v1.1-frozen + mu_surf_gamma=-1; robustness study v1.3, 423 K only)"
C0324_T423,manual,0,C0324,C0324,423.0,1.1946439657360317,0.8115952674299479,-895432233810.4248,1.1564418662339448,f01684d01782,0d66397d18c3,5e1d50a6e395,0,True,0,32.744,2.8157011110518857,3.0616313493740557,150.42753432424988,0.011475800933762806,1.689790157965044e-13,ae73669,2026-10-04T00:49:24+00:00,2.830861652828148,150.43234622472968,True,0.003429818569760074,3.25,3.0616313493740557,0.2243587028201962,5.0,1.9191311456628117e-12,True,True,-2.453172859209452,-2.273802266834568,-2.184812219007125,-2.1289708252403967,-2.0896761706556872,-2.036630629291931,-2.001470848899545,-1.9758743162292247,-1.9561087323210202,-1.9402169938974734,-1.927059565725633,,9794,92,1.5,False,False,"variant-gamma_m1 (v1.1-frozen + mu_surf_gamma=-1; robustness study v1.3, 423 K only)"
C0325_T423,manual,0,C0325,C0325,423.0,0.8822260309010744,1.1324716474860907,-1039151608012.6168,0.8647175382822753,4b5df95db3d8,0d66397d18c3,5e1d50a6e395,0,True,0,52.551,4.0138783810678245,3.767097160199402,160.67234136268604,0.00935031130059494,1.689790157965045e-13,ae73669,2026-10-04T00:32:13+00:00,4.018868838418263,161.23664356975866,True,0.0024007351621958594,4.5,3.767097160199402,0.1800584454662091,5.0,2.0139058580721497e-12,True,True,-4.0576355668910296,-2.65422684437137,-2.4253155475850554,-2.3158040620395735,-2.247684911730228,-2.1640012599297687,-2.1126083006316136,-2.076878825979936,-2.0501542245781255,-2.029173929888977,-2.01212680499232,,11549,92,1.5,False,False,"variant-gamma_m1 (v1.1-frozen + mu_surf_gamma=-1; robustness study v1.3, 423 K only)"
C0326_T423,manual,0,C0326,C0326,423.0,0.9407375946640968,0.9875561568886042,-627337853424.2511,1.0942568063735962,e905389739b5,0d66397d18c3,5e1d50a6e395,0,True,0,37.015,2.6822284965186665,3.3216794728156045,156.04947425414727,0.010587039632354644,1.6897901579650449e-13,ae73669,2026-10-04T00:51:14+00:00,2.6927051004070868,156.66494738109876,True,0.0029443322495404196,3.25,3.3216794728156045,0.20585636148387754,5.0,1.2898597120947208e-12,True,True,-2.46706191674868,-2.3045475013236225,-2.2193835603991423,-2.1646453539892256,-2.1256234965221563,-2.072441901202199,-2.036992789278805,-2.011155959647006,-1.9912224566104684,-1.9752254611452942,-1.9620115954306636,,11198,93,1.5,False,False,"variant-gamma_m1 (v1.1-frozen + mu_surf_gamma=-1; robustness study v1.3, 423 K only)"
C0327_T423,manual,0,C0327,C0327,423.0,1.0283198475837707,1.068230062350631,-1311156015843.153,0.9768017821013928,230b186ecf90,0d66397d18c3,5e1d50a6e395,0,True,0,47.678,4.480271714752296,3.5185249277397515,158.64104420011938,0.010003800955913494,1.689790157965045e-13,ae73669,2026-10-04T00:30:10+00:00,4.48367515971144,159.257927888946,True,0.002691728014355036,5.0,3.5185249277397515,0.19344068237665435,5.0,8.73982743815338e-13,True,True,-6.663971388105236,-2.8732804476235025,-2.460275535945186,-2.3156819954444496,-2.234326066351643,-2.1406856955342826,-2.085814453392741,-2.0485919070760064,-2.0211608888857184,-1.999834957945973,-1.9826236372955344,,10730,93,1.5,False,False,"variant-gamma_m1 (v1.1-frozen + mu_surf_gamma=-1; robustness study v1.3, 423 K only)"
C0328_T423,manual,0,C0328,C0328,423.0,1.024834269657731,0.8898911196738482,-722444438375.5326,0.8931199315935373,489b275c86ae,0d66397d18c3,5e1d50a6e395,0,True,0,45.585,2.6602514659939738,3.4311210136252,153.29702836404613,0.010251609230966265,1.6897901579650446e-13,ae73669,2026-10-04T00:29:32+00:00,2.6744601083884354,153.92581631741749,True,0.002630853202293957,3.0,3.4311210136252,0.19909039272255674,5.0,1.3958499582103124e-12,True,True,-2.5006805125131035,-2.336641001483204,-2.2488602228943564,-2.1917686295120817,-2.1507256150602525,-2.094278226467527,-2.0562799791969795,-2.0283694700605004,-2.006696865247718,-1.9892079565328067,-1.9746918420094415,,10730,93,1.5,False,False,"variant-gamma_m1 (v1.1-frozen + mu_surf_gamma=-1; robustness study v1.3, 423 K only)"
C0329_T423,manual,0,C0329,C0329,423.0,0.9123613078147174,1.165845526382327,-1342968190088.8682,1.185821348056197,ada5e50cef8f,0d66397d18c3,5e1d50a6e395,0,True,0,51.055,4.766537662246778,3.4454470235798818,161.25606390683922,0.010214342884129502,1.6897901579650443e-13,ae73669,2026-10-04T00:31:09+00:00,4.771946419950351,161.67657763291808,True,0.003029085210346027,5.25,3.4454470235798818,0.19769298966742704,5.0,3.1708115317466696e-12,True,True,-8.421753795508753,-3.244368952745513,-2.487904250752994,-2.3127041521111904,-2.2234607163299076,-2.126740792700192,-2.072539000355984,-2.0366920693735984,-2.0107237086692056,-1.9907895674530722,-1.9748610888115177,,11432,92,1.5,False,False,"variant-gamma_m1 (v1.1-frozen + mu_surf_gamma=-1; robustness study v1.3, 423 K only)"
C0330_T423,manual,0,C0330,C0330,423.0,0.86467814296484,0.910773979499936,-989504052326.0833,0.955985341966152,65f3653e6856,0d66397d18c3,5e1d50a6e395,0,True,0,52.234,3.3311937218219403,3.5375001810650377,153.87079114179846,0.009946943920497995,1.6897901579650454e-13,ae73669,2026-10-04T00:31:39+00:00,3.3483521057318626,153.94598137456606,True,0.002808939493365958,3.75,3.5375001810650377,0.19275771908422226,5.0,1.268909456675349e-12,True,True,-2.745974624843047,-2.4225423944467073,-2.296622207967839,-2.224020693437268,-2.1751861949257423,-2.1117118038471228,-2.0709900217299313,-2.041954922270046,-2.01986648305728,-2.00231033054394,-1.9879092809347139,,11666,92,1.5,False,False,"variant-gamma_m1 (v1.1-frozen + mu_surf_gamma=-1; robustness study v1.3, 423 K only)"
C0331_T423,manual,0,C0331,C0331,423.0,1.1522049874067306,1.0332448523491622,-1072006118483.8414,1.0728553362190725,178a75a7ac75,0d66397d18c3,5e1d50a6e395,0,True,0,47.22,3.8309822633925603,3.282543367418914,157.48356914403783,0.010714454146227261,1.6897901579650443e-13,ae73669,2026-10-04T00:29:36+00:00,3.8473753712343153,157.50969787367274,True,0.00295159574042234,4.25,3.282543367418914,0.20816501272733598,5.0,9.018688573725342e-13,True,True,-3.4044641829547393,-2.513112731217091,-2.3237856389595617,-2.2284243174251315,-2.168019778490769,-2.092913053252811,-2.0463510555673587,-2.013785214012981,-1.989314587073038,-1.970029949430359,-1.9543081912182272,,10028,92,1.5,False,False,"variant-gamma_m1 (v1.1-frozen + mu_surf_gamma=-1; robustness study v1.3, 423 K only)"
C0332_T423,manual,0,C0332,C0332,423.0,1.11948517896235,0.9545111369341612,-1439147513359.7852,1.0447719383984804,8cbec9b58cdf,0d66397d18c3,5e1d50a6e395,0,True,0,45.123,4.483590256735002,3.3498159224419153,155.12006298061732,0.010501188395539462,1.6897901579650446e-13,ae73669,2026-10-04T00:29:22+00:00,4.486366795719317,155.67672164440683,True,0.002959156235087128,5.0,3.3498159224419153,0.20380900387773454,5.0,2.7474488777325852e-12,True,True,-6.755885908589012,-2.840456232017846,-2.425786258486876,-2.2838337461788365,-2.2046893973581536,-2.1141892053433318,-2.061386620388607,-2.025618313242701,-1.9992621931306624,-1.9787615500328901,-1.962202831715965,,10145,92,1.5,False,False,"variant-gamma_m1 (v1.1-frozen + mu_surf_gamma=-1; robustness study v1.3, 423 K only)"
C0333_T423,manual,0,C0333,C0333,423.0,0.806969778612256,1.0769590754061935,-622392992489.0399,0.9278522979468108,774a3c37615f,0d66397d18c3,5e1d50a6e395,0,True,0,41.062,2.908403541867717,3.660409277038786,158.97595661543707,0.009618168738198237,1.6897901579650446e-13,ae73669,2026-10-04T00:27:57+00:00,2.9225752983586744,159.35860136643203,True,0.0024945318205126387,3.25,3.660409277038786,0.185770279118009,5.0,1.8307773147101822e-12,True,True,-2.5924255463421226,-2.389699042046801,-2.2898314825681254,-2.227178876466294,-2.183101920931897,-2.1237048197651385,-2.0845035562769403,-2.0561192655154117,-2.0343275428308796,-2.016907608066375,-2.002565106042394,,11900,93,1.5,False,False,"variant-gamma_m1 (v1.1-frozen + mu_surf_gamma=-1; robustness study v1.3, 423 K only)"
C0334_T423,manual,0,C0334,C0334,423.0,0.9671414986252784,0.8461055140942335,-1210110067389.9055,1.1076845467090606,07205083c165,0d66397d18c3,5e1d50a6e395,0,True,0,33.07,3.649679535524117,3.29863733255594,151.59548029162772,0.010659180931172029,1.6897901579650449e-13,ae73669,2026-10-04T00:24:46+00:00,3.6639784418784793,152.18646086685717,True,0.0031450938003929263,4.0,3.29863733255594,0.20748242819519697,5.0,1.5606533894241602e-12,True,True,-3.0014484188696047,-2.434045568004503,-2.2792555595001236,-2.1980442249079424,-2.145874816109127,-2.08043912366165,-2.0396116383394167,-2.0109441869447773,-1.9893404090757458,-1.9722761659228496,-1.9583389484345415,,11081,93,1.5,False,False,"variant-gamma_m1 (v1.1-frozen + mu_surf_gamma=-1; robustness study v1.3, 423 K only)"
C0335_T423,manual,0,C0335,C0335,423.0,1.0546259045600892,1.122082858160138,-855332911014.5569,0.8150342099368573,948d0b00eb0d,0d66397d18c3,5e1d50a6e395,0,True,0,37.127,3.5688031747203,3.6694145063271364,160.43317177031534,0.009596470307928989,1.6897901579650449e-13,ae73669,2026-10-04T00:52:35+00:00,3.585429144976989,160.74954571377387,True,0.0023198035631041064,4.0,3.6694145063271364,0.1851091248241762,5.0,2.2602106346913887e-12,True,True,-3.0164365961143775,-2.537096391989535,-2.3771109222418727,-2.2875245389716112,-2.227839371707657,-2.1506225580973055,-2.1011899985210447,-2.0659670224753945,-2.0391782371867277,-2.0178884760925735,-2.0004248862720235,,10613,92,1.5,False,False,"variant-gamma_m1 (v1.1-frozen + mu_surf_gamma=-1; robustness study v1.3, 423 K only)"
C0336_T423,manual,0,C0336,C0336,423.0,1.0746046334505082,0.8288358934223652,-1352417093701.6606,1.078508847951889,c48998d7fda3,0d66397d18c3,5e1d50a6e395,0,True,0,44.341,3.9321071855561467,3.2613488513337603,151.0650168965907,0.01078027111223679,1.6897901579650446e-13,ae73669,2026-10-04T00:30:08+00:00,3.942672637992948,151.7183077867933,True,0.0031284199142255333,4.5,3.2613488513337603,0.2099240975581796,5.0,1.414289166156295e-12,True,True,-3.714897622430566,-2.512956551705087,-2.3114129115484374,-2.2153431244793347,-2.156016499317176,-2.083625262253507,-2.039349865167431,-2.0085751964368037,-1.985517960858985,-1.9673703169722994,-1.9525814769955916,,10496,93,1.5,False,False,"variant-gamma_m1 (v1.1-frozen + mu_surf_gamma=-1; robustness study v1.3, 423 K only)"
C0337_T423,manual,0,C0337,C0337,423.0,0.9620279118418692,1.1028784349560738,-707135958597.064,0.998894476145506,68aa562206c4,0d66397d18c3,5e1d50a6e395,0,True,0,37.508,3.1602969064540622,3.457205586279601,159.63970332637643,0.010177837453026388,1.6897901579650446e-13,ae73669,2026-10-04T00:26:36+00:00,3.173852162751179,160.0244326809803,True,0.002635703768705289,3.75,3.457205586279601,0.1972119774929868,5.0,1.7335811301287555e-12,True,True,-2.667528609710508,-2.402289188629735,-2.2860056217490423,-2.216088989559681,-2.167991214427372,-2.1043332499005847,-2.062918071330563,-2.0331718548484923,-2.0104489049134897,-1.9923444893850466,-1.9774718918696703,,11081,93,1.5,False,False,"variant-gamma_m1 (v1.1-frozen + mu_surf_gamma=-1; robustness study v1.3, 423 K only)"
C0338_T423,manual,0,C0338,C0338,423.0,0.8144484538584948,0.9704501785337925,-1123447233811.021,1.1663239885121583,0411bdd6ceb0,0d66397d18c3,5e1d50a6e395,0,True,0,43.646,3.7834904667854383,3.4405927844264537,155.4530928238026,0.010225499832024925,1.6897901579650443e-13,ae73669,2026-10-04T00:28:56+00:00,3.7934088308545686,155.74241669390665,True,0.0031627904508578974,4.25,3.4405927844264537,0.19832575221364482,5.0,1.9812992780345157e-12,True,True,-3.2649841381096016,-2.4782333212257632,-2.3057610348959554,-2.2193491082432995,-2.165007767155616,-2.098031071325248,-2.056909383675463,-2.028360162577106,-2.007035640340634,-1.9903154540800514,-1.9767449847728678,,12017,92,1.5,False,False,"variant-gamma_m1 (v1.1-frozen + mu_surf_gamma=-1; robustness study v1.3, 423 K only)"
C0339_T423,manual,0,C0339,C0339,423.0,1.1018715385347604,1.097982357442379,-940015905536.7112,0.8609785210341215,b189eb4c26f6,0d66397d18c3,5e1d50a6e395,0,True,0,43.393,3.70281243482075,3.572345642557492,159.68365448152377,0.009854501116936677,1.6897901579650446e-13,ae73669,2026-10-04T00:49:14+00:00,3.7110642032206713,160.23577239228658,True,0.0024084314112422394,4.25,3.572345642557492,0.19039487607298858,5.0,1.5487486344882393e-12,True,True,-3.1791403942089658,-2.549940838548494,-2.3740635566501904,-2.2795920260837117,-2.2178659864060943,-2.1391937061491286,-2.0894197681741886,-2.054189348077185,-2.027508276726577,-2.0063653569396545,-1.9890580844029628,,10262,93,1.5,False,False,"variant-gamma_m1 (v1.1-frozen + mu_surf_gamma=-1; robustness study v1.3, 423 K only)"
C0340_T423,manual,0,C0340,C0340,423.0,1.1689671099185943,0.9141639962792396,-572782963514.328,0.8328203663229943,31aa942712f2,0d66397d18c3,5e1d50a6e395,0,True,0,36.167,2.3860287578995245,3.415616936936873,154.14837457614468,0.01029841109640503,1.6897901579650443e-13,ae73669,2026-10-04T00:50:00+00:00,2.4030020358561135,154.375488169275,True,0.0025153319712300096,2.75,3.415616936936873,0.19996060626032058,5.0,1.2615576985841592e-12,True,True,-2.4618081519323534,-2.3241304080133296,-2.244353634697637,-2.190380935672541,-2.1506250199035457,-2.0947193518961207,-2.0563338728960727,-2.0277786291925377,-2.0054058197307207,-1.9872297758087714,-1.9720629535812526,,9911,93,1.5,False,False,"variant-gamma_m1 (v1.1-frozen + mu_surf_gamma=-1; robustness study v1.3, 423 K only)"
C0341_T423,manual,0,C0341,C0341,423.0,0.8565310552716255,1.0417191095650196,-1490710883401.3342,1.138216895610094,3acb97a2a1d3,0d66397d18c3,5e1d50a6e395,0,True,0,59.392,4.818181875840879,3.510205542758223,157.67740655113883,0.010026641027734188,1.6897901579650456e-13,ae73669,2026-10-04T00:33:13+00:00,4.8334047816640435,157.91629794652684,True,0.0030407663463610474,5.25,3.510205542758223,0.19399404118299704,5.0,2.786424872971594e-12,True,True,-8.846724909570584,-3.363355621158964,-2.5017980704560054,-2.3205801244490436,-2.2301950142474807,-2.133413973521546,-2.0796113205037416,-2.044154408632065,-2.0185122714477512,-1.998844533324772,-1.9831344336881567,,11666,92,1.5,False,False,"variant-gamma_m1 (v1.1-frozen + mu_surf_gamma=-1; robustness study v1.3, 423 K only)"
C0342_T423,manual,0,C0342,C0342,423.0,0.9166234839707612,0.8850728675723076,-839902530424.2969,0.9207836035639048,89127c33b58d,0d66397d18c3,5e1d50a6e395,0,True,0,37.231,2.9166706958492177,3.4939141333997807,153.11669246432825,0.010069053057050815,1.6897901579650446e-13,ae73669,2026-10-04T00:51:52+00:00,2.929959345100007,153.44409743946218,True,0.0026781933193573363,3.5,3.4939141333997807,0.1953563165905236,5.0,2.7065290095667206e-12,True,True,-2.565724614603346,-2.3635158579659885,-2.2649334264370298,-2.203396086205949,-2.16020765234677,-2.102055750290405,-2.0636278044645384,-2.035729802165987,-2.014243648307899,-1.997011370701097,-1.9827772510157413,,11432,93,1.5,False,False,"variant-gamma_m1 (v1.1-frozen + mu_surf_gamma=-1; robustness study v1.3, 423 K only)"
C0343_T423,manual,0,C0343,C0343,423.0,1.004187235608697,1.1590924717485904,-1219681214541.1968,1.0003483470529315,b2042872404f,0d66397d18c3,5e1d50a6e395,0,True,0,47.433,4.480503789114387,3.5339330253890378,161.21577645338425,0.009961436742436549,1.6897901579650443e-13,ae73669,2026-10-04T00:30:58+00:00,4.4838293660063195,161.85735389604338,True,0.002665780401816005,5.0,3.5339330253890378,0.19246801348956233,5.0,1.2768510207483708e-12,True,True,-6.627368529511377,-2.87852333830202,-2.4641075302372037,-2.318913046161906,-2.2371631314806577,-2.143037479710302,-2.0879033238441944,-2.0505381137937153,-2.023034278310405,-2.0016780185730623,-1.9844630641747492,,10847,93,1.5,False,False,"variant-gamma_m1 (v1.1-frozen + mu_surf_gamma=-1; robustness study v1.3, 423 K only)"
C0344_T423,manual,0,C0344,C0344,423.0,1.0489577561616898,0.987479567527771,-810195141471.9224,1.1164482951164243,23981d6d7c7a,0d66397d18c3,5e1d50a6e395,0,True,0,45.493,3.1044834932675296,3.2476271549415903,156.03209946329576,0.010826674756709606,1.6897901579650446e-13,ae73669,2026-10-04T00:30:18+00:00,3.121227411579692,156.05455840710914,True,0.003057880192490368,3.5,3.2476271549415903,0.21070888712222463,5.0,1.660527618185803e-12,True,True,-2.594092832636666,-2.348983474163784,-2.2402978743741007,-2.174878923293447,-2.1298854464721173,-2.0703545368958713,-2.0316180918489373,-2.0037760045926545,-1.9824863478452508,-1.9655049096314643,-1.951538804819637,,10613,92,1.5,False,False,"variant-gamma_m1 (v1.1-frozen + mu_surf_gamma=-1; robustness study v1.3, 423 K only)"
C0345_T423,manual,0,C0345,C0345,423.0,0.9364785000681876,1.0568314634263516,-1126315111294.389,0.8124198608100415,47d2b332eac4,0d66397d18c3,5e1d50a6e395,0,True,0,54.517,4.040973245408898,3.7772354617899957,158.55522030596413,0.009324894650489935,1.689790157965045e-13,ae73669,2026-10-04T00:32:04+00:00,4.053379248834608,159.00584075530412,True,0.00235569981283131,4.5,3.7772354617899957,0.1796129860627277,5.0,2.007427307818709e-12,True,True,-4.17538490295089,-2.672354950618451,-2.4362511715121724,-2.324057441051727,-2.254376923540397,-2.1687712213917245,-2.1161254572399355,-2.0794556236931205,-2.0519731287845873,-2.0303560660039226,-2.0127593215320023,,11315,92,1.5,False,False,"variant-gamma_m1 (v1.1-frozen + mu_surf_gamma=-1; robustness study v1.3, 423 K only)"
C0346_T423,manual,0,C0346,C0346,423.0,0.8903638858348132,0.8134662777185441,-542157156392.9319,1.029361103847623,7b36933db4f1,0d66397d18c3,5e1d50a6e395,0,True,0,48.276,2.011211847964066,3.326032119518595,150.63838152425285,0.010570362362138278,1.6897901579650446e-13,ae73669,2026-10-04T00:32:27+00:00,2.015299246058042,150.98401329665046,True,0.0030990728966569245,2.5,3.326032119518595,0.20589530787053242,5.0,2.050028075263638e-12,True,True,-2.3380401062201797,-2.238706087589984,-2.178319385573941,-2.1365944485212096,-2.1055106356792477,-2.061417512975469,-2.030954563274225,-2.0082282445073765,-1.9903998354765535,-1.975910124406893,-1.9638211087678346,,11432,92,1.5,False,False,"variant-gamma_m1 (v1.1-frozen + mu_surf_gamma=-1; robustness study v1.3, 423 K only)"
C0347_T423,manual,0,C0347,C0347,423.0,1.1778848174959422,1.1425641052424909,-1398255509324.3718,0.949601573869586,84a1bda49577,0d66397d18c3,5e1d50a6e395,0,True,0,45.278,4.861500429690199,3.5158097444280156,160.85803666061872,0.01001379880192487,1.6897901579650443e-13,ae73669,2026-10-04T00:30:22+00:00,4.878813725363729,160.91960636664592,True,0.0025788025076354344,5.25,3.5158097444280156,0.1933455990856221,5.0,1.0340908717652238e-12,True,True,-8.996052604988108,-3.514503731836686,-2.5700665384237222,-2.369925511458445,-2.2684365649632814,-2.1577969693439876,-2.0951819239556055,-2.053416231937119,-2.0229409808574674,-1.9994011387301602,-1.9804881888088846,,9911,92,1.5,False,False,"variant-gamma_m1 (v1.1-frozen + mu_surf_gamma=-1; robustness study v1.3, 423 K only)"
C0348_T423,manual,0,C0348,C0348,423.0,1.144980388879776,0.8696807645261289,-1031022321432.8289,0.9714434072375298,8d286d116bdc,0d66397d18c3,5e1d50a6e395,0,True,0,44.135,3.3122587061679796,3.3023500406740176,152.55573957754044,0.010648160627993208,1.6897901579650443e-13,ae73669,2026-10-04T00:30:06+00:00,3.3277072076777805,152.74093831514878,True,0.0029355859500651868,3.75,3.3023500406740176,0.20714703549178656,5.0,1.4705822188552699e-12,True,True,-2.7181514847468247,-2.399476909830244,-2.2733039408426663,-2.2000200798132052,-2.150475697412367,-2.08571476739834,-2.0438989400492233,-2.0139230483560113,-1.9910118120552538,-1.972725406131717,-1.957668408738433,,10145,92,1.5,False,False,"variant-gamma_m1 (v1.1-frozen + mu_surf_gamma=-1; robustness study v1.3, 423 K only)"
C0349_T423,manual,0,C0349,C0349,423.0,0.8324464872479439,1.1988013327121734,-909420560114.0856,1.0512539990246297,a75283fe2286,0d66397d18c3,5e1d50a6e395,0,True,0,41.91,3.8462689968746284,3.5929649724086152,162.31132071614752,0.009798754647873687,1.689790157965045e-13,ae73669,2026-10-04T00:28:39+00:00,3.8630998624923447,162.39293447380066,True,0.002718103095311961,4.25,3.5929649724086152,0.18922804396193485,5.0,1.126237250919153e-12,True,True,-3.4638338712421843,-2.5500993163024077,-2.3593533217552904,-2.263875025872311,-2.2036387964065876,-2.129114187772984,-2.0832209955528214,-2.051325600059621,-2.027500880699895,-2.008829116544658,-1.993685359542046,,11900,92,1.5,False,False,"variant-gamma_m1 (v1.1-frozen + mu_surf_gamma=-1; robustness study v1.3, 423 K only)"
C0350_T423,manual,0,C0350,C0350,423.0,0.9910740721970795,0.9312166385352612,-1259081452153.623,0.8843090001493693,363718b4cbf8,0d66397d18c3,5e1d50a6e395,0,True,0,33.606,4.018809280327845,3.5772910524263817,154.60343272367072,0.009838800200202471,1.6897901579650449e-13,ae73669,2026-10-04T00:25:19+00:00,4.025438993868048,155.0803864875895,True,0.002640039380842519,4.5,3.5772910524263817,0.1903596878298536,5.0,1.213727693486405e-12,True,True,-4.082072979149398,-2.6190090630397975,-2.3918796622437672,-2.2846549084553236,-2.218415439707459,-2.137426711203725,-2.087797315129315,-2.0532754429654134,-2.027409511295032,-2.0070578587029146,-1.9904813942304247,,10964,92,1.5,False,False,"variant-gamma_m1 (v1.1-frozen + mu_surf_gamma=-1; robustness study v1.3, 423 K only)"
C0351_T423,manual,0,C0351,C0351,423.0,1.0785403583198785,1.000545784831047,-677459031343.4601,1.1882878061383964,eda4ac2ced03,0d66397d18c3,5e1d50a6e395,0,True,0,36.928,2.8245749466005523,3.159295477348509,156.36670632407186,0.01112635760110474,1.6897901579650449e-13,ae73669,2026-10-04T00:53:13+00:00,2.84014232212755,156.46153634282345,True,0.003212428748791925,3.25,3.159295477348509,0.21688821460532756,5.0,1.082297446108882e-12,True,True,-2.480334005967241,-2.2966141817017123,-2.2051134230098413,-2.1475615983589673,-2.10702972557989,-2.0523489145061964,-2.0162003316921626,-1.989977323231631,-1.9698049023339075,-1.9536469859473438,-1.9403172060985399,,10496,92,1.5,False,False,"variant-gamma_m1 (v1.1-frozen + mu_surf_gamma=-1; robustness study v1.3, 423 K only)"
C0352_T423,manual,0,C0352,C0352,423.0,1.0825883615761995,0.8574346285313368,-983637063764.0356,1.0077921103686094,839a7cd15df2,0d66397d18c3,5e1d50a6e395,0,True,0,44.401,3.164540585383756,3.2870323550428195,152.08752540217185,0.01069664264367736,1.6897901579650443e-13,ae73669,2026-10-04T00:30:53+00:00,3.1776570136040148,152.4141253087261,True,0.002920257798525636,3.75,3.2870323550428195,0.20822765703591994,5.0,2.066011585439037e-12,True,True,-2.62760170019507,-2.365308803061644,-2.252313400932293,-2.184975122135811,-2.1388765589626457,-2.0780433900719006,-2.0384779870711265,-2.010004277179763,-1.9881898510615346,-1.970752512980663,-1.9563802218372053,,10496,93,1.5,False,False,"variant-gamma_m1 (v1.1-frozen + mu_surf_gamma=-1; robustness study v1.3, 423 K only)"
C0353_T423,manual,0,C0353,C0353,423.0,0.9950613234192132,1.1865353990346192,-1081809908151.6266,0.9148961532860994,68087e336584,0d66397d18c3,5e1d50a6e395,0,True,0,36.653,4.231627221787368,3.635843130321042,162.1155633171949,0.009685220202715545,1.6897901579650449e-13,ae73669,2026-10-04T00:27:13+00:00,4.234883027075576,162.76017977405965,True,0.0024691099826082375,4.75,3.635843130321042,0.18678993787708842,5.0,2.5557947741990314e-12,True,True,-5.145391723293148,-2.737865741428403,-2.4452603098678267,-2.319904657623628,-2.24485099514701,-2.154929992084582,-2.1006983715023413,-2.063358319115947,-2.0355965291656237,-2.013890500733502,-1.9963048211614047,,10964,93,1.5,False,False,"variant-gamma_m1 (v1.1-frozen + mu_surf_gamma=-1; robustness study v1.3, 423 K only)"
C0354_T423,manual,0,C0354,C0354,423.0,0.8286820352077484,0.9431694339960812,-743860136717.5579,1.1448291473090648,f05ba9799306,0d66397d18c3,5e1d50a6e395,0,True,0,43.428,2.832848636580465,3.3793489544177673,154.63776362947013,0.01040780809868663,1.689790157965044e-13,ae73669,2026-10-04T00:29:40+00:00,2.849186808293102,154.5920221134554,True,0.003150738862166258,3.25,3.3793489544177673,0.20221770555242646,5.0,1.4247643213943187e-12,True,True,-2.4924869398266187,-2.311829863444872,-2.222834805360458,-2.1672530004972557,-2.1283091624597206,-2.0760528202251773,-2.0416965105292313,-2.0168749632060514,-1.997842961714833,-1.9826407239839219,-1.9701299439227438,,11900,92,1.5,False,False,"variant-gamma_m1 (v1.1-frozen + mu_surf_gamma=-1; robustness study v1.3, 423 K only)"
C0355_T423,manual,0,C0355,C0355,423.0,1.1411551907658577,1.012518360093236,-1317676733247.9358,0.8277645945549011,45dc0315534e,0d66397d18c3,5e1d50a6e395,0,True,0,46.606,4.3726655649569866,3.626672963116147,157.21427029472667,0.009708739221287179,1.6897901579650446e-13,ae73669,2026-10-04T00:50:01+00:00,4.3904730259808735,157.18351124260255,True,0.002414958517599499,4.75,3.626672963116147,0.18736813508289057,5.0,1.7394163043930744e-12,True,True,-5.999538600909081,-2.827474299172952,-2.4759335747399844,-2.337594368838283,-2.256803527375179,-2.161354411736271,-2.1042169922983245,-2.064940501920748,-2.035720509427392,-2.0128371639940306,-1.9942592514961057,,10145,92,1.5,False,False,"variant-gamma_m1 (v1.1-frozen + mu_surf_gamma=-1; robustness study v1.3, 423 K only)"
C0356_T423,manual,0,C0356,C0356,423.0,1.1863765139132738,0.9994556177407504,-1200535161420.703,0.8558777566999197,8d00538c9b60,0d66397d18c3,5e1d50a6e395,0,True,0,38.404,4.064562130200616,3.5284180491145465,156.76782180755578,0.009975738013077719,1.689790157965044e-13,ae73669,2026-10-04T00:50:39+00:00,4.080649141951666,157.07710790240682,True,0.0025263769983303198,4.5,3.5284180491145465,0.19290786173753843,5.0,1.251792935062695e-12,True,True,-4.289287825964576,-2.6540188662124935,-2.411163994128968,-2.297331157641929,-2.226960090541145,-2.140701370600022,-2.0876708151576904,-2.050691822260817,-2.0229315250023987,-2.0010549649995144,-1.9832124035949497,,9794,92,1.5,False,False,"variant-gamma_m1 (v1.1-frozen + mu_surf_gamma=-1; robustness study v1.3, 423 K only)"
C0357_T423,manual,0,C0357,C0357,423.0,0.8988919142633677,1.0687816064804792,-860971015878.0217,1.1729934636503458,40eedb95b71c,0d66397d18c3,5e1d50a6e395,0,True,0,51.439,3.4209039409235777,3.3568919680084863,158.45030662889792,0.0104785411824119,1.6897901579650443e-13,ae73669,2026-10-04T00:34:05+00:00,3.4325002743349238,158.70441300067972,True,0.002995147698494764,4.0,3.3568919680084863,0.20343828236915115,5.0,2.3232573742920603e-12,True,True,-2.7750926407354655,-2.403633944291935,-2.271667626881395,-2.197682523917034,-2.1486543667667783,-2.085765461659549,-2.0459236469660675,-2.0177705622628843,-1.9965039939987228,-1.979699175417968,-1.9659822683263752,,11549,93,1.5,False,False,"variant-gamma_m1 (v1.1-frozen + mu_surf_gamma=-1; robustness study v1.3, 423 K only)"
C0358_T423,manual,0,C0358,C0358,423.0,0.9277826458215712,0.8011976558715106,-1464667850174.0098,0.993062699586153,9294602cc01b,0d66397d18c3,5e1d50a6e395,0,True,0,34.381,4.117880644513434,3.4464001841733265,150.2866541014074,0.01020614734551143,1.6897901579650438e-13,ae73669,2026-10-04T00:52:26+00:00,4.135067979946758,150.5573590645929,True,0.0030282707383639156,4.5,3.4464001841733265,0.1982210981524711,5.0,2.8715579106554857e-12,True,True,-4.5925044239623825,-2.6024499784104664,-2.3579523261824193,-2.2509101462481413,-2.18692592185382,-2.1106053885532092,-2.06471771170368,-2.0331192162870932,-2.009584848129793,-1.9911381660762324,-1.9761519372248273,,11315,93,1.5,False,False,"variant-gamma_m1 (v1.1-frozen + mu_surf_gamma=-1; robustness study v1.3, 423 K only)"
C0359_T423,manual,0,C0359,C0359,423.0,1.0402982398867606,1.1303213607519864,-600748414173.7223,1.0859091207385063,5312b32131eb,0d66397d18c3,5e1d50a6e395,0,True,0,45.908,2.9705200498531408,3.3083906084702375,160.32797205061934,0.010631102476545487,1.6897901579650443e-13,ae73669,2026-10-04T00:31:44+00:00,2.9753141594571897,160.87228155464157,True,0.002857060146743852,3.5,3.3083906084702375,0.20651002338035113,5.0,1.031731124145896e-12,True,True,-2.5683688149641775,-2.352204203988316,-2.24905469796845,-2.1851287238883845,-2.1404454598363603,-2.0805379009617706,-2.0411528154952854,-2.0126915432816848,-1.990862934206221,-1.9734216955281785,-1.9590634649254808,,10613,93,1.5,False,False,"variant-gamma_m1 (v1.1-frozen + mu_surf_gamma=-1; robustness study v1.3, 423 K only)"
C0360_T423,manual,0,C0360,C0360,423.0,1.0065506685525178,0.9020189497619868,-1432118426077.068,1.194169057533145,f800704ef6b2,0d66397d18c3,5e1d50a6e395,0,True,0,47.78,4.31511330270623,3.2603270684491923,153.2840743586418,0.01078480202464743,1.6897901579650446e-13,ae73669,2026-10-04T00:31:06+00:00,4.329998281307463,153.49601383729416,True,0.003340640784485394,4.75,3.2603270684491923,0.20986377551405141,5.0,2.214096171316297e-12,True,True,-5.747650738605899,-2.670382546989874,-2.3558794557298866,-2.2355736351516815,-2.1668141220144426,-2.0872431881516413,-2.040518180818721,-2.00879266104252,-1.9853936672566816,-1.9671878227814017,-1.9524834012150498,,10847,92,1.5,False,False,"variant-gamma_m1 (v1.1-frozen + mu_surf_gamma=-1; robustness study v1.3, 423 K only)"
C0361_T423,manual,0,C0361,C0361,423.0,0.919121477380395,1.0295481618493796,-506371330469.8467,0.876859037950635,f7e06d7ae547,0d66397d18c3,5e1d50a6e395,0,True,0,51.067,2.5279509975370886,3.5733806793954948,157.64740268632315,0.009848926730421002,1.6897901579650443e-13,ae73669,2026-10-04T00:32:55+00:00,2.5371205656086175,158.11386738224,True,0.002519189123200406,3.0,3.5733806793954948,0.19063114541725854,5.0,3.0868447550109367e-12,True,True,-2.499135149211644,-2.3487527131009283,-2.2647820049592804,-2.2090558923381445,-2.1685267853170758,-2.1122626469554677,-2.074134653433533,-2.046050746476296,-2.024223577271653,-2.006611093406131,-1.9920011488091616,,11432,92,1.5,False,False,"variant-gamma_m1 (v1.1-frozen + mu_surf_gamma=-1; robustness study v1.3, 423 K only)"
C0362_T423,manual,0,C0362,C0362,423.0,0.8542070329189301,0.8971206489950418,-1168906062841.4155,1.0563037626445293,d33868f0824d,0d66397d18c3,5e1d50a6e395,0,True,0,54.949,3.7013651934772547,3.4637567864931813,153.29674635608993,0.010156657783842012,1.689790157965045e-13,ae73669,2026-10-04T00:33:23+00:00,3.7092405088411073,153.98540616932243,True,0.002973270416026702,4.25,3.4637567864931813,0.19705523099894615,5.0,1.0548783787322615e-12,True,True,-3.1054519218818792,-2.471256609594144,-2.3087182917470708,-2.224468965042155,-2.1706408989173984,-2.103434078805243,-2.0616916250470196,-2.0324843438577305,-2.010538731352206,-1.9932491803227275,-1.979160344339252,,11783,93,1.5,False,False,"variant-gamma_m1 (v1.1-frozen + mu_surf_gamma=-1; robustness study v1.3, 423 K only)"
C0363_T423,manual,0,C0363,C0363,423.0,1.166777653992176,1.1711661364883184,-765681295655.6677,0.9648251473903656,b5ebcd385146,0d66397d18c3,5e1d50a6e395,0,True,0,45.003,3.4582970738207734,3.399944126121299,161.6241632898816,0.010349356168031669,1.6897901579650443e-13,ae73669,2026-10-04T00:31:07+00:00,3.4653027702956374,161.95122520362636,True,0.0025869663101042843,4.0,3.399944126121299,0.20049851290067575,5.0,9.956428043134125e-13,True,True,-2.869302802827065,-2.4668767786542745,-2.321148676306405,-2.238097197806713,-2.182372831074257,-2.10996107354893,-2.063484878040428,-2.030339454877249,-2.0051248007575744,-1.9850866667643843,-1.9686521481241737,,9911,93,1.5,False,False,"variant-gamma_m1 (v1.1-frozen + mu_surf_gamma=-1; robustness study v1.3, 423 K only)"
C0364_T423,manual,0,C0364,C0364,423.0,1.1119989771395922,0.8409061666578055,-648539954796.4335,0.9429382976144552,5bddf5d39084,0d66397d18c3,5e1d50a6e395,0,True,0,40.62,2.3454885053146683,3.2815543235383373,151.65233584282757,0.01071346648355149,1.6897901579650443e-13,ae73669,2026-10-04T00:30:47+00:00,2.3632475577721808,151.75304380763382,True,0.0028958687113316947,2.75,3.2815543235383373,0.2086840472883922,5.0,2.508680736224071e-12,True,True,-2.4092572853325853,-2.2805394716344107,-2.2063430863034474,-2.156374986018251,-2.1196995902503364,-2.0683152594821577,-2.0331553739360384,-2.0070570307669313,-1.9866396297932436,-1.9700699847149565,-1.9562549122962412,,10262,92,1.5,False,False,"variant-gamma_m1 (v1.1-frozen + mu_surf_gamma=-1; robustness study v1.3, 423 K only)"
C0365_T423,manual,0,C0365,C0365,423.0,0.8244169119745494,1.1149289045482873,-1286017172969.8777,1.0344680670648814,aac17ce27a26,0d66397d18c3,5e1d50a6e395,0,True,0,41.789,4.528583982460797,3.6465471604781756,159.93272223396517,0.009656285829188153,1.6897901579650449e-13,ae73669,2026-10-04T00:29:21+00:00,4.5374988003081365,160.37211332736058,True,0.002763802044141039,5.0,3.6465471604781756,0.18630580463664517,5.0,2.3615824083678583e-12,True,True,-6.948550775268892,-2.911815783719983,-2.466685561928992,-2.3206817272498035,-2.240254091132365,-2.14913146816476,-2.096475283804088,-2.061089813484147,-2.035199724398919,-2.015189887463114,-1.9991214060230267,,11900,92,1.5,False,False,"variant-gamma_m1 (v1.1-frozen + mu_surf_gamma=-1; robustness study v1.3, 423 K only)"
C0366_T423,manual,0,C0366,C0366,423.0,0.951842799782753,0.958281883224845,-889229518361.3896,0.8050255961716175,bde488855cff,0d66397d18c3,5e1d50a6e395,0,True,0,32.021,3.241350853616478,3.673664741460356,155.59781340910794,0.009582761146237946,1.6897901579650446e-13,ae73669,2026-10-04T00:25:52+00:00,3.243019687725224,156.1967282558039,True,0.002411723410716722,3.75,3.673664741460356,0.18517808344965148,5.0,2.0901389569680774e-12,True,True,-2.7504417847366884,-2.4574383610405683,-2.33242366426524,-2.2577530365455587,-2.2064852337182166,-2.1386182384053716,-2.0943632817914883,-2.0624778225403695,-2.0380409939592687,-2.018509336662733,-2.002416407374013,,11198,93,1.5,False,False,"variant-gamma_m1 (v1.1-frozen + mu_surf_gamma=-1; robustness study v1.3, 423 K only)"
C0367_T423,manual,0,C0367,C0367,423.0,1.064260546863079,1.0858338359743356,-1049230022355.914,1.1222860798239709,dccced653551,0d66397d18c3,5e1d50a6e395,0,True,0,37.063,3.9026678746447105,3.3077555117365716,158.97789577050847,0.010633763707500046,1.6897901579650443e-13,ae73669,2026-10-04T00:53:50+00:00,3.9164544353903485,159.29712487668712,True,0.002894600708627402,4.5,3.3077555117365716,0.20648315422447086,5.0,1.379747011087673e-12,True,True,-3.622488831592738,-2.5306482204833887,-2.3296773865666864,-2.2315646200657557,-2.1702600290269642,-2.094844506347564,-2.0485211326307136,-2.0163179334301233,-1.9922287735836732,-1.9733129943574619,-1.957938115795631,,10613,93,1.5,False,False,"variant-gamma_m1 (v1.1-frozen + mu_surf_gamma=-1; robustness study v1.3, 423 K only)"
C0368_T423,manual,0,C0368,C0368,423.0,1.0569008603692054,0.9667568974196912,-548176764510.5719,0.9841952867805958,17bed5f48806,0d66397d18c3,5e1d50a6e395,0,True,0,44.921,2.4540413429273444,3.3219617449877825,155.5548435694989,0.01058603260792307,1.6897901579650449e-13,ae73669,2026-10-04T00:31:38+00:00,2.4617025766776996,156.12318060470233,True,0.0027847205286981582,3.0,3.3219617449877825,0.20584875233335972,5.0,1.8046689429451185e-12,True,True,-2.4393334643173294,-2.299210546614648,-2.220213767158615,-2.1675895232721043,-2.1292350565988576,-2.0758814976370674,-2.0396467324923853,-2.012907601509307,-1.9920904798225192,-1.975266772594964,-1.9612908734665642,,10613,93,1.5,False,False,"variant-gamma_m1 (v1.1-frozen + mu_surf_gamma=-1; robustness study v1.3, 423 K only)"
C0369_T423,manual,0,C0369,C0369,423.0,0.9693801164627076,1.0892246335744855,-1388360202312.4695,1.0884198054671288,829e9be784df,0d66397d18c3,5e1d50a6e395,0,True,0,35.758,4.700286981025642,3.4632159511102447,159.1303078261488,0.010161944484029344,1.689790157965044e-13,ae73669,2026-10-04T00:27:49+00:00,4.708190104253955,159.46530200072218,True,0.0028661313837881498,5.25,3.4632159511102447,0.19668285304356412,5.0,1.3007359132930635e-12,True,True,-8.047096447269091,-3.1229616275161,-2.48444208739438,-2.3168457735345065,-2.228984482480802,-2.132097245446398,-2.0770691986126013,-2.0403779923649714,-2.0136415106026293,-1.9930231820241853,-1.9764856131656143,,11081,93,1.5,False,False,"variant-gamma_m1 (v1.1-frozen + mu_surf_gamma=-1; robustness study v1.3, 423 K only)"
C0370_T423,manual,0,C0370,C0370,423.0,0.8045571837574244,0.8341523312032223,-788932006806.1351,0.8713800486177207,20858e7651be,0d66397d18c3,5e1d50a6e395,0,True,0,40.17,2.6585272268337627,3.621785606811847,151.54463745397257,0.009716078113091234,1.6897901579650443e-13,ae73669,2026-10-04T00:30:20+00:00,2.673086083977085,152.0203182792818,True,0.0026394488795157788,3.0,3.621785606811847,0.18824030130368583,5.0,2.8216390324237096e-12,True,True,-2.50376133651812,-2.344098368254841,-2.2593575605892036,-2.2045661356272963,-2.1653486499221697,-2.111657878920875,-2.075679571531539,-2.0493389108619735,-2.0289373644103366,-2.012509002311934,-1.9988982975919651,,12017,93,1.5,False,False,"variant-gamma_m1 (v1.1-frozen + mu_surf_gamma=-1; robustness study v1.3, 423 K only)"
C0371_T423,manual,0,C0371,C0371,423.0,1.117036252096295,1.1101098954677582,-1151514987461.269,1.1513356450945138,496b33315958,0d66397d18c3,5e1d50a6e395,0,True,0,42.3,4.195514877651551,3.2748523795239417,159.6779243369384,0.010740330245655181,1.6897901579650443e-13,ae73669,2026-10-04T00:50:44+00:00,4.2039133621286515,160.31816279532006,True,0.002988538475767395,4.75,3.2748523795239417,0.20857334224970098,5.0,2.564349221034892e-12,True,True,-4.9863938827505345,-2.641918722544137,-2.3659260931691946,-2.2489552126492165,-2.1795174779664395,-2.0969994258671854,-2.047590324905671,-2.0137134873710467,-1.9885917393054886,-1.9689823646643325,-1.9531125343449953,,10262,93,1.5,False,False,"variant-gamma_m1 (v1.1-frozen + mu_surf_gamma=-1; robustness study v1.3, 423 K only)"
C0372_T423,manual,0,C0372,C0372,423.0,1.1624391660094262,0.8779154568910599,-1268747879192.2332,1.1294747464358807,c25c0e92b209,0d66397d18c3,5e1d50a6e395,0,True,0,40.0,3.874079398606957,3.1815917649407957,152.5903582697905,0.011048994278680228,1.689790157965044e-13,ae73669,2026-10-04T00:51:19+00:00,3.8902133887997925,152.56012778056706,True,0.00320941036234758,4.25,3.1815917649407957,0.2153150279696932,5.0,1.0761166263639765e-12,True,True,-3.5101587994593566,-2.4890482666282963,-2.2972549531965183,-2.2035354071075726,-2.145041227912354,-2.073116071360792,-2.028878332156377,-1.9980437060706644,-1.9749055587650897,-1.956677251308966,-1.9418138809426981,,10028,93,1.5,False,False,"variant-gamma_m1 (v1.1-frozen + mu_surf_gamma=-1; robustness study v1.3, 423 K only)"
C0373_T423,manual,0,C0373,C0373,423.0,0.8749730676412583,1.1538957707583903,-671668303199.1124,0.8494695961475373,b8a63cdd67f4,0d66397d18c3,5e1d50a6e395,0,True,0,48.764,3.212829924346309,3.739344569669309,161.30512964374287,0.0094182256732171,1.6897901579650446e-13,ae73669,2026-10-04T00:34:54+00:00,3.219455456602019,161.8882178393648,True,0.0023250682930848598,3.75,3.739344569669309,0.1815425095698684,5.0,1.277173074834665e-12,True,True,-2.748422038936694,-2.4638262935654818,-2.340019741518368,-2.265529672867825,-2.214205759274724,-2.1461423221003875,-2.1017725595852057,-2.0698650981014506,-2.045473258323275,-2.02603090749505,-2.0100555953753445,,11549,93,1.5,False,False,"variant-gamma_m1 (v1.1-frozen + mu_surf_gamma=-1; robustness study v1.3, 423 K only)"
C0374_T423,manual,0,C0374,C0374,423.0,0.9022830311208964,0.9230429768562316,-1005593561567.3662,1.016511584445834,3a67a8bad4cb,0d66397d18c3,5e1d50a6e395,0,True,0,39.253,3.3964035409160567,3.448035650027032,154.17455725264085,0.010202627599910814,1.6897901579650438e-13,ae73669,2026-10-04T00:53:06+00:00,3.4114266885911335,154.64502852482408,True,0.002857840962423334,3.75,3.448035650027032,0.19798123984847754,5.0,1.5117080148878397e-12,True,True,-2.7744085524464124,-2.4184401399030806,-2.2875738331405313,-2.2134243221906136,-2.1639910533206717,-2.1002012591873442,-2.0595219896976467,-2.0306217633621317,-2.008689407275483,-1.991287964984917,-1.977032843425662,,11549,93,1.5,False,False,"variant-gamma_m1 (v1.1-frozen + mu_surf_gamma=-1; robustness study v1.3, 423 K only)"
C0375_T423,manual,0,C0375,C0375,423.0,1.0148167449980974,1.0454879723489283,-930912578478.4556,0.912338237836957,081acdf5678e,0d66397d18c3,5e1d50a6e395,0,True,0,51.975,3.5487323283662797,3.529919431764511,158.0700960423571,0.009970414716224242,1.6897901579650446e-13,ae73669,2026-10-04T00:32:36+00:00,3.5622567452811893,158.36853424866538,True,0.002596453986503525,4.0,3.529919431764511,0.19293766662196055,5.0,1.851161409219969e-12,True,True,-2.9550563769182316,-2.4917237721581316,-2.3385344555016507,-2.2534529501311593,-2.19711295340127,-2.12466740788361,-2.0785549762359654,-2.0458192137816025,-2.0209857184876077,-2.001286776972005,-1.9851512791967258,,10847,92,1.5,False,False,"variant-gamma_m1 (v1.1-frozen + mu_surf_gamma=-1; robustness study v1.3, 423 K only)"
C0376_T423,manual,0,C0376,C0376,423.0,1.032035233080387,0.8237407013773919,-1097743789665.401,0.8208652026951313,40c2edcf2ae6,0d66397d18c3,5e1d50a6e395,0,True,0,42.572,3.349766612996609,3.5388116460703474,151.29660945512447,0.009942364220432048,1.689790157965044e-13,ae73669,2026-10-04T00:31:49+00:00,3.368317833258492,151.12409465887367,True,0.0026291077483840473,3.75,3.5388116460703474,0.19278623307924542,5.0,2.423682470738281e-12,True,True,-2.781319413571505,-2.446310086549683,-2.315073069269611,-2.238982888102833,-2.1875490466016254,-2.1202714831634752,-2.0767662212090277,-2.0455298508847397,-2.021619663821456,-2.002510331317066,-1.9867569527880402,,10730,92,1.5,False,False,"variant-gamma_m1 (v1.1-frozen + mu_surf_gamma=-1; robustness study v1.3, 423 K only)"
C0377_T423,manual,0,C0377,C0377,423.0,0.944611954689026,1.1446429826319218,-961843591183.424,1.1002850338816643,024103704f3e,0d66397d18c3,5e1d50a6e395,0,True,0,49.77,3.840337157776717,3.425395316485976,160.70753226158584,0.010272370373280472,1.6897901579650443e-13,ae73669,2026-10-04T00:33:46+00:00,3.85686272864278,160.75460335384452,True,0.0028751890737798366,4.25,3.425395316485976,0.19903044256242367,5.0,1.1888146717042858e-12,True,True,-3.437020562019751,-2.5264402718951633,-2.336892042004911,-2.242060036733187,-2.1822345429858236,-2.108184258890749,-2.062530532059411,-2.03075623269208,-2.0069861847990773,-1.9883293303799578,-1.9731756795696183,,11198,92,1.5,False,False,"variant-gamma_m1 (v1.1-frozen + mu_surf_gamma=-1; robustness study v1.3, 423 K only)"
C0378_T423,manual,0,C0378,C0378,423.0,0.8781288657337427,0.975508750975132,-1361930966377.2583,0.9329523202031852,bf55299c1008,0d66397d18c3,5e1d50a6e395,0,True,0,53.967,4.369458217406542,3.6512303725380533,155.92903230958788,0.009642273685493176,1.689790157965045e-13,ae73669,2026-10-04T00:34:17+00:00,4.386809932076998,155.84724574922603,True,0.0026606224636129545,4.75,3.6512303725380533,0.1862415378938387,5.0,2.7884409028952096e-12,True,True,-6.015469124789242,-2.788387235432602,-2.44460884383285,-2.3131482223555966,-2.2375795294611804,-2.149591217371557,-2.0976488145236147,-2.0622825583025017,-2.0361602428227994,-2.015820545699663,-1.9993873746587703,,11549,91,1.5,False,False,"variant-gamma_m1 (v1.1-frozen + mu_surf_gamma=-1; robustness study v1.3, 423 K only)"
C0379_T423,manual,0,C0379,C0379,423.0,1.1907057810574768,1.0561567731201649,-701558887027.204,1.0381032291799783,25514e3139cb,0d66397d18c3,5e1d50a6e395,0,True,0,49.574,3.0310800682792256,3.250235231263267,158.20999870489817,0.010819435578733603,1.6897901579650449e-13,ae73669,2026-10-04T00:31:57+00:00,3.0406069265371176,158.5890280991482,True,0.0028711887468641653,3.5,3.250235231263267,0.21038415993497073,5.0,2.646980294809625e-12,True,True,-2.592079024462161,-2.3605441828469527,-2.2523755859084518,-2.185782258523191,-2.1393601879114756,-2.0771929951310772,-2.0363070934844107,-2.0067209159420565,-1.9839904781600053,-1.965795394630107,-1.9507890587265977,,9794,92,1.5,False,False,"variant-gamma_m1 (v1.1-frozen + mu_surf_gamma=-1; robustness study v1.3, 423 K only)"
C0380_T423,manual,0,C0380,C0380,423.0,1.1361086949706078,0.9317715920507909,-818792009726.1667,1.0662423186004162,ee88a7779e98,0d66397d18c3,5e1d50a6e395,0,True,0,42.545,2.9823073422164605,3.2152641647633926,154.3770626914247,0.01093416675824506,1.6897901579650443e-13,ae73669,2026-10-04T00:31:30+00:00,2.9852685389137967,154.96659691920735,True,0.003031385264408451,3.5,3.2152641647633926,0.2129768040868773,5.0,2.1174397724172665e-12,True,True,-2.549779873892077,-2.3336559227036644,-2.2316973998165706,-2.1688524386402817,-2.1250469608489957,-2.066397152487391,-2.027820360078452,-1.9998904744291712,-1.9784169301201158,-1.9612143069184529,-1.9470153054616268,,10145,92,1.5,False,False,"variant-gamma_m1 (v1.1-frozen + mu_surf_gamma=-1; robustness study v1.3, 423 K only)"
C0381_T423,manual,0,C0381,C0381,423.0,0.8485447496175766,1.0124425515532494,-1244667493738.234,0.9610418558120728,63b096b76014,0d66397d18c3,5e1d50a6e395,0,True,0,45.455,4.189300492329802,3.645584397748151,157.01437476371328,0.009657272992229252,1.6897901579650443e-13,ae73669,2026-10-04T00:30:07+00:00,4.199285846059218,157.46150810689073,True,0.0026442638065274486,4.75,3.645584397748151,0.18652085771001894,5.0,2.2957743617536582e-12,True,True,-4.948380069568938,-2.6828418970066825,-2.4117492459874645,-2.295355787061413,-2.2260064550448777,-2.1434353128110724,-2.0939388474671925,-2.0599859754645657,-2.034802957646387,-2.0151454917651668,-1.9992386521544352,,11783,93,1.5,False,False,"variant-gamma_m1 (v1.1-frozen + mu_surf_gamma=-1; robustness study v1.3, 423 K only)"
C0382_T423,manual,0,C0382,C0382,423.0,0.9775148693472148,0.8675263054668904,-579077196307.4803,1.1783768247812985,ffd0e588771c,0d66397d18c3,5e1d50a6e395,0,True,0,32.332,2.2414568430725152,3.168421536033415,152.20109720064497,0.011092256391496537,1.6897901579650446e-13,ae73669,2026-10-04T00:26:24+00:00,2.2428795876383973,152.67529531858887,True,0.0033265954189750694,2.75,3.168421536033415,0.21649096165154944,5.0,2.2459322290644763e-12,True,True,-2.343296680761596,-2.229599315505468,-2.163676109257836,-2.1192627350610604,-2.086704612259248,-2.041212140548948,-2.0102114508139866,-1.9872919278858656,-1.9694278735483268,-1.9549801004965153,-1.9429724404750695,,11081,92,1.5,False,False,"variant-gamma_m1 (v1.1-frozen + mu_surf_gamma=-1; robustness study v1.3, 423 K only)"
C0383_T423,manual,0,C0383,C0383,423.0,1.089951117709279,1.1884056523442268,-1480479849502.4443,0.8990081656724215,ca8971f91117,0d66397d18c3,5e1d50a6e395,0,True,0,38.44,5.162425690362395,3.6777071719134686,162.2027009938054,0.009578305207695547,1.6897901579650446e-13,ae73669,2026-10-04T00:54:29+00:00,5.176196911283806,162.57135754863094,True,0.0023936778166234766,5.75,3.6777071719134686,0.1843226590699545,5.0,1.5879534706023208e-12,True,True,-10.832896153482274,-4.768134603360398,-2.7075400127535896,-2.4360605885639286,-2.3145402341517958,-2.189303358786517,-2.120857512587273,-2.0759749331480095,-2.0435656598092473,-2.018711328505964,-1.998848395663309,,10379,93,1.5,False,False,"variant-gamma_m1 (v1.1-frozen + mu_surf_gamma=-1; robustness study v1.3, 423 K only)"
C0384_T423,manual,0,C0384,C0384,423.0,1.0875381458550692,0.9523000817745924,-837680563330.6504,1.1553940713405608,bf095b505172,0d66397d18c3,5e1d50a6e395,0,True,0,46.392,3.073821287399552,3.17982065429844,154.90866575805595,0.011054945219322657,1.6897901579650449e-13,ae73669,2026-10-04T00:32:25+00:00,3.089526044540202,155.14128103863268,True,0.0032055393409500888,3.5,3.17982065429844,0.21545373660054096,5.0,2.8513104620478046e-12,True,True,-2.56600009953422,-2.330370449951872,-2.2248147543898136,-2.1610946086252096,-2.1172084654742243,-2.059072734057202,-2.0211976339201785,-1.9939473216817027,-1.9730917709672773,-1.9564434051435966,-1.9427414156267262,,10379,92,1.5,False,False,"variant-gamma_m1 (v1.1-frozen + mu_surf_gamma=-1; robustness study v1.3, 423 K only)"
C0385_T423,manual,0,C0385,C0385,423.0,0.9750709984451532,1.079463081434369,-1223829670809.2097,0.8719238035380841,ee2e7849a77f,0d66397d18c3,5e1d50a6e395,0,True,0,36.949,4.315546672149113,3.685833722295093,159.11097559099142,0.00955430037712135,1.6897901579650443e-13,ae73669,2026-10-04T00:28:27+00:00,4.331590603595427,159.33837999022816,True,0.0024732075380921588,4.75,3.685833722295093,0.1842292858309134,5.0,1.2041591300199969e-12,True,True,-5.644155845750367,-2.786723483541375,-2.4630113089763213,-2.3314440447035767,-2.254017623434044,-2.1622708771193015,-2.107345365948564,-2.069650365168087,-2.041666677520567,-2.019801109077824,-2.002089383664548,,11081,92,1.5,False,False,"variant-gamma_m1 (v1.1-frozen + mu_surf_gamma=-1; robustness study v1.3, 423 K only)"
C0386_T423,manual,0,C0386,C0386,423.0,0.8476942718029022,0.8470348309725524,-577392990700.9005,1.0925759721547366,1e8f4353a0ab,0d66397d18c3,5e1d50a6e395,0,True,0,39.413,2.1856646061146003,3.3347146869030944,151.63160331529306,0.010543859485555094,1.6897901579650446e-13,ae73669,2026-10-04T00:31:00+00:00,2.195709496470579,152.2894448897637,True,0.003088504345014042,2.75,3.3347146869030944,0.2052550129184868,5.0,1.6045327323566945e-12,True,True,-2.355839552590349,-2.2464990720082296,-2.1823586198777822,-2.138901286029552,-2.106938868686901,-2.0621552163485948,-2.0315716346958648,-2.0089352572825,-1.9912817006669192,-1.977000390406996,-1.9651302616538067,,11783,93,1.5,False,False,"variant-gamma_m1 (v1.1-frozen + mu_surf_gamma=-1; robustness study v1.3, 423 K only)"
C0387_T423,manual,0,C0387,C0387,423.0,1.135227318108082,1.1214465279132129,-1488019701093.4353,0.9848364006727934,f95541e1c439,0d66397d18c3,5e1d50a6e395,0,True,0,45.065,5.017032045488019,3.501857066419191,160.20553053823528,0.010052942472808432,1.6897901579650443e-13,ae73669,2026-10-04T00:51:29+00:00,5.022846093047148,160.67514477679867,True,0.002694412518982596,5.5,3.501857066419191,0.1941911105181091,5.0,2.186429639855442e-12,True,True,-10.012387621440553,-4.073009556215247,-2.6109082642906767,-2.3807868299487915,-2.2717313246576563,-2.1568468751051624,-2.0932960863234333,-2.0513956216507943,-2.0210399656959654,-1.9977068026547886,-1.9790267412625455,,10145,92,1.5,False,False,"variant-gamma_m1 (v1.1-frozen + mu_surf_gamma=-1; robustness study v1.3, 423 K only)"
C0388_T423,manual,0,C0388,C0388,423.0,1.1931309837847948,0.8907959092408418,-1120786515064.5376,0.9067163929343224,49f1d9daefcd,0d66397d18c3,5e1d50a6e395,0,True,0,38.4,3.5855018941644774,3.3781848137346513,153.31778492445625,0.010412420502487823,1.6897901579650443e-13,ae73669,2026-10-04T00:51:58+00:00,3.603115254203302,153.3994939706258,True,0.002757461861270105,4.0,3.3781848137346513,0.20217489928828658,5.0,3.1301640647964937e-12,True,True,-2.97193691676741,-2.4753319782755825,-2.3191937725937533,-2.233661565689255,-2.177385623047091,-2.1053026983778618,-2.0594754948247895,-2.026903601349469,-2.002141018627913,-1.9824483013558798,-1.9662749627570442,,9794,92,1.5,False,False,"variant-gamma_m1 (v1.1-frozen + mu_surf_gamma=-1; robustness study v1.3, 423 K only)"
C0389_T423,manual,0,C0389,C0389,423.0,0.8806093815714121,1.16523368768394,-944656400009.9896,1.014406318217516,09f26f7f0c58,0d66397d18c3,5e1d50a6e395,0,True,0,48.836,3.8552956152309297,3.57521592020302,161.40049295084634,0.009846554871955022,1.6897901579650446e-13,ae73669,2026-10-04T00:35:43+00:00,3.8723608831154586,161.5495215517452,True,0.0026708070556462826,4.25,3.57521592020302,0.19024865283288583,5.0,2.2134873274258745e-12,True,True,-3.490987951686854,-2.5579995162394105,-2.3643209992410625,-2.2672650930087883,-2.2059455851356513,-2.129937587189576,-2.0830218987235223,-2.0503509165544105,-2.0259043827247565,-2.006715694559777,-1.991131077508768,,11549,92,1.5,False,False,"variant-gamma_m1 (v1.1-frozen + mu_surf_gamma=-1; robustness study v1.3, 423 K only)"
C0390_T423,manual,0,C0390,C0390,423.0,0.9454746633768082,0.9085874516516924,-1356596002355.218,0.8437503699213267,8f2ffd58f451,0d66397d18c3,5e1d50a6e395,0,True,0,41.104,4.18801673336243,3.672182300004604,153.96286945530736,0.009586924961744674,1.6897901579650449e-13,ae73669,2026-10-04T00:53:47+00:00,4.198705676669021,154.62338940613606,True,0.0025103422272071043,4.75,3.672182300004604,0.1852237744328422,5.0,1.0413371553941175e-12,True,True,-4.946079895097156,-2.7012678782410364,-2.428400627616783,-2.3096444978159503,-2.238394569708019,-2.1529720266327654,-2.101366503118288,-2.065738262025575,-2.0391651339018715,-2.0183206719014546,-2.001379490902069,,11198,93,1.5,False,False,"variant-gamma_m1 (v1.1-frozen + mu_surf_gamma=-1; robustness study v1.3, 423 K only)"
C0391_T423,manual,0,C0391,C0391,423.0,1.032953254878521,1.0357243668287992,-704944440163.672,1.12727171741426,d06e00057724,0d66397d18c3,5e1d50a6e395,0,True,0,49.469,2.98123425067574,3.2549240536498782,157.48015984192497,0.010802998940732476,1.6897901579650449e-13,ae73669,2026-10-04T00:33:26+00:00,2.9842974315647903,158.08487758276218,True,0.0030289578406536228,3.5,3.2549240536498782,0.21017499160021957,5.0,1.3233034194073535e-12,True,True,-2.5504711238726356,-2.3350614847351276,-2.23366171735514,-2.1712523156760306,-2.1278145602406733,-2.0697899685242054,-2.031751309106816,-2.0043010981222213,-1.9832617506251835,-1.96645566649297,-1.9526211130010853,,10730,92,1.5,False,False,"variant-gamma_m1 (v1.1-frozen + mu_surf_gamma=-1; robustness study v1.3, 423 K only)"
C0392_T423,manual,0,C0392,C0392,423.0,1.0139418590813876,0.8077149961143733,-1262249525636.4346,1.0434311747550964,d7d5f439cbe1,0d66397d18c3,5e1d50a6e395,0,True,0,44.069,3.6635842417177806,3.3071995289917835,150.42377660110807,0.010631376188923663,1.6897901579650446e-13,ae73669,2026-10-04T00:32:34+00:00,3.6766582820998734,150.9467378165763,True,0.003052561292179337,4.0,3.3071995289917835,0.2069726573837266,5.0,1.4281994105476974e-12,True,True,-3.0285446688509228,-2.4445921347664936,-2.286811946557134,-2.204099010648135,-2.1509467797431974,-2.0842027869887407,-2.0424769436117653,-2.013118992860694,-1.9909517040206144,-1.973410514162417,-1.959059657530129,,10847,93,1.5,False,False,"variant-gamma_m1 (v1.1-frozen + mu_surf_gamma=-1; robustness study v1.3, 423 K only)"
C0393_T423,manual,0,C0393,C0393,423.0,0.9013772461563349,1.136449557170272,-672303552739.3221,0.9355468444526196,b40f0eb85254,0d66397d18c3,5e1d50a6e395,0,True,0,50.505,3.1646004814688373,3.5904166371210886,160.69028863755574,0.009804367032921077,1.6897901579650449e-13,ae73669,2026-10-04T00:34:36+00:00,3.177962973854434,160.9539137643632,True,0.0024796869505333604,3.75,3.5904166371210886,0.1895009840126857,5.0,1.0345899484343057e-12,True,True,-2.693881257917002,-2.426378512246435,-2.308405456601424,-2.237248991752854,-2.1882011532138206,-2.1231747682480133,-2.080814304970617,-2.050371672898086,-2.0271121501540206,-2.008580439016386,-1.99335882106187,,11549,93,1.5,False,False,"variant-gamma_m1 (v1.1-frozen + mu_surf_gamma=-1; robustness study v1.3, 423 K only)"
C0394_T423,manual,0,C0394,C0394,423.0,0.8725356757640839,0.9930843774229288,-1025405271910.131,1.105515431240201,336a4fafebc5,0d66397d18c3,5e1d50a6e395,0,True,0,52.032,3.6189874997573823,3.428938260610413,156.20098424721095,0.010259954187388159,1.689790157965045e-13,ae73669,2026-10-04T00:35:09+00:00,3.6354143387236526,156.3348372089717,True,0.0029903006724389548,4.0,3.428938260610413,0.1990231050883246,5.0,1.1531430915309731e-12,True,True,-2.9832768263950227,-2.4525067398164975,-2.299397972160969,-2.2178673798798765,-2.165125796004602,-2.0986840813986705,-2.0571619805395405,-2.028032423092145,-2.0061217887819374,-1.988854578425854,-1.974785304405617,,11549,91,1.5,False,False,"variant-gamma_m1 (v1.1-frozen + mu_surf_gamma=-1; robustness study v1.3, 423 K only)"
C0395_T423,manual,0,C0395,C0395,423.0,1.1599708750844002,1.0627995159476995,-913057848811.1497,0.8233617972582579,ded42cc4fab1,0d66397d18c3,5e1d50a6e395,0,True,0,47.997,3.559543114618449,3.5734187152293173,158.72006070086007,0.00985137899883994,1.6897901579650443e-13,ae73669,2026-10-04T00:32:46+00:00,3.5750784805583122,159.0002180726402,True,0.002394095757254519,4.0,3.5734187152293173,0.19035721773948028,5.0,1.0609369285874415e-12,True,True,-2.9954141668524885,-2.5227263922995653,-2.3640231412185044,-2.2750503171718255,-2.2157359270305306,-2.1389310479216648,-2.089694760353985,-2.0545604741262484,-2.0278001572556636,-2.0065029725817514,-1.9890097649015646,,10028,92,1.5,False,False,"variant-gamma_m1 (v1.1-frozen + mu_surf_gamma=-1; robustness study v1.3, 423 K only)"
C0396_T423,manual,0,C0396,C0396,423.0,1.1178745407611133,0.949346124753356,-545824893750.2504,0.8952417775988579,0f623e4f6382,0d66397d18c3,5e1d50a6e395,0,True,0,46.174,2.4113293231973247,3.3767725026042394,155.1388908673469,0.010415920583816992,1.689790157965044e-13,ae73669,2026-10-04T00:32:16+00:00,2.425376089884929,155.68824771405744,True,0.0025763901393921172,3.0,3.3767725026042394,0.2023456907623318,5.0,8.185622318857e-13,True,True,-2.4530131320487194,-2.3143910685424514,-2.2348600975263486,-2.181358924554108,-2.142106936902082,-2.0871417851792575,-2.049568064954883,-2.0217108524379137,-1.9999447132867254,-1.982302340041392,-1.9676101690474699,,10145,93,1.5,False,False,"variant-gamma_m1 (v1.1-frozen + mu_surf_gamma=-1; robustness study v1.3, 423 K only)"
C0397_T423,manual,0,C0397,C0397,423.0,0.8054507855325937,1.0190871510654689,-1392668912187.2188,1.1773457653820514,3d8e9be64456,0d66397d18c3,5e1d50a6e395,0,True,0,46.458,4.531447115629359,3.5042629973333703,156.94079771413115,0.010042922822785008,1.6897901579650443e-13,ae73669,2026-10-04T00:30:53+00:00,4.54083733455471,157.2792179075314,True,0.003128603318986273,5.0,3.5042629973333703,0.19440202432545364,5.0,1.662901732153533e-12,True,True,-7.040683996610652,-2.868540971608647,-2.4231410230392134,-2.2826950799921146,-2.2065712806172173,-2.1214080370591795,-2.0727000189754667,-2.0401563628305444,-2.016431479890255,-1.9981398747332837,-1.98347702563553,,12017,92,1.5,False,False,"variant-gamma_m1 (v1.1-frozen + mu_surf_gamma=-1; robustness study v1.3, 423 K only)"
C0398_T423,manual,0,C0398,C0398,423.0,0.9717809110879898,0.851502462849021,-805070130154.4905,0.9573734227567912,feacde08a412,0d66397d18c3,5e1d50a6e395,0,True,0,30.909,2.7377236039629707,3.38496740640655,151.97566832295473,0.010389294378185063,1.6897901579650443e-13,ae73669,2026-10-04T00:26:55+00:00,2.7398948940064765,152.4824457588078,True,0.0028823209415520636,3.25,3.38496740640655,0.2020125677840307,5.0,2.671329897830293e-12,True,True,-2.495536199365078,-2.3244104335104248,-2.2359072707202925,-2.1793066975432547,-2.1390376832805984,-2.0841754783132274,-2.0475498165359807,-2.0207870454282886,-2.0000798752887468,-1.9834139479256891,-1.9696090862109108,,10964,92,1.5,False,False,"variant-gamma_m1 (v1.1-frozen + mu_surf_gamma=-1; robustness study v1.3, 423 K only)"
C0399_T423,manual,0,C0399,C0399,423.0,1.0593569681048394,1.180211127176881,-1129513648338.616,1.0653088327497244,3f4e80b96edd,0d66397d18c3,5e1d50a6e395,0,True,0,38.036,4.3136978315994625,3.4173602899831192,161.77054532252345,0.010297665982114663,1.6897901579650443e-13,ae73669,2026-10-04T00:55:07+00:00,4.328545548878663,162.06003155056658,True,0.002805564600567457,4.75,3.4173602899831192,0.19937028346936156,5.0,1.721261256790535e-12,True,True,-5.636011418607383,-2.7386506572118714,-2.4150194361080675,-2.286207705799355,-2.2110923996883547,-2.1227621130359435,-2.07026217092569,-2.034414708814849,-2.007907243152624,-1.9872611991738716,-1.9705817983165328,,10613,92,1.5,False,False,"variant-gamma_m1 (v1.1-frozen + mu_surf_gamma=-1; robustness study v1.3, 423 K only)"
C0400_T423,manual,0,C0400,C0400,423.0,1.0636221423745156,0.8734603337943554,-632459118962.2878,0.82879574932158,376f0f8b119f,0d66397d18c3,5e1d50a6e395,0,True,0,45.196,2.412315422647228,3.4667495472294645,152.8881019216909,0.010146979563776658,1.6897901579650443e-13,ae73669,2026-10-04T00:33:11+00:00,2.4266444788850716,153.32938011400793,True,0.002510801768121621,2.75,3.4667495472294645,0.19698100332419644,5.0,2.0819818447087286e-12,True,True,-2.4638389915395305,-2.325499796743181,-2.2461369962732514,-2.1927498212956693,-2.153572664712375,-2.098675510063189,-2.0611010908977034,-2.03320457181252,-2.0113777300990607,-1.993663214302493,-1.9788933172918124,,10613,93,1.5,False,False,"variant-gamma_m1 (v1.1-frozen + mu_surf_gamma=-1; robustness study v1.3, 423 K only)"
C0401_T423,manual,0,C0401,C0401,423.0,0.951136875152588,1.194728824496269,-1307953490875.6614,1.1485952492803335,2e53bbdb10e3,0d66397d18c3,5e1d50a6e395,0,True,0,38.276,4.75356712355993,3.4513195014848894,162.09460444676736,0.010197551781032044,1.6897901579650449e-13,ae73669,2026-10-04T00:29:05+00:00,4.754849564686456,162.60623093856609,True,0.0029372516052177753,5.25,3.4513195014848894,0.19729392485610056,5.0,2.498353252309753e-12,True,True,-8.313666553666037,-3.225012887609979,-2.494806497323249,-2.3194870721823415,-2.2293047462488347,-2.1309163743086974,-2.0754875688507393,-2.038716713818621,-2.0120244893396815,-1.9915040807488538,-1.9750881100372741,,11198,92,1.5,False,False,"variant-gamma_m1 (v1.1-frozen + mu_surf_gamma=-1; robustness study v1.3, 423 K only)"
C0402_T423,manual,0,C0402,C0402,423.0,0.8222160134464502,0.9255938075482846,-891768123023.2119,0.9158295437693597,fa55fa497847,0d66397d18c3,5e1d50a6e395,0,True,0,42.76,3.1484341654509227,3.620571744042862,154.39784159020576,0.009721135777245971,1.689790157965045e-13,ae73669,2026-10-04T00:31:43+00:00,3.163813870642186,154.70828396335824,True,0.0026358317567781037,3.5,3.620571744042862,0.1881076668954599,5.0,8.279696372959222e-13,True,True,-2.6647881901139177,-2.4078865134513583,-2.2952228584502183,-2.22766109758324,-2.181283085972251,-2.120011722581,-2.0801875061354127,-2.051581235311537,-2.029716640751734,-2.0122829909405833,-1.9979500162585608,,12017,93,1.5,False,False,"variant-gamma_m1 (v1.1-frozen + mu_surf_gamma=-1; robustness study v1.3, 423 K only)"
C0403_T423,manual,0,C0403,C0403,423.0,1.1097305584698915,1.0058756172657013,-1044742073863.7448,1.011460829526186,6c9571e5a3e3,0d66397d18c3,5e1d50a6e395,0,True,0,52.93,3.7042307473814886,3.3521874818616455,156.7363234648773,0.010493491416482188,1.6897901579650443e-13,ae73669,2026-10-04T00:52:23+00:00,3.7117740275876905,157.33919174925992,True,0.0028097856444982876,4.25,3.3521874818616455,0.203692535191436,5.0,2.844057883923106e-12,True,True,-3.1345233573125277,-2.492225925254711,-2.32188725294831,-2.2321109445134066,-2.1741150856949445,-2.1009430228438153,-2.055054805696851,-2.0227450484079035,-1.998359062923595,-1.979079988390759,-1.963325004143973,,10262,93,1.5,False,False,"variant-gamma_m1 (v1.1-frozen + mu_surf_gamma=-1; robustness study v1.3, 423 K only)"
C0404_T423,manual,0,C0404,C0404,423.0,1.1674526557326317,0.9818810850381852,-1411883470602.3335,1.0833148825913668,38de0d30f12f,0d66397d18c3,5e1d50a6e395,0,True,0,38.453,4.4884719122367445,3.294154238764058,155.92630339640624,0.010677382287208752,1.6897901579650443e-13,ae73669,2026-10-04T00:52:36+00:00,4.490422536997279,156.46753677843884,True,0.003018738164895558,5.0,3.294154238764058,0.20736319795948605,5.0,2.029797296811281e-12,True,True,-6.777842008386151,-2.839026398358112,-2.4194990384502066,-2.276952356158678,-2.197613523680396,-2.106979564334632,-2.0541407709841115,-2.018368130661694,-1.9920209633882275,-1.9715352077538646,-1.954993913585609,,9911,92,1.5,False,False,"variant-gamma_m1 (v1.1-frozen + mu_surf_gamma=-1; robustness study v1.3, 423 K only)"
C0405_T423,manual,0,C0405,C0405,423.0,0.8549251407384872,1.06213700696826,-524657068774.1041,0.9877346586436032,f532a8ee88c3,0d66397d18c3,5e1d50a6e395,0,True,0,53.845,2.639865298785339,3.5197375751284627,158.4186803286347,0.009997944547795049,1.6897901579650454e-13,ae73669,2026-10-04T00:36:37+00:00,2.655526488048436,158.72444599181762,True,0.0026601860713968487,3.0,3.5197375751284627,0.19363558395113342,5.0,1.4956061024109727e-12,True,True,-2.497216549703528,-2.33722804893448,-2.2514795599449786,-2.1957478317093493,-2.1557510390481087,-2.1009303628471105,-2.064227543283496,-2.0374186013352245,-2.0167131696504113,-2.0000892763305185,-1.9863563105890292,,11783,93,1.5,False,False,"variant-gamma_m1 (v1.1-frozen + mu_surf_gamma=-1; robustness study v1.3, 423 K only)"
C0406_T423,manual,0,C0406,C0406,423.0,0.921358973160386,0.81722149848938,-1175095358863.473,1.1704965829849243,1d83fe146451,0d66397d18c3,5e1d50a6e395,0,True,0,36.994,3.480100341626741,3.2644865036660726,150.5772708001173,0.010768869133212901,1.6897901579650443e-13,ae73669,2026-10-04T00:54:24+00:00,3.4832960937954605,151.09269234677046,True,0.0033633881346064364,4.0,3.2644865036660726,0.20983653319710024,5.0,1.0387983875870255e-12,True,True,-2.784547874964384,-2.3808004516563908,-2.2482677685807353,-2.1759012558822612,-2.1285994429838535,-2.06852465403924,-2.0306903825587423,-2.0039901032546763,-1.9838059223089384,-1.967829900693836,-1.9547627046477558,,11432,92,1.5,False,False,"variant-gamma_m1 (v1.1-frozen + mu_surf_gamma=-1; robustness study v1.3, 423 K only)"
C0407_T423,manual,0,C0407,C0407,423.0,1.0088312704116107,1.1385158859193325,-765347578562.7961,0.8506474547088146,be79f6fa7972,0d66397d18c3,5e1d50a6e395,0,True,0,47.205,3.3943533697123107,3.6364067843380514,160.8815257989169,0.009682312773974841,1.6897901579650446e-13,ae73669,2026-10-04T00:34:14+00:00,3.410361513927913,161.04379160304038,True,0.0023284280447343573,3.75,3.6364067843380514,0.1869117322207272,5.0,1.6950204429743185e-12,True,True,-2.853167321077444,-2.4905194301836358,-2.3500150866734506,-2.268324697773807,-2.2129560143569007,-2.1404171005660597,-2.0935469993045315,-2.0599891753075603,-2.0343956623017942,-2.0140208921746443,-1.9972896155070088,,10847,91,1.5,False,False,"variant-gamma_m1 (v1.1-frozen + mu_surf_gamma=-1; robustness study v1.3, 423 K only)"
C0408_T423,manual,0,C0408,C0408,423.0,1.0380729213356972,0.9164757654070854,-1205934789031.744,0.9669305089861154,dd7de04a0152,0d66397d18c3,5e1d50a6e395,0,True,0,46.361,3.847763058938368,3.4249007815737533,154.04416063496606,0.010271663836621208,1.6897901579650443e-13,ae73669,2026-10-04T00:33:20+00:00,3.865356197535004,154.01467564675886,True,0.002837247235608612,4.25,3.4249007815737533,0.19929610647825588,5.0,1.508196326748477e-12,True,True,-3.4528460243225525,-2.5329943988045067,-2.342049078223592,-2.2464048684651763,-2.185992557300713,-2.111017241327726,-2.064571005449481,-2.032074347363572,-2.007636285126391,-1.9883592023096253,-1.9726285670963677,,10613,92,1.5,False,False,"variant-gamma_m1 (v1.1-frozen + mu_surf_gamma=-1; robustness study v1.3, 423 K only)"
C0409_T423,manual,0,C0409,C0409,423.0,0.9254898071289064,1.0393097139894962,-857528294436.6335,1.061925321444869,5cb5d6210dac,0d66397d18c3,5e1d50a6e395,0,True,0,51.689,3.349410803792486,3.418006397867638,157.65919361311066,0.01029276760913722,1.6897901579650443e-13,ae73669,2026-10-04T00:35:28+00:00,3.3663933362934237,157.82073613090165,True,0.0028850646001090056,3.75,3.418006397867638,0.19965252686176618,5.0,1.6083803381377886e-12,True,True,-2.7469618297940075,-2.412322261581142,-2.2842103262599314,-2.2106492210234507,-2.161271274895145,-2.097230076636967,-2.056257866430352,-2.0271196534301876,-2.0050058152876007,-1.9874678326461694,-1.9731100783260218,,11315,92,1.5,False,False,"variant-gamma_m1 (v1.1-frozen + mu_surf_gamma=-1; robustness study v1.3, 423 K only)"
C0410_T423,manual,0,C0410,C0410,423.0,0.8982291016727686,0.8842381492257119,-1441804482601.583,0.8790619716048241,1d604a90e339,0d66397d18c3,5e1d50a6e395,0,True,0,50.907,4.314805253199803,3.660160125374531,153.13531275181458,0.009617657423543062,1.6897901579650446e-13,ae73669,2026-10-04T00:36:01+00:00,4.3309824113461435,153.22912504914044,True,0.0026799884206290233,4.75,3.660160125374531,0.18590983999849275,5.0,1.5218326728402049e-12,True,True,-5.7073447735616,-2.7541699879096617,-2.4365243269945065,-2.3099670296197514,-2.236338009243283,-2.1499110848041076,-2.098530741596656,-2.0633729171626802,-2.037300420992432,-2.016930696352934,-2.00042494151661,,11549,92,1.5,False,False,"variant-gamma_m1 (v1.1-frozen + mu_surf_gamma=-1; robustness study v1.3, 423 K only)"
C0411_T423,manual,0,C0411,C0411,423.0,1.185646181181073,1.159829504042864,-617748513817.7871,1.1998885698616504,eee9e94e09e6,0d66397d18c3,5e1d50a6e395,0,True,0,42.522,3.069267627283266,3.137162584649611,161.04294629646543,0.011206280360439868,1.689790157965044e-13,ae73669,2026-10-04T00:33:28+00:00,3.08415291622793,161.19554009912474,True,0.0030944457904428435,3.5,3.137162584649611,0.21825427258487784,5.0,1.6135033319610327e-12,True,True,-2.5778663345300643,-2.3384144872049974,-2.2299098382437226,-2.163968604789191,-2.1183617017027156,-2.0577458026715236,-2.0181765731605887,-1.9896989295541399,-1.9679143570966,-1.9505385164866127,-1.9362512966009764,,9794,92,1.5,False,False,"variant-gamma_m1 (v1.1-frozen + mu_surf_gamma=-1; robustness study v1.3, 423 K only)"
C0412_T423,manual,0,C0412,C0412,423.0,1.1433682784438133,0.8280257143080235,-984890141524.3744,1.1217426110059023,24dcbad34837,0d66397d18c3,5e1d50a6e395,0,True,0,45.255,3.073890695751887,3.134853374409147,150.99394462215164,0.011210483375618053,1.6897901579650446e-13,ae73669,2026-10-04T00:33:02+00:00,3.089877315052933,151.14257116023722,True,0.0033200369316869005,3.5,3.134853374409147,0.2188548884539078,5.0,1.1389448412169045e-12,True,True,-2.5521087984596695,-2.3185092938161493,-2.214399136903144,-2.1517295957992673,-2.108624112565474,-2.051535998535072,-2.0142981427562434,-1.987450820261355,-1.9668554264241613,-1.9503756610145095,-1.936781283747616,,10145,92,1.5,False,False,"variant-gamma_m1 (v1.1-frozen + mu_surf_gamma=-1; robustness study v1.3, 423 K only)"
C0413_T423,manual,0,C0413,C0413,423.0,0.8309382289648056,1.103590987622738,-1074693659320.4736,0.8009670745581389,e5f68ff7710e,0d66397d18c3,5e1d50a6e395,0,True,0,41.993,4.03566015644743,3.911669793922799,159.94279468974239,0.009008229186332303,1.6897901579650446e-13,ae73669,2026-10-04T00:31:36+00:00,4.0468915600299145,160.4353052135511,True,0.002280652381981765,4.5,3.911669793922799,0.17308100973140503,5.0,2.5693930760304154e-12,True,True,-4.149983937922567,-2.6829976123821524,-2.448830487690707,-2.337238621636427,-2.2678869134753725,-2.182704315452794,-2.1303768256101057,-2.0939822514532516,-2.0667486476851944,-2.0453605730818425,-2.027976316533753,,11900,92,1.5,False,False,"variant-gamma_m1 (v1.1-frozen + mu_surf_gamma=-1; robustness study v1.3, 423 K only)"
C0414_T423,manual,0,C0414,C0414,423.0,0.9957119051367044,0.9727374084293844,-724670408293.6049,1.0338266670703888,2357890bc422,0d66397d18c3,5e1d50a6e395,0,True,0,32.115,2.874713561291379,3.3411093296543117,155.67935674848238,0.010526194061436539,1.6897901579650443e-13,ae73669,2026-10-04T00:27:28+00:00,2.891227691972976,155.7930799166496,True,0.0028787994766397776,3.25,3.3411093296543117,0.20458829724271946,5.0,2.1890489264194783e-12,True,True,-2.5319316341839864,-2.3372735591060416,-2.241146068356287,-2.1808279044622694,-2.138383239521826,-2.0811366053497027,-2.0432837370086143,-2.0158127160828805,-1.9946706018117604,-1.9777286275702954,-1.9637464777941844,,10964,91,1.5,False,False,"variant-gamma_m1 (v1.1-frozen + mu_surf_gamma=-1; robustness study v1.3, 423 K only)"
C0415_T423,manual,0,C0415,C0415,423.0,1.0832820493727922,1.095597441494465,-1338823494501.412,0.9387822262942792,55ead2456e74,0d66397d18c3,5e1d50a6e395,0,True,0,37.287,4.614120448028185,3.549438808393107,159.49666899847958,0.009918477442944967,1.6897901579650446e-13,ae73669,2026-10-04T00:55:45+00:00,4.6314872738566155,159.52705800878974,True,0.0025851312036294276,5.0,3.549438808393107,0.1915743112140981,5.0,1.8691539716767646e-12,True,True,-7.473175267665139,-3.0295809723274263,-2.5028660416998587,-2.341017710699151,-2.2525666463858687,-2.15231969251192,-2.094142154886207,-2.0548535735148605,-2.0259729163804225,-2.00355499003102,-1.9854807839588418,,10496,92,1.5,False,False,"variant-gamma_m1 (v1.1-frozen + mu_surf_gamma=-1; robustness study v1.3, 423 K only)"
C0416_T423,manual,0,C0416,C0416,423.0,1.0809792939573526,0.8401722516864538,-1000480053946.376,0.857322270423174,f73da9f6edf4,0d66397d18c3,5e1d50a6e395,0,True,0,42.995,3.1681353409648896,3.453045607381693,151.78528390949552,0.010187112895944261,1.6897901579650446e-13,ae73669,2026-10-04T00:33:54+00:00,3.1815579632563544,152.2679991021162,True,0.0026203903899156495,3.75,3.453045607381693,0.19777518672733838,5.0,2.45010850381323e-12,True,True,-2.6718243527152743,-2.4053437793707286,-2.288648885223139,-2.218514947635263,-2.1702281313398606,-2.1061384289518577,-2.064211417394238,-2.0339097675895794,-2.010617784374311,-1.9919488808629573,-1.976526365860261,,10496,93,1.5,False,False,"variant-gamma_m1 (v1.1-frozen + mu_surf_gamma=-1; robustness study v1.3, 423 K only)"
C0417_T423,manual,0,C0417,C0417,423.0,0.9935439068824052,1.1157604459673167,-934107360430.0618,1.1654026851058006,df2fe4f32647,0d66397d18c3,5e1d50a6e395,0,True,0,37.936,3.703424109041197,3.314011163248023,159.8046248995013,0.010613649360479788,1.6897901579650449e-13,ae73669,2026-10-04T00:29:43+00:00,3.710651384252311,160.12264936196453,True,0.0029994690019051386,4.25,3.314011163248023,0.20610142129585932,5.0,2.0413891409768735e-12,True,True,-3.1168023012238404,-2.468601915908875,-2.301700749220889,-2.2146930343105464,-2.1588704889480943,-2.088940527147292,-2.0454269442324526,-2.014980734173385,-1.9921229380286016,-1.9741352641085705,-1.9594955966980745,,10964,93,1.5,False,False,"variant-gamma_m1 (v1.1-frozen + mu_surf_gamma=-1; robustness study v1.3, 423 K only)"
C0418_T423,manual,0,C0418,C0418,423.0,0.8333229288458824,0.9606881614774464,-1272419490851.462,0.9951402720063924,b88c59e958ac,0d66397d18c3,5e1d50a6e395,0,True,0,43.673,4.117376236788195,3.598337425454265,155.3522981545168,0.009781952703032901,1.6897901579650449e-13,ae73669,2026-10-04T00:32:27+00:00,4.134479937623911,155.36739931314935,True,0.002802157415126031,4.5,3.598337425454265,0.18918159401676674,5.0,2.3545012283415015e-12,True,True,-4.568539731177604,-2.6329041609107686,-2.385885846748803,-2.2765825144135694,-2.2108929513535083,-2.132295794463248,-2.085026576752289,-2.0525434826588405,-2.0284212269203388,-2.0095744413779015,-1.994312459517113,,11900,91,1.5,False,False,"variant-gamma_m1 (v1.1-frozen + mu_surf_gamma=-1; robustness study v1.3, 423 K only)"
C0419_T423,manual,0,C0419,C0419,423.0,1.145887729525566,1.0835252437740563,-666070321574.8071,1.077489972487092,5273c4312804,0d66397d18c3,5e1d50a6e395,0,True,0,48.303,3.0118507954810703,3.242557397220295,158.98169968703223,0.01084479825818507,1.6897901579650446e-13,ae73669,2026-10-04T00:53:11+00:00,3.015974545296665,159.4837307944532,True,0.002917568252558353,3.5,3.242557397220295,0.21090624681882755,5.0,1.5867544590802072e-12,True,True,-2.578196182635074,-2.3521071124578783,-2.2459815280097892,-2.1805797619806957,-2.134982802661196,-2.073943320536662,-2.0338331133597256,-2.004835836080866,-1.9825787653711047,-1.9647785225960237,-1.9501101534768766,,10145,92,1.5,False,False,"variant-gamma_m1 (v1.1-frozen + mu_surf_gamma=-1; robustness study v1.3, 423 K only)"
C0420_T423,manual,0,C0420,C0420,423.0,1.175482526794076,0.9044008795171976,-783303453586.9956,1.0055665127933024,3c6931a7da61,0d66397d18c3,5e1d50a6e395,0,True,0,35.515,2.830971099250818,3.2336543725493176,153.6013333852943,0.010872287748315966,1.6897901579650443e-13,ae73669,2026-10-04T00:53:12+00:00,2.84783594769457,153.67016713163954,True,0.0029600003526071158,3.25,3.2336543725493176,0.21174136940887536,5.0,1.1867918139882818e-12,True,True,-2.512298170534201,-2.32395347926314,-2.229165065890349,-2.1691573485006233,-2.1266848698787677,-2.069052029790625,-2.030693983121744,-2.0027109217504955,-1.981079672504544,-1.9636790619918905,-1.9492693169427455,,9911,92,1.5,False,False,"variant-gamma_m1 (v1.1-frozen + mu_surf_gamma=-1; robustness study v1.3, 423 K only)"
C0421_T423,manual,0,C0421,C0421,423.0,0.8879062820225955,1.0272638585418463,-1155156031250.9536,0.9232679665088652,debc344c4d1c,0d66397d18c3,5e1d50a6e395,0,True,0,52.974,4.022561367919915,3.646779110294682,157.4989557687738,0.009654191352370526,1.6897901579650449e-13,ae73669,2026-10-04T00:37:30+00:00,4.030168168618504,157.9194319275429,True,0.0026169141588824724,4.5,3.646779110294682,0.18644949912802178,5.0,2.627059537797221e-12,True,True,-4.09769453666096,-2.624696111464362,-2.397265598586727,-2.2902736625517193,-2.224305465489266,-2.143847994699032,-2.0947184734647903,-2.06066343932352,-2.03523194112278,-2.015284097432074,-1.999083179422839,,11549,92,1.5,False,False,"variant-gamma_m1 (v1.1-frozen + mu_surf_gamma=-1; robustness study v1.3, 423 K only)"
C0422_T423,manual,0,C0422,C0422,423.0,0.9356387034058572,0.896411082521081,-551340963691.473,1.1435326110571622,9b515ccf16fc,0d66397d18c3,5e1d50a6e395,0,True,0,36.68,2.260026435022111,3.236529849684603,153.17824947712617,0.01086136629272511,1.6897901579650446e-13,ae73669,2026-10-04T00:55:01+00:00,2.263593762138735,153.56138721207842,True,0.0032234395603904223,2.75,3.236529849684603,0.21169117648868638,5.0,1.994665342158448e-12,True,True,-2.359517454887779,-2.243470365335951,-2.17628880779828,-2.1310604724840867,-2.097922621075235,-2.0516521653684823,-2.020150572216595,-1.9968814109718203,-1.9787600198812634,-1.9641155397500942,-1.9519531658559337,,11315,92,1.5,False,False,"variant-gamma_m1 (v1.1-frozen + mu_surf_gamma=-1; robustness study v1.3, 423 K only)"
C0423_T423,manual,0,C0423,C0423,423.0,1.0480626463890077,1.1719733890146018,-1383216108195.4836,0.8354026604443789,b8507ff1cc64,0d66397d18c3,5e1d50a6e395,0,True,0,46.72,4.906628766394902,3.775653562725786,161.83478904904058,0.009331864616666586,1.689790157965045e-13,ae73669,2026-10-04T00:35:01+00:00,4.921457741101644,162.14897123643334,True,0.002261113097098301,5.5,3.775653562725786,0.17935932104707117,5.0,1.8290051970446054e-12,True,True,-9.22603066541772,-3.66488328095835,-2.6281510444691016,-2.417714914675002,-2.3115456012495725,-2.195853231705112,-2.1303322028607923,-2.0866031155966915,-2.054686348260068,-2.0300315704206273,-2.0102245472791056,,10613,93,1.5,False,False,"variant-gamma_m1 (v1.1-frozen + mu_surf_gamma=-1; robustness study v1.3, 423 K only)"
C0424_T423,manual,0,C0424,C0424,423.0,1.005039257183671,0.9941226083785296,-583244720473.8855,0.9438945300877094,9c313c5503f8,0d66397d18c3,5e1d50a6e395,0,True,0,47.051,2.6098921413860174,3.4187578839535893,156.4763293125766,0.010289559160541525,1.6897901579650443e-13,ae73669,2026-10-04T00:34:08+00:00,2.6274559825435997,156.30385264836988,True,0.0026872114669406026,3.0,3.4187578839535893,0.19970872071489276,5.0,1.5185412733857757e-12,True,True,-2.4895748981211874,-2.3311980200319544,-2.2451391850361344,-2.1887747101706654,-2.148102598458511,-2.0920233906386203,-2.0542318083260933,-2.0264821181400143,-2.004954487315644,-1.9876032314810494,-1.9732198219911885,,10847,92,1.5,False,False,"variant-gamma_m1 (v1.1-frozen + mu_surf_gamma=-1; robustness study v1.3, 423 K only)"
C0425_T423,manual,0,C0425,C0425,423.0,0.9175064045935868,1.0744075547903775,-1478292205370.9626,1.027170257270336,db55e4686a34,0d66397d18c3,5e1d50a6e395,0,True,0,50.499,4.878451989735395,3.579047417545563,158.77915761494864,0.009836514359894143,1.689790157965044e-13,ae73669,2026-10-04T00:36:19+00:00,4.894699368325146,158.66129466399326,True,0.002750179336012208,5.25,3.579047417545563,0.18999237181252582,5.0,1.4694807870530013e-12,True,True,-9.183121792769246,-3.5513734022910532,-2.550255524393862,-2.353808753672567,-2.256585702761408,-2.1525048275441727,-2.0945202331637685,-2.0562234590715023,-2.028475646621621,-2.0071587697032296,-1.9901075706300921,,11432,91,1.5,False,False,"variant-gamma_m1 (v1.1-frozen + mu_surf_gamma=-1; robustness study v1.3, 423 K only)"
C0426_T423,manual,0,C0426,C0426,423.0,0.8589455828070641,0.8052733410149813,-816127535887.0625,0.806810199841857,850e411ee371,0d66397d18c3,5e1d50a6e395,0,True,0,49.279,2.643357535141214,3.636525937859074,150.72969606290366,0.009676415901510195,1.6897901579650454e-13,ae73669,2026-10-04T00:36:50+00:00,2.6599179534981996,150.8704036283926,True,0.0025660601715500313,3.0,3.636525937859074,0.18751252874617289,5.0,9.706870723880101e-13,True,True,-2.513490632822676,-2.353658707041583,-2.2679415870847914,-2.2121889947186024,-2.1721142660963477,-2.116997710542897,-2.0798806184983856,-2.0526001681532517,-2.0314023405485298,-2.0142854735212836,-2.000069968121659,,11666,93,1.5,False,False,"variant-gamma_m1 (v1.1-frozen + mu_surf_gamma=-1; robustness study v1.3, 423 K only)"
C0427_T423,manual,0,C0427,C0427,423.0,1.1714125365018844,1.126538674160838,-1249319491907.954,1.1143552128225565,7e4f9f71b441,0d66397d18c3,5e1d50a6e395,0,True,0,44.977,4.46394857092365,3.3002407324194327,160.18255970152694,0.010659446584218772,1.6897901579650443e-13,ae73669,2026-10-04T00:34:14+00:00,4.46970760756938,160.86847288084593,True,0.0029277622756979545,5.0,3.3002407324194327,0.2067919244880321,5.0,1.2926673126510793e-12,True,True,-6.55916633991002,-2.828791319769398,-2.4232231364907855,-2.2812984692902503,-2.201540962461706,-2.109855763799621,-2.056201975971489,-2.0198420239288883,-1.9930678014837135,-1.9722653423693892,-1.955484598562513,,9911,93,1.5,False,False,"variant-gamma_m1 (v1.1-frozen + mu_surf_gamma=-1; robustness study v1.3, 423 K only)"
C0428_T423,manual,0,C0428,C0428,423.0,1.1010073337703945,0.8614857744425536,-1366552378050.983,1.192431741207838,bf63f8bd2d10,0d66397d18c3,5e1d50a6e395,0,True,0,49.592,4.050350958588444,3.171175379457184,151.99692013035326,0.011084520772324332,1.689790157965044e-13,ae73669,2026-10-04T00:33:52+00:00,4.06342307881903,152.19018533058426,True,0.0034126079168986705,4.5,3.171175379457184,0.21610038282543265,5.0,2.6845922965263856e-12,True,True,-4.24220902154229,-2.533190975655909,-2.3068475077032384,-2.205310302558633,-2.14409422839646,-2.0706815943109427,-2.0263956470939752,-1.9958634214172934,-1.9731145757795123,-1.9552830784118391,-1.9407983639738726,,10379,92,1.5,False,False,"variant-gamma_m1 (v1.1-frozen + mu_surf_gamma=-1; robustness study v1.3, 423 K only)"
C0429_T423,manual,0,C0429,C0429,423.0,0.8135289359837771,1.18277719207108,-698863830417.3947,0.8849378824234009,95c54e476ccc,0d66397d18c3,5e1d50a6e395,0,True,0,40.856,3.337992811156588,3.770698025344754,162.06144879792862,0.00934124372467576,1.689790157965044e-13,ae73669,2026-10-04T00:32:17+00:00,3.355538359460388,162.24112180366257,True,0.0023982491663354904,3.75,3.770698025344754,0.17990458620491565,5.0,1.586598716803455e-12,True,True,-2.811660820990117,-2.4797204696677424,-2.3472439972731083,-2.269820375201548,-2.2173022459348273,-2.148577419538267,-2.10429734739763,-2.072694235637955,-2.0486666505249684,-2.0295952964889774,-2.013978208707542,,11900,92,1.5,False,False,"variant-gamma_m1 (v1.1-frozen + mu_surf_gamma=-1; robustness study v1.3, 423 K only)"
C0430_T423,manual,0,C0430,C0430,423.0,0.9596012011170388,0.9378609638661146,-1095525577664.3752,1.0553001951426269,87af0b3decc2,0d66397d18c3,5e1d50a6e395,0,True,0,34.166,3.641508725681199,3.3836578899859835,154.58211966695413,0.010395307561907288,1.689790157965044e-13,ae73669,2026-10-04T00:28:02+00:00,3.6567608764284,154.80572718229823,True,0.0029323497967459304,4.0,3.3836578899859835,0.20187556146595206,5.0,1.6659675686480343e-12,True,True,-3.0165980714410354,-2.459672200769339,-2.3022585401510156,-2.2186562566661414,-2.1645861549594674,-2.096404903292314,-2.053705482585011,-2.0236794679634618,-2.0010420515344673,-1.9831626568411045,-1.9685643685789516,,11081,93,1.5,False,False,"variant-gamma_m1 (v1.1-frozen + mu_surf_gamma=-1; robustness study v1.3, 423 K only)"
C0431_T423,manual,0,C0431,C0431,423.0,1.072122609615326,1.018119828775525,-965980543754.9948,0.9719749320298432,afddf35195fb,0d66397d18c3,5e1d50a6e395,0,True,0,39.01,3.5560308069012576,3.4118821256747793,157.15942050562214,0.010311592089700871,1.6897901579650446e-13,ae73669,2026-10-04T00:56:24+00:00,3.5704943355022363,157.48468073697975,True,0.002756647085139516,4.0,3.4118821256747793,0.19996966177935493,5.0,9.116717797352791e-13,True,True,-2.941799115937705,-2.47061152477299,-2.3180930446996535,-2.2339742641570406,-2.178485715866413,-2.107361764850056,-2.0622044618119446,-2.0301888648407647,-2.0059189438890765,-1.986674275318727,-1.9709136649887917,,10496,92,1.5,False,False,"variant-gamma_m1 (v1.1-frozen + mu_surf_gamma=-1; robustness study v1.3, 423 K only)"
C0432_T423,manual,0,C0432,C0432,423.0,1.0552871733903886,0.9371991999447346,-1466882316395.6404,1.1338960837572811,654cc3a655c4,0d66397d18c3,5e1d50a6e395,0,True,0,46.998,4.495088169453057,3.3000220261174396,154.46689336637942,0.010657331130144769,1.6897901579650446e-13,ae73669,2026-10-04T00:34:41+00:00,4.495888307038042,155.0046722285493,True,0.003162489722165548,5.0,3.3000220261174396,0.20711196812701999,5.0,1.1007066845275388e-12,True,True,-6.852063234310414,-2.82697287136935,-2.4057038620556743,-2.265889068394126,-2.1888349694074365,-2.101504338969407,-2.050932130754245,-2.0168321326506247,-1.9917859596878167,-1.9723515402034508,-1.9566845473269716,,10613,91,1.5,False,False,"variant-gamma_m1 (v1.1-frozen + mu_surf_gamma=-1; robustness study v1.3, 423 K only)"
C0433_T423,manual,0,C0433,C0433,423.0,0.9678702875971794,1.006917305290699,-596607473678.8868,0.8387067306786776,bc40cb119aa8,0d66397d18c3,5e1d50a6e395,0,True,0,39.457,2.6844510261287486,3.589053672065551,157.0177836216773,0.009806355209677809,1.689790157965045e-13,ae73669,2026-10-04T00:30:23+00:00,2.6956894967972267,157.36632473909233,True,0.002403330514082524,3.25,3.589053672065551,0.18975764814656634,5.0,2.5507986773164026e-12,True,True,-2.54406819274726,-2.3733059040329985,-2.281561615975172,-2.221693940746875,-2.178559017017197,-2.1191316523880843,-2.079094710671574,-2.049694240642657,-2.026882232501645,-2.008492379618392,-1.9932452463719488,,11081,93,1.5,False,False,"variant-gamma_m1 (v1.1-frozen + mu_surf_gamma=-1; robustness study v1.3, 423 K only)"
C0434_T423,manual,0,C0434,C0434,423.0,0.809193541482091,0.8635513342916966,-1195917376317.084,1.021862380951643,be08a9d40cf9,0d66397d18c3,5e1d50a6e395,0,True,0,41.424,3.6732152975019723,3.5280518280373294,152.2773017183091,0.009972934173903563,1.6897901579650443e-13,ae73669,2026-10-04T00:33:09+00:00,3.685209011662777,152.76761104445268,True,0.0028984146773768774,4.25,3.5280518280373294,0.19334426985801312,5.0,8.713862964526697e-13,True,True,-3.0604935912808227,-2.4695589358241903,-2.3115750670230044,-2.22905109981222,-2.1761635748948116,-2.10998709240026,-2.0688114200611,-2.0399677310236752,-2.018277019879353,-2.001177047499852,-1.9872353575827655,,11900,93,1.5,False,False,"variant-gamma_m1 (v1.1-frozen + mu_surf_gamma=-1; robustness study v1.3, 423 K only)"
C0435_T423,manual,0,C0435,C0435,423.0,1.1217764619737864,1.1922829493880271,-863669941201.806,0.900841224193573,8da8e1f1572b,0d66397d18c3,5e1d50a6e395,0,True,0,46.952,3.739984827394718,3.5338057978300665,162.31482641380524,0.009961827803888252,1.6897901579650449e-13,ae73669,2026-10-04T00:53:58+00:00,3.74181549218601,162.88712781330995,True,0.0024524636023156446,4.25,3.5338057978300665,0.19247095898335462,5.0,1.5386924137583426e-12,True,True,-3.2449732304822785,-2.5566224539683486,-2.3747263360156774,-2.278119674634717,-2.2153007055809963,-2.1355344463496033,-2.0852404494374284,-2.0497303893759318,-2.0228919764425015,-2.001660969576881,-1.9843075425047503,,10145,93,1.5,False,False,"variant-gamma_m1 (v1.1-frozen + mu_surf_gamma=-1; robustness study v1.3, 423 K only)"
C0436_T423,manual,0,C0436,C0436,423.0,1.1515559017658237,0.8197902575135232,-746528609655.7975,0.9789925333112478,4497be2fe4cc,0d66397d18c3,5e1d50a6e395,0,True,0,35.178,2.5081218683403104,3.223199060380172,150.92514903468395,0.010905514646819183,1.6897901579650443e-13,ae73669,2026-10-04T00:53:48+00:00,2.5111692221105284,151.35131918825667,True,0.0030152887764394428,3.0,3.223199060380172,0.21264556453984418,5.0,1.1051558973518283e-12,True,True,-2.4258403781048092,-2.2826602199983754,-2.203534473663284,-2.151345955002242,-2.1135199890302383,-2.061107958702428,-2.0255781202384737,-1.9993506095394167,-1.978905402327345,-1.9623538346245033,-1.9485780387500393,,10028,92,1.5,False,False,"variant-gamma_m1 (v1.1-frozen + mu_surf_gamma=-1; robustness study v1.3, 423 K only)"
C0437_T423,manual,0,C0437,C0437,423.0,0.8639859512448311,1.148495788127184,-1313028499484.0625,1.0999641362577677,ca4f25a5dc1b,0d66397d18c3,5e1d50a6e395,0,True,0,52.312,4.66399415983622,3.557636035724778,160.8215214294264,0.009895389285909679,1.6897901579650449e-13,ae73669,2026-10-04T00:38:23+00:00,4.6766446014622725,161.3289622019701,True,0.0027814525832312673,5.25,3.557636035724778,0.19116465701965168,5.0,1.619815822355041e-12,True,True,-7.7799969784392,-3.0688815696251575,-2.4823432714653335,-2.320623530554119,-2.235087915110205,-2.140424874351271,-2.0866087327277496,-2.0507526880132256,-2.0246592055595474,-2.004567115919748,-1.9884766771030085,,11666,93,1.5,False,False,"variant-gamma_m1 (v1.1-frozen + mu_surf_gamma=-1; robustness study v1.3, 423 K only)"
C0438_T423,manual,0,C0438,C0438,423.0,0.9101497281342744,0.9809118315577507,-979465659707.7848,0.866810715943575,5be517f08872,0d66397d18c3,5e1d50a6e395,0,True,0,39.464,3.5029078937508795,3.645918965229642,156.1869807900339,0.009655361451269003,1.6897901579650446e-13,ae73669,2026-10-04T00:55:41+00:00,3.504049563437501,156.72115920167528,True,0.002531312485153261,4.0,3.645918965229642,0.18661173088238409,5.0,1.0666745264842348e-12,True,True,-2.915172462979482,-2.490801783213922,-2.3438852651455044,-2.2614724802236084,-2.206675376148983,-2.1360104431448215,-2.0909301259076347,-2.0588831083448187,-2.0345485603605464,-2.0152314636398074,-1.999400029280252,,11432,92,1.5,False,False,"variant-gamma_m1 (v1.1-frozen + mu_surf_gamma=-1; robustness study v1.3, 423 K only)"
C0439_T423,manual,0,C0439,C0439,423.0,1.0225795838981866,1.0506560184061526,-1083993907086.5511,1.1620512410998345,7ab12adc5771,0d66397d18c3,5e1d50a6e395,0,True,0,50.321,3.894836974868541,3.2919612928386424,157.90952352415098,0.010683668806370396,1.689790157965044e-13,ae73669,2026-10-04T00:35:51+00:00,3.9092108573632416,158.2281095680016,True,0.003013292182172091,4.25,3.2919612928386424,0.20758789207535572,5.0,9.727457554731256e-13,True,True,-3.5908134021818694,-2.5152186697328496,-2.318057538284197,-2.222137012144299,-2.162360872972344,-2.089017040846385,-2.0440748937044426,-2.0128797297187395,-1.9895693601267412,-1.9712795835667267,-1.9564228340423206,,10730,93,1.5,False,False,"variant-gamma_m1 (v1.1-frozen + mu_surf_gamma=-1; robustness study v1.3, 423 K only)"
C0440_T423,manual,0,C0440,C0440,423.0,1.03051920235157,0.8785547614097595,-886068949475.8844,1.0703706871718168,e63075bbc05b,0d66397d18c3,5e1d50a6e395,0,True,0,46.029,2.9925376837181448,3.259430038509921,152.67910081241354,0.01078628808575398,1.689790157965044e-13,ae73669,2026-10-04T00:34:54+00:00,2.993837186838279,153.1517958286399,True,0.003100998636052471,3.5,3.259430038509921,0.21007957905041483,5.0,1.2535987872763776e-12,True,True,-2.54567057850177,-2.330298683489828,-2.2298913734851413,-2.168391103445815,-2.1256961688670075,-2.068744928951906,-2.031406026389371,-2.0044251937560946,-1.9837084725946534,-1.96712798453159,-1.9534527243789745,,10730,92,1.5,False,False,"variant-gamma_m1 (v1.1-frozen + mu_surf_gamma=-1; robustness study v1.3, 423 K only)"
C0441_T423,manual,0,C0441,C0441,423.0,0.9430044695734978,1.1529635153710842,-1054377981461.5846,0.9507672715932132,665e6e23b31c,0d66397d18c3,5e1d50a6e395,0,True,0,50.061,4.087710744006736,3.6085539861118567,161.14898232262232,0.009756897434981355,1.689790157965044e-13,ae73669,2026-10-04T00:37:10+00:00,4.104890622826628,161.2292538701372,True,0.002571636812074208,4.5,3.6085539861118567,0.18836095581732534,5.0,2.0231231919243474e-12,True,True,-4.397336677332176,-2.6563279871749343,-2.410025915221241,-2.297030484762924,-2.2278970620381475,-2.1439750394682884,-2.0929159210384523,-2.0576094658984903,-2.0312948001367497,-2.010688260312473,-1.993976206774326,,11198,92,1.5,False,False,"variant-gamma_m1 (v1.1-frozen + mu_surf_gamma=-1; robustness study v1.3, 423 K only)"
C0442_T423,manual,0,C0442,C0442,423.0,0.8828628797084094,0.920535996556282,-654164758510.8876,1.1832393400371073,af36c57d1b97,0d66397d18c3,5e1d50a6e395,0,True,0,53.205,2.561441994129724,3.2756517307349458,153.86569730736537,0.010733415635078571,1.6897901579650449e-13,ae73669,2026-10-04T00:37:44+00:00,2.5759698181048334,154.1019320525212,True,0.003273490060602826,3.0,3.2756517307349458,0.20899084061761847,5.0,1.5507647784774898e-12,True,True,-2.4120290458650766,-2.2691105615260843,-2.1924518667480983,-2.142754342286062,-2.107174009197001,-2.05852555850282,-2.026018083292062,-2.002292714202122,-1.9839725356619298,-1.9692620529253746,-1.9571064939981528,,11549,92,1.5,False,False,"variant-gamma_m1 (v1.1-frozen + mu_surf_gamma=-1; robustness study v1.3, 423 K only)"
C0443_T423,manual,0,C0443,C0443,423.0,1.1953483346849678,1.0477019660174849,-1282372144982.2188,0.8878041207790375,7af295c0048e,0d66397d18c3,5e1d50a6e395,0,True,0,49.142,4.372069744973322,3.5198991924441674,158.13960339553157,0.010000681578403161,1.6897901579650443e-13,ae73669,2026-10-04T00:35:03+00:00,4.389473905651413,158.11476016033942,True,0.0025182549752335555,4.75,3.5198991924441674,0.19328411880507992,5.0,2.2132102366788994e-12,True,True,-5.994940848672766,-2.8113921654520366,-2.459178839127751,-2.321464086914849,-2.2412379270700344,-2.146648122864762,-2.0901364630230903,-2.051346583722757,-2.0225222037734767,-1.999970400434762,-1.9816764748346731,,9794,91,1.5,False,False,"variant-gamma_m1 (v1.1-frozen + mu_surf_gamma=-1; robustness study v1.3, 423 K only)"
C0444_T423,manual,0,C0444,C0444,423.0,1.125127774477005,0.9642742536962032,-1165230567567.0503,0.8159554179757834,8a1b6f0abf7c,0d66397d18c3,5e1d50a6e395,0,True,0,53.064,3.896153411439714,3.595210526942071,155.74033392373332,0.009791362301734732,1.6897901579650446e-13,ae73669,2026-10-04T00:34:45+00:00,3.9123250942751184,155.83283746331279,True,0.0024078688217180778,4.25,3.595210526942071,0.1892474866405773,5.0,2.140755088166024e-12,True,True,-3.6207491755835144,-2.6030176605082858,-2.3970242508104977,-2.2933921946867866,-2.2275555843554793,-2.1453005883415233,-2.0939918702809477,-2.057919053311358,-2.0306936341071973,-2.009156879293304,-1.9915413708157892,,10145,93,1.5,False,False,"variant-gamma_m1 (v1.1-frozen + mu_surf_gamma=-1; robustness study v1.3, 423 K only)"
C0445_T423,manual,0,C0445,C0445,423.0,0.8376552894711495,1.091414326429367,-771275635808.7063,1.1113410834223032,a718bd72cef4,0d66397d18c3,5e1d50a6e395,0,True,0,40.66,3.2721193449430985,3.465349471056011,159.16692197429705,0.010154095514873953,1.6897901579650449e-13,ae73669,2026-10-04T00:32:58+00:00,3.2792413212243248,159.64556160366595,True,0.002936279090650588,3.75,3.465349471056011,0.1967386229338541,5.0,2.8045863258979508e-12,True,True,-2.695426779188353,-2.396401277501387,-2.2764213003647784,-2.206668116819289,-2.159599657779005,-2.098365257497998,-2.0591400454720516,-2.031252972323718,-2.010108275792279,-1.9933587557051387,-1.9796641070763406,,11900,92,1.5,False,False,"variant-gamma_m1 (v1.1-frozen + mu_surf_gamma=-1; robustness study v1.3, 423 K only)"
C0446_T423,manual,0,C0446,C0446,423.0,0.9852839101105928,0.8347672991454602,-1437235936522.484,0.9288712687790394,7f9949daefde,0d66397d18c3,5e1d50a6e395,0,True,0,32.437,4.158722145956888,3.4926944190220355,151.47013672133758,0.010073135706453738,1.6897901579650449e-13,ae73669,2026-10-04T00:28:35+00:00,4.172921972289924,152.06754294301294,True,0.002780996047310609,4.5,3.4926944190220355,0.19536694999140092,5.0,1.9382258350361564e-12,True,True,-4.80735147132027,-2.645041506149551,-2.384793925989569,-2.2717639491718558,-2.204209398687815,-2.123523917809489,-2.07492522054597,-2.0414155104481044,-2.016432790042083,-1.9968353151440437,-1.980903526262234,,11081,93,1.5,False,False,"variant-gamma_m1 (v1.1-frozen + mu_surf_gamma=-1; robustness study v1.3, 423 K only)"
C0447_T423,manual,0,C0447,C0447,423.0,1.0978116128593682,1.109201940894127,-503180309198.7968,1.0485258564352988,bacafd72d949,0d66397d18c3,5e1d50a6e395,0,True,0,36.372,2.697694858115578,3.285147994348525,159.76501944646898,0.010705340492241845,1.689790157965044e-13,ae73669,2026-10-04T00:57:00+00:00,2.7060896844600317,160.38984677783031,True,0.0027874213933009955,3.25,3.285147994348525,0.20806621712383394,5.0,1.9851514899934446e-12,True,True,-2.4931588424808906,-2.3228520023623678,-2.2328146220734517,-2.174560046700295,-2.1328279354818287,-2.075671845273832,-2.037397831338507,-2.0094187339326055,-1.9877870244833786,-1.970399515053325,-1.9560185731657502,,10379,93,1.5,False,False,"variant-gamma_m1 (v1.1-frozen + mu_surf_gamma=-1; robustness study v1.3, 423 K only)"
C0448_T423,manual,0,C0448,C0448,423.0,1.09684780202806,0.8998968861997128,-1402270714752.376,0.9546638805419206,3abecff1671c,0d66397d18c3,5e1d50a6e395,0,True,0,45.761,4.259090778679774,3.425095046990928,153.51132548344026,0.010271650599109304,1.689790157965044e-13,ae73669,2026-10-04T00:35:28+00:00,4.26247013073743,154.02900196500968,True,0.002842886071593969,4.75,3.425095046990928,0.19922554052745703,5.0,1.1147338406600069e-12,True,True,-5.3780987985909485,-2.6984471800190497,-2.4009865250045355,-2.27844580390202,-2.2063362202319747,-2.1210083754582048,-2.0699505442650086,-2.0348738413384484,-2.008786886664927,-1.9883597620029885,-1.9717761304974941,,10379,92,1.5,False,False,"variant-gamma_m1 (v1.1-frozen + mu_surf_gamma=-1; robustness study v1.3, 423 K only)"
C0449_T423,manual,0,C0449,C0449,423.0,0.9843144696205854,1.169219785928726,-538176279515.028,1.0742682557553054,9daebdd7870d,0d66397d18c3,5e1d50a6e395,0,True,0,34.081,2.9161156043261265,3.364825537319558,161.44221068272546,0.010454726822859807,1.6897901579650443e-13,ae73669,2026-10-04T00:30:57+00:00,2.9286071165844714,161.6692094457368,True,0.0027441466956615065,3.5,3.364825537319558,0.20286204444080563,5.0,2.0877900924034968e-12,True,True,-2.5584085021638536,-2.35321935530014,-2.2529905291655257,-2.1903064089890067,-2.1462782695669147,-2.0870260682378983,-2.047965761968279,-2.019704396329841,-1.9980177298397757,-1.9806873106104939,-1.966421198308262,,11081,93,1.5,False,False,"variant-gamma_m1 (v1.1-frozen + mu_surf_gamma=-1; robustness study v1.3, 423 K only)"
C0450_T423,manual,0,C0450,C0450,423.0,0.8429416187107563,0.9008662395179272,-1138077497482.2998,0.8917009145021438,f9cf0f8d3b74,0d66397d18c3,5e1d50a6e395,0,True,0,42.717,3.654938758328289,3.6535877923287634,153.66666087292535,0.009634257861753958,1.6897901579650449e-13,ae73669,2026-10-04T00:33:52+00:00,3.6697792967282665,154.09996127913027,True,0.0026064512673427665,4.0,3.6535877923287634,0.18631649236904707,5.0,2.021274671906166e-12,True,True,-3.0706433959098383,-2.5070591276145118,-2.345993805058923,-2.26005090562845,-2.2043061302679674,-2.1338163609907417,-2.0895481443688038,-2.058356890492428,-2.0348053057204667,-2.0161817339362473,-2.0009613136322857,,11783,93,1.5,False,False,"variant-gamma_m1 (v1.1-frozen + mu_surf_gamma=-1; robustness study v1.3, 423 K only)"
C0451_T423,manual,0,C0451,C0451,423.0,1.1304080985486509,1.0299686402082444,-798459469340.7416,1.1871367000043391,be77b1e2ebce,0d66397d18c3,5e1d50a6e395,0,True,0,49.543,3.179399538573273,3.1558531717916476,157.24646688774223,0.011139224054945645,1.689790157965045e-13,ae73669,2026-10-04T00:54:48+00:00,3.189894604043705,157.6292128676955,True,0.0031110074888780035,3.75,3.1558531717916476,0.21704425613293554,5.0,8.774595633420645e-13,True,True,-2.6151465687440947,-2.346866266218271,-2.233026526590612,-2.1655258258383854,-2.119462300869957,-2.05890429821066,-2.019709543056493,-1.991629711322809,-1.9702059165001053,-1.9531450605439962,-1.9391307944643872,,10145,93,1.5,False,False,"variant-gamma_m1 (v1.1-frozen + mu_surf_gamma=-1; robustness study v1.3, 423 K only)"
C0452_T423,manual,0,C0452,C0452,423.0,1.1975044336169958,0.9571030378341676,-681195283308.6252,1.1090060088783502,045c0bc40bf7,0d66397d18c3,5e1d50a6e395,0,True,0,37.634,2.7268911522792805,3.1378231797377305,155.11062411478076,0.011201712886398754,1.6897901579650449e-13,ae73669,2026-10-04T00:54:26+00:00,2.7306621649145844,155.72149571994336,True,0.003093408885406137,3.25,3.1378231797377305,0.21844816271130785,5.0,2.0737996392503296e-12,True,True,-2.4640552995546905,-2.293133615325601,-2.2044866416764974,-2.147681734482187,-2.1072173226732467,-2.0520414950381975,-2.0151959431416984,-1.988279197792795,-1.9674620384669854,-1.9507155630233475,-1.9368501781279188,,9794,93,1.5,False,False,"variant-gamma_m1 (v1.1-frozen + mu_surf_gamma=-1; robustness study v1.3, 423 K only)"
C0453_T423,manual,0,C0453,C0453,423.0,0.8850265096873046,1.0861824117600918,-1255310856737.1963,0.8136212911456824,39af976dc4fb,0d66397d18c3,5e1d50a6e395,0,True,0,48.097,4.411451621469266,3.863635002160825,159.3939948149832,0.009119321863734008,1.6897901579650449e-13,ae73669,2026-10-04T00:39:11+00:00,4.4259244655182775,159.85209988681626,True,0.002258160506403376,4.75,3.863635002160825,0.17531171306664278,5.0,1.136328456642681e-12,True,True,-6.201502557644643,-2.8732026359119205,-2.5045081049335414,-2.363633574822301,-2.282168614492105,-2.186662126576689,-2.1299187720728354,-2.0911375896799043,-2.06242635233063,-2.0400374557273206,-2.0219305868030077,,11549,93,1.5,False,False,"variant-gamma_m1 (v1.1-frozen + mu_surf_gamma=-1; robustness study v1.3, 423 K only)"
C0454_T423,manual,0,C0454,C0454,423.0,0.9389108039438724,0.8436108738183976,-920912575908.0052,1.0461909547448158,f0dd2f39a759,0d66397d18c3,5e1d50a6e395,0,True,0,35.709,2.9763470255940128,3.334188336229754,151.59479346177352,0.010545964587281841,1.6897901579650449e-13,ae73669,2026-10-04T00:56:17+00:00,2.980293402559799,152.18082465823036,True,0.003068807169413519,3.5,3.334188336229754,0.2052370361321486,5.0,1.1654332013333324e-12,True,True,-2.5421018154651374,-2.332159838780694,-2.233919092752746,-2.173725604639872,-2.13194638350893,-2.076238322174127,-2.0397303397297413,-2.0133579410424023,-1.9931131441491907,-1.9769136913369942,-1.9635553487874868,,11198,93,1.5,False,False,"variant-gamma_m1 (v1.1-frozen + mu_surf_gamma=-1; robustness study v1.3, 423 K only)"
C0455_T423,manual,0,C0455,C0455,423.0,1.02643269225955,1.1129568092525006,-1019503606483.3405,0.9265369452536106,617fb6b90604,0d66397d18c3,5e1d50a6e395,0,True,0,47.886,3.915833702967582,3.5518045956661575,160.014464133724,0.009910840702122009,1.6897901579650449e-13,ae73669,2026-10-04T00:36:40+00:00,3.9290969245823177,160.53796205896543,True,0.002497143767972332,4.5,3.5518045956661575,0.19155727352320476,5.0,1.0055029725508646e-12,True,True,-3.6834249200632434,-2.594020454704705,-2.38547846136915,-2.2820844373294777,-2.2168697727556554,-2.1359493411812602,-2.085852166322189,-2.0508499714214983,-2.024575143929927,-2.00388950426281,-1.987042240833653,,10730,93,1.5,False,False,"variant-gamma_m1 (v1.1-frozen + mu_surf_gamma=-1; robustness study v1.3, 423 K only)"
C0456_T423,manual,0,C0456,C0456,423.0,1.0204196747392416,0.9412583604454994,-951839803718.0304,0.8410408277064563,103c1ff54702,0d66397d18c3,5e1d50a6e395,0,True,0,45.342,3.3374842463276715,3.569911959648125,155.01530780569416,0.009858429652445495,1.6897901579650446e-13,ae73669,2026-10-04T00:35:40+00:00,3.3555281423100425,155.08060902561382,True,0.002532479121918979,3.75,3.569911959648125,0.1908253005596262,5.0,2.213806758093505e-12,True,True,-2.789461559527642,-2.457717237364402,-2.325423916613533,-2.2481175716935993,-2.195634218729964,-2.1267763107437023,-2.0821893434978085,-2.0501883250251733,-2.0257200279561003,-2.006192258242562,-1.9901182304991094,,10730,92,1.5,False,False,"variant-gamma_m1 (v1.1-frozen + mu_surf_gamma=-1; robustness study v1.3, 423 K only)"
C0457_T423,manual,0,C0457,C0457,423.0,0.9079838078469038,1.0152597017586231,-1111650049686.432,1.1362311404198409,99495de69ab8,0d66397d18c3,5e1d50a6e395,0,True,0,54.84,3.872948879528129,3.3922772423959895,156.84696576888146,0.010370204782249355,1.6897901579650449e-13,ae73669,2026-10-04T00:38:05+00:00,3.88901542526465,157.02510988413775,True,0.0030252037079119927,4.25,3.3922772423959895,0.2012258526441546,5.0,2.3128296760746023e-12,True,True,-3.5190345809238455,-2.5133505195454338,-2.3222254297502363,-2.2287457084244964,-2.1704325210367053,-2.098889190085109,-2.0550793078726013,-2.0246928782990645,-2.0020032130854983,-1.9842126674371148,-1.969770940121417,,11432,91,1.5,False,False,"variant-gamma_m1 (v1.1-frozen + mu_surf_gamma=-1; robustness study v1.3, 423 K only)"
C0458_T423,manual,0,C0458,C0458,423.0,0.8680758006870747,0.8578442260622978,-711089652031.66,0.9031755298376084,50a3834ecd4b,0d66397d18c3,5e1d50a6e395,0,True,0,51.294,2.5429173455896255,3.5228010089573254,152.26273683617958,0.00998654595432992,1.689790157965045e-13,ae73669,2026-10-04T00:38:35+00:00,2.5556305808861066,152.59529554279445,True,0.0027643055842044837,3.0,3.5228010089573254,0.19376037167013133,5.0,8.477437501985818e-13,True,True,-2.4699767476353895,-2.323292559399454,-2.242809449931445,-2.1899460489299307,-2.151752352196078,-2.099031187210205,-2.063454374865129,-2.037296780908407,-2.016979158526673,-2.000584695193427,-1.9869807997181343,,11666,92,1.5,False,False,"variant-gamma_m1 (v1.1-frozen + mu_surf_gamma=-1; robustness study v1.3, 423 K only)"
C0459_T423,manual,0,C0459,C0459,423.0,1.1556401275098325,1.185393188148737,-1348497728817.1648,1.0241972528398038,af7bf4ee9c2d,0d66397d18c3,5e1d50a6e395,0,True,0,46.65,4.837071647432423,3.445919547384535,161.97138596314397,0.010214717572141731,1.689790157965044e-13,ae73669,2026-10-04T00:35:50+00:00,4.85377922065327,162.053716154538,True,0.0027164096193634016,5.25,3.445919547384535,0.1974718213026562,5.0,1.8675493754520866e-12,True,True,-8.820798526514915,-3.440620991691186,-2.5454654081952213,-2.350992659220139,-2.2521536818943018,-2.1444501095841066,-2.0835937770677213,-2.043069552474811,-2.013546194820787,-1.9907736367217972,-1.9725002627695227,,10028,92,1.5,False,False,"variant-gamma_m1 (v1.1-frozen + mu_surf_gamma=-1; robustness study v1.3, 423 K only)"
C0460_T423,manual,0,C0460,C0460,423.0,1.1227364625781775,0.8015815027058125,-1231233788654.2085,1.096066549792886,228ecfa52ae9,0d66397d18c3,5e1d50a6e395,0,True,0,47.913,3.5693437193375104,3.1852348555107812,150.16559739254853,0.011034732134801868,1.6897901579650443e-13,ae73669,2026-10-04T00:35:34+00:00,3.5850921402946088,150.13958845559583,True,0.0033103124710460257,4.0,3.1852348555107812,0.21524765335486343,5.0,1.031726787337206e-12,True,True,-2.8877724410278933,-2.4063901717554397,-2.260361224076777,-2.1818121984274104,-2.1307316848282136,-2.065995511597334,-2.025217424413109,-1.9963934030898436,-1.9745587364888744,-1.9572382047578223,-1.9430398595963578,,10145,92,1.5,False,False,"variant-gamma_m1 (v1.1-frozen + mu_surf_gamma=-1; robustness study v1.3, 423 K only)"
C0461_T423,manual,0,C0461,C0461,423.0,0.8101606916636229,1.1291076257824897,-828323257155.7164,0.9750958945602178,32082c2ea971,0d66397d18c3,5e1d50a6e395,0,True,0,40.773,3.5055414212166616,3.657849450859968,160.41766270928758,0.00962589972718035,1.6897901579650449e-13,ae73669,2026-10-04T00:33:39+00:00,3.507598495452126,160.98063481053825,True,0.002620883416651657,4.0,3.657849450859968,0.1857929718726398,5.0,2.239170659210772e-12,True,True,-2.907158282176503,-2.4801931560143604,-2.3350501138980695,-2.2542228672192812,-2.2007468450660284,-2.1321807435841085,-2.088742828760257,-2.0580504762182312,-2.034870302951546,-2.016558666672693,-2.0016169187516386,,11900,92,1.5,False,False,"variant-gamma_m1 (v1.1-frozen + mu_surf_gamma=-1; robustness study v1.3, 423 K only)"
C0462_T423,manual,0,C0462,C0462,423.0,0.9625801421701908,0.9974726356565952,-1494386577047.4077,1.1581538513302805,830568c0ac21,0d66397d18c3,5e1d50a6e395,0,True,0,34.867,4.714148015241745,3.3785235514865386,156.29634979445473,0.010412814485507115,1.6897901579650446e-13,ae73669,2026-10-04T00:29:10+00:00,4.71981811004783,156.7401268192824,True,0.0030994258000447477,5.25,3.3785235514865386,0.20199631307967095,5.0,2.1200324577601557e-12,True,True,-8.218492034911002,-3.1232375658288705,-2.4602742632816987,-2.294487434367019,-2.208822385858775,-2.1152945788800572,-2.062565422676346,-2.027534520939653,-2.002057548468408,-1.9824318689217333,-1.9667001953978833,,11081,93,1.5,False,False,"variant-gamma_m1 (v1.1-frozen + mu_surf_gamma=-1; robustness study v1.3, 423 K only)"
C0463_T423,manual,0,C0463,C0463,423.0,1.0500045649707317,1.071496818959713,-569072926416.9932,0.8629139043390751,6e0a30238180,0d66397d18c3,5e1d50a6e395,0,True,0,37.273,2.7782588189956514,3.524682515410136,158.90003788944756,0.009984672248283685,1.6897901579650446e-13,ae73669,2026-10-04T00:57:38+00:00,2.7874943382985258,159.3823019137298,True,0.0024660790700650674,3.25,3.524682515410136,0.19328099687970424,5.0,1.9948964497916837e-12,True,True,-2.5675023215112116,-2.3815923236543206,-2.284286702918481,-2.2214599209401045,-2.176455442576124,-2.114756004918071,-2.073362296138416,-2.0430459682358713,-2.0195671942922098,-2.0006661864866193,-1.985012131312385,,10613,92,1.5,False,False,"variant-gamma_m1 (v1.1-frozen + mu_surf_gamma=-1; robustness study v1.3, 423 K only)"
C0464_T423,manual,0,C0464,C0464,423.0,1.0707668028771875,0.9774688433855772,-1067899356596.172,1.031067080795765,529e656d41be,0d66397d18c3,5e1d50a6e395,0,True,0,47.497,3.683462960285978,3.3454626906520253,155.81943712825165,0.010513790908696623,1.6897901579650446e-13,ae73669,2026-10-04T00:36:15+00:00,3.6940014644459698,156.53759022145363,True,0.002851682617878216,4.25,3.3454626906520253,0.20418501501760494,5.0,2.9313467911179476e-12,True,True,-3.091505598409232,-2.4787040083937995,-2.3127972135544046,-2.225158254700839,-2.1685300258891975,-2.097102871928568,-2.052329396346844,-2.020815529569867,-1.997036319815383,-1.9782406641924482,-1.9628832639794902,,10496,93,1.5,False,False,"variant-gamma_m1 (v1.1-frozen + mu_surf_gamma=-1; robustness study v1.3, 423 K only)"
C0465_T423,manual,0,C0465,C0465,423.0,0.9582515902817248,1.053464450314641,-993637513369.3218,0.9477919317781924,d788595e772a,0d66397d18c3,5e1d50a6e395,0,True,0,38.369,3.7103808866615187,3.5420926325889384,158.24932596948705,0.009936543672671192,1.6897901579650443e-13,ae73669,2026-10-04T00:31:36+00:00,3.717131599740243,158.92759214166853,True,0.0026189696956996416,4.25,3.5420926325889384,0.1922373110659834,5.0,2.2759966992271913e-12,True,True,-3.166063907423975,-2.5219512509765245,-2.349972569229648,-2.259109246561537,-2.2003401989622424,-2.1261503199901375,-2.0796354472722576,-2.046913052305537,-2.022243665193426,-2.0027646543271653,-1.9868663417289631,,11081,93,1.5,False,False,"variant-gamma_m1 (v1.1-frozen + mu_surf_gamma=-1; robustness study v1.3, 423 K only)"
C0466_T423,manual,0,C0466,C0466,423.0,0.8184229832142592,0.8233797412365675,-1331114262342.4531,1.1182518396526575,43fb0444ad28,0d66397d18c3,5e1d50a6e395,0,True,0,41.579,3.8638336033414196,3.4260998425257903,150.82202471800844,0.010266117840184346,1.6897901579650449e-13,ae73669,2026-10-04T00:34:33+00:00,3.8805542970745917,150.95408411806622,True,0.003238535355721413,4.25,3.4260998425257903,0.1994437687637137,5.0,1.647722936446025e-12,True,True,-3.4728878132120387,-2.4885260245767533,-2.305440522454332,-2.216901600143013,-2.1620851659198603,-2.0952427942738012,-2.054476923632336,-2.0262345831338218,-2.0051430476472643,-1.9885937549741373,-1.975146860666179,,12017,91,1.5,False,False,"variant-gamma_m1 (v1.1-frozen + mu_surf_gamma=-1; robustness study v1.3, 423 K only)"
C0467_T423,manual,0,C0467,C0467,423.0,1.1059079643338918,1.1458338309079408,-734332709573.2092,0.81070777438581,1d3c3b15e687,0d66397d18c3,5e1d50a6e395,0,True,0,45.463,3.344098623476989,3.633468412187221,161.1471129944225,0.009690582638552566,1.689790157965044e-13,ae73669,2026-10-04T00:55:34+00:00,3.362298815300663,161.222901341753,True,0.002287346209930164,3.75,3.633468412187221,0.18701544918889856,5.0,2.6051971885379924e-12,True,True,-2.8330860186124824,-2.493173481599106,-2.3550812765323164,-2.273456224529247,-2.21761242633773,-2.143837351518772,-2.0958040946879546,-2.0612383980243374,-2.034777398135162,-2.013650110554874,-1.9962590970519551,,10262,92,1.5,False,False,"variant-gamma_m1 (v1.1-frozen + mu_surf_gamma=-1; robustness study v1.3, 423 K only)"
C0468_T423,manual,0,C0468,C0468,423.0,1.1731858663260937,0.8670938212424517,-851444059982.8959,0.8826030224561692,35d9c6d54cea,0d66397d18c3,5e1d50a6e395,0,True,0,37.397,2.896745078246817,3.362381316818319,152.57401230507185,0.01045963576212863,1.6897901579650446e-13,ae73669,2026-10-04T00:55:03+00:00,2.912468584132036,152.96768046485926,True,0.002670545306113728,3.25,3.362381316818319,0.20330344974079095,5.0,1.0568707367597518e-12,True,True,-2.562832288850337,-2.3604600334648005,-2.2600816965001265,-2.196822866753149,-2.15212688265211,-2.091512286917018,-2.051149855809795,-2.0216728320347346,-1.9988585605022033,-1.9804834387241828,-1.9652484181363616,,9911,93,1.5,False,False,"variant-gamma_m1 (v1.1-frozen + mu_surf_gamma=-1; robustness study v1.3, 423 K only)"
C0469_T423,manual,0,C0469,C0469,423.0,0.8607138551771641,1.1895707499235868,-1213972204364.8362,1.1900974474847317,e5f402163c2d,0d66397d18c3,5e1d50a6e395,0,True,0,49.472,4.52076783061561,3.4790261863027028,161.9197561494976,0.010116678809644236,1.6897901579650449e-13,ae73669,2026-10-04T00:40:01+00:00,4.527339198119614,162.3173084040257,True,0.0030100277171654223,5.0,3.4790261863027028,0.19570136205519736,5.0,2.7292382567506694e-12,True,True,-6.887287117259922,-2.8750463828322776,-2.4329772269645176,-2.290015049672901,-2.2117521734973975,-2.1235423068556574,-2.0728210651008308,-2.03885557781882,-2.0140727928561013,-1.9949620380274977,-1.9796448538918114,,11666,92,1.5,False,False,"variant-gamma_m1 (v1.1-frozen + mu_surf_gamma=-1; robustness study v1.3, 423 K only)"
C0470_T423,manual,0,C0470,C0470,423.0,0.9130294930189848,0.9337055552750826,-610748392529.7856,0.9696398634463548,7594b4e00f52,0d66397d18c3,5e1d50a6e395,0,True,0,38.376,2.513186315564326,3.436508174140482,154.57566145843154,0.010235920582947372,1.6897901579650446e-13,ae73669,2026-10-04T00:56:55+00:00,2.5179275583948124,154.99924863301834,True,0.0028128604417321664,3.0,3.436508174140482,0.19873924281349686,5.0,2.2891647544121356e-12,True,True,-2.455147953697261,-2.311056661204745,-2.231349683408408,-2.1787880280564496,-2.1407299580131833,-2.0881192396563626,-2.0525963909941134,-2.0264853268804766,-2.0062162313668286,-1.989873092316068,-1.9763223339264406,,11432,92,1.5,False,False,"variant-gamma_m1 (v1.1-frozen + mu_surf_gamma=-1; robustness study v1.3, 423 K only)"
C0471_T423,manual,0,C0471,C0471,423.0,1.0005576755851506,1.0096783202141524,-1450757784768.939,1.0529660861939192,773dfae5add1,0d66397d18c3,5e1d50a6e395,0,True,0,53.759,4.652211962716376,3.4483280082039482,156.81514191852142,0.010204558573189188,1.6897901579650449e-13,ae73669,2026-10-04T00:37:34+00:00,4.66642486703184,156.9767079914557,True,0.0028325134347291798,5.0,3.4483280082039482,0.19766188745554866,5.0,1.0687058876746036e-12,True,True,-7.794093160908219,-3.04305317438103,-2.4713650984053666,-2.3103791117272747,-2.2247128543978802,-2.129436278259416,-2.074964757097624,-2.038490039693285,-2.0118245732596387,-1.991205777167852,-1.9746299488287888,,10964,93,1.5,False,False,"variant-gamma_m1 (v1.1-frozen + mu_surf_gamma=-1; robustness study v1.3, 423 K only)"
C0472_T423,manual,0,C0472,C0472,423.0,1.046291609853506,0.8314247313886881,-516375153325.4981,1.1677369967103004,077ceb599be0,0d66397d18c3,5e1d50a6e395,0,True,0,43.607,1.993544056609839,3.104767177921198,151.02228652028433,0.011317003805058828,1.6897901579650449e-13,ae73669,2026-10-04T00:36:24+00:00,1.9946424015370834,151.53809448454908,True,0.0033740992498299677,2.5,3.104767177921198,0.22118901156595613,5.0,2.339664986209967e-12,True,True,-2.301741500092485,-2.2043113949057624,-2.145058043323699,-2.1041054293214483,-2.073590602338266,-2.0302934789027125,-2.0003706247669397,-1.9780399221182305,-1.9605159071880567,-1.9462685380917357,-1.934377364934357,,10613,92,1.5,False,False,"variant-gamma_m1 (v1.1-frozen + mu_surf_gamma=-1; robustness study v1.3, 423 K only)"
C0473_T423,manual,0,C0473,C0473,423.0,0.9338742442429064,1.1121048834174871,-1418212205171.585,0.8596571601927281,9eed41a4a2e6,0d66397d18c3,5e1d50a6e395,0,True,0,49.028,4.84591617834373,3.7951930125031414,160.08535019405656,0.009282967631719104,1.6897901579650449e-13,ae73669,2026-10-04T00:38:54+00:00,4.863902614190975,160.1168017301181,True,0.002405341534217428,5.25,3.7951930125031414,0.17853480372838615,5.0,9.048812046885679e-13,True,True,-8.903331252234405,-3.48240061785109,-2.595907813795205,-2.3996378196343415,-2.2993012314571653,-2.1895636654043695,-2.127382749928721,-2.0859086483988367,-2.0556610120779215,-2.032313163862134,-2.01356943542823,,11315,92,1.5,False,False,"variant-gamma_m1 (v1.1-frozen + mu_surf_gamma=-1; robustness study v1.3, 423 K only)"
C0474_T423,manual,0,C0474,C0474,423.0,0.8923854809254408,0.967958626523614,-756150495260.9539,1.079824111238122,9bc970828b50,0d66397d18c3,5e1d50a6e395,0,True,0,53.145,2.9315273565167552,3.3842093769724366,155.49054999903362,0.010393285654151253,1.689790157965045e-13,ae73669,2026-10-04T00:39:29+00:00,2.942161435127505,155.86116440797588,True,0.0029250757352388837,3.5,3.3842093769724366,0.20187909298443885,5.0,9.79563371410411e-13,True,True,-2.5399222015085994,-2.337588743360397,-2.2406937078504146,-2.180749054987863,-2.138934172265286,-2.082995979814879,-2.0462900060451745,-2.0197901071589817,-1.9994752560009483,-1.9832471361875428,-1.9698890649913552,,11432,93,1.5,False,False,"variant-gamma_m1 (v1.1-frozen + mu_surf_gamma=-1; robustness study v1.3, 423 K only)"
C0475_T423,manual,0,C0475,C0475,423.0,1.1799679275602102,1.0888531740754843,-1182339261285.9607,0.9974753584712744,62c936acae6b,0d66397d18c3,5e1d50a6e395,0,True,0,46.132,4.229304785488786,3.3899593968555677,159.24481377395028,0.010379796401134152,1.6897901579650446e-13,ae73669,2026-10-04T00:36:37+00:00,4.23283498613373,159.69585647708485,True,0.0027339414132698586,4.75,3.3899593968555677,0.20109107205217014,5.0,9.140986578781707e-13,True,True,-5.163393381490684,-2.6971513702337235,-2.406037203624075,-2.282632822100784,-2.2091051164285043,-2.1213096304122145,-2.0684580273118875,-2.032071927886069,-2.0050004540303155,-1.983811165055109,-1.9666223634604902,,9911,93,1.5,False,False,"variant-gamma_m1 (v1.1-frozen + mu_surf_gamma=-1; robustness study v1.3, 423 K only)"
C0476_T423,manual,0,C0476,C0476,423.0,1.147245829552412,0.924172803387046,-1299450857564.807,0.9193705946207048,6cd7b95da2ba,0d66397d18c3,5e1d50a6e395,0,True,0,49.048,4.08998855072969,3.4363375933471967,154.3292086296163,0.01023886394195214,1.6897901579650443e-13,ae73669,2026-10-04T00:36:23+00:00,4.107671157198559,154.36261436002198,True,0.0027384072992669645,4.5,3.4363375933471967,0.19849045374250088,5.0,2.1538790160613796e-12,True,True,-4.424613910484472,-2.6320121265618583,-2.3862867277672297,-2.2741396917086387,-2.2056830661698306,-2.1226124315219486,-2.0719540214700864,-2.03678709931795,-2.0104591442755524,-1.989748228039105,-1.9728769943868216,,10145,92,1.5,False,False,"variant-gamma_m1 (v1.1-frozen + mu_surf_gamma=-1; robustness study v1.3, 423 K only)"
C0477_T423,manual,0,C0477,C0477,423.0,0.8346763528883457,1.0450903777033091,-639008683152.4968,1.0016697071492673,a947a4348f6f,0d66397d18c3,5e1d50a6e395,0,True,0,44.09,2.862023916750192,3.5347742980013708,157.94558328401848,0.009955895936714556,1.6897901579650449e-13,ae73669,2026-10-04T00:34:23+00:00,2.8791812399658476,157.88066844211673,True,0.0027348519118864253,3.25,3.5347742980013708,0.19276722787037445,5.0,2.5629477648991897e-12,True,True,-2.551243595291835,-2.359168387425038,-2.2637041659206223,-2.203674432227088,-2.1614074281827875,-2.1044242707652465,-2.0668062473253577,-2.0395635582220186,-2.018644724237486,-2.001919651471523,-1.988146866471036,,11900,92,1.5,False,False,"variant-gamma_m1 (v1.1-frozen + mu_surf_gamma=-1; robustness study v1.3, 423 K only)"
C0478_T423,manual,0,C0478,C0478,423.0,0.9886521469801663,0.8751621123403311,-1035323315300.0474,0.8315051037818194,67645a901d24,0d66397d18c3,5e1d50a6e395,0,True,0,33.13,3.35141038442428,3.5783327779306457,152.9249246821327,0.009834369083591185,1.6897901579650449e-13,ae73669,2026-10-04T00:29:43+00:00,3.3698692229401073,152.95167395976162,True,0.0025785209420915943,3.75,3.5783327779306457,0.19047384911423765,5.0,1.889340742717775e-12,True,True,-2.7899761177318663,-2.453728721739783,-2.3217747290794057,-2.245176547552856,-2.193370892585148,-2.1256071330961706,-2.0818206045959147,-2.050419090059331,-2.026413764533267,-2.0072534966804803,-1.9914780752544894,,10964,92,1.5,False,False,"variant-gamma_m1 (v1.1-frozen + mu_surf_gamma=-1; robustness study v1.3, 423 K only)"
C0479_T423,manual,0,C0479,C0479,423.0,1.076082482561469,1.1558192286640403,-899233812466.2638,1.1396360140293835,f16933bde5c9,0d66397d18c3,5e1d50a6e395,0,True,0,36.434,3.717685696162706,3.2892413730547716,160.977652559961,0.010693485584381714,1.6897901579650443e-13,ae73669,2026-10-04T00:58:15+00:00,3.722816417129527,161.58314848987476,True,0.002944598953894934,4.25,3.2892413730547716,0.2076515950230075,5.0,1.582374747445722e-12,True,True,-3.1514450099680706,-2.4803598316263162,-2.3089792409059857,-2.2195225279607977,-2.162025903875362,-2.08984406002415,-2.0448273559825902,-2.0132780676218913,-1.9895624653154966,-1.970880711692375,-1.955662909115119,,10496,93,1.5,False,False,"variant-gamma_m1 (v1.1-frozen + mu_surf_gamma=-1; robustness study v1.3, 423 K only)"
C0480_T423,manual,0,C0480,C0480,423.0,1.0846561681479217,0.9111454285681247,-689796024002.1348,1.0580096449702978,db6125c74b9a,0d66397d18c3,5e1d50a6e395,0,True,0,47.019,2.628083908354845,3.2260836166841873,153.7384809307429,0.010897048026588694,1.6897901579650449e-13,ae73669,2026-10-04T00:37:03+00:00,2.644317802687871,153.97060864824564,True,0.003005953140311113,3.0,3.2260836166841873,0.21231507016606413,5.0,2.30293723513843e-12,True,True,-2.4484026259730465,-2.2917722878568583,-2.2081334795824885,-2.1538690670329497,-2.114943277934637,-2.0615474690100357,-2.025708989182286,-1.9994458512078872,-1.9790908947917119,-1.9626911350314677,-1.9490973035948131,,10496,93,1.5,False,False,"variant-gamma_m1 (v1.1-frozen + mu_surf_gamma=-1; robustness study v1.3, 423 K only)"
C0481_T423,manual,0,C0481,C0481,423.0,0.9970920350402592,1.032043133676052,-1373667115345.5972,0.9630154106765986,e93cc1091c37,0d66397d18c3,5e1d50a6e395,0,True,0,34.916,4.537534986707284,3.549965991050181,157.58944650528318,0.009915671527511737,1.6897901579650443e-13,ae73669,2026-10-04T00:32:11+00:00,4.5487476335416295,158.00341239026773,True,0.0027156788310968936,5.0,3.549965991050181,0.19168960450647804,5.0,2.050115081167082e-12,True,True,-7.036685211750753,-2.9272390054933672,-2.4728752341002154,-2.3228035907029287,-2.2396672605597634,-2.1448860205236215,-2.0897154666405964,-2.0524150487398214,-2.024980252978131,-2.0036778683656826,-1.9865000242853124,,10964,92,1.5,False,False,"variant-gamma_m1 (v1.1-frozen + mu_surf_gamma=-1; robustness study v1.3, 423 K only)"
C0482_T423,manual,0,C0482,C0482,423.0,0.8260624937713147,0.8878961212933064,-957828862592.578,1.1959726966917514,e41b5b45aeba,0d66397d18c3,5e1d50a6e395,0,True,0,43.818,3.1758483995056093,3.3441021390859422,152.8516974500106,0.010515894224071403,1.689790157965045e-13,ae73669,2026-10-04T00:35:17+00:00,3.1868429503863336,153.19426864600604,True,0.0032112638293727742,3.75,3.3441021390859422,0.20450964700372684,5.0,1.4732228274753813e-12,True,True,-2.59676093799427,-2.339652609256534,-2.2328101713282695,-2.170298343676593,-2.1280345752397194,-2.0729744600596094,-2.037639108929837,-2.012465603422633,-1.9933374947139173,-1.9781537909693592,-1.9657150700155923,,11900,93,1.5,False,False,"variant-gamma_m1 (v1.1-frozen + mu_surf_gamma=-1; robustness study v1.3, 423 K only)"
C0483_T423,manual,0,C0483,C0483,423.0,1.138498166948557,1.168573136627674,-1101724189706.1467,0.875147046148777,fb07ff9c0ac9,0d66397d18c3,5e1d50a6e395,0,True,0,46.41,4.24122263209842,3.595636137035231,161.68502872036728,0.00979304296578928,1.6897901579650449e-13,ae73669,2026-10-04T00:56:21+00:00,4.242857721050516,162.13838712490224,True,0.0024150680852340345,4.75,3.595636137035231,0.188915813095436,5.0,1.6487888731150194e-12,True,True,-5.196328081709313,-2.7522993391629056,-2.4539158182931233,-2.3256174235520612,-2.248524594951419,-2.1557767756590858,-2.099580046189145,-2.0607453345984084,-2.0317846797052272,-2.0090823400753246,-1.9906473532969287,,10145,93,1.5,False,False,"variant-gamma_m1 (v1.1-frozen + mu_surf_gamma=-1; robustness study v1.3, 423 K only)"
C0484_T423,manual,0,C0484,C0484,423.0,1.1839033704251052,0.8441820427775384,-1468988310545.6829,0.8033197145909071,9dba72f5f0ca,0d66397d18c3,5e1d50a6e395,0,True,0,36.165,4.272390346656916,3.5590166331181967,152.00239092299418,0.00988885961968899,1.689790157965044e-13,ae73669,2026-10-04T00:55:40+00:00,4.280297802843167,152.36433681897944,True,0.0025768017479054282,4.75,3.5590166331181967,0.19139006562490882,5.0,2.3500753729667712e-12,True,True,-5.450360374067964,-2.743620072904619,-2.4386057575933946,-2.3114918356283973,-2.2361651098198405,-2.1463902061018287,-2.0922507995364854,-2.0548280918350854,-2.0268541518596948,-2.0048537882240454,-1.986924957974632,,9794,92,1.5,False,False,"variant-gamma_m1 (v1.1-frozen + mu_surf_gamma=-1; robustness study v1.3, 423 K only)"
C0485_T423,manual,0,C0485,C0485,423.0,0.8964791413396597,1.124836216121912,-590595434419.8108,1.124095817282796,199b90d2263a,0d66397d18c3,5e1d50a6e395,0,True,0,46.595,2.931051801529286,3.3842331603412172,160.12750413163107,0.010394887136241097,1.689790157965045e-13,ae73669,2026-10-04T00:40:48+00:00,2.9415205928462855,160.58257994376052,True,0.0028712975062391015,3.5,3.3842331603412172,0.20169736739903205,5.0,1.4087108748599836e-12,True,True,-2.548046577750226,-2.3435326485279626,-2.2452046321115486,-2.184223883133661,-2.141629768053954,-2.0846169348467063,-2.047225914227514,-2.0202672827735904,-1.9996343837281132,-1.9831802217123866,-1.9696587032080504,,11549,93,1.5,False,False,"variant-gamma_m1 (v1.1-frozen + mu_surf_gamma=-1; robustness study v1.3, 423 K only)"
C0486_T423,manual,0,C0486,C0486,423.0,0.9299972377717496,0.9549087181687356,-1240930764935.9106,0.9411346577107906,a6ab1fade2fe,0d66397d18c3,5e1d50a6e395,0,True,0,36.216,4.034093884811711,3.5624923685357404,155.24725295314178,0.009879318115951989,1.6897901579650449e-13,ae73669,2026-10-04T00:57:32+00:00,4.044686823803482,155.66589779372475,True,0.0027373954863145443,4.5,3.5624923685357404,0.191181981816266,5.0,1.6432956683983612e-12,True,True,-4.152172632709553,-2.611934714479626,-2.3831577263787747,-2.2766690466892174,-2.2113287167215834,-2.13190734643352,-2.0835093970693483,-2.0499770481998216,-2.024930111851732,-2.0052730299770536,-1.9892970589260137,,11315,92,1.5,False,False,"variant-gamma_m1 (v1.1-frozen + mu_surf_gamma=-1; robustness study v1.3, 423 K only)"
C0487_T423,manual,0,C0487,C0487,423.0,1.0425728149712086,1.0758292622864247,-822563081979.7516,1.0361800581216811,516946ccb2e0,0d66397d18c3,5e1d50a6e395,0,True,0,46.238,3.3598661997128163,3.3657907599618033,158.78618639832166,0.010451558353353159,1.6897901579650443e-13,ae73669,2026-10-04T00:38:20+00:00,3.3768246284630363,158.71325918073876,True,0.002802131438239877,3.75,3.3657907599618033,0.20282218240468938,5.0,1.0151133406077761e-12,True,True,-2.7641110286688235,-2.420979130017374,-2.2892144347176333,-2.2132653702471976,-2.162125496379368,-2.095574854206804,-2.052848676403667,-2.0223859392298444,-1.999220886334315,-1.980818950337184,-1.965732508747889,,10613,92,1.5,False,False,"variant-gamma_m1 (v1.1-frozen + mu_surf_gamma=-1; robustness study v1.3, 423 K only)"
C0488_T423,manual,0,C0488,C0488,423.0,1.0105717908591032,0.8541675359010696,-1147560817189.5146,1.1462420608848334,a52a0777cb56,0d66397d18c3,5e1d50a6e395,0,True,0,44.801,3.5247855950271387,3.2315830775340437,151.81203054899427,0.010878338204845578,1.6897901579650449e-13,ae73669,2026-10-04T00:37:09+00:00,3.5327330391725833,152.1447916827926,True,0.0033103515909106516,4.0,3.2315830775340437,0.211976047615505,5.0,2.4354050781013974e-12,True,True,-2.839266578164599,-2.3979293795127377,-2.2578837819604263,-2.1818167092339986,-2.132165344017269,-2.069132810518482,-2.029432518288205,-2.0014079467202297,-1.9802162665751495,-1.9634374432028734,-1.949709024253702,,10847,92,1.5,False,False,"variant-gamma_m1 (v1.1-frozen + mu_surf_gamma=-1; robustness study v1.3, 423 K only)"
C0489_T423,manual,0,C0489,C0489,423.0,0.9231051232665776,1.176618491858244,-792851848527.7891,0.8264431390911341,b2eecaea3b10,0d66397d18c3,5e1d50a6e395,0,True,0,47.88,3.548714381465578,3.7644793609264418,161.96236865219836,0.009356703022337922,1.6897901579650446e-13,ae73669,2026-10-04T00:39:42+00:00,3.562433681360174,162.38089113177733,True,0.0022974442553204267,4.0,3.7644793609264418,0.18019276580380988,5.0,1.105626007413818e-12,True,True,-2.9989688389337577,-2.5376980833807887,-2.3810568138455444,-2.2931008899641934,-2.2344750100474604,-2.158674887201074,-2.110228570592223,-2.0757747542833607,-2.0496220839005224,-2.0288771546213753,-2.011891120131969,,11315,92,1.5,False,False,"variant-gamma_m1 (v1.1-frozen + mu_surf_gamma=-1; robustness study v1.3, 423 K only)"
C0490_T423,manual,0,C0490,C0490,423.0,0.8504154257476331,0.946534550189972,-1376536780968.3083,1.009107468277216,37da64205fcb,0d66397d18c3,5e1d50a6e395,0,True,0,55.519,4.3203848870603005,3.574980761222232,154.91285305127212,0.00984519114673118,1.689790157965045e-13,ae73669,2026-10-04T00:40:25+00:00,4.336464718102991,155.14123702629422,True,0.0028806511730111706,4.75,3.574980761222232,0.19048043728925873,5.0,2.4384273429933753e-12,True,True,-5.739695384573603,-2.7303562554776692,-2.412167797869499,-2.2880432503971018,-2.216491831160087,-2.1331767300311797,-2.084043383027521,-2.050625031462403,-2.025963558892067,-2.0067758475131954,-1.991283577770013,,11783,92,1.5,False,False,"variant-gamma_m1 (v1.1-frozen + mu_surf_gamma=-1; robustness study v1.3, 423 K only)"
C0491_T423,manual,0,C0491,C0491,423.0,1.1629489459097386,1.0225333176553248,-559973471798.0027,0.9134771302342416,aca71dd6875e,0d66397d18c3,5e1d50a6e395,0,True,0,49.069,2.6308997207058478,3.366910632187523,157.38577264741156,0.010447416852498535,1.689790157965044e-13,ae73669,2026-10-04T00:37:26+00:00,2.6476594926905346,157.50094314572766,True,0.002584126380417064,3.0,3.366910632187523,0.20282726737893503,5.0,1.0859745432627971e-12,True,True,-2.504044874346657,-2.3399358200056124,-2.2505983427363767,-2.1919377668496187,-2.149510604959329,-2.0908483808104177,-2.051192997419087,-2.022003156388764,-1.999312134796516,-1.9809910765753167,-1.9657800941286692,,10028,91,1.5,False,False,"variant-gamma_m1 (v1.1-frozen + mu_surf_gamma=-1; robustness study v1.3, 423 K only)"
C0492_T423,manual,0,C0492,C0492,423.0,1.1083541493862867,0.9903203777968884,-927237361669.5404,0.9916497867554426,d03ebfe68ef6,0d66397d18c3,5e1d50a6e395,0,True,0,49.043,3.393715291051966,3.348515809033049,156.2858627791718,0.010504350422398868,1.6897901579650449e-13,ae73669,2026-10-04T00:37:12+00:00,3.4090518495298667,156.58225960522088,True,0.0027558907842528835,3.75,3.348515809033049,0.2039840896605482,5.0,2.8083333476751042e-12,True,True,-2.787544896243169,-2.4272999566104962,-2.2921690246514066,-2.214773987718896,-2.1628006730636007,-2.095256645621011,-2.051892691029538,-2.020944710096452,-1.9973787767797644,-1.9786307987259186,-1.9632378526999545,,10262,93,1.5,False,False,"variant-gamma_m1 (v1.1-frozen + mu_surf_gamma=-1; robustness study v1.3, 423 K only)"
C0493_T423,manual,0,C0493,C0493,423.0,0.8208320733159781,1.0662961095571517,-1009303121827.5428,1.0872305769473314,49d8dd9607cc,0d66397d18c3,5e1d50a6e395,0,True,0,45.0,3.765678299140792,3.529549731363999,158.44955154754214,0.009971528488892377,1.6897901579650446e-13,ae73669,2026-10-04T00:35:08+00:00,3.7710079503393055,158.92398172706345,True,0.0029051889124146668,4.25,3.529549731363999,0.19295676207205156,5.0,1.277450755807411e-12,True,True,-3.248190739103738,-2.5041350425517015,-2.3300638353092276,-2.2412615964952094,-2.18488130946007,-2.114852970264929,-2.071596905996566,-2.0414714811117483,-2.0189302991254428,-2.001238265618884,-1.986870406771284,,12017,92,1.5,False,False,"variant-gamma_m1 (v1.1-frozen + mu_surf_gamma=-1; robustness study v1.3, 423 K only)"
C0494_T423,manual,0,C0494,C0494,423.0,0.956010325998068,0.810430159419775,-660115252248.9429,0.8545623980462551,b241ea47c873,0d66397d18c3,5e1d50a6e395,0,True,0,31.396,2.291702854265954,3.470696234305024,150.81704751889248,0.01013403779672127,1.6897901579650454e-13,ae73669,2026-10-04T00:30:15+00:00,2.3043693328921924,151.15010179451804,True,0.0027323832268597264,2.75,3.470696234305024,0.19691078771523096,5.0,2.1776623851309345e-12,True,True,-2.424850207211748,-2.300702459159697,-2.2282162492524242,-2.179089597667322,-2.1428925291392944,-2.092001276250967,-2.0570719035247738,-2.031094870237889,-2.0107461620471216,-1.9942174802627475,-1.9804278990110242,,11081,92,1.5,False,False,"variant-gamma_m1 (v1.1-frozen + mu_surf_gamma=-1; robustness study v1.3, 423 K only)"
C0495_T423,manual,0,C0495,C0495,423.0,1.0684884376823902,1.1329041421413422,-1280327629297.9717,1.1744124859571456,516ef1a63d2a,0d66397d18c3,5e1d50a6e395,0,True,0,37.905,4.5460780385547395,3.3141270004817396,160.3141701472399,0.010614753052458655,1.689790157965045e-13,ae73669,2026-10-04T00:58:53+00:00,4.558193138935565,160.6795672747956,True,0.0030628027329349565,5.0,3.3141270004817396,0.20593450861886642,5.0,2.113906540871421e-12,True,True,-7.068954875572748,-2.8964649398783955,-2.429412827265768,-2.2811549879265547,-2.200089715970306,-2.108556306249573,-2.0557280950015233,-2.020216301734065,-1.9942112413746906,-1.974090105049754,-1.9579123588736451,,10613,92,1.5,False,False,"variant-gamma_m1 (v1.1-frozen + mu_surf_gamma=-1; robustness study v1.3, 423 K only)"
C0496_T423,manual,0,C0496,C0496,423.0,1.0603512980043888,0.8146085020154715,-777535700239.2411,0.9316309534013272,038d0b7d7d5d,0d66397d18c3,5e1d50a6e395,0,True,0,45.079,2.56901024828886,3.326847643790854,150.79867916497403,0.01056854025863613,1.6897901579650446e-13,ae73669,2026-10-04T00:37:48+00:00,2.5854297108871163,150.91907613697086,True,0.0029179291094616807,3.0,3.326847643790854,0.20576220281147567,5.0,9.372780757724238e-13,True,True,-2.4533324789256206,-2.303237590096632,-2.221496862694662,-2.16795679355473,-2.129312424565326,-2.075965074392614,-2.039919008668566,-2.0133659513847677,-1.9926978300453624,-1.9759849939034413,-1.9620879172849337,,10613,92,1.5,False,False,"variant-gamma_m1 (v1.1-frozen + mu_surf_gamma=-1; robustness study v1.3, 423 K only)"
C0497_T423,manual,0,C0497,C0497,423.0,0.9727686636149884,1.1421544943004849,-1157017314806.5806,1.039516243338585,0e7d92934dd4,0d66397d18c3,5e1d50a6e395,0,True,0,33.204,4.292522197214767,3.4948888160317617,160.69512582626433,0.01007090917327942,1.6897901579650449e-13,ae73669,2026-10-04T00:32:44+00:00,4.304398032688243,161.06906493434025,True,0.0027768156293368285,4.75,3.4948888160317617,0.19479841129573597,5.0,1.1614259075509625e-12,True,True,-5.519341266858619,-2.729763060611985,-2.4170698264564296,-2.29093907608594,-2.2171569789719445,-2.1302772842682067,-2.078611461287537,-2.0433313595440987,-2.0172457042492495,-1.99693132079545,-1.9805230052380347,,10964,92,1.5,False,False,"variant-gamma_m1 (v1.1-frozen + mu_surf_gamma=-1; robustness study v1.3, 423 K only)"
C0498_T423,manual,0,C0498,C0498,423.0,0.8001949753612281,0.984738239273429,-510477615520.358,0.8194460909813643,2facbcf2ab7a,0d66397d18c3,5e1d50a6e395,0,True,0,43.217,2.4300687853548966,3.747165042273068,156.36590392971883,0.009396325029766997,1.6897901579650446e-13,ae73669,2026-10-04T00:36:01+00:00,2.442069402928367,156.69943781064794,True,0.002350978498738058,3.0,3.747165042273068,0.18140993894738666,5.0,2.3279042432538835e-12,True,True,-2.4963316341042097,-2.3569409458668398,-2.2772850359199857,-2.2238588417078495,-2.1847636016120724,-2.130203473723372,-2.093067041775944,-2.0656417477291855,-2.0442903076597396,-2.0270419688854053,-2.0127228320023836,,12017,93,1.5,False,False,"variant-gamma_m1 (v1.1-frozen + mu_surf_gamma=-1; robustness study v1.3, 423 K only)"
C0499_T423,manual,0,C0499,C0499,423.0,1.1126125287264583,1.0587425235658885,-1427985441870.9873,1.1016002912074327,9259a6b0aa6f,0d66397d18c3,5e1d50a6e395,0,True,0,51.039,4.717353059447598,3.3464507896546047,158.20551837511277,0.010513118663973923,1.6897901579650446e-13,ae73669,2026-10-04T00:57:12+00:00,4.722624247116249,158.5911962965386,True,0.0029560951513876565,5.25,3.3464507896546047,0.20386266556055146,5.0,1.8874964458992717e-12,True,True,-8.180805226492605,-3.146700314824263,-2.4783020569842322,-2.3073484568291804,-2.2180817950890876,-2.1197416876093382,-2.063853421293917,-2.026537612452141,-1.9993036176654777,-1.9782684335774496,-1.9613704966295196,,10262,93,1.5,False,False,"variant-gamma_m1 (v1.1-frozen + mu_surf_gamma=-1; robustness study v1.3, 423 K only)"
C0500_T423,manual,0,C0500,C0500,423.0,1.1578330881893637,0.9285014364868402,-1060874145478.0104,1.1796981908380983,8e91dd074e2b,0d66397d18c3,5e1d50a6e395,0,True,0,38.352,3.5266004211793582,3.139205151954955,154.15099621256368,0.011197014766197822,1.6897901579650443e-13,ae73669,2026-10-04T00:56:18+00:00,3.5348798716910403,154.48713620637045,True,0.003297200365234499,4.0,3.139205151954955,0.21832835388623206,5.0,1.548491559558693e-12,True,True,-2.8454666683431578,-2.397827364901538,-2.2548332012392986,-2.1767719739207085,-2.1256406247893205,-2.060522379000992,-2.0193999951655104,-1.9903295987319818,-1.9683279747280211,-1.9508977490599966,-1.9366301675833175,,10028,92,1.5,False,False,"variant-gamma_m1 (v1.1-frozen + mu_surf_gamma=-1; robustness study v1.3, 423 K only)"
C0501_T423,manual,0,C0501,C0501,423.0,0.8704025648534298,1.0025287564843892,-877619723789.3939,0.8975951507687568,69229e0d8466,0d66397d18c3,5e1d50a6e395,0,True,0,52.448,3.318891730436595,3.6355910617160947,156.77048114759583,0.009682527794849873,1.6897901579650449e-13,ae73669,2026-10-04T00:41:41+00:00,3.335276781145675,157.04337171311266,True,0.0025858623370250498,3.75,3.6355910617160947,0.1871663530090912,5.0,1.4038699947169573e-12,True,True,-2.771068184484625,-2.449814151242218,-2.321350961995525,-2.2464030047539083,-2.1956320516926637,-2.1292399774561996,-2.0864411715940996,-2.0558494563291707,-2.0325460572796645,-2.0140112476460263,-1.998802050844462,,11666,92,1.5,False,False,"variant-gamma_m1 (v1.1-frozen + mu_surf_gamma=-1; robustness study v1.3, 423 K only)"
C0502_T423,manual,0,C0502,C0502,423.0,0.9054892238229514,0.8708945099264384,-1289906500838.697,1.0676614310592414,a1c67952d8c4,0d66397d18c3,5e1d50a6e395,0,True,0,33.033,3.9082391343168426,3.4089355220399544,152.43694386048813,0.010318145933324719,1.6897901579650449e-13,ae73669,2026-10-04T00:58:05+00:00,3.9218241702306686,152.72483033700635,True,0.0030044104140313317,4.25,3.4089355220399544,0.20039982059617006,5.0,1.3331295195497222e-12,True,True,-3.6307071767864176,-2.5199132934455486,-2.32409312205642,-2.229907233201969,-2.171587413489671,-2.1003759894310647,-2.056867379266368,-2.0266839594435186,-2.004119086889159,-1.9863983340330285,-1.9719885963410637,,11432,93,1.5,False,False,"variant-gamma_m1 (v1.1-frozen + mu_surf_gamma=-1; robustness study v1.3, 423 K only)"
C0503_T423,manual,0,C0503,C0503,423.0,1.0180588882416486,1.198417475447059,-644677340984.3445,0.9597265992313624,68e553ab76d2,0d66397d18c3,5e1d50a6e395,0,True,0,46.185,3.239691247781014,3.489341686478164,162.37301190421482,0.010086237935919907,1.689790157965044e-13,ae73669,2026-10-04T00:39:07+00:00,3.2415256415770046,163.00128494024523,True,0.002561665871040864,3.75,3.489341686478164,0.1951774152266742,5.0,1.9025215158699164e-12,True,True,-2.729028469202175,-2.433699726743163,-2.3084751675348367,-2.233809279350696,-2.1826121202075814,-2.114988661050023,-2.0710528182998558,-2.0395197618168335,-2.0154446297836124,-1.9962707909817419,-1.9805248767804902,,10847,93,1.5,False,False,"variant-gamma_m1 (v1.1-frozen + mu_surf_gamma=-1; robustness study v1.3, 423 K only)"
C0504_T423,manual,0,C0504,C0504,423.0,1.035094854980707,0.9700297106057404,-1321722459979.3557,0.8695704005658627,b8eafb4917c1,0d66397d18c3,5e1d50a6e395,0,True,0,46.988,4.268332763359036,3.602572162538103,155.8468044801765,0.009771581566303393,1.6897901579650443e-13,ae73669,2026-10-04T00:37:56+00:00,4.27481166851626,156.34589870022387,True,0.0025697818661069237,4.75,3.602572162538103,0.18883734234547622,5.0,1.3037493854774647e-12,True,True,-5.398368046207369,-2.7431966562529357,-2.4398310807913184,-2.3134028991976923,-2.2385060397994136,-2.149387025820256,-2.0958334669688967,-2.058969227851657,-2.0315287014526766,-2.0100351384378823,-1.9925859156556647,,10730,92,1.5,False,False,"variant-gamma_m1 (v1.1-frozen + mu_surf_gamma=-1; robustness study v1.3, 423 K only)"
C0505_T423,manual,0,C0505,C0505,423.0,0.94761006757617,1.0991350572556258,-739787710830.5692,1.1530416280031204,519455fb9d76,0d66397d18c3,5e1d50a6e395,0,True,0,47.649,3.2142144523440326,3.326343999894615,159.3516482512991,0.010573961264543743,1.689790157965045e-13,ae73669,2026-10-04T00:40:30+00:00,3.2198662746400633,159.9850320145889,True,0.0029922423549970543,3.75,3.326343999894615,0.20537948917390522,5.0,2.059582309155739e-12,True,True,-2.6525315889242447,-2.3733001401605707,-2.2570441456380417,-2.1885852848995015,-2.142063201595872,-2.0811651908401148,-2.0419375540524256,-2.01394456075791,-1.9926602081073708,-1.9757622848733813,-1.9619203431782644,,11198,93,1.5,False,False,"variant-gamma_m1 (v1.1-frozen + mu_surf_gamma=-1; robustness study v1.3, 423 K only)"
C0506_T423,manual,0,C0506,C0506,423.0,0.8765012230724096,0.8307822544127703,-1093724871054.2916,0.9824832063168288,f1c284314401,0d66397d18c3,5e1d50a6e395,0,True,0,50.106,3.345454113192525,3.4655256229294835,151.26210875049262,0.010150138644371627,1.689790157965045e-13,ae73669,2026-10-04T00:41:15+00:00,3.3630415490695125,151.0781806930155,True,0.0029708727074743307,3.75,3.4655256229294835,0.19709874925616352,5.0,1.62455162976123e-12,True,True,-2.731999027882031,-2.4044570089359514,-2.2798443457742623,-2.2086737196771544,-2.1610554259227746,-2.0994163474450223,-2.059980332245233,-2.0318878241644582,-2.010518236676184,-1.9935280255266983,-1.9795840951299093,,11549,92,1.5,False,False,"variant-gamma_m1 (v1.1-frozen + mu_surf_gamma=-1; robustness study v1.3, 423 K only)"
C0507_T423,manual,0,C0507,C0507,423.0,1.189016241952777,1.10010218732059,-971687757410.1093,1.0902233440428972,5dba037aa8d5,0d66397d18c3,5e1d50a6e395,0,True,0,45.858,3.7594506069318308,3.258638135947384,159.44860743553136,0.010793041826215582,1.689790157965044e-13,ae73669,2026-10-04T00:38:12+00:00,3.7627783048762544,159.9661331733714,True,0.0029324944671000113,4.25,3.258638135947384,0.20968310179837707,5.0,1.7695220491674103e-12,True,True,-3.2367480318367785,-2.495543104824631,-2.316453541734536,-2.223792489801592,-2.1643975234854236,-2.0898992135114804,-2.04341319084706,-2.0107917388185204,-1.9862326950062503,-1.966856139917099,-1.951048046102158,,9794,92,1.5,False,False,"variant-gamma_m1 (v1.1-frozen + mu_surf_gamma=-1; robustness study v1.3, 423 K only)"
C0508_T423,manual,0,C0508,C0508,423.0,1.1342368014156818,0.8870449762791396,-604576230049.1333,1.018321231752634,a8de7bc0ac4c,0d66397d18c3,5e1d50a6e395,0,True,0,46.809,2.36743538820508,3.2112111498911826,153.03194014376987,0.010946685089636334,1.6897901579650446e-13,ae73669,2026-10-04T00:38:00+00:00,2.3844337617222444,152.89444026742183,True,0.002974974087804598,2.75,3.2112111498911826,0.2133821610477194,5.0,1.9329137257763193e-12,True,True,-2.39993778297885,-2.2698632069066997,-2.195410972966736,-2.14546350759887,-2.1089011549349816,-2.05782204162483,-2.0229790650586326,-1.997179158154619,-1.9770361400987362,-1.9607173753659863,-1.9471318178344732,,10145,91,1.5,False,False,"variant-gamma_m1 (v1.1-frozen + mu_surf_gamma=-1; robustness study v1.3, 423 K only)"
C0509_T423,manual,0,C0509,C0509,423.0,0.8467088125646115,1.1563877511769534,-1460866748355.329,0.9106322541832924,d2e9f8da754c,0d66397d18c3,5e1d50a6e395,0,True,0,40.682,5.042717201896305,3.832485287618836,161.2796411376416,0.00919409119692429,1.6897901579650449e-13,ae73669,2026-10-04T00:35:49+00:00,5.055040713992095,161.6599364364939,True,0.0024832812817204386,5.5,3.832485287618836,0.176657265011206,5.0,2.139466968083142e-12,True,True,-10.120945880244228,-4.184014565432704,-2.653538047054873,-2.419316382190029,-2.309378406097089,-2.1942749802267034,-2.1309775110402542,-2.0894339538311026,-2.0594545718520436,-2.0364911927627207,-2.0181657758884795,,11783,92,1.5,False,False,"variant-gamma_m1 (v1.1-frozen + mu_surf_gamma=-1; robustness study v1.3, 423 K only)"
C0510_T423,manual,0,C0510,C0510,423.0,0.9803306277841328,0.9138154339045288,-872676650993.526,1.1311868276447057,08cce579816d,0d66397d18c3,5e1d50a6e395,0,True,0,33.237,3.0539361799240123,3.2587394241065737,153.7432523724468,0.010788936974062047,1.6897901579650446e-13,ae73669,2026-10-04T00:30:48+00:00,3.06767563371704,153.92809737000002,True,0.0031964415355891086,3.5,3.2587394241065737,0.21008499052146254,5.0,1.7356165014936025e-12,True,True,-2.560255680119201,-2.331846821693596,-2.228891623585802,-2.1666812801585165,-2.1238341713155693,-2.0670928030863243,-2.0301443069551506,-2.003572140105383,-1.9832433820243662,-1.967021343921542,-1.9536748680089342,,11081,92,1.5,False,False,"variant-gamma_m1 (v1.1-frozen + mu_surf_gamma=-1; robustness study v1.3, 423 K only)"
C0511_T423,manual,0,C0511,C0511,423.0,1.092802445217967,1.042897941544652,-1188863854855.299,0.8476660583168268,fda38744e6d3,0d66397d18c3,5e1d50a6e395,0,True,0,38.409,4.147640004911499,3.6156635814661744,158.06661727840753,0.009737685270134777,1.6897901579650443e-13,ae73669,2026-10-04T00:59:32+00:00,4.163416007417675,158.21503502013633,True,0.0023992530872029103,4.5,3.6156635814661744,0.18799799467970738,5.0,1.5747188168027725e-12,True,True,-4.702862983958918,-2.700048522692438,-2.4345794436049264,-2.314864384998588,-2.24187150990674,-2.1532540967858886,-2.0991904079708115,-2.061670891596921,-2.03360272914158,-2.011544266312267,-1.9935942498732369,,10379,93,1.5,False,False,"variant-gamma_m1 (v1.1-frozen + mu_surf_gamma=-1; robustness study v1.3, 423 K only)"
