run_id,policy,round,candidate_id,process_group_id,temperature_K,wjfet_scale,npwell_scale,qit_eff_cm2,mu_channel_scale,mesh_hash,physics_hash,solver_hash,seed,converged,retry_count,runtime_s,vth_V,ron_norm,ss_mV_dec,ion_A_per_cm,ioff_A_per_cm,code_commit,created_at,vth_interp_V,ss_interp_mV_dec,refined,gm_max_S_per_cm,vg_at_gm_max_V,ron_mohm_cm2,id_vds_req_A_per_cm,vds_reached_V,kcl_floor_A_per_cm,ioff_below_floor,ss_window_resolved,logid_vg4,logid_vg5,logid_vg6,logid_vg7,logid_vg8,logid_vg10,logid_vg12,logid_vg14,logid_vg16,logid_vg18,logid_vg20,error_code,n_nodes,n_solves,mesh_scale,extended,holes,config_version
C0000_T423,manual,0,C0000,C0000,423.0,1.0930539164692163,0.9129283931106328,-1372895958833.3965,1.0368419263511897,2ba5e9c9f116,a7ae7a6020f6,5e1d50a6e395,0,True,0,47.868,4.191121598162434,3.0287658051702895,153.37036545036432,0.01160130962087564,1.689790157965045e-13,ae73669,2026-10-04T00:13:55+00:00,4.199414485960665,153.88188432774697,True,0.0037483081213166513,4.75,3.0287658051702895,0.22667219276148923,5.0,2.4329514200390885e-12,True,True,-5.022261590007425,-2.5482693950281723,-2.285807635778848,-2.179271492177356,-2.1174145342789075,-2.0452108031981937,-2.0025881904894396,-1.9735828293734885,-1.9521661466177052,-1.9354929824096336,-1.9220225682856273,,10379,93,1.5,False,False,"variant-gamma0 (v1.1-frozen + mu_surf_gamma=0; robustness study v1.3, 423 K only)"
C0001_T423,manual,0,C0001,C0001,423.0,0.9804712820798158,1.0435902420431376,-688610140234.2319,0.941992649063468,cff19d78675f,a7ae7a6020f6,5e1d50a6e395,0,True,0,55.578,2.9487957706595065,3.1486570759402377,157.53728535313132,0.011163813849948263,1.6897901579650446e-13,ae73669,2026-10-04T00:14:05+00:00,2.9563196207716347,158.19104373339187,True,0.0033541785324971854,3.5,3.1486570759402377,0.2176339928957398,5.0,1.4474893678600617e-12,True,True,-2.496502678293717,-2.293617352541961,-2.1986496330400405,-2.1405146302057765,-2.1002285067646866,-2.046675412951439,-2.011750337496309,-1.9866465469997026,-1.9674669196657228,-1.9521874137289355,-1.939638749458597,,11081,93,1.5,False,False,"variant-gamma0 (v1.1-frozen + mu_surf_gamma=0; robustness study v1.3, 423 K only)"
C0002_T423,manual,0,C0002,C0002,423.0,0.8453975930809975,0.8861619886010885,-1104799352586.2695,1.1247575774788856,f92a72037cc6,a7ae7a6020f6,5e1d50a6e395,0,True,0,51.916,3.4896210011849975,3.121831441925504,152.39426975375125,0.011257366074000286,1.6897901579650446e-13,ae73669,2026-10-04T00:14:03+00:00,3.4911521820360023,152.84637563552482,True,0.003997271409695535,4.0,3.121831441925504,0.2197593788404165,5.0,2.0977161547572186e-12,True,True,-2.730495806137146,-2.324133648498082,-2.199314910182136,-2.1328063024843504,-2.0899662901743596,-2.036315221708677,-2.0029965661825178,-1.9797246229383505,-1.9622772078776634,-1.9485632110244686,-1.9374137071232078,,11783,92,1.5,False,False,"variant-gamma0 (v1.1-frozen + mu_surf_gamma=0; robustness study v1.3, 423 K only)"
C0003_T423,manual,0,C0003,C0003,423.0,1.132815146446228,1.1570748541504146,-960616848431.5276,0.8041775979101659,789e083144eb,a7ae7a6020f6,5e1d50a6e395,0,True,0,49.645,3.8634181206240696,3.269673156252665,161.0501994071335,0.010757294206005186,1.6897901579650449e-13,ae73669,2026-10-04T00:37:13+00:00,3.879691834869039,161.10158148021713,True,0.0029257489025906335,4.25,3.269673156252665,0.20890638985821264,5.0,1.1942675623480867e-12,True,True,-3.5006148000340227,-2.5218163296402665,-2.326166789744289,-2.228849547120896,-2.1675227573548597,-2.091588257929595,-2.044709457057318,-2.0120306183058934,-1.9875449996782653,-1.9682969535002295,-1.9526400948411986,,10145,92,1.5,False,False,"variant-gamma0 (v1.1-frozen + mu_surf_gamma=0; robustness study v1.3, 423 K only)"
C0004_T423,manual,0,C0004,C0004,423.0,1.18760603107512,0.8299005512148142,-593505548313.2601,0.8760468561202288,4eb0417c346c,a7ae7a6020f6,5e1d50a6e395,0,True,0,41.367,2.1636058738300648,2.9851564678327756,150.94117778064714,0.011766867799614484,1.6897901579650443e-13,ae73669,2026-10-04T00:13:51+00:00,2.175910392297217,151.37350441566826,True,0.0034262485144148478,2.75,2.9851564678327756,0.2303864485677227,5.0,2.0210886763093884e-12,True,True,-2.3071005467979964,-2.1990118877500473,-2.135360626651745,-2.0921040083221616,-2.0602046705401453,-2.01535583593614,-1.9845961122324234,-1.9617416714498934,-1.943855463110787,-1.9293391258035557,-1.917237410716586,,9794,93,1.5,False,False,"variant-gamma0 (v1.1-frozen + mu_surf_gamma=0; robustness study v1.3, 423 K only)"
C0005_T423,manual,0,C0005,C0005,423.0,0.8751755077391863,1.1007876243442296,-1471941457130.015,1.196678004786372,63eb6b448cde,a7ae7a6020f6,5e1d50a6e395,0,True,0,51.301,4.884703941856476,3.1664052852064075,158.95352219630144,0.011103800947249609,1.689790157965045e-13,ae73669,2026-10-04T00:14:00+00:00,4.897986141280707,159.1124023073196,True,0.0038295027624515626,5.25,3.1664052852064075,0.21615408065727457,5.0,2.692444606711081e-12,True,True,-9.282457716982718,-3.5277889816227557,-2.4239370847938178,-2.242585885261485,-2.1577769359109267,-2.0704773871947744,-2.02338744299933,-1.9928905591091197,-1.9710964010610472,-1.954528332217566,-1.94138746153602,,11549,93,1.5,False,False,"variant-gamma0 (v1.1-frozen + mu_surf_gamma=0; robustness study v1.3, 423 K only)"
C0006_T423,manual,0,C0006,C0006,423.0,0.9477621659636496,0.9691413793712854,-821499322541.0581,0.9639153033494948,6e389d2a8ea1,a7ae7a6020f6,5e1d50a6e395,0,True,0,50.901,3.0668478803290453,3.1443673770034524,155.21436372539833,0.011178140277681851,1.6897901579650446e-13,ae73669,2026-10-04T00:34:22+00:00,3.0812749156282115,155.29624755822567,True,0.0035545551925499144,3.5,3.1443673770034524,0.21802824484105313,5.0,1.1780264929341707e-12,True,True,-2.5245865817650865,-2.297640326305711,-2.1979773211721474,-2.138497723356505,-2.09785812831315,-2.0444670111535714,-2.009978945274572,-1.985323735736252,-1.9665511725862945,-1.9516304446001551,-1.9393965774380306,,11198,92,1.5,False,False,"variant-gamma0 (v1.1-frozen + mu_surf_gamma=0; robustness study v1.3, 423 K only)"
C0007_T423,manual,0,C0007,C0007,423.0,1.035331830382347,1.099829029664397,-1240037595853.2097,1.058715035766363,91e6a8d7a9f1,a7ae7a6020f6,5e1d50a6e395,0,True,0,47.692,4.354349314036846,3.1005559619547074,159.07811161640285,0.01133717029731844,1.6897901579650446e-13,ae73669,2026-10-04T00:14:00+00:00,4.369453609435984,158.98994563330393,True,0.0036183075496633594,4.75,3.1005559619547074,0.220971650731544,5.0,2.141573442891093e-12,True,True,-5.946090896068022,-2.6627270414244637,-2.3284888958547305,-2.2070886315217804,-2.1388657258885524,-2.0608824929837617,-2.0156046667527385,-1.9851141398213328,-1.9627764902725433,-1.9454953297124276,-1.9316068014249996,,10730,92,1.5,False,False,"variant-gamma0 (v1.1-frozen + mu_surf_gamma=0; robustness study v1.3, 423 K only)"
C0008_T423,manual,0,C0008,C0008,423.0,1.0178218875080347,0.8715755004435778,-789656600914.8955,1.1737071547657252,ed80dfdc1439,a7ae7a6020f6,5e1d50a6e395,0,True,0,47.905,2.7148099876601135,2.9125565904208277,151.88761061488893,0.012057998054211235,1.6897901579650443e-13,ae73669,2026-10-04T00:13:59+00:00,2.7196696229515487,152.41140796166607,True,0.004149655486232836,3.25,2.9125565904208277,0.23633607078879224,5.0,1.5377013776646e-12,True,True,-2.3517460062516506,-2.199418052817278,-2.1236013954674884,-2.0761901534542297,-2.042974680996349,-1.9984181726720032,-1.969124478715821,-1.9479521468922578,-1.9317084695855704,-1.9187247905523872,-1.9080326701726025,,10847,92,1.5,False,False,"variant-gamma0 (v1.1-frozen + mu_surf_gamma=0; robustness study v1.3, 423 K only)"
C0009_T423,manual,0,C0009,C0009,423.0,0.9053371001034975,1.1975406002253297,-1144900463521.4805,0.8536625649780035,74b6296ee823,a7ae7a6020f6,5e1d50a6e395,0,True,0,39.964,4.377416138519926,3.417050343871757,162.09481912391544,0.010298106747844099,1.689790157965044e-13,ae73669,2026-10-04T00:39:20+00:00,4.392740425919445,162.09950627383807,True,0.0029754587579014008,4.75,3.417050343871757,0.19944550199894648,5.0,1.846183649403696e-12,True,True,-6.023009194677581,-2.750607263021636,-2.400836469659893,-2.271493161795157,-2.1980780021810076,-2.1134809951984828,-2.064059955179441,-2.0306824415216864,-2.0061964212279135,-1.9872426106871326,-1.9720079359055214,,11432,91,1.5,False,False,"variant-gamma0 (v1.1-frozen + mu_surf_gamma=0; robustness study v1.3, 423 K only)"
C0010_T423,manual,0,C0010,C0010,423.0,0.8717282548546792,0.929175417497754,-560620430856.9431,1.08652516156435,7c91dbab7d27,a7ae7a6020f6,5e1d50a6e395,0,True,0,58.414,2.346805026757837,3.081519757353945,153.8130702531863,0.01140312208913627,1.6897901579650446e-13,ae73669,2026-10-04T00:31:59+00:00,2.362073417575786,153.63464173377722,True,0.003866967554085498,2.75,3.081519757353945,0.2227776298689481,5.0,2.1461466197711363e-12,True,True,-2.3110015501235717,-2.196581283171623,-2.1329749528750916,-2.0911316486029023,-2.0609478452929615,-2.0194505276574546,-1.9916230892301443,-1.9712880801495785,-1.9555827426431518,-1.9429762258171677,-1.932565953311562,,11666,92,1.5,False,False,"variant-gamma0 (v1.1-frozen + mu_surf_gamma=0; robustness study v1.3, 423 K only)"
C0011_T423,manual,0,C0011,C0011,423.0,1.1592432737350464,1.0016600351780651,-1377839031629.2644,0.9907498694956304,7b142ceff673,a7ae7a6020f6,5e1d50a6e395,0,True,0,49.607,4.438690280944512,3.0626531209458006,156.19333874941876,0.011475840010309303,1.6897901579650443e-13,ae73669,2026-10-04T00:34:47+00:00,4.447406292711754,156.50026932177562,True,0.0035403438601956517,5.0,3.0626531209458006,0.22386457200281892,5.0,2.677635400913597e-12,True,True,-6.494165549193485,-2.7301660220787145,-2.3462105014173056,-2.215477470097416,-2.1431662334197608,-2.0611664841531154,-2.013728697120545,-1.9817895866929014,-1.9583656929014692,-1.940215515072621,-1.9256025364782166,,10028,93,1.5,False,False,"variant-gamma0 (v1.1-frozen + mu_surf_gamma=0; robustness study v1.3, 423 K only)"
C0012_T423,manual,0,C0012,C0012,423.0,1.1140341583639384,0.9854138862341644,-1010727500542.9984,0.9126191157847644,4e97b7fdbe50,a7ae7a6020f6,5e1d50a6e395,0,True,0,32.984,3.5523436972876667,3.104129687668084,155.8034097091986,0.011322753903042033,1.689790157965044e-13,ae73669,2026-10-04T00:39:39+00:00,3.565282755019567,156.08687725344495,True,0.0034325010277390967,4.0,3.104129687668084,0.22086400849866017,5.0,2.06803458705012e-12,True,True,-2.8602482210992655,-2.389189640669713,-2.245079753608953,-2.167363133273135,-2.1167892104457695,-2.052760499646938,-2.012558542495791,-1.9842583365428657,-1.9629116594445475,-1.9460479318546546,-1.932277570229452,,10262,92,1.5,False,False,"variant-gamma0 (v1.1-frozen + mu_surf_gamma=0; robustness study v1.3, 423 K only)"
C0013_T423,manual,0,C0013,C0013,423.0,0.801506169512868,1.0578725177794694,-927762304432.6902,1.0084455769509078,76f2787c9957,a7ae7a6020f6,5e1d50a6e395,0,True,0,41.505,3.532983365812498,3.2952632644811213,157.84655685862936,0.01067270180431643,1.6897901579650446e-13,ae73669,2026-10-04T00:13:46+00:00,3.542214139569267,158.19641118108086,True,0.0035316855183382167,4.0,3.2952632644811213,0.20742315628464164,5.0,1.929216740389421e-12,True,True,-2.8273158689874145,-2.380250899721002,-2.2448371449635447,-2.172540176024422,-2.12587197304619,-2.0673379491007835,-2.03098030670913,-2.0056130852185627,-1.986624869609547,-1.9717256246081147,-1.9596333427530144,,12017,92,1.5,False,False,"variant-gamma0 (v1.1-frozen + mu_surf_gamma=0; robustness study v1.3, 423 K only)"
C0014_T423,manual,0,C0014,C0014,423.0,0.9726279839873314,0.815287820622325,-1277789399959.147,0.8255852311849594,b6983811955a,a7ae7a6020f6,5e1d50a6e395,0,True,0,40.588,3.713115222609889,3.2412823269739577,150.53205247988888,0.010845492796182672,1.689790157965045e-13,ae73669,2026-10-04T00:13:49+00:00,3.7189341507343894,151.0801338654161,True,0.0033442562511886292,4.25,3.2412823269739577,0.21137897177834217,5.0,1.8077775885492162e-12,True,True,-3.091541871191195,-2.4307497481480613,-2.2698470343289396,-2.1876319966889066,-2.1354761886520857,-2.0706813934615877,-2.030552140275153,-2.00248752946996,-1.9813892781693354,-1.964750709781601,-1.951176030743353,,10964,93,1.5,False,False,"variant-gamma0 (v1.1-frozen + mu_surf_gamma=0; robustness study v1.3, 423 K only)"
C0015_T423,manual,0,C0015,C0015,423.0,1.0600998014211656,1.1412789095193148,-656797992065.549,1.1455802761018277,c3b371300f37,a7ae7a6020f6,5e1d50a6e395,0,True,0,44.445,3.091925212023615,2.9678576090022917,160.16462828510214,0.0118383265169568,1.6897901579650443e-13,ae73669,2026-10-04T00:13:56+00:00,3.1065637821793075,160.33100261285415,True,0.0037992140764998776,3.5,2.9678576090022917,0.23141440084541892,5.0,1.2738816648500853e-12,True,True,-2.506117260494486,-2.2717740642481328,-2.171159338484147,-2.1115969859611203,-2.071085964116504,-2.0180941574035494,-1.9840184714084925,-1.9597448172950873,-1.9413179958343925,-1.9267096857734414,-1.914758785822396,,10613,92,1.5,False,False,"variant-gamma0 (v1.1-frozen + mu_surf_gamma=0; robustness study v1.3, 423 K only)"
C0016_T423,manual,0,C0016,C0016,423.0,1.067554134130478,0.8097493596374989,-1159865411929.786,0.9602174967527388,1e9256faa414,a7ae7a6020f6,5e1d50a6e395,0,True,0,46.514,3.4113245932017713,3.034338625965303,150.10767180235518,0.011577981954294297,1.6897901579650449e-13,ae73669,2026-10-04T00:14:42+00:00,3.4234968245437902,150.79821296138763,True,0.003646171972159052,4.0,3.034338625965303,0.2264770766319664,5.0,2.1731725950211034e-12,True,True,-2.685623847934195,-2.3261027309746702,-2.202571473454247,-2.1344047177666416,-2.0896326260852547,-2.032555355324205,-1.9964918500781335,-1.9709863336556817,-1.9516737375713553,-1.9363671316699336,-1.9238332118686847,,10613,93,1.5,False,False,"variant-gamma0 (v1.1-frozen + mu_surf_gamma=0; robustness study v1.3, 423 K only)"
C0017_T423,manual,0,C0017,C0017,423.0,0.9549900010228156,1.1337812080979348,-780550811439.7526,1.0687390767037868,a28d3f09a33f,a7ae7a6020f6,5e1d50a6e395,0,True,0,50.726,3.367356480078973,3.108007247303683,160.06384421547403,0.011309469119091104,1.6897901579650449e-13,ae73669,2026-10-04T00:14:56+00:00,3.38205263397033,160.06283169170598,True,0.003571469701468086,3.75,3.108007247303683,0.2205047371994487,5.0,2.1925372088592238e-12,True,True,-2.6745114171760758,-2.334681078450273,-2.213005084034154,-2.144979188229811,-2.1000425245507945,-2.042625323383409,-2.0064099801086095,-1.9809083224712747,-1.9616996541553733,-1.946557780933126,-1.9342242909783773,,11081,91,1.5,False,False,"variant-gamma0 (v1.1-frozen + mu_surf_gamma=0; robustness study v1.3, 423 K only)"
C0018_T423,manual,0,C0018,C0018,423.0,0.8214604604989291,0.9896462060511112,-1426983706653.1182,0.8980861324816942,88a34c5c8db7,a7ae7a6020f6,5e1d50a6e395,0,True,0,54.084,4.530242020783301,3.409141859256474,155.952901592712,0.010319722611508238,1.6897901579650446e-13,ae73669,2026-10-04T00:14:57+00:00,4.539214949998405,156.25086257464739,True,0.0033315979376861535,5.0,3.409141859256474,0.20015551613360433,5.0,1.8419642704804237e-12,True,True,-7.061938740210082,-2.8441488478721237,-2.4000246320451035,-2.2621870816344223,-2.187952975324411,-2.1053030924019636,-2.058210982859956,-2.0268104224748646,-2.0039463509125106,-1.986331976149734,-1.972219388890985,,12017,92,1.5,False,False,"variant-gamma0 (v1.1-frozen + mu_surf_gamma=0; robustness study v1.3, 423 K only)"
C0019_T423,manual,0,C0019,C0019,423.0,1.1088961336761711,1.0671646401286126,-509522489272.058,1.1807759206742048,160b55d8d977,a7ae7a6020f6,5e1d50a6e395,0,True,0,46.932,2.5724862034533773,2.881661670181735,157.95482600884912,0.012188274978483588,1.6897901579650449e-13,ae73669,2026-10-04T00:38:00+00:00,2.5863235388992893,158.1115493740783,True,0.003988882162172584,3.0,2.881661670181735,0.23874607907440504,5.0,2.6367410584197015e-12,True,True,-2.337815465866853,-2.19774830959138,-2.1240047275376104,-2.0766511203809968,-2.0429578816078644,-1.9971710723484388,-1.9667627663514078,-1.9446690248192606,-1.9276689196263888,-1.9140577562633676,-1.9028377862838979,,10262,92,1.5,False,False,"variant-gamma0 (v1.1-frozen + mu_surf_gamma=0; robustness study v1.3, 423 K only)"
C0020_T423,manual,0,C0020,C0020,423.0,1.1634810119867325,0.9458590939640998,-876786606386.304,1.102671118080616,42f8a42a39d9,a7ae7a6020f6,5e1d50a6e395,0,True,0,44.721,3.1233981827087267,2.8984830309480545,154.32211708014853,0.012117606210971242,1.689790157965044e-13,ae73669,2026-10-04T00:14:36+00:00,3.1378774717306106,154.36849731080758,True,0.0038881256888255687,3.5,2.8984830309480545,0.2373592249158162,5.0,2.0864626755900135e-12,True,True,-2.504442210019828,-2.2631490263308445,-2.1614982843506416,-2.101727933293122,-2.0611968899011206,-2.0082425527543726,-1.9741614333439168,-1.9498295577517548,-1.9313081836918813,-1.9165831649919103,-1.9045030849707731,,10028,93,1.5,False,False,"variant-gamma0 (v1.1-frozen + mu_surf_gamma=0; robustness study v1.3, 423 K only)"
C0021_T423,manual,0,C0021,C0021,423.0,0.8510567829012872,1.0234035141766071,-1059750274755.0608,0.8199317909777165,e445fbb50260,a7ae7a6020f6,5e1d50a6e395,0,True,0,54.51,3.771493248118718,3.4253919334085907,157.09966620313222,0.010270966764490881,1.6897901579650454e-13,ae73669,2026-10-04T00:14:55+00:00,3.7784273112650317,157.55673414432326,True,0.003089981950062509,4.25,3.4253919334085907,0.19918720562700742,5.0,1.119120957772608e-12,True,True,-3.2449835925397656,-2.4826954008384043,-2.309852714731979,-2.222448287630391,-2.167210780885182,-2.0988536856214695,-2.056748284134124,-2.027464667120291,-2.0055686116947857,-1.988388676098614,-1.974438554463449,,11783,92,1.5,False,False,"variant-gamma0 (v1.1-frozen + mu_surf_gamma=0; robustness study v1.3, 423 K only)"
C0022_T423,manual,0,C0022,C0022,423.0,0.922074880078435,0.853488026559353,-647814457304.7758,1.0405869636684657,1dbc917aef5f,a7ae7a6020f6,5e1d50a6e395,0,True,0,45.389,2.3439212197778496,3.046242598303338,151.46501589454508,0.011532883159544653,1.689790157965045e-13,ae73669,2026-10-04T00:35:08+00:00,2.3594642444051757,151.3734648238781,True,0.0038873003674718843,2.75,3.046242598303338,0.22558538971797337,5.0,9.865987057151543e-13,True,True,-2.3082552053259593,-2.193695897762301,-2.129886223011614,-2.087845438589575,-2.0574748554742923,-2.015632578965305,-1.9874926234198003,-1.9668729684065502,-1.9509073946823028,-1.9380621078177525,-1.92743197531285,,11315,91,1.5,False,False,"variant-gamma0 (v1.1-frozen + mu_surf_gamma=0; robustness study v1.3, 423 K only)"
C0023_T423,manual,0,C0023,C0023,423.0,1.009650457277894,1.1774938859045505,-1292632466182.1128,0.9321165468543768,e255dcbfd861,a7ae7a6020f6,5e1d50a6e395,0,True,0,50.492,4.667216662154311,3.2632703141380515,161.441306234289,0.010778549387566989,1.689790157965045e-13,ae73669,2026-10-04T00:14:51+00:00,4.678661905596483,161.87346658559844,True,0.003179644152721462,5.25,3.2632703141380515,0.2092996113971691,5.0,1.3952991909740328e-12,True,True,-7.811518645388222,-3.0358571806500976,-2.4327882548492608,-2.273084832823935,-2.1896053890736895,-2.097927297971122,-2.0461048785047975,-2.0116806149886637,-1.9866736465278747,-1.9674396839884631,-1.9520475248924343,,10847,93,1.5,False,False,"variant-gamma0 (v1.1-frozen + mu_surf_gamma=0; robustness study v1.3, 423 K only)"
C0024_T423,manual,0,C0024,C0024,423.0,1.0434941709041596,0.955795568227768,-741150132380.4259,0.8471803814172745,0e1b8f8895a1,a7ae7a6020f6,5e1d50a6e395,0,True,0,48.625,2.856269558116,3.167336460206922,154.97337006848062,0.011097779068009085,1.6897901579650446e-13,ae73669,2026-10-04T00:14:48+00:00,2.872671958916381,154.923136372156,True,0.0032449186686158682,3.25,3.167336460206922,0.21637768190940956,5.0,1.0773695303945008e-12,True,True,-2.4830425388794377,-2.2955742687300047,-2.2036679173510545,-2.1462806257380973,-2.106038593925639,-2.0519497585618436,-2.0163006257595395,-1.9904837661078185,-1.9706443570428425,-1.9547639252687978,-1.941669179236484,,10613,91,1.5,False,False,"variant-gamma0 (v1.1-frozen + mu_surf_gamma=0; robustness study v1.3, 423 K only)"
C0025_T423,manual,0,C0025,C0025,423.0,0.931027503311634,1.0751367710530757,-1322309426963.329,1.1301160238683223,e9ab408017c6,a7ae7a6020f6,5e1d50a6e395,0,True,0,38.684,4.480813656260502,3.131476494741819,158.24973945960863,0.011225870319166565,1.6897901579650443e-13,ae73669,2026-10-04T00:39:58+00:00,4.483537108931889,158.78403556825228,True,0.0038010085163748394,5.0,3.131476494741819,0.2187381141088671,5.0,2.0094740107637416e-12,True,True,-6.739126877720412,-2.74606442005741,-2.3376381828742723,-2.208427064000384,-2.1387166856907336,-2.061130272569776,-2.016983747013591,-1.9875920830690283,-1.9662217579654069,-1.9497799790409562,-1.9366226908135413,,11315,92,1.5,False,False,"variant-gamma0 (v1.1-frozen + mu_surf_gamma=0; robustness study v1.3, 423 K only)"
C0026_T423,manual,0,C0026,C0026,423.0,0.8958378065377474,0.8450652211904526,-969211492687.4636,0.9101466853171588,316c4eba49a3,a7ae7a6020f6,5e1d50a6e395,0,True,0,54.353,3.0759465827765626,3.1986977328355213,151.37382333232517,0.010988400841069085,1.6897901579650449e-13,ae73669,2026-10-04T00:32:54+00:00,3.091486918545569,151.42090118626695,True,0.003574356324072694,3.5,3.1986977328355213,0.21433632504271458,5.0,2.1105084754704044e-12,True,True,-2.525668794974007,-2.2992989363199716,-2.2007794000235164,-2.142254831283381,-2.1023716871809253,-2.0500627337305404,-2.0162901111325664,-1.992131682059543,-1.9737182002401747,-1.9590655065240243,-1.9470369850818652,,11549,92,1.5,False,False,"variant-gamma0 (v1.1-frozen + mu_surf_gamma=0; robustness study v1.3, 423 K only)"
C0027_T423,manual,0,C0027,C0027,423.0,1.183371326699853,1.124149303883314,-1090345594100.654,1.0172505360096693,0aa5fefbc5c9,a7ae7a6020f6,5e1d50a6e395,0,True,0,43.883,4.067678508219911,3.0318222613574943,159.81769853364946,0.011592281056465599,1.689790157965045e-13,ae73669,2026-10-04T00:35:32+00:00,4.081703296632795,160.02679767642303,True,0.003555867725443684,4.5,3.0318222613574943,0.226154826920831,5.0,1.3942667858743783e-12,True,True,-4.322256566748211,-2.5237870927756654,-2.2906000839107974,-2.1873173083769046,-2.1252940209605176,-2.051174783205392,-2.0066751733297616,-1.9761435106886793,-1.9535013437831814,-1.935831097879152,-1.9215351686487474,,9794,92,1.5,False,False,"variant-gamma0 (v1.1-frozen + mu_surf_gamma=0; robustness study v1.3, 423 K only)"
C0028_T423,manual,0,C0028,C0028,423.0,1.1379562050104142,0.8887776337563992,-1457609480246.9016,1.0891457214951514,6adc6d590eea,a7ae7a6020f6,5e1d50a6e395,0,True,0,30.33,4.317810624353294,2.9654925556301044,152.53379896558084,0.0118464686626706,1.6897901579650449e-13,ae73669,2026-10-04T00:40:10+00:00,4.33190063413478,152.62309290195353,True,0.004015887965248721,4.75,2.9654925556301044,0.2317366431922752,5.0,1.5131377054111717e-12,True,True,-5.80057465784858,-2.6008816643036217,-2.289539296752684,-2.1748323486712513,-2.1102700864329917,-2.0363985798336035,-1.9934040765400844,-1.9643545208782844,-1.9429951145900752,-1.926411090065365,-1.9130370053516434,,10145,92,1.5,False,False,"variant-gamma0 (v1.1-frozen + mu_surf_gamma=0; robustness study v1.3, 423 K only)"
C0029_T423,manual,0,C0029,C0029,423.0,0.8254341289401055,1.1678875088691711,-601977829821.4078,0.981992331892252,8751292f68ad,a7ae7a6020f6,5e1d50a6e395,0,True,0,36.607,3.0386888402292693,3.287401001250472,161.1093717081672,0.010698550755929249,1.6897901579650449e-13,ae73669,2026-10-04T00:14:22+00:00,3.0489915496362356,161.41351023309548,True,0.0033720965973070447,3.5,3.287401001250472,0.20787903374780578,5.0,1.4835053492441449e-12,True,True,-2.5355441925677806,-2.3144797092018536,-2.2158392057282383,-2.1566397568286533,-2.116101238246299,-2.0628216512762543,-2.0284657880398744,-2.0039776689139766,-1.985394766649043,-1.9706750486073743,-1.9586459510847112,,11900,92,1.5,False,False,"variant-gamma0 (v1.1-frozen + mu_surf_gamma=0; robustness study v1.3, 423 K only)"
C0030_T423,manual,0,C0030,C0030,423.0,0.9981123823672532,0.9120339505374432,-1189572826959.1929,1.15196392275393,8272cf3c2b00,a7ae7a6020f6,5e1d50a6e395,0,True,0,45.174,3.755265872909012,2.993079050748784,153.2017217808692,0.011737583990127224,1.689790157965045e-13,ae73669,2026-10-04T00:14:35+00:00,3.7570477481209084,153.5725643259229,True,0.0040899677528513315,4.25,2.993079050748784,0.22958342265382561,5.0,1.419761035457012e-12,True,True,-3.1333696118795533,-2.3721681731038555,-2.2127008012297047,-2.1342118190673856,-2.0853499690212214,-2.025621016049143,-1.9891810059921151,-1.963961582572468,-1.9451549007658322,-1.9304212870522837,-1.9184680219852703,,10964,92,1.5,False,False,"variant-gamma0 (v1.1-frozen + mu_surf_gamma=0; robustness study v1.3, 423 K only)"
C0031_T423,manual,0,C0031,C0031,423.0,1.0855904940515757,1.031349352002144,-873916940763.5928,0.8690794434398413,05949f941270,a7ae7a6020f6,5e1d50a6e395,0,True,0,48.282,3.355173281778456,3.164266483647926,157.2428442081073,0.011109864041126336,1.689790157965045e-13,ae73669,2026-10-04T00:14:45+00:00,3.3713614325819754,157.16236672777063,True,0.00322312113293302,3.75,3.164266483647926,0.21644339923430353,5.0,1.16412348510897e-12,True,True,-2.707553871934117,-2.369586953697559,-2.243058156803488,-2.170994777480146,-2.122834761963989,-2.060591698695109,-2.020873559604732,-1.992661240010659,-1.9712610529853567,-1.9542912557800947,-1.9403973568273882,,10379,92,1.5,False,False,"variant-gamma0 (v1.1-frozen + mu_surf_gamma=0; robustness study v1.3, 423 K only)"
C0032_T423,manual,0,C0032,C0032,423.0,1.0755397338420152,0.8758497755974531,-535573140718.0429,0.9254410725086928,5a6755e61f9c,a7ae7a6020f6,5e1d50a6e395,0,True,0,45.621,2.1556798547041756,3.0186487932604833,152.33021758535497,0.01163774607284564,1.6897901579650443e-13,ae73669,2026-10-04T00:15:28+00:00,2.168582335288662,152.7103888263135,True,0.0034665530618642865,2.5,3.0186487932604833,0.227690236709895,5.0,9.829394242988343e-13,True,True,-2.3031464531932286,-2.197011311666765,-2.1346210961543894,-2.092295314151738,-2.061135545974823,-2.017430127167572,-1.9875472204520916,-1.96540700310273,-1.9481244492511962,-1.9341311230289322,-1.9224906954902221,,10496,93,1.5,False,False,"variant-gamma0 (v1.1-frozen + mu_surf_gamma=0; robustness study v1.3, 423 K only)"
C0033_T423,manual,0,C0033,C0033,423.0,0.9880245212465524,1.1549368251115084,-1399010615423.3218,1.0456817347556353,29e54d001fb3,a7ae7a6020f6,5e1d50a6e395,0,True,0,49.623,4.852774065248063,3.1847231718836833,160.65237345335493,0.011041386024562033,1.689790157965045e-13,ae73669,2026-10-04T00:15:46+00:00,4.867889576758898,160.7959017196663,True,0.0035283732808976285,5.25,3.1847231718836833,0.2147538666569415,5.0,2.0868796167878602e-12,True,True,-9.009167821972692,-3.4386934725195153,-2.45020957421068,-2.2665766782628345,-2.177742013224158,-2.0842992915931977,-2.033038272809401,-1.9995152469780442,-1.9753997820568159,-1.9569764062230728,-1.942306420495348,,10964,92,1.5,False,False,"variant-gamma0 (v1.1-frozen + mu_surf_gamma=0; robustness study v1.3, 423 K only)"
C0034_T423,manual,0,C0034,C0034,423.0,0.8356959134340287,0.9248645197600126,-799704497680.068,0.8125253103673459,d5778d588e8c,a7ae7a6020f6,5e1d50a6e395,0,True,0,54.368,2.913450587162575,3.3698737041631905,154.05607629450319,0.010436569634975608,1.6897901579650449e-13,ae73669,2026-10-04T00:15:52+00:00,2.9261100327473804,154.43485284195557,True,0.0030589261104034364,3.25,3.3698737041631905,0.20283629480846377,5.0,1.0779918624415075e-12,True,True,-2.513500990224698,-2.318740706870157,-2.2258510306058983,-2.1686006958254325,-2.128781650007839,-2.0756745931469243,-2.0409289505118378,-2.0158947080904728,-1.9967319773499004,-1.981442224840584,-1.9688689226770022,,11900,93,1.5,False,False,"variant-gamma0 (v1.1-frozen + mu_surf_gamma=0; robustness study v1.3, 423 K only)"
C0035_T423,manual,0,C0035,C0035,423.0,1.1481808945536611,1.0442027766257524,-1138789300806.8203,1.108496680855751,549e7ba5cbff,a7ae7a6020f6,5e1d50a6e395,0,True,0,51.387,3.9812629826697448,2.9638627140048848,157.34791998471687,0.011854394200922325,1.6897901579650446e-13,ae73669,2026-10-04T00:38:52+00:00,3.9839463059841163,157.8022213579112,True,0.0038346784509233787,4.5,2.9638627140048848,0.2317098718466793,5.0,2.591394889675171e-12,True,True,-3.9152370360849504,-2.460440611795311,-2.253172695345692,-2.1588023115076656,-2.101692362312619,-2.033165250393459,-1.991917785322155,-1.9635799316325473,-1.9425461837992193,-1.926120635015104,-1.912825328382665,,10145,92,1.5,False,False,"variant-gamma0 (v1.1-frozen + mu_surf_gamma=0; robustness study v1.3, 423 K only)"
C0036_T423,manual,0,C0036,C0036,423.0,1.1808884967118505,0.96865163333714,-1255900654941.7974,1.1866693940013646,75016b1ee808,a7ae7a6020f6,5e1d50a6e395,0,True,0,45.708,4.056820152068778,2.8853630439671067,154.9542344895014,0.012173244673046101,1.6897901579650449e-13,ae73669,2026-10-04T00:15:22+00:00,4.0693910503152315,155.16566996734326,True,0.004147405620049891,4.5,2.8853630439671067,0.23837466363283183,5.0,2.42618864155192e-12,True,True,-4.281049808224864,-2.460860092803844,-2.239363619238638,-2.1432649990325485,-2.0862141079712475,-2.0186675718444334,-1.9784010694167575,-1.9508686656833782,-1.9304862322175091,-1.9145936489034356,-1.9017416899479558,,9911,92,1.5,False,False,"variant-gamma0 (v1.1-frozen + mu_surf_gamma=0; robustness study v1.3, 423 K only)"
C0037_T423,manual,0,C0037,C0037,423.0,0.8934164855629206,1.0879639010876416,-682562443427.7416,0.8906483862549067,e1d396c3f4d6,a7ae7a6020f6,5e1d50a6e395,0,True,0,47.403,3.0473502571913826,3.283910061670435,158.92305503602944,0.010708906403594991,1.689790157965045e-13,ae73669,2026-10-04T00:15:43+00:00,3.059525757251578,159.26631986757866,True,0.003229689828455849,3.5,3.283910061670435,0.20820120235329428,5.0,2.4803999527257938e-12,True,True,-2.5546980154525607,-2.3284566755942375,-2.22671626296075,-2.1653476907813394,-2.1231622104068455,-2.0674745918674233,-2.031385672482454,-2.005555790896442,-1.9858850116973557,-1.9702548771731814,-1.957446110644382,,11432,92,1.5,False,False,"variant-gamma0 (v1.1-frozen + mu_surf_gamma=0; robustness study v1.3, 423 K only)"
C0038_T423,manual,0,C0038,C0038,423.0,0.9332321226596832,0.8321111101657153,-1016121498309.0758,1.0738010324537757,b5ef5e602849,a7ae7a6020f6,5e1d50a6e395,0,True,0,46.778,3.1346905228109923,3.0427990486578524,150.71314435735906,0.011545947599723206,1.689790157965044e-13,ae73669,2026-10-04T00:35:55+00:00,3.1487513135437344,151.03289221673455,True,0.0039326459927054025,3.5,3.0427990486578524,0.2258377576052502,5.0,9.74133100573038e-13,True,True,-2.504034631637882,-2.266541160439423,-2.1684839488208065,-2.1114426236649977,-2.07302838729232,-2.0231541162707902,-1.9912301946960063,-1.9685142562028142,-1.951262414569229,-1.9375704178405666,-1.9263536996776032,,11315,93,1.5,False,False,"variant-gamma0 (v1.1-frozen + mu_surf_gamma=0; robustness study v1.3, 423 K only)"
C0039_T423,manual,0,C0039,C0039,423.0,1.045760305225849,1.1112241458147765,-918431572616.1003,0.953611434996128,0b36889bdfde,a7ae7a6020f6,5e1d50a6e395,0,True,0,48.184,3.6439678317875375,3.1427277287577056,159.52439370059847,0.011186077825378693,1.689790157965044e-13,ae73669,2026-10-04T00:15:39+00:00,3.6576271882401024,159.8779119828978,True,0.0032804055236769275,4.0,3.1427277287577056,0.21791112240940394,5.0,1.0434691072297719e-12,True,True,-2.9866002739640387,-2.413839694396605,-2.2584996185364647,-2.176977681562277,-2.124597416109816,-2.058965998241263,-2.0181442944695824,-1.9895965011693486,-1.9681738546835739,-1.9513221634616467,-1.9376116629630848,,10613,93,1.5,False,False,"variant-gamma0 (v1.1-frozen + mu_surf_gamma=0; robustness study v1.3, 423 K only)"
C0040_T423,manual,0,C0040,C0040,423.0,1.0010889548808335,0.9328362498432398,-1110529010184.1091,0.8639664571732283,88c6d24bc012,a7ae7a6020f6,5e1d50a6e395,0,True,0,48.789,3.6507419290597447,3.2164409834263763,154.2069545791621,0.010930232361489817,1.6897901579650443e-13,ae73669,2026-10-04T00:15:37+00:00,3.6644299316519944,154.50113197379667,True,0.003234424328126616,4.0,3.2164409834263763,0.21289353908417624,5.0,1.8202825782694417e-12,True,True,-2.995735435109571,-2.4217726272420967,-2.2668970062427265,-2.185809355879825,-2.133775524158555,-2.0686034943096705,-2.0280284680329905,-1.999601029580171,-1.978223286827476,-1.9613706054574163,-1.9476308135579052,,10964,93,1.5,False,False,"variant-gamma0 (v1.1-frozen + mu_surf_gamma=0; robustness study v1.3, 423 K only)"
C0041_T423,manual,0,C0041,C0041,423.0,0.9136715892702342,1.0103517409414051,-951011424884.2,1.1586211819201708,61f2cc79ed4e,a7ae7a6020f6,5e1d50a6e395,0,True,0,40.306,3.457944080872284,3.064842754608461,156.2750445878426,0.011466073972798613,1.6897901579650443e-13,ae73669,2026-10-04T00:40:39+00:00,3.463714142437172,156.67208078288596,True,0.003895045741134938,4.0,3.064842754608461,0.22388332276813772,5.0,2.0073180733114554e-12,True,True,-2.7108536746009766,-2.3220316811569695,-2.1973245656141738,-2.1299431716990274,-2.0862190736866073,-2.031147658401007,-1.9968083180893235,-1.9727819426682454,-1.9547564312427388,-1.9405852607233338,-1.9290646108215528,,11432,93,1.5,False,False,"variant-gamma0 (v1.1-frozen + mu_surf_gamma=0; robustness study v1.3, 423 K only)"
C0042_T423,manual,0,C0042,C0042,423.0,0.8596828252077103,0.8662175063043833,-1351220862939.954,0.9761483632028104,cf3d38f02f05,a7ae7a6020f6,5e1d50a6e395,0,True,0,58.145,4.016698594414376,3.23157306227151,151.94064603772838,0.010878672489155358,1.6897901579650449e-13,ae73669,2026-10-04T00:33:52+00:00,4.022146137159468,152.31304062449135,True,0.0036977468329455277,4.5,3.23157306227151,0.21195068174465057,5.0,1.2955591460750426e-12,True,True,-4.079448404646186,-2.489976627601979,-2.280632164880079,-2.1875168435328,-2.131832138028712,-2.065652772584668,-2.0261198018810154,-1.9990696081292811,-1.979040202966621,-1.9634240978188795,-1.9507988754280543,,11666,92,1.5,False,False,"variant-gamma0 (v1.1-frozen + mu_surf_gamma=0; robustness study v1.3, 423 K only)"
C0043_T423,manual,0,C0043,C0043,423.0,1.1722652718424798,1.190252324566245,-714222029782.8317,1.0965337961912156,cf6bbed559cf,a7ae7a6020f6,5e1d50a6e395,0,True,0,44.45,3.340326238092719,2.951351938182807,161.61836658294803,0.01190491732169887,1.6897901579650443e-13,ae73669,2026-10-04T00:36:16+00:00,3.3550649489470814,161.72418889506113,True,0.0036591085650890874,3.75,2.951351938182807,0.23265681513795397,5.0,1.7520739257884672e-12,True,True,-2.651716888127319,-2.3204481609227954,-2.19830269433553,-2.1292330856740156,-2.0832897778806596,-2.024201436971203,-1.986697267299369,-1.9601712385231185,-1.9401224673774997,-1.9242736163745686,-1.9113328054613021,,9911,92,1.5,False,False,"variant-gamma0 (v1.1-frozen + mu_surf_gamma=0; robustness study v1.3, 423 K only)"
C0044_T423,manual,0,C0044,C0044,423.0,1.1049728740006686,0.8225050982087851,-831333629786.9683,1.0247064974159,85e21477a23d,a7ae7a6020f6,5e1d50a6e395,0,True,0,28.904,2.6816274778073916,2.9341716664056565,150.4663507255038,0.011969461659372443,1.6897901579650443e-13,ae73669,2026-10-04T00:40:39+00:00,2.6911813860275613,150.992390803717,True,0.003834137152461,3.25,2.9341716664056565,0.2345700550440217,5.0,1.2609416683597915e-12,True,True,-2.3663787793939886,-2.2142992031619864,-2.1368948750740544,-2.0879341291280897,-2.0533733349350327,-2.00665735922104,-1.975703121201699,-1.953198254858793,-1.9358492025385254,-1.9219253820598827,-1.9104181858353702,,10262,93,1.5,False,False,"variant-gamma0 (v1.1-frozen + mu_surf_gamma=0; robustness study v1.3, 423 K only)"
C0045_T423,manual,0,C0045,C0045,423.0,0.8174033973366023,1.1465141151100398,-1234079054556.787,0.9042714271694422,aed830aebb8d,a7ae7a6020f6,5e1d50a6e395,0,True,0,34.792,4.463181282521373,3.444672688906339,160.5994919331558,0.01021604776995389,1.6897901579650443e-13,ae73669,2026-10-04T00:14:57+00:00,4.4687514307933265,161.2053580128796,True,0.003146098293644436,5.0,3.444672688906339,0.19780745389196294,5.0,2.1927551093355023e-12,True,True,-6.566440333951022,-2.798399899054582,-2.401570008868977,-2.268108318706775,-2.1945909444961407,-2.111593563470407,-2.0638751732027742,-2.0319422720378433,-2.0086592267703174,-1.990717084991032,-1.9763456128046601,,12017,93,1.5,False,False,"variant-gamma0 (v1.1-frozen + mu_surf_gamma=0; robustness study v1.3, 423 K only)"
C0046_T423,manual,0,C0046,C0046,423.0,0.9588791906833648,0.9765978720039128,-568122538737.9528,1.1367404915392398,439fa8857c90,a7ae7a6020f6,5e1d50a6e395,0,True,0,45.473,2.485117985134151,2.991102512411996,155.25250349373437,0.011745147678256773,1.6897901579650449e-13,ae73669,2026-10-04T00:15:20+00:00,2.4872576551963643,155.72163543053813,True,0.00393729240730109,3.0,2.991102512411996,0.22975673492613025,5.0,1.7281363234912947e-12,True,True,-2.3259367792389454,-2.197894506412306,-2.1290958234862423,-2.084549662158159,-2.052713434797328,-2.009295861505156,-1.9803790450548104,-1.9593351172566222,-1.943126770880374,-1.930141518226622,-1.9194335195831946,,11081,92,1.5,False,False,"variant-gamma0 (v1.1-frozen + mu_surf_gamma=0; robustness study v1.3, 423 K only)"
C0047_T423,manual,0,C0047,C0047,423.0,1.0713095262646677,1.0541391555219888,-1493387673050.1653,0.8421368315815926,a740656e43a9,a7ae7a6020f6,5e1d50a6e395,0,True,0,48.517,4.851248696253868,3.302876950047115,157.9746439378239,0.010650127123295234,1.6897901579650449e-13,ae73669,2026-10-04T00:15:34+00:00,4.867604929706702,157.8987738438842,True,0.0031305330728825676,5.25,3.302876950047115,0.20671589714257468,5.0,8.704842402451618e-13,True,True,-9.055648715652728,-3.4508067219542813,-2.4951434244173023,-2.3057642006619905,-2.2121373107720235,-2.1120966772016696,-2.0564481564661694,-2.019713767071951,-1.9930980762992574,-1.9726452083176242,-1.956277994662388,,10496,92,1.5,False,False,"variant-gamma0 (v1.1-frozen + mu_surf_gamma=0; robustness study v1.3, 423 K only)"
C0048_T423,manual,0,C0048,C0048,423.0,1.0514254555106164,0.9983421318233012,-994167254306.376,1.0520898200571538,b780457e62bf,a7ae7a6020f6,5e1d50a6e395,0,True,0,46.493,3.535332272850802,3.0307597205832035,156.0093722095094,0.011593999062911642,1.6897901579650443e-13,ae73669,2026-10-04T00:16:15+00:00,3.5449625879710958,156.31658762808885,True,0.0037654623659327457,4.0,3.0307597205832035,0.22648930487258503,5.0,2.1180652892899924e-12,True,True,-2.8079966939327714,-2.3532054653651255,-2.2157590662493774,-2.142214349310617,-2.0946153547638313,-2.034684446169107,-1.9972650659748696,-1.9710310308065258,-1.9513067740026266,-1.935766739067224,-1.9231068241751208,,10613,92,1.5,False,False,"variant-gamma0 (v1.1-frozen + mu_surf_gamma=0; robustness study v1.3, 423 K only)"
C0049_T423,manual,0,C0049,C0049,423.0,0.9638921231031418,1.0708235889673232,-1069326626136.8988,0.9689596250653268,663fcdee2f3d,a7ae7a6020f6,5e1d50a6e395,0,True,0,49.076,3.896169932767589,3.1944663269285156,158.31266530695453,0.011006291270003746,1.689790157965045e-13,ae73669,2026-10-04T00:16:35+00:00,3.909612056376672,158.45573574941986,True,0.0033411136646183844,4.25,3.1944663269285156,0.21425619505455648,5.0,1.6020975286278445e-12,True,True,-3.5833118642059305,-2.4755961159870243,-2.2837061972162345,-2.1920969042407714,-2.1356051074709197,-2.0669454266745566,-2.0252474096134536,-1.9964806645507804,-1.9750843674461067,-1.958358998222886,-1.9448155587311455,,11081,93,1.5,False,False,"variant-gamma0 (v1.1-frozen + mu_surf_gamma=0; robustness study v1.3, 423 K only)"
C0050_T423,manual,0,C0050,C0050,423.0,0.8100192729383707,0.8024576269090176,-731010651215.9109,1.189221265539527,1e84edeb41aa,a7ae7a6020f6,5e1d50a6e395,0,True,0,50.209,2.378906062917739,3.054564950030576,149.61106453160568,0.011501352596757069,1.6897901579650449e-13,ae73669,2026-10-04T00:16:43+00:00,2.392912979223656,149.7121505764817,True,0.004233550916054075,2.75,3.054564950030576,0.2249964653756172,5.0,1.551904121999933e-12,True,True,-2.2836400934429215,-2.1734162935320946,-2.113510736360749,-2.0745949828422434,-2.046744951518977,-2.008722744583861,-1.9833701452809898,-1.9649016070925356,-1.9506647362329248,-1.93925108218857,-1.9298341487363868,,11900,93,1.5,False,False,"variant-gamma0 (v1.1-frozen + mu_surf_gamma=0; robustness study v1.3, 423 K only)"
C0051_T423,manual,0,C0051,C0051,423.0,1.122485752776265,1.1284258604049682,-1328573142178.3567,0.8819228682667017,e8bce5acfab4,a7ae7a6020f6,5e1d50a6e395,0,True,0,48.025,4.6425325440308205,3.2300009744392715,160.08421061729427,0.010888590268779008,1.6897901579650446e-13,ae73669,2026-10-04T00:39:41+00:00,4.656678000655284,160.30504929226151,True,0.003100920452757844,5.0,3.2300009744392715,0.21154539951724566,5.0,2.2424453680219615e-12,True,True,-7.68037489767452,-3.00411202569846,-2.433919867160527,-2.2751496730613208,-2.190993084231218,-2.0976726265786403,-2.0444813059610527,-2.0089518192573284,-1.9830327774541674,-1.963028344130486,-1.9469724557022645,,10145,93,1.5,False,False,"variant-gamma0 (v1.1-frozen + mu_surf_gamma=0; robustness study v1.3, 423 K only)"
C0052_T423,manual,0,C0052,C0052,423.0,1.1554023876786232,0.8587190598249436,-1211308959871.5305,0.8100208126008511,63802722f447,a7ae7a6020f6,5e1d50a6e395,0,True,0,45.519,3.685889056407968,3.1572487852657014,151.96290611682895,0.011132821665797463,1.689790157965044e-13,ae73669,2026-10-04T00:16:08+00:00,3.6957202503766347,152.56403626179383,True,0.0032323745009255433,4.25,3.1572487852657014,0.217111686525084,5.0,2.8540382424532674e-12,True,True,-3.0536951044873346,-2.4316799661691646,-2.2702877654441442,-2.186293803847973,-2.1324704273143245,-2.0650214399434907,-2.0229296301286483,-1.993350740114693,-1.9710378648867897,-1.9533947477428737,-1.938969132405123,,10028,93,1.5,False,False,"variant-gamma0 (v1.1-frozen + mu_surf_gamma=0; robustness study v1.3, 423 K only)"
C0053_T423,manual,0,C0053,C0053,423.0,0.867924463748932,1.1847130946815012,-848244014196.0979,1.117370280623436,900b66e31c10,a7ae7a6020f6,5e1d50a6e395,0,True,0,49.723,3.6372555581514256,3.1754159603802212,161.46114827049308,0.011072375923841372,1.6897901579650449e-13,ae73669,2026-10-04T00:16:33+00:00,3.6505984961815994,161.6596601213277,True,0.0035705521452588478,4.0,3.1754159603802212,0.2155359641587836,5.0,2.00533635829669e-12,True,True,-2.9500880296888528,-2.385189554980977,-2.2374615363413253,-2.1611741221599607,-2.1126670618876795,-2.0525232195868424,-2.0155193652876733,-1.9898535426936614,-1.9707224213362398,-1.9557591776851495,-1.9436460526213215,,11666,93,1.5,False,False,"variant-gamma0 (v1.1-frozen + mu_surf_gamma=0; robustness study v1.3, 423 K only)"
C0054_T423,manual,0,C0054,C0054,423.0,0.909308758750558,0.9421291410923004,-1452062926255.1665,0.9471048634499312,9f9ea26c712a,a7ae7a6020f6,5e1d50a6e395,0,True,0,52.593,4.460257343744506,3.2586459326296464,154.4091548660491,0.010790643821273238,1.6897901579650443e-13,ae73669,2026-10-04T00:36:48+00:00,4.466187858524567,154.89430443995067,True,0.003473945229434331,5.0,3.2586459326296464,0.20994428518767644,5.0,1.4746458190817978e-12,True,True,-6.653130450774748,-2.7549553660940718,-2.363240801135729,-2.2335929905170335,-2.1626832529087046,-2.082996179998683,-2.037262145031132,-2.006627464175304,-1.984244437504803,-1.966952642464007,-1.9530659064877665,,11432,93,1.5,False,False,"variant-gamma0 (v1.1-frozen + mu_surf_gamma=0; robustness study v1.3, 423 K only)"
C0055_T423,manual,0,C0055,C0055,423.0,1.0218306470662355,1.014584805816412,-611400149762.6305,1.0301854152232408,1d87940451d8,a7ae7a6020f6,5e1d50a6e395,0,True,0,48.453,2.6901030481023542,3.0300851326166276,156.5433782611978,0.011596018575622183,1.6897901579650449e-13,ae73669,2026-10-04T00:16:28+00:00,2.698510831658983,157.2031792986892,True,0.0035961762539658613,3.25,3.0300851326166276,0.2266005736062868,5.0,1.1696997537224973e-12,True,True,-2.3953837502369835,-2.238640320993077,-2.1584834790096723,-2.1076484343449957,-2.0717283345293254,-2.023193592950706,-1.9911060482957303,-1.9678502957853974,-1.9499829481431619,-1.9356910976216495,-1.9239174214984711,,10730,93,1.5,False,False,"variant-gamma0 (v1.1-frozen + mu_surf_gamma=0; robustness study v1.3, 423 K only)"
C0056_T423,manual,0,C0056,C0056,423.0,1.025021742284298,0.8429230198264123,-1421162460930.6455,1.1405175484716892,4af715fdda80,a7ae7a6020f6,5e1d50a6e395,0,True,0,45.678,4.100918013161763,2.9794812456387665,150.9937043671321,0.01179006511750238,1.6897901579650446e-13,ae73669,2026-10-04T00:16:23+00:00,4.116033124147564,151.05005694421857,True,0.0041591242931257625,4.5,2.9794812456387665,0.23074168431719255,5.0,1.5038410012133685e-12,True,True,-4.525623586952846,-2.474020083558127,-2.245985734034236,-2.150250972044868,-2.0942164305496425,-2.028559116389139,-1.989716840123545,-1.963257222737674,-1.943708446361485,-1.928483796254032,-1.9161810633000367,,10730,91,1.5,False,False,"variant-gamma0 (v1.1-frozen + mu_surf_gamma=0; robustness study v1.3, 423 K only)"
C0057_T423,manual,0,C0057,C0057,423.0,0.93758587539196,1.1138390220701695,-519280469045.04297,0.8321920409798622,b95ad9f4882b,a7ae7a6020f6,5e1d50a6e395,0,True,0,37.415,2.735901287342294,3.2943826805103953,159.7383886188108,0.010675218258878332,1.6897901579650449e-13,ae73669,2026-10-04T00:41:17+00:00,2.738187385208844,160.33871051254243,True,0.00303540656893679,3.25,3.2943826805103953,0.20750253181279407,5.0,1.8933562850993888e-12,True,True,-2.4765673444779006,-2.306127593835493,-2.2184167759534197,-2.1624932680783693,-2.122824273995758,-2.0690286283847703,-2.0333563919068585,-2.0074629535818223,-1.987553838497966,-1.9716232368970852,-1.9584979611546216,,11315,92,1.5,False,False,"variant-gamma0 (v1.1-frozen + mu_surf_gamma=0; robustness study v1.3, 423 K only)"
C0058_T423,manual,0,C0058,C0058,423.0,0.8851778689771891,0.956411512196064,-1181448983028.531,1.0025513496249914,b2197fb71faf,a7ae7a6020f6,5e1d50a6e395,0,True,0,57.797,3.865507912458507,3.2048105191134324,154.78853319497188,0.010969738209099768,1.689790157965045e-13,ae73669,2026-10-04T00:34:51+00:00,3.880824883736339,154.87714594807977,True,0.0036041801347870923,4.25,3.2048105191134324,0.213684169641873,5.0,2.4591288962855507e-12,True,True,-3.4671863275549675,-2.446418689948091,-2.2654473728986737,-2.179030475265381,-2.1258591588697504,-2.061404344495326,-2.0223500071514198,-1.995439013327716,-1.9754353125677722,-1.9598037366641239,-1.947148508080418,,11549,91,1.5,False,False,"variant-gamma0 (v1.1-frozen + mu_surf_gamma=0; robustness study v1.3, 423 K only)"
C0059_T423,manual,0,C0059,C0059,423.0,1.1977421957999468,1.0870702035725115,-755091533996.1648,0.9200576398521662,1a6e1f92be86,a7ae7a6020f6,5e1d50a6e395,0,True,0,42.243,3.210652040353552,3.0546113595086224,158.84964590150895,0.01150560197248632,1.6897901579650446e-13,ae73669,2026-10-04T00:36:59+00:00,3.216550458311984,159.21698593288735,True,0.003310425570885036,3.75,3.0546113595086224,0.22449794854275384,5.0,9.205414208679485e-13,True,True,-2.612047013959379,-2.3330642363211234,-2.2177091917517773,-2.149926480104608,-2.1038974625292517,-2.043642781071961,-2.004794957478492,-1.9770360689129594,-1.9558981686849144,-1.939090654136593,-1.925301664102375,,9794,93,1.5,False,False,"variant-gamma0 (v1.1-frozen + mu_surf_gamma=0; robustness study v1.3, 423 K only)"
C0060_T423,manual,0,C0060,C0060,423.0,1.1306588307023049,0.9001730419695377,-637827597558.4984,0.9981555722653864,24a355a51b38,a7ae7a6020f6,5e1d50a6e395,0,True,0,27.949,2.454115920990555,2.9485048824440976,153.01556638518838,0.011912770446365765,1.6897901579650449e-13,ae73669,2026-10-04T00:41:07+00:00,2.4607811886927493,153.5806850326059,True,0.0036981529908744312,3.0,2.9485048824440976,0.23327385571009535,5.0,2.267856932762715e-12,True,True,-2.3358174573470767,-2.206302340289227,-2.135345890908219,-2.0888817975517817,-2.0554083582802627,-2.009364582917407,-1.9784146278900567,-1.9557269351362503,-1.938146153369997,-1.9239872267917228,-1.9122569960401106,,10145,93,1.5,False,False,"variant-gamma0 (v1.1-frozen + mu_surf_gamma=0; robustness study v1.3, 423 K only)"
C0061_T423,manual,0,C0061,C0061,423.0,0.8430830597877503,1.0308577224612236,-1298682591877.8777,1.0807003527879715,136d6935ec46,a7ae7a6020f6,5e1d50a6e395,0,True,0,40.263,4.321323738748848,3.2303580980716213,156.9964195736593,0.010885078860781158,1.6897901579650449e-13,ae73669,2026-10-04T00:15:38+00:00,4.335555608887001,157.08583587913216,True,0.00374078061760935,4.75,3.2303580980716213,0.2117828554301578,5.0,1.8067528533230264e-12,True,True,-5.771613787305613,-2.6311629583282947,-2.3205196624033637,-2.2066017533343674,-2.1427011620143412,-2.0699403593451446,-2.0278925446652933,-1.9996797390122967,-1.9790715708583184,-1.963168420212411,-1.9504157948377747,,11783,92,1.5,False,False,"variant-gamma0 (v1.1-frozen + mu_surf_gamma=0; robustness study v1.3, 423 K only)"
C0062_T423,manual,0,C0062,C0062,423.0,0.9830025110393764,0.899210698157549,-902017000131.3092,0.8603372912853957,24b587b3d4c5,a7ae7a6020f6,5e1d50a6e395,0,True,0,42.624,3.076352860605431,3.1917931794546752,153.17141693714953,0.011012838598954005,1.689790157965045e-13,ae73669,2026-10-04T00:16:03+00:00,3.0920917437075186,153.2572127212195,True,0.0033732558213095394,3.5,3.1917931794546752,0.21472143600463298,5.0,1.5383196792389388e-12,True,True,-2.54763447394446,-2.3159421543288374,-2.213633690360833,-2.152363165124649,-2.110385538020437,-2.0550544956171364,-2.01917040435123,-1.993428568611067,-1.9737689510772338,-1.9581007256267364,-1.945222537012892,,11081,92,1.5,False,False,"variant-gamma0 (v1.1-frozen + mu_surf_gamma=0; robustness study v1.3, 423 K only)"
C0063_T423,manual,0,C0063,C0063,423.0,1.0954269338399172,1.1701007142663002,-1038395587354.8984,1.1686131555587054,5ed51b3bbb1d,a7ae7a6020f6,5e1d50a6e395,0,True,0,45.362,4.0416123700013316,2.9807491332756513,160.99654684397856,0.011788739221729596,1.6897901579650449e-13,ae73669,2026-10-04T00:16:20+00:00,4.051883316415628,161.30096390987237,True,0.0038687162865129214,4.5,2.9807491332756513,0.23024387177309202,5.0,1.7252585595756195e-12,True,True,-4.196306150400901,-2.482823273027758,-2.261119291674922,-2.163393798085694,-2.104983180970359,-2.035540519980187,-1.9940797071237815,-1.9657538104334251,-1.944820572299721,-1.9285326392072217,-1.915389578368106,,10379,92,1.5,False,False,"variant-gamma0 (v1.1-frozen + mu_surf_gamma=0; robustness study v1.3, 423 K only)"
C0064_T423,manual,0,C0064,C0064,423.0,1.097560141608119,0.8356564380228519,-937485761940.4792,0.8345446810126305,13def76db80e,a7ae7a6020f6,5e1d50a6e395,0,True,0,44.709,2.982148546284425,3.116835752086659,151.15635334438903,0.011274525958334907,1.6897901579650446e-13,ae73669,2026-10-04T00:17:00+00:00,2.985019485488004,151.64421901198787,True,0.0033831649014146115,3.5,3.116835752086659,0.22019376524862033,5.0,2.3665107015016145e-12,True,True,-2.5071816134190517,-2.2972101136103826,-2.200033345471449,-2.140768924111955,-2.0997383347986442,-2.045132114468929,-2.0093892177410706,-1.9835781105923818,-1.9637625262882683,-1.947901709140228,-1.9348170781823828,,10379,92,1.5,False,False,"variant-gamma0 (v1.1-frozen + mu_surf_gamma=0; robustness study v1.3, 423 K only)"
C0065_T423,manual,0,C0065,C0065,423.0,0.98514325581491,1.108508686721325,-1002957112155.8549,1.1428707547485828,80285c9fcd3d,a7ae7a6020f6,5e1d50a6e395,0,True,0,48.5,3.8186490074014174,3.0518422790554407,159.23079695999297,0.011515719171250103,1.689790157965044e-13,ae73669,2026-10-04T00:17:24+00:00,3.8323093289840124,159.31365673360642,True,0.00383675690380927,4.25,3.0518422790554407,0.22474139237431878,5.0,1.5108192533401884e-12,True,True,-3.3221430333540507,-2.413178649438003,-2.2393138064935525,-2.1550104077958756,-2.1027960095374176,-2.0392178743283407,-2.0005926666351557,-1.9739601999756853,-1.9541672821181566,-1.9387089346122561,-1.9262026865401367,,11081,92,1.5,False,False,"variant-gamma0 (v1.1-frozen + mu_surf_gamma=0; robustness study v1.3, 423 K only)"
C0066_T423,manual,0,C0066,C0066,423.0,0.8389665089547634,0.965155143290758,-665484207682.3115,0.9224100712686776,fc4368c56a6f,a7ae7a6020f6,5e1d50a6e395,0,True,0,54.422,2.6981667234313225,3.2599519876198126,155.13573413166165,0.010785380402258845,1.6897901579650449e-13,ae73669,2026-10-04T00:17:37+00:00,2.705873345681531,155.75322736717072,True,0.0033481168504193824,3.25,3.2599519876198126,0.2099655358358194,5.0,2.036794441268801e-12,True,True,-2.4264302699062186,-2.2693796598881124,-2.18916438802845,-2.138359862167799,-2.1025037256948846,-2.0541238765182586,-2.0221901027031643,-1.9990762441936218,-1.9813382335500915,-1.9671645326487377,-1.9554994025006762,,11900,93,1.5,False,False,"variant-gamma0 (v1.1-frozen + mu_surf_gamma=0; robustness study v1.3, 423 K only)"
C0067_T423,manual,0,C0067,C0067,423.0,1.1265494294464589,1.0907281771302224,-1271056253463.0298,1.004904740676284,998ab8ca34dc,a7ae7a6020f6,5e1d50a6e395,0,True,0,51.501,4.408953931283479,3.0869625903427873,158.86494261727935,0.011387047943081794,1.6897901579650449e-13,ae73669,2026-10-04T00:40:32+00:00,4.420998997948015,159.25506035024262,True,0.003435824984914492,5.0,3.0869625903427873,0.22194161435240659,5.0,2.9322691426604445e-12,True,True,-6.273958608104352,-2.7142891740718924,-2.3472235482460526,-2.2184593847845915,-2.1466200425492996,-2.064739324643449,-2.017234692557774,-1.9852292968737753,-1.9617618477378946,-1.9435888508287826,-1.9289687305625596,,10145,93,1.5,False,False,"variant-gamma0 (v1.1-frozen + mu_surf_gamma=0; robustness study v1.3, 423 K only)"
C0068_T423,manual,0,C0068,C0068,423.0,1.1967585455626248,0.921418271958828,-1153914918191.731,1.0767846763134004,81ccdacd9462,a7ae7a6020f6,5e1d50a6e395,0,True,0,47.539,3.703049965113912,2.9194586382718115,153.57574272792274,0.012031667050618304,1.6897901579650446e-13,ae73669,2026-10-04T00:16:56+00:00,3.7096603522777336,154.0741084774041,True,0.0038756167375518583,4.25,2.9194586382718115,0.2355417056143698,5.0,2.4378653722938247e-12,True,True,-3.0352416708140035,-2.3711334808727575,-2.213858244879354,-2.1340632113386158,-2.0836187686929293,-2.0211513993592503,-1.9825972416369029,-1.9557098016164454,-1.9355445596800593,-1.9196741947112028,-1.9067490595980066,,9794,93,1.5,False,False,"variant-gamma0 (v1.1-frozen + mu_surf_gamma=0; robustness study v1.3, 423 K only)"
C0069_T423,manual,0,C0069,C0069,423.0,0.8841885950416327,1.0470140494406224,-782595327123.9996,0.9942404739558696,ad0d24fd1c3d,a7ae7a6020f6,5e1d50a6e395,0,True,0,53.487,3.170778980215775,3.1988515682881795,157.56211388834706,0.010990478368824665,1.689790157965045e-13,ae73669,2026-10-04T00:17:27+00:00,3.181653484761957,158.14371143791217,True,0.0034103973434977657,3.75,3.1988515682881795,0.2140467398518142,5.0,2.3846957240943423e-12,True,True,-2.5726326696535877,-2.316166153418408,-2.210129885230073,-2.148195149190671,-2.106376412087884,-2.0520054623845634,-2.0172194868631745,-1.9925146799790583,-1.9737987362768887,-1.9589834041716414,-1.9468773385203133,,11549,93,1.5,False,False,"variant-gamma0 (v1.1-frozen + mu_surf_gamma=0; robustness study v1.3, 423 K only)"
C0070_T423,manual,0,C0070,C0070,423.0,0.942852371186018,0.8794425204396248,-1385815294459.4622,1.1646972823888064,f0eccfe8a8aa,a7ae7a6020f6,5e1d50a6e395,0,True,0,51.278,4.120339013817939,3.0367426543201987,152.13072512104375,0.01157009394919731,1.6897901579650443e-13,ae73669,2026-10-04T00:37:40+00:00,4.1348022663923025,152.24835772983448,True,0.004098675617617882,4.5,3.0367426543201987,0.2261654742892541,5.0,1.9527384203058796e-12,True,True,-4.630735344091824,-2.484819026674805,-2.2525394665983085,-2.1564134966800066,-2.1004783455431557,-2.0352545332711034,-1.9968513416504061,-1.9707836917414594,-1.9515808171226423,-1.936663114561447,-1.9246350495262157,,11198,93,1.5,False,False,"variant-gamma0 (v1.1-frozen + mu_surf_gamma=0; robustness study v1.3, 423 K only)"
C0071_T423,manual,0,C0071,C0071,423.0,1.03028222694993,1.1522720225155354,-554597348906.0999,0.8564223658293486,8d65859b20f1,a7ae7a6020f6,5e1d50a6e395,0,True,0,47.336,2.904862994301971,3.215072721845006,160.80675798205485,0.010936547741732517,1.6897901579650446e-13,ae73669,2026-10-04T00:17:16+00:00,2.918021499906139,161.20816723455312,True,0.0029972547676201658,3.5,3.215072721845006,0.21280232119881626,5.0,2.264079030909242e-12,True,True,-2.5188878879448513,-2.3187956711064586,-2.2217900436887335,-2.161405873631299,-2.1191306785864867,-2.062417804291856,-2.0251411634375196,-1.9982212026570467,-1.9775906816443523,-1.96111974686243,-1.9475707677419296,,10730,93,1.5,False,False,"variant-gamma0 (v1.1-frozen + mu_surf_gamma=0; robustness study v1.3, 423 K only)"
C0072_T423,manual,0,C0072,C0072,423.0,1.0228165846318007,0.9802317947149276,-1479246277362.1082,0.972874753177166,da903bbc7bce,a7ae7a6020f6,5e1d50a6e395,0,True,0,49.795,4.620670631659833,3.167550210254324,155.57467563394755,0.011098814385912798,1.6897901579650446e-13,ae73669,2026-10-04T00:17:13+00:00,4.635882303055862,155.5999876540124,True,0.0035159841943937873,5.0,3.167550210254324,0.21617227332414335,5.0,1.2675208105328295e-12,True,True,-7.658121951756591,-2.931023344308085,-2.3898079197765814,-2.2409107036426876,-2.162807166340483,-2.077025885178947,-2.02852640107733,-1.9962733430135953,-1.9728057239604753,-1.9547234115878263,-1.9402268722956384,,10730,91,1.5,False,False,"variant-gamma0 (v1.1-frozen + mu_surf_gamma=0; robustness study v1.3, 423 K only)"
C0073_T423,manual,0,C0073,C0073,423.0,0.9103018518537284,1.051530795544386,-584247547201.8123,1.0560055144131184,002be8848fa0,a7ae7a6020f6,5e1d50a6e395,0,True,0,40.124,2.7167665500671334,3.108669724092938,157.63091877602082,0.011305895908765426,1.6897901579650443e-13,ae73669,2026-10-04T00:41:57+00:00,2.7215235425007216,158.24110598952407,True,0.0036292001610532445,3.25,3.108669724092938,0.22058547279678908,5.0,1.2085936238957592e-12,True,True,-2.403618481509895,-2.2451297008966447,-2.1651637919596967,-2.114803510142513,-2.07938615875337,-2.0317632570692044,-2.0004388644949853,-1.977825509788649,-1.9605082024082021,-1.9466950173242366,-1.9353436681309029,,11432,92,1.5,False,False,"variant-gamma0 (v1.1-frozen + mu_surf_gamma=0; robustness study v1.3, 423 K only)"
C0074_T423,manual,0,C0074,C0074,423.0,0.8626602612435819,0.8191153228282929,-1246305412612.8557,0.8858378116041422,1a18482bc8fa,a7ae7a6020f6,5e1d50a6e395,0,True,0,54.588,3.6457220725028265,3.271137721702831,150.53078949892185,0.010747314576445528,1.689790157965045e-13,ae73669,2026-10-04T00:35:46+00:00,3.6598302664193323,151.05950455030137,True,0.0034501767391692784,4.0,3.271137721702831,0.2093786545524801,5.0,1.6948696699230653e-12,True,True,-2.963836259351,-2.4018793513599572,-2.2537386732020424,-2.1771262630032875,-2.1283505167004035,-2.067681389767073,-2.0301241261266227,-2.0038925715663454,-1.9842029059883448,-1.9687000390345142,-1.9560719628176402,,11666,93,1.5,False,False,"variant-gamma0 (v1.1-frozen + mu_surf_gamma=0; robustness study v1.3, 423 K only)"
C0075_T423,manual,0,C0075,C0075,423.0,1.1501457162201405,1.149366607517004,-813278324902.0576,1.1931371685117482,4299d0501b9e,a7ae7a6020f6,5e1d50a6e395,0,True,0,45.128,3.470283402650397,2.902248995921086,160.3641055964411,0.01210405969588734,1.6897901579650446e-13,ae73669,2026-10-04T00:37:44+00:00,3.4743126033438156,160.80464657484526,True,0.003914105760892956,4.0,2.902248995921086,0.236818366309616,5.0,1.1683189138356198e-12,True,True,-2.7280778285589737,-2.320827909868943,-2.190045981991827,-2.119009497952451,-2.0727103875898454,-2.01412727809854,-1.9774345702546863,-1.9516835244491304,-1.9323200939267502,-1.917068943087106,-1.9046505591736498,,10145,91,1.5,False,False,"variant-gamma0 (v1.1-frozen + mu_surf_gamma=0; robustness study v1.3, 423 K only)"
C0076_T423,manual,0,C0076,C0076,423.0,1.1203548323363066,0.862878166884184,-696136743761.5991,1.115017092227936,3ffff2948782,a7ae7a6020f6,5e1d50a6e395,0,True,0,28.24,2.4772736186393147,2.869240286109282,151.67561445236328,0.012238438994892235,1.6897901579650443e-13,ae73669,2026-10-04T00:41:35+00:00,2.4805194166007434,152.16988738624244,True,0.004071797881809313,3.0,2.869240286109282,0.24005404112916548,5.0,2.245260193978931e-12,True,True,-2.3091199013985175,-2.1816472847549573,-2.112946573669182,-2.0683596044398,-2.0364210374539438,-1.9927175954723102,-1.9634750866265034,-1.9420999365721079,-1.9255685382921761,-1.912273972642895,-1.901272373939667,,10145,92,1.5,False,False,"variant-gamma0 (v1.1-frozen + mu_surf_gamma=0; robustness study v1.3, 423 K only)"
C0077_T423,manual,0,C0077,C0077,423.0,0.8078823473304511,1.1931523829698565,-1363416286185.3838,0.8076682023704053,5f28a1f31784,a7ae7a6020f6,5e1d50a6e395,0,True,0,37.585,4.87948994978309,3.608323723059047,162.03915560357274,0.009758604386983219,1.6897901579650443e-13,ae73669,2026-10-04T00:16:16+00:00,4.895009819913002,161.96064819039856,True,0.002845060740010061,5.25,3.608323723059047,0.18826400093079382,5.0,1.4840944864434567e-12,True,True,-9.099553861288998,-3.552430971744586,-2.5380125101702404,-2.34434321622883,-2.249544506111394,-2.1489436545797447,-2.0933888635035314,-2.0569436781422694,-2.0306860178243937,-2.0106122879040833,-1.994624673452408,,11900,91,1.5,False,False,"variant-gamma0 (v1.1-frozen + mu_surf_gamma=0; robustness study v1.3, 423 K only)"
C0078_T423,manual,0,C0078,C0078,423.0,0.9680109672248364,0.9365174017846584,-967105498537.4211,1.027832053974271,1c0d60b0b7ca,a7ae7a6020f6,5e1d50a6e395,0,True,0,41.237,3.3137347722679906,3.082873312763182,154.1262518483232,0.011398785535565463,1.6897901579650449e-13,ae73669,2026-10-04T00:16:45+00:00,3.327652375706486,154.27620974340485,True,0.0037639428216838617,3.75,3.082873312763182,0.22260186692746142,5.0,1.0292609972741604e-12,True,True,-2.623837705034845,-2.314670831276466,-2.199679916894513,-2.1347860003867143,-2.091723436971955,-2.036465111570763,-2.0014425233957316,-1.9766768929324268,-1.957952099197997,-1.943141417373943,-1.9310407134256211,,11081,92,1.5,False,False,"variant-gamma0 (v1.1-frozen + mu_surf_gamma=0; robustness study v1.3, 423 K only)"
C0079_T423,manual,0,C0079,C0079,423.0,1.0555386699736118,1.0077934622764588,-1096357633359.7302,0.944752449914813,e08996a31120,a7ae7a6020f6,5e1d50a6e395,0,True,0,48.045,3.8051348625099863,3.1303995854349433,156.4380405618514,0.011228870092338441,1.6897901579650449e-13,ae73669,2026-10-04T00:17:08+00:00,3.818300685289837,156.58169249291353,True,0.003481939801956281,4.25,3.1303995854349433,0.21889990675569362,5.0,1.0316842866120446e-12,True,True,-3.3015579573533125,-2.4456865615648793,-2.2688111129267785,-2.1811106049508733,-2.126146628131632,-2.0585076617485956,-2.0169904212645853,-1.9881496386794717,-1.9665878302475264,-1.949663942523109,-1.9359129654495124,,10613,92,1.5,False,False,"variant-gamma0 (v1.1-frozen + mu_surf_gamma=0; robustness study v1.3, 423 K only)"
C0080_T423,manual,0,C0080,C0080,423.0,1.0730569131672385,0.9385411914438008,-595306254923.3436,1.1609736073762178,8338664a6d62,a7ae7a6020f6,5e1d50a6e395,0,True,0,45.24,2.447053664191213,2.8867425431302105,154.0383281633252,0.012165624319159756,1.6897901579650446e-13,ae73669,2026-10-04T00:17:45+00:00,2.4542474761075,154.5864312144547,True,0.00401254650292054,3.0,2.8867425431302105,0.23845809319353373,5.0,2.9998823111603035e-12,True,True,-2.305204398398393,-2.1806936131567127,-2.113090872572243,-2.0690777587227,-2.0375049760537114,-1.9942779019337435,-1.9653677256364952,-1.9442595693348226,-1.9279571599964498,-1.9148655989067156,-1.904047363319949,,10496,93,1.5,False,False,"variant-gamma0 (v1.1-frozen + mu_surf_gamma=0; robustness study v1.3, 423 K only)"
C0081_T423,manual,0,C0081,C0081,423.0,0.9606215260922908,1.0172452423721552,-1466234243474.9006,0.8663198303431273,9461af6a5831,a7ae7a6020f6,5e1d50a6e395,0,True,0,54.547,4.6943143432801255,3.332601814767856,156.8417538482052,0.010554950419229171,1.6897901579650449e-13,ae73669,2026-10-04T00:18:19+00:00,4.7027269893123576,157.47689024921385,True,0.0031760716682210015,5.25,3.332601814767856,0.204906080796495,5.0,2.2204219684148986e-12,True,True,-8.084217937389669,-3.0788278533274323,-2.4436235716305155,-2.2817944156738235,-2.197980189277985,-2.1064350728404464,-2.054845454504495,-2.0205955795616015,-1.995704704695993,-1.9765438024042408,-1.9611946128385749,,11081,93,1.5,False,False,"variant-gamma0 (v1.1-frozen + mu_surf_gamma=0; robustness study v1.3, 423 K only)"
C0082_T423,manual,0,C0082,C0082,423.0,0.8129005488008261,0.8621605183929205,-866329240612.6857,1.0988863945007323,2f973dcda839,a7ae7a6020f6,5e1d50a6e395,0,True,0,51.541,2.871248239670938,3.138437777566777,151.67812258465085,0.011197803815582745,1.6897901579650446e-13,ae73669,2026-10-04T00:18:29+00:00,2.885988446793692,151.65795158380203,True,0.003941540055025949,3.25,3.138437777566777,0.21860570995687967,5.0,2.1865282460669785e-12,True,True,-2.4152467471535575,-2.240723235146827,-2.159099410965296,-2.1094434758950493,-2.0752205478112713,-2.0299867731028924,-2.000644671603379,-1.979625878010451,-1.9636058344009333,-1.9508671455708269,-1.9404214956128334,,11900,93,1.5,False,False,"variant-gamma0 (v1.1-frozen + mu_surf_gamma=0; robustness study v1.3, 423 K only)"
C0083_T423,manual,0,C0083,C0083,423.0,1.1004653494805097,1.1819061819463967,-1199113715440.035,0.9785015396773816,42a4962e0e0a,a7ae7a6020f6,5e1d50a6e395,0,True,0,49.352,4.45604988127473,3.1461833051268697,161.52568994935424,0.011175608568254058,1.689790157965044e-13,ae73669,2026-10-04T00:41:22+00:00,4.462415663629453,161.80264586122084,True,0.0033565954935161203,5.0,3.1461833051268697,0.2174761521737498,5.0,2.5422517712273373e-12,True,True,-6.51987525036884,-2.7711255476968923,-2.3719516045731845,-2.2367048067603954,-2.161826650600609,-2.076833622351192,-2.0276758108294515,-1.9946260889569527,-1.970434599494394,-1.9517288180270511,-1.9366998384841987,,10379,93,1.5,False,False,"variant-gamma0 (v1.1-frozen + mu_surf_gamma=0; robustness study v1.3, 423 K only)"
C0084_T423,manual,0,C0084,C0084,423.0,1.1708804704248903,0.8059466991573573,-1316346843726.933,0.9003555361181498,97b88e2a7d40,a7ae7a6020f6,5e1d50a6e395,0,True,0,45.221,3.7680702990226527,3.0433642167994392,150.07199345892596,0.011544639153264065,1.6897901579650443e-13,ae73669,2026-10-04T00:17:42+00:00,3.7740364197614227,150.47783536370974,True,0.0036602561838726686,4.25,3.0433642167994392,0.22570279736193102,5.0,2.590028647764363e-12,True,True,-3.188713284253024,-2.4154786785330637,-2.246872575288765,-2.162579178693122,-2.109583842298087,-2.044134743280633,-2.0037496809784736,-1.9755425280077001,-1.9543425867093709,-1.9376196371249232,-1.9239690255482436,,9911,92,1.5,False,False,"variant-gamma0 (v1.1-frozen + mu_surf_gamma=0; robustness study v1.3, 423 K only)"
C0085_T423,manual,0,C0085,C0085,423.0,0.85830422565341,1.1256694313138724,-749065777286.8872,1.0207915659993887,64d86729241b,a7ae7a6020f6,5e1d50a6e395,0,True,0,49.175,3.27924928063231,3.2254782897350482,159.84954304564758,0.010901518025459841,1.6897901579650449e-13,ae73669,2026-10-04T00:18:16+00:00,3.2875764355007138,160.20769570360284,True,0.0035105479795318074,3.75,3.2254782897350482,0.2121030281863127,5.0,1.9134312336753945e-12,True,True,-2.6317574111957516,-2.3350681404632705,-2.2210047670488655,-2.1559270563012003,-2.1125211368664645,-2.0566637701166566,-2.021249020974012,-1.9962470774682672,-1.977389143409837,-1.962513022777072,-1.9503917796300525,,11666,92,1.5,False,False,"variant-gamma0 (v1.1-frozen + mu_surf_gamma=0; robustness study v1.3, 423 K only)"
C0086_T423,manual,0,C0086,C0086,423.0,0.9185366477817296,0.9948042158037425,-1083467843011.0216,0.8382211253046989,e7fce9becd1e,a7ae7a6020f6,5e1d50a6e395,0,True,0,51.69,3.7523227454320494,3.3324364011610865,156.17362347318797,0.010554150029165203,1.6897901579650446e-13,ae73669,2026-10-04T00:38:32+00:00,3.753178722761689,156.66703643534342,True,0.0031731560454745372,4.25,3.3324364011610865,0.20505978271255862,5.0,1.4485928281772888e-12,True,True,-3.1951398241543973,-2.4657221387084824,-2.2958047196942393,-2.2094058449412692,-2.154664249162018,-2.0867672608204852,-2.0448474845677573,-2.0156388386505517,-1.9937640902866522,-1.9765767365398443,-1.9626029581595406,,11432,92,1.5,False,False,"variant-gamma0 (v1.1-frozen + mu_surf_gamma=0; robustness study v1.3, 423 K only)"
C0087_T423,manual,0,C0087,C0087,423.0,1.00596059076488,1.0735312070697547,-978042305447.1613,1.1328253515064717,6924094b9c52,a7ae7a6020f6,5e1d50a6e395,0,True,0,46.602,3.678115866807764,3.029516554396922,158.20252524747536,0.011599391200971653,1.6897901579650449e-13,ae73669,2026-10-04T00:18:03+00:00,3.687620563906216,158.75148267797502,True,0.0037503062902347574,4.25,3.029516554396922,0.22651553963460835,5.0,2.1294436748719546e-12,True,True,-3.000284903958769,-2.3754553010788033,-2.222438073935881,-2.144418333827864,-2.0950485068403237,-2.0339794095711485,-1.9964138275210026,-1.970322986070613,-1.9508375244548555,-1.9355648043073057,-1.9231745926523196,,10847,93,1.5,False,False,"variant-gamma0 (v1.1-frozen + mu_surf_gamma=0; robustness study v1.3, 423 K only)"
C0088_T423,manual,0,C0088,C0088,423.0,1.0471412904560566,0.8955217529088259,-1051590848714.1132,1.0495966482907533,ba2bd159f3d7,a7ae7a6020f6,5e1d50a6e395,0,True,0,50.874,3.397323176546172,3.004605332977383,152.80924871438484,0.011692659806468636,1.689790157965045e-13,ae73669,2026-10-04T00:18:04+00:00,3.4104311527052484,152.9517979219963,True,0.003758168543827035,3.75,3.004605332977383,0.2286941963228775,5.0,1.8109603698682496e-12,True,True,-2.6676643695549274,-2.315661428167427,-2.1940164232322505,-2.126802162592635,-2.0826500290539487,-2.026411071193781,-1.9909495654118678,-1.9659298083152192,-1.9470308121351654,-1.9320866857689794,-1.919876137884789,,10613,93,1.5,False,False,"variant-gamma0 (v1.1-frozen + mu_surf_gamma=0; robustness study v1.3, 423 K only)"
C0089_T423,manual,0,C0089,C0089,423.0,0.9346084378659724,1.1726664524525403,-882992970757.1864,0.9293569337576628,eeb1b0339938,a7ae7a6020f6,5e1d50a6e395,0,True,0,37.78,3.7062113720281045,3.2649595438026155,161.3152336285395,0.010771749930743889,1.6897901579650449e-13,ae73669,2026-10-04T00:42:35+00:00,3.7126990637343082,161.64915584180585,True,0.003209709710701051,4.25,3.2649595438026155,0.20932656959653378,5.0,2.0415819954557123e-12,True,True,-3.1038335986775034,-2.445147914570844,-2.2813224601727615,-2.1969305867844273,-2.143167225033472,-2.0762684449547333,-2.0349196256798807,-2.0061301370051177,-1.984600701031926,-1.9677137374141334,-1.9540086145606097,,11315,93,1.5,False,False,"variant-gamma0 (v1.1-frozen + mu_surf_gamma=0; robustness study v1.3, 423 K only)"
C0090_T423,manual,0,C0090,C0090,423.0,0.8885476168245078,0.903520180657506,-1283557153306.9014,1.1124117910861968,b99425d6d49e,a7ae7a6020f6,5e1d50a6e395,0,True,0,55.567,3.952864543999205,3.1140443058634664,152.9794258717432,0.011285716685486778,1.689790157965045e-13,ae73669,2026-10-04T00:36:41+00:00,3.9594357563890865,153.52630216506225,True,0.0039016936742205886,4.5,3.1140443058634664,0.22028065250805395,5.0,2.048774373007544e-12,True,True,-3.7870234473469906,-2.439809691404787,-2.2471485942414184,-2.159775675824654,-2.1071972695562917,-2.0444926135343815,-2.006970996420546,-1.9812911353214007,-1.9622826423096182,-1.9474708563762853,-1.935503846145969,,11549,93,1.5,False,False,"variant-gamma0 (v1.1-frozen + mu_surf_gamma=0; robustness study v1.3, 423 K only)"
C0091_T423,manual,0,C0091,C0091,423.0,1.176014570519328,1.0279501985758543,-654936708509.922,0.816440998762846,9026f69c4747,a7ae7a6020f6,5e1d50a6e395,0,True,0,45.957,2.8440603928510177,3.1393741393098002,157.2124379576465,0.011197008443323777,1.6897901579650446e-13,ae73669,2026-10-04T00:38:31+00:00,2.860553330239896,157.30353311821753,True,0.0031059620269981445,3.25,3.1393741393098002,0.21825035457205916,5.0,1.9486340019183217e-12,True,True,-2.49615153012435,-2.3063762064714513,-2.2118772668514173,-2.1523571623121875,-2.1103796289771033,-2.053650742563004,-2.0160766803554995,-1.9887794338982232,-1.9677553803572332,-1.9508979943030493,-1.9369785073899146,,9911,92,1.5,False,False,"variant-gamma0 (v1.1-frozen + mu_surf_gamma=0; robustness study v1.3, 423 K only)"
C0092_T423,manual,0,C0092,C0092,423.0,1.1464296914637089,0.9598056953400372,-772169590927.6605,0.8882949832826853,9182aeb6de28,a7ae7a6020f6,5e1d50a6e395,0,True,0,30.783,2.9347736503518522,3.0692240479679556,155.0589966831992,0.01144958998862882,1.6897901579650449e-13,ae73669,2026-10-04T00:42:06+00:00,2.9443968481428904,155.4861774389733,True,0.003316241388865223,3.5,3.0692240479679556,0.22356930666546526,5.0,1.9078327487448737e-12,True,True,-2.493060417423929,-2.2907060198979385,-2.194753573354948,-2.1356209558017634,-2.09444785614712,-2.0394230817635317,-2.0033188064311043,-1.9772351695446502,-1.9572187668810097,-1.9412100651899675,-1.928016105224966,,10145,93,1.5,False,False,"variant-gamma0 (v1.1-frozen + mu_surf_gamma=0; robustness study v1.3, 423 K only)"
C0093_T423,manual,0,C0093,C0093,423.0,0.8339512936770916,1.0842129696160554,-1166293444111.9434,1.1843169506639242,133cbc5fda65,a7ae7a6020f6,5e1d50a6e395,0,True,0,36.806,4.136980847406514,3.1743212712520807,158.46939010568062,0.011075712065716717,1.6897901579650443e-13,ae73669,2026-10-04T00:16:53+00:00,4.150183182802559,158.5606740136387,True,0.0038053782348145405,4.5,3.1743212712520807,0.21566524154500916,5.0,1.188002289990805e-12,True,True,-4.698654678117311,-2.5172358472810803,-2.277678879096689,-2.179124076393577,-2.121878687637817,-2.0552953338542483,-2.0162647168312624,-1.9899003413816712,-1.9705732080351714,-1.9556283430940147,-1.9436302596056705,,11900,93,1.5,False,False,"variant-gamma0 (v1.1-frozen + mu_surf_gamma=0; robustness study v1.3, 423 K only)"
C0094_T423,manual,0,C0094,C0094,423.0,0.9925235595554114,0.8392846833914519,-500226339325.3088,0.9512582406401634,5def085159d8,a7ae7a6020f6,5e1d50a6e395,0,True,0,37.926,1.9678645571201725,3.035318699893537,151.09432627885778,0.011573618807310887,1.6897901579650443e-13,ae73669,2026-10-04T00:17:23+00:00,1.972687655559333,151.6355151231745,True,0.0036562318762540886,2.5,3.035318699893537,0.2264717438986011,5.0,2.5306626168219734e-12,True,True,-2.2698034370788407,-2.1776431044827143,-2.121826898070076,-2.083379340039534,-2.054810316555827,-2.014405700255082,-1.9865836981751368,-1.9658820811062614,-1.949677072498711,-1.9365308258093215,-1.9255800620693204,,10964,92,1.5,False,False,"variant-gamma0 (v1.1-frozen + mu_surf_gamma=0; robustness study v1.3, 423 K only)"
C0095_T423,manual,0,C0095,C0095,423.0,1.0800449680536983,1.1164521295577288,-1434326668269.9324,1.071448404341936,7137e34ea37b,a7ae7a6020f6,5e1d50a6e395,0,True,0,45.629,4.8433361242880695,3.0925691152438044,159.55668825391,0.011367031726591939,1.689790157965044e-13,ae73669,2026-10-04T00:17:54+00:00,4.858349404782741,159.63723867411096,True,0.0036542896563411496,5.25,3.0925691152438044,0.2214748948040928,5.0,2.4818197783398757e-12,True,True,-8.987486949281063,-3.403632779878763,-2.434724488086036,-2.252808184640809,-2.1645614348096185,-2.0715621409190357,-2.0204400437586676,-1.986948431859993,-1.9628164456921178,-1.9443529278416618,-1.9296307621740838,,10496,92,1.5,False,False,"variant-gamma0 (v1.1-frozen + mu_surf_gamma=0; robustness study v1.3, 423 K only)"
C0096_T423,manual,0,C0096,C0096,423.0,1.083824798092246,0.9720518432557584,-1224889716133.475,1.1277809493243691,aba7b2bc01f4,a7ae7a6020f6,5e1d50a6e395,0,True,0,47.765,3.9976526244528974,2.975521429231314,155.10955470216524,0.011807374089086595,1.6897901579650449e-13,ae73669,2026-10-04T00:18:34+00:00,3.997985665656449,155.54945515628148,True,0.003966900739607274,4.5,2.975521429231314,0.2308704090723954,5.0,1.5755448539200985e-12,True,True,-3.98902908291825,-2.454638420092996,-2.247100721610099,-2.1540369044561674,-2.0981231771437376,-2.0314058504995924,-1.9914214955667469,-1.964014011023365,-1.9436980631311733,-1.9278466769353795,-1.9150237733711748,,10496,92,1.5,False,False,"variant-gamma0 (v1.1-frozen + mu_surf_gamma=0; robustness study v1.3, 423 K only)"
C0097_T423,manual,0,C0097,C0097,423.0,0.9963395308703183,1.0964788913726806,-838569779880.3448,0.8448462545871736,4edaadd9cae2,a7ae7a6020f6,5e1d50a6e395,0,True,0,48.153,3.4341825723631776,3.2702877781229267,159.23310988943462,0.010753634679958702,1.6897901579650446e-13,ae73669,2026-10-04T00:19:08+00:00,3.4440195718395525,159.74517467259085,True,0.0030426624953500507,4.0,3.2702877781229267,0.20904554866895253,5.0,1.7428262927967384e-12,True,True,-2.7835876606030445,-2.4013487658789283,-2.266684823312567,-2.191235352678933,-2.141216507320921,-2.0770003782580106,-2.0362689526118363,-2.0074571384438937,-1.985672917671287,-1.968444721362057,-1.954371433222244,,10964,93,1.5,False,False,"variant-gamma0 (v1.1-frozen + mu_surf_gamma=0; robustness study v1.3, 423 K only)"
C0098_T423,manual,0,C0098,C0098,423.0,0.8299186684191228,0.8273318998515606,-1485113264061.5105,1.0149156343191863,cfdd493eef34,a7ae7a6020f6,5e1d50a6e395,0,True,0,52.294,4.213144509715954,3.228443444969859,150.62342870214107,0.010888673187112435,1.6897901579650449e-13,ae73669,2026-10-04T00:19:22+00:00,4.2185264405178176,151.17327641429335,True,0.003779031313253597,4.75,3.228443444969859,0.21221636446578215,5.0,8.530887483243228e-13,True,True,-5.1708442887109,-2.556952097446568,-2.2950522177822115,-2.191894522010208,-2.132865961523921,-2.0647885158630443,-2.0250169690166566,-1.9981251943885148,-1.9783591091546264,-1.9630250369220548,-1.9506725311127617,,11900,92,1.5,False,False,"variant-gamma0 (v1.1-frozen + mu_surf_gamma=0; robustness study v1.3, 423 K only)"
C0099_T423,manual,0,C0099,C0099,423.0,1.142433213442564,1.104479542374611,-574443759396.6722,0.90781236179173,9a82c2550327,a7ae7a6020f6,5e1d50a6e395,0,True,0,45.18,2.834201965368982,3.0798131264408015,159.38383755027724,0.011411934106445597,1.6897901579650443e-13,ae73669,2026-10-04T00:42:08+00:00,2.849794206210354,159.56834592754382,True,0.003279418961934383,3.25,3.0798131264408015,0.22261993549125897,5.0,1.0931907855366046e-12,True,True,-2.473574380631183,-2.287422876650196,-2.1951390921735188,-2.137191350537847,-2.0964222027712682,-2.0414869558990145,-2.0052265876195356,-1.9789609637928942,-1.9587831052323368,-1.9426407446639,-1.9293386087125215,,10145,92,1.5,False,False,"variant-gamma0 (v1.1-frozen + mu_surf_gamma=0; robustness study v1.3, 423 K only)"
C0100_T423,manual,0,C0100,C0100,423.0,1.1847256120294332,0.8835457146167756,-941585159860.5514,0.9858889408409596,9b13d04a0fe0,a7ae7a6020f6,5e1d50a6e395,0,True,0,44.808,3.1139656169183874,2.9542439903578197,152.51526414657457,0.011890312684498833,1.6897901579650443e-13,ae73669,2026-10-04T00:18:27+00:00,3.1294623638877526,152.6419606897338,True,0.0037161566997682294,3.5,2.9542439903578197,0.23274930396958785,5.0,1.0266770072986375e-12,True,True,-2.5201396422181874,-2.2795801613357867,-2.1766487258712077,-2.1157230718210576,-2.0742356949029013,-2.0198018513589684,-1.9846107549309182,-1.9593976759401732,-1.9401489362831539,-1.924806724408487,-1.9121921284491696,,9794,91,1.5,False,False,"variant-gamma0 (v1.1-frozen + mu_surf_gamma=0; robustness study v1.3, 423 K only)"
C0101_T423,manual,0,C0101,C0101,423.0,0.8971980970352889,1.1607162974774838,-1118002213537.6929,1.09304329007864,28a65457404c,a7ae7a6020f6,5e1d50a6e395,0,True,0,50.241,4.210426197099796,3.1892971834601145,160.7716696234688,0.011024899977301881,1.6897901579650454e-13,ae73669,2026-10-04T00:19:07+00:00,4.215945963695233,161.32821881329318,True,0.0036028928431951516,4.75,3.1892971834601145,0.21452349814253782,5.0,1.6377738875917359e-12,True,True,-5.0909149161092095,-2.5788839482354082,-2.308903829466726,-2.2008540328900463,-2.1384565407292966,-2.066027945133635,-2.023590422146221,-1.9949182529436906,-1.9738914313397666,-1.9576253419510905,-1.9445606203960453,,11549,93,1.5,False,False,"variant-gamma0 (v1.1-frozen + mu_surf_gamma=0; robustness study v1.3, 423 K only)"
C0102_T423,manual,0,C0102,C0102,423.0,0.9261319287121296,0.9157888144254684,-705711651593.4468,0.8729762371629477,71ab6684d499,a7ae7a6020f6,5e1d50a6e395,0,True,0,49.329,2.6649234780776876,3.20813555085431,153.68861007473268,0.010957115283607412,1.6897901579650446e-13,ae73669,2026-10-04T00:39:21+00:00,2.6770880731297906,153.97701783469998,True,0.0032517752343423,3.25,3.20813555085431,0.21359536801610698,5.0,1.3346155347350608e-12,True,True,-2.4225281809466583,-2.2677126433228585,-2.1873478244678077,-2.1360206464424327,-2.099591507550209,-2.050152228787711,-2.0173199837177425,-1.9934440159457572,-1.975050178875499,-1.9603037689641742,-1.9481320917896756,,11315,93,1.5,False,False,"variant-gamma0 (v1.1-frozen + mu_surf_gamma=0; robustness study v1.3, 423 K only)"
C0103_T423,manual,0,C0103,C0103,423.0,1.038604225963354,1.0401929311454297,-1357778179459.274,1.1558612827211618,cc8a4128dada,a7ae7a6020f6,5e1d50a6e395,0,True,0,52.515,4.47610266265767,3.0253601230732663,157.20211562872765,0.011615637774205363,1.6897901579650446e-13,ae73669,2026-10-04T00:18:55+00:00,4.479441398339363,157.6043403134607,True,0.0039190846947938385,5.0,3.0253601230732663,0.22679012090517328,5.0,1.9167477051972632e-12,True,True,-6.729893505745969,-2.7300039574734902,-2.3236161800114985,-2.194576895419667,-2.124840646036729,-2.047079604431624,-2.0027273974695317,-1.9731344015942074,-1.9515747395151752,-1.9349569396120112,-1.9216364433726716,,10613,92,1.5,False,False,"variant-gamma0 (v1.1-frozen + mu_surf_gamma=0; robustness study v1.3, 423 K only)"
C0104_T423,manual,0,C0104,C0104,423.0,1.0082999911159276,0.8180917575955391,-674845458939.6715,1.064841490238905,f1414b092a8d,a7ae7a6020f6,5e1d50a6e395,0,True,0,46.795,2.3027970740946873,2.9528852997764403,150.27091778995862,0.011893755981769541,1.6897901579650449e-13,ae73669,2026-10-04T00:18:51+00:00,2.315485165171994,150.44323920953323,True,0.0040538375970099695,2.75,2.9528852997764403,0.2330774602980241,5.0,1.088477228772428e-12,True,True,-2.287539043567201,-2.1766403428526266,-2.1143225418095115,-2.073069223803787,-2.043170336554759,-2.001835527668566,-1.973933784198983,-1.9534287999506597,-1.9375131386033102,-1.9246809759475612,-1.9140419923342495,,10847,92,1.5,False,False,"variant-gamma0 (v1.1-frozen + mu_surf_gamma=0; robustness study v1.3, 423 K only)"
C0105_T423,manual,0,C0105,C0105,423.0,0.9207168769091368,1.1378403671085835,-1265570701099.932,0.956320858001709,eaa02b425e89,a7ae7a6020f6,5e1d50a6e395,0,True,0,37.913,4.511324458752021,3.29246638210013,160.2971062992199,0.010683124699992632,1.6897901579650443e-13,ae73669,2026-10-04T00:43:13+00:00,4.515060325084947,160.71173379445014,True,0.0033492064346808065,5.0,3.29246638210013,0.20744254620871333,5.0,1.4569442264235001e-12,True,True,-6.873657322874726,-2.8262568541758477,-2.391211982650211,-2.2527968022081906,-2.1775912792192282,-2.0933257334104782,-2.045095618390923,-2.012874444858743,-1.9893946580108084,-1.971301702224579,-1.9568060437128332,,11432,92,1.5,False,False,"variant-gamma0 (v1.1-frozen + mu_surf_gamma=0; robustness study v1.3, 423 K only)"
C0106_T423,manual,0,C0106,C0106,423.0,0.855956170707941,0.9827564463019371,-911629755981.2664,1.1768785309046508,891ff53c199f,a7ae7a6020f6,5e1d50a6e395,0,True,0,57.38,3.295220419544766,3.0954684348713686,155.39352654987925,0.011353397124695743,1.6897901579650443e-13,ae73669,2026-10-04T00:37:39+00:00,3.306305187962527,155.66154817364662,True,0.00403147833917517,3.75,3.0954684348713686,0.2216032901151068,5.0,1.4190136153786892e-12,True,True,-2.5865793011247122,-2.291454093481629,-2.182776010193827,-2.1218796713548422,-2.0816859005768817,-2.0304143913322656,-1.9981331830346367,-1.9754275563048591,-1.958337924088892,-1.9448741709146724,-1.9339129322876598,,11666,92,1.5,False,False,"variant-gamma0 (v1.1-frozen + mu_surf_gamma=0; robustness study v1.3, 423 K only)"
C0107_T423,manual,0,C0107,C0107,423.0,1.1683732502162456,1.0614575304090976,-1024876376613.9746,0.8941893208771944,f5f0dfe4cfbe,a7ae7a6020f6,5e1d50a6e395,0,True,0,48.486,3.7770688843391205,3.121848402182882,158.1239077322123,0.011260423029537475,1.6897901579650443e-13,ae73669,2026-10-04T00:39:20+00:00,3.7852070453501283,158.50754809001643,True,0.0033067712919468925,4.25,3.121848402182882,0.2194085710100077,5.0,1.4489113034366063e-12,True,True,-3.246063668249798,-2.4562184403965825,-2.279517788347516,-2.1900714602082276,-2.133409075629632,-2.063051432236427,-2.019531643524287,-1.9891561679409642,-1.9663723947636864,-1.9484452936815824,-1.9338505473818508,,9911,92,1.5,False,False,"variant-gamma0 (v1.1-frozen + mu_surf_gamma=0; robustness study v1.3, 423 K only)"
C0108_T423,manual,0,C0108,C0108,423.0,1.1106656488031148,0.9264709301292896,-1392018008045.8523,0.8222658880054952,1a2ac5caf743,a7ae7a6020f6,5e1d50a6e395,0,True,0,30.178,4.29082816582659,3.227665101667892,154.09733359421395,0.010893684230275381,1.6897901579650446e-13,ae73669,2026-10-04T00:42:37+00:00,4.3022808228850185,154.39523165203371,True,0.003255583336171445,4.75,3.227665101667892,0.21200025953452628,5.0,1.3894215639131957e-12,True,True,-5.586999367013037,-2.6663073256323937,-2.359138514862049,-2.2383282924255035,-2.1685219071469373,-2.0870651281669486,-2.038900839608891,-2.0060603966620616,-1.9817681336230197,-1.9628252175553134,-1.9474979964356536,,10262,92,1.5,False,False,"variant-gamma0 (v1.1-frozen + mu_surf_gamma=0; robustness study v1.3, 423 K only)"
C0109_T423,manual,0,C0109,C0109,423.0,0.8232355993241072,1.0051947608590126,-544518936425.4475,1.1050061747431754,a4b73e58ace2,a7ae7a6020f6,5e1d50a6e395,0,True,0,39.344,2.5056742167220363,3.1437750362441896,156.15854411952844,0.011180536526573867,1.6897901579650449e-13,ae73669,2026-10-04T00:17:32+00:00,2.5075896101844393,156.5443214603073,True,0.00380899132361084,3.0,3.1437750362441896,0.21804876781165974,5.0,1.2152554001319413e-12,True,True,-2.3462511034347804,-2.2171437846437256,-2.148277640689062,-2.103881754747679,-2.072255187166506,-2.0292802520921653,-2.0007756200549274,-1.9801016837079257,-1.9642245894895511,-1.951537355220657,-1.941099196843168,,11900,92,1.5,False,False,"variant-gamma0 (v1.1-frozen + mu_surf_gamma=0; robustness study v1.3, 423 K only)"
C0110_T423,manual,0,C0110,C0110,423.0,0.950509274750948,0.874328825622797,-1132712818682.1938,0.934450852498412,adc29099be00,a7ae7a6020f6,5e1d50a6e395,0,True,0,44.637,3.5359680107031792,3.1644209701203323,152.25917385123765,0.011107112257418146,1.6897901579650449e-13,ae73669,2026-10-04T00:18:08+00:00,3.5461825456850726,152.47005740462595,True,0.0036094022635955727,4.0,3.1644209701203323,0.2166755663940515,5.0,2.3263320898944773e-12,True,True,-2.8200552005630075,-2.3704690859353774,-2.23362255970536,-2.1603634346003457,-2.112950059957184,-2.0532332531162734,-2.015907647952748,-1.9897017524250107,-1.9699686960998506,-1.9543988387805813,-1.9416972272965718,,11198,92,1.5,False,False,"variant-gamma0 (v1.1-frozen + mu_surf_gamma=0; robustness study v1.3, 423 K only)"
C0111_T423,manual,0,C0111,C0111,423.0,1.0630794189870358,1.1940546914935113,-807734168134.6298,1.0429218355566263,f7042e02e4d5,a7ae7a6020f6,5e1d50a6e395,0,True,0,45.072,3.570012750933091,3.0684733244391835,161.80850549331626,0.01145467886872751,1.6897901579650443e-13,ae73669,2026-10-04T00:18:39+00:00,3.584036539127521,161.9418083390799,True,0.003534645902699568,4.0,3.0684733244391835,0.2233784681642834,5.0,2.2711355024126837e-12,True,True,-2.8740461702565505,-2.3810855645112556,-2.235821375693659,-2.158287936385904,-2.1081181736753107,-2.044963823413038,-2.005569795263689,-1.9779932929154236,-1.9572955552374556,-1.9410170817250896,-1.927777842281898,,10613,92,1.5,False,False,"variant-gamma0 (v1.1-frozen + mu_surf_gamma=0; robustness study v1.3, 423 K only)"
C0112_T423,manual,0,C0112,C0112,423.0,1.057936077564955,0.8506323944777251,-1304820289835.3335,0.8513277050107718,a0e1b1637e54,a7ae7a6020f6,5e1d50a6e395,0,True,0,46.919,3.8757710259091875,3.177738075346857,151.61420724347906,0.011061309462043725,1.6897901579650446e-13,ae73669,2026-10-04T00:19:21+00:00,3.891522861729151,151.68783754739746,True,0.0033760980384550236,4.25,3.177738075346857,0.21569135120364646,5.0,1.0560823049399204e-12,True,True,-3.506742155138951,-2.470937155096982,-2.282809967110387,-2.1919305766543546,-2.135585850571483,-2.0667154190679744,-2.0245841804362907,-1.9953200960220232,-1.9734157919043482,-1.9561934572558222,-1.942173171780512,,10613,93,1.5,False,False,"variant-gamma0 (v1.1-frozen + mu_surf_gamma=0; robustness study v1.3, 423 K only)"
C0113_T423,manual,0,C0113,C0113,423.0,0.9704689301550388,1.1808868367224932,-629736830480.3967,1.1713728610426188,1756ace54c04,a7ae7a6020f6,5e1d50a6e395,0,True,0,47.516,3.1178185861322336,3.024591115561051,161.2736607692966,0.011618494329357531,1.689790157965044e-13,ae73669,2026-10-04T00:19:55+00:00,3.131977978804146,161.2641478491671,True,0.0037557375597721487,3.5,3.024591115561051,0.22686187159197613,5.0,2.07629892249841e-12,True,True,-2.5172927908203118,-2.277244956279528,-2.176166204197608,-2.1168060784866705,-2.0766284853099166,-2.024318131450537,-1.9908376726020118,-1.9670708220934687,-1.9490793809888527,-1.9348501496410702,-1.9232335133847804,,11081,91,1.5,False,False,"variant-gamma0 (v1.1-frozen + mu_surf_gamma=0; robustness study v1.3, 423 K only)"
C0114_T423,manual,0,C0114,C0114,423.0,0.805592204257846,0.9484705727547408,-1045571238733.828,0.9884148009121418,7f16b38788cb,a7ae7a6020f6,5e1d50a6e395,0,True,0,54.436,3.5305668376855563,3.278235232851387,154.55020838461076,0.01072628167229841,1.6897901579650443e-13,ae73669,2026-10-04T00:20:17+00:00,3.539438149242721,154.8613727480882,True,0.0036071431542906473,4.0,3.278235232851387,0.20869273425053309,5.0,1.1244522382193093e-12,True,True,-2.8144695230670407,-2.3722863296294503,-2.238599371120706,-2.167354026437562,-2.1214128452092718,-2.063814848953873,-2.028020495460653,-2.0030177244927043,-1.9842767322355397,-1.969550802644374,-1.9575828893097798,,12017,92,1.5,False,False,"variant-gamma0 (v1.1-frozen + mu_surf_gamma=0; robustness study v1.3, 423 K only)"
C0115_T423,manual,0,C0115,C0115,423.0,1.1181252505630257,1.0197664368897676,-892888279631.7339,1.0841910526156426,ccf987bbe31a,a7ae7a6020f6,5e1d50a6e395,0,True,0,50.798,3.35198208155845,2.9620979676871184,156.64677129618389,0.01186049300398011,1.689790157965044e-13,ae73669,2026-10-04T00:42:59+00:00,3.367089293851321,156.55421932498115,True,0.003783883713668594,3.75,2.9620979676871184,0.23195159392745793,5.0,2.049507630007979e-12,True,True,-2.6436736925613045,-2.3117578182780085,-2.191635300586743,-2.1242361278453323,-2.079603698884782,-2.022399560682408,-1.9861716075997227,-1.9605636620914006,-1.9412064021951132,-1.9258972583192997,-1.913389707288742,,10145,92,1.5,False,False,"variant-gamma0 (v1.1-frozen + mu_surf_gamma=0; robustness study v1.3, 423 K only)"
C0116_T423,manual,0,C0116,C0116,423.0,1.1602086149156094,0.992207445576787,-525655097328.12646,1.0123424004763364,c49c338fc296,a7ae7a6020f6,5e1d50a6e395,0,True,0,43.399,2.4359094093168614,2.9410811949948976,155.87466342179053,0.011943677175421394,1.6897901579650446e-13,ae73669,2026-10-04T00:19:11+00:00,2.444910458581209,156.1728140753962,True,0.0035997470640738616,3.0,2.9410811949948976,0.23376829013988262,5.0,1.1642353747731704e-12,True,True,-2.339248223884811,-2.2095853085399173,-2.1379563492307354,-2.0908449981178174,-2.0568173835564925,-2.0099190434653993,-1.9783584585848806,-1.9552189932665256,-1.937292688447208,-1.9228619436309742,-1.9109127838373103,,10028,93,1.5,False,False,"variant-gamma0 (v1.1-frozen + mu_surf_gamma=0; robustness study v1.3, 423 K only)"
C0117_T423,manual,0,C0117,C0117,423.0,0.8726870127022267,1.0634805630892514,-1412834651768.2075,0.9165165174752474,9adcbdf172cb,a7ae7a6020f6,5e1d50a6e395,0,True,0,53.237,4.679955718916242,3.3680408314136736,158.1637588175421,0.010445299011707522,1.6897901579650446e-13,ae73669,2026-10-04T00:20:00+00:00,4.690048819996321,158.62583081032332,True,0.003219403572985313,5.25,3.3680408314136736,0.20261653299555824,5.0,2.0934811380860457e-12,True,True,-7.966824380870212,-3.0484462945240063,-2.4338002420298865,-2.276240468628979,-2.1947796985463826,-2.1060631870857485,-2.0562563928842486,-2.023298635908271,-1.9994161669797916,-1.9810791232015394,-1.9664242497815045,,11549,93,1.5,False,False,"variant-gamma0 (v1.1-frozen + mu_surf_gamma=0; robustness study v1.3, 423 K only)"
C0118_T423,manual,0,C0118,C0118,423.0,0.9000522952526808,0.8068463135510684,-762503165751.6957,1.1494769029319287,b48ed3f907d7,a7ae7a6020f6,5e1d50a6e395,0,True,0,47.597,2.467417546503706,2.991587977189994,149.7887587908182,0.01174112052654909,1.6897901579650449e-13,ae73669,2026-10-04T00:40:09+00:00,2.4719703430466877,150.29724298350956,True,0.004163968192455401,3.0,2.991587977189994,0.22995106910052787,5.0,1.6776929353047307e-12,True,True,-2.3013976888952272,-2.1804577574032127,-2.115862197667299,-2.0742045005519967,-2.044504070522576,-2.0040635542767586,-1.9771403298181947,-1.957534028329135,-1.9424164928785643,-1.9302904537464178,-1.9202789825318343,,11549,92,1.5,False,False,"variant-gamma0 (v1.1-frozen + mu_surf_gamma=0; robustness study v1.3, 423 K only)"
C0119_T423,manual,0,C0119,C0119,423.0,1.0125308867543936,1.1371234994381667,-1172084170393.6458,0.8294828057289124,90e36b741075,a7ae7a6020f6,5e1d50a6e395,0,True,0,49.071,4.305155794799701,3.3407540429183924,160.43194848354213,0.010530506453875491,1.6897901579650443e-13,ae73669,2026-10-04T00:19:45+00:00,4.318651710045999,160.73414789746775,True,0.003041138631448677,4.75,3.3407540429183924,0.20426619908457508,5.0,2.358758092649467e-12,True,True,-5.610793406629467,-2.702593549680118,-2.3860052026616163,-2.2615644987961656,-2.189530699118218,-2.1053870221250395,-2.0556779652283317,-2.021866704684477,-1.9969322821473319,-1.9775507413658675,-1.9619180026441598,,10847,92,1.5,False,False,"variant-gamma0 (v1.1-frozen + mu_surf_gamma=0; robustness study v1.3, 423 K only)"
C0120_T423,manual,0,C0120,C0120,423.0,1.0343642048537731,0.9092728260904552,-856815369799.7332,0.9380952771753072,e58b01f935eb,a7ae7a6020f6,5e1d50a6e395,0,True,0,51.385,2.9918503167060493,3.0828925752072647,153.3588097584493,0.011398313484743875,1.6897901579650449e-13,ae73669,2026-10-04T00:19:43+00:00,2.99315392054748,153.84699076155218,True,0.003558427313726233,3.5,3.0828925752072647,0.2226410649157793,5.0,2.014535354402601e-12,True,True,-2.493126498220635,-2.2833358252754987,-2.1875400440053365,-2.1294970606777817,-2.0894918654543573,-2.0365118547285364,-2.0020258733356093,-1.9772364323477634,-1.9582800685076687,-1.9431594029138435,-1.930723764441792,,10730,92,1.5,False,False,"variant-gamma0 (v1.1-frozen + mu_surf_gamma=0; robustness study v1.3, 423 K only)"
C0121_T423,manual,0,C0121,C0121,423.0,0.9467995919287204,1.0348427262157205,-1204690785147.2498,1.0329451207071545,229a291ca046,a7ae7a6020f6,5e1d50a6e395,0,True,0,42.73,4.116807617457175,3.15999071860371,157.15568467055076,0.01112492977116307,1.6897901579650446e-13,ae73669,2026-10-04T00:43:56+00:00,4.1318208124953895,157.20733239819728,True,0.0035916498437886246,4.5,3.15999071860371,0.21673585966507172,5.0,1.3241823003665455e-12,True,True,-4.5853432329281665,-2.5351087792821687,-2.2951359167039946,-2.193066766010926,-2.132868051205087,-2.0619536510002745,-2.0198937108086943,-1.991252385912308,-1.970124390778649,-1.9537027219283898,-1.9404608633088651,,11198,91,1.5,False,False,"variant-gamma0 (v1.1-frozen + mu_surf_gamma=0; robustness study v1.3, 423 K only)"
C0122_T423,manual,0,C0122,C0122,423.0,0.8804580222815276,0.8914899144321681,-621009697206.3184,0.8002800412476063,c448278be3fe,a7ae7a6020f6,5e1d50a6e395,0,True,0,51.533,2.409210053721313,3.301985600521106,153.02008474375612,0.010648131228636655,1.689790157965045e-13,ae73669,2026-10-04T00:38:31+00:00,2.4224231815176274,153.59000517865397,True,0.003086989356928779,2.75,3.301985600521106,0.20730032790905262,5.0,1.6462173406849254e-12,True,True,-2.390156943521464,-2.262062994971975,-2.1904363580502237,-2.143058037688712,-2.1087214920986583,-2.061251431891454,-2.029216531318427,-2.005686112427458,-1.9874335105423937,-1.9727266052116703,-1.960540760532708,,11549,93,1.5,False,False,"variant-gamma0 (v1.1-frozen + mu_surf_gamma=0; robustness study v1.3, 423 K only)"
C0123_T423,manual,0,C0123,C0123,423.0,1.1928932216018435,1.16434532366693,-1444406559690.833,1.120860980451107,8510013ef7e1,a7ae7a6020f6,5e1d50a6e395,0,True,0,41.325,4.973805578216756,3.006617956197695,160.8723013788421,0.011689822759692657,1.6897901579650446e-13,ae73669,2026-10-04T00:40:01+00:00,4.9774680154326125,161.2864430431916,True,0.0037479003586731677,5.5,3.006617956197695,0.2280000311880457,5.0,9.701057231831234e-13,True,True,-9.776028967807399,-3.8842089104724664,-2.4663787373227013,-2.2578321557814323,-2.1621021844236994,-2.063771233765833,-2.0105639729147016,-1.9759622112273905,-1.951135710716661,-1.9321920735319997,-1.9171147199568515,,9794,92,1.5,False,False,"variant-gamma0 (v1.1-frozen + mu_surf_gamma=0; robustness study v1.3, 423 K only)"
C0124_T423,manual,0,C0124,C0124,423.0,1.1349765859544276,0.8477270748466254,-1077173608355.224,1.199012316390872,488cb503454b,a7ae7a6020f6,5e1d50a6e395,0,True,0,28.329,3.3129039920630863,2.8440593534290155,151.05478155110308,0.012346225062144127,1.6897901579650446e-13,ae73669,2026-10-04T00:43:05+00:00,3.3262434545661175,151.20981239206577,True,0.004350511902874496,3.75,2.8440593534290155,0.24223045652000663,5.0,1.2901190532543794e-12,True,True,-2.566539366300971,-2.261897751154988,-2.1513089190220227,-2.089504124762703,-2.0486990367070037,-1.9965161153533961,-1.9634952714810172,-1.9401400018890302,-1.9224644212938475,-1.9084658104438823,-1.8970128744791914,,10145,92,1.5,False,False,"variant-gamma0 (v1.1-frozen + mu_surf_gamma=0; robustness study v1.3, 423 K only)"
C0125_T423,manual,0,C0125,C0125,423.0,0.8475528307259084,1.1205595437437297,-988273341208.6964,0.8783817458897829,660f0e878458,a7ae7a6020f6,5e1d50a6e395,0,True,0,34.171,3.835046362031231,3.3937361999130644,159.88668627879466,0.01036684717873292,1.689790157965045e-13,ae73669,2026-10-04T00:18:07+00:00,3.8508544196477033,159.96742677759002,True,0.0031441874156780156,4.25,3.3937361999130644,0.2010257463547029,5.0,1.5632954454161399e-12,True,True,-3.4049238930932573,-2.4928752442848148,-2.3100656763169005,-2.219967877391197,-2.1636589666722608,-2.094578534947964,-2.0523509292153497,-2.0231333148204502,-2.0013725385080363,-1.98435330350198,-1.9705708248540552,,11783,92,1.5,False,False,"variant-gamma0 (v1.1-frozen + mu_surf_gamma=0; robustness study v1.3, 423 K only)"
C0126_T423,manual,0,C0126,C0126,423.0,0.9763829570263624,0.9529872234910728,-1337457366287.7085,1.0610491745173931,9f125943d822,a7ae7a6020f6,5e1d50a6e395,0,True,0,45.664,4.213913849030277,3.101510721918772,154.60407447704415,0.011331845494689512,1.6897901579650446e-13,ae73669,2026-10-04T00:18:54+00:00,4.219077647884374,155.13807221829435,True,0.0037639392190239526,4.75,3.101510721918772,0.22110418329196993,5.0,1.3392800401590807e-12,True,True,-5.149255356353962,-2.561792900234175,-2.2931988096538123,-2.1862768382032955,-2.1246689209933827,-2.053199495856629,-2.0112584997948697,-1.9828398353657903,-1.961929683979568,-1.9456993555477542,-1.9326209552781293,,11081,92,1.5,False,False,"variant-gamma0 (v1.1-frozen + mu_surf_gamma=0; robustness study v1.3, 423 K only)"
C0127_T423,manual,0,C0127,C0127,423.0,1.088959014043212,1.078580055013299,-724079496227.2048,0.9662503898143768,030754e95b49,a7ae7a6020f6,5e1d50a6e395,0,True,0,45.242,3.1141796278136438,3.069001917427845,158.53705127486052,0.011451508396239004,1.6897901579650443e-13,ae73669,2026-10-04T00:19:25+00:00,3.1295537410806618,158.35461232020987,True,0.003409058541532412,3.5,3.069001917427845,0.22346823938048202,5.0,2.075710906961325e-12,True,True,-2.5539290690012413,-2.308895474018769,-2.2028244862329234,-2.139665545401907,-2.0965216550368786,-2.039819887947665,-2.003173482489985,-1.9769655136579736,-1.957005410777957,-1.941137304152301,-1.9281238411948347,,10379,91,1.5,False,False,"variant-gamma0 (v1.1-frozen + mu_surf_gamma=0; robustness study v1.3, 423 K only)"
C0128_T423,manual,0,C0128,C0128,423.0,1.089798828586936,0.8682020150125027,-1078854058869.1832,1.0848192799836398,834dce3e0f0c,a7ae7a6020f6,5e1d50a6e395,0,True,0,46.078,3.3822153556411143,2.9461869029971113,151.84888976296506,0.011922141935965656,1.6897901579650446e-13,ae73669,2026-10-04T00:20:07+00:00,3.3963488464007776,152.26180674414914,True,0.003931398063502541,3.75,2.9461869029971113,0.23345796531302102,5.0,2.9305837426392485e-12,True,True,-2.642794019041542,-2.300221277598547,-2.181000877727941,-2.1150476769255535,-2.0717017076838116,-2.016458119466424,-1.9815963128292333,-1.9569798435319923,-1.938371048854858,-1.9236457120955586,-1.9116058738630533,,10379,93,1.5,False,False,"variant-gamma0 (v1.1-frozen + mu_surf_gamma=0; robustness study v1.3, 423 K only)"
C0129_T423,manual,0,C0129,C0129,423.0,0.977278084680438,1.187535583972931,-980729734525.0844,0.9925596069544552,9c24c6817dd5,a7ae7a6020f6,5e1d50a6e395,0,True,0,50.181,3.9609130292615116,3.1908269329307233,161.65947122666492,0.011019836299236897,1.689790157965045e-13,ae73669,2026-10-04T00:20:46+00:00,3.9665733368715363,162.18223920883224,True,0.003367461360649757,4.5,3.1908269329307233,0.2143920322673536,5.0,2.827756378909063e-12,True,True,-3.8333518763100494,-2.5018064723183717,-2.2950943532100765,-2.1988722658719784,-2.140084654849696,-2.069097568692091,-2.0262178481660125,-1.9967414609472265,-1.9748774784822585,-1.9578248569239936,-1.9440425684420573,,11081,93,1.5,False,False,"variant-gamma0 (v1.1-frozen + mu_surf_gamma=0; robustness study v1.3, 423 K only)"
C0130_T423,manual,0,C0130,C0130,423.0,0.8499551512300969,0.9324508778750896,-1318572686985.135,1.1719035148620605,7b79f994094d,a7ae7a6020f6,5e1d50a6e395,0,True,0,53.601,4.108069588813546,3.1295762099053994,153.846747507411,0.011230757647669884,1.6897901579650456e-13,ae73669,2026-10-04T00:21:11+00:00,4.1228682449278935,153.727356464724,True,0.0040352487028403146,4.5,3.1295762099053994,0.21908434257979315,5.0,1.1824017242742513e-12,True,True,-4.556480333517421,-2.488792478643169,-2.260912840675634,-2.16609817199656,-2.110868710720115,-2.0464941973280406,-2.008656814622229,-1.9830291610434385,-1.9641925607009025,-1.949590944441738,-1.9378416938067402,,11783,91,1.5,False,False,"variant-gamma0 (v1.1-frozen + mu_surf_gamma=0; robustness study v1.3, 423 K only)"
C0131_T423,manual,0,C0131,C0131,423.0,1.1374342195689675,1.011566999554634,-744921193458.1399,0.8553745560348034,36a0551f38ae,a7ae7a6020f6,5e1d50a6e395,0,True,0,48.865,3.0077141490528176,3.1236048834644685,156.68412671806885,0.011252762795612492,1.6897901579650443e-13,ae73669,2026-10-04T00:43:48+00:00,3.010427675326088,157.0965405797441,True,0.0032415255985348145,3.5,3.1236048834644685,0.21942914532613766,5.0,1.1892102651114672e-12,True,True,-2.5359635487537733,-2.3155974347882347,-2.2137012772847364,-2.15143965107497,-2.108276125896552,-2.0507974136986573,-2.0132009336575667,-1.98609615456426,-1.965328995648358,-1.9487408358121303,-1.9350835702372293,,10145,92,1.5,False,False,"variant-gamma0 (v1.1-frozen + mu_surf_gamma=0; robustness study v1.3, 423 K only)"
C0132_T423,manual,0,C0132,C0132,423.0,1.1920168098062276,0.976189798116684,-862154088914.3944,0.8272911135107279,a23a6efc1d86,a7ae7a6020f6,5e1d50a6e395,0,True,0,44.374,3.192145028251433,3.1253286856673603,155.645425950404,0.011246672812512395,1.6897901579650449e-13,ae73669,2026-10-04T00:19:55+00:00,3.2010148628510158,156.1726745454044,True,0.00315040886669082,3.75,3.1253286856673603,0.21929696279018632,5.0,2.4259951131264225e-12,True,True,-2.6179216585321896,-2.345457714312401,-2.2306395125164653,-2.1627045058334913,-2.116383001152009,-2.0554963348117035,-2.016066701862051,-1.987791103371498,-1.966194089442532,-1.9489759391423571,-1.9348169614405768,,9794,93,1.5,False,False,"variant-gamma0 (v1.1-frozen + mu_surf_gamma=0; robustness study v1.3, 423 K only)"
C0133_T423,manual,0,C0133,C0133,423.0,0.8795507114380599,1.055279841274023,-1201308987103.4026,1.1437705393880606,5a61d6a9d95d,a7ae7a6020f6,5e1d50a6e395,0,True,0,53.806,4.1510159593664016,3.1478663090009755,157.655334891468,0.011167504322496922,1.689790157965045e-13,ae73669,2026-10-04T00:20:54+00:00,4.163288991357061,157.89215453875727,True,0.0037217798650907028,4.5,3.1478663090009755,0.21760070868766798,5.0,3.003972098986958e-12,True,True,-4.777389176621486,-2.527701874824825,-2.282065663323742,-2.1812596938323026,-2.1226878805647806,-2.0544862864064473,-2.014438173382164,-1.9873420280740313,-1.9674483030337118,-1.9520438707579642,-1.939660974691312,,11549,93,1.5,False,False,"variant-gamma0 (v1.1-frozen + mu_surf_gamma=0; robustness study v1.3, 423 K only)"
C0134_T423,manual,0,C0134,C0134,423.0,0.9443606741726398,0.8244146436452866,-597963097505.2715,0.9144227549433708,2e003cf36eda,a7ae7a6020f6,5e1d50a6e395,0,True,0,47.117,2.1546226517174176,3.104754456635432,150.67555080659127,0.01131689951433559,1.6897901579650446e-13,ae73669,2026-10-04T00:40:57+00:00,2.167718571754708,151.23676506057905,True,0.003506142117541847,2.5,3.104754456635432,0.2212090885525421,5.0,1.5312155193816235e-12,True,True,-2.3037494249437653,-2.200126805337779,-2.139503350128463,-2.098510588916599,-2.0684029233293897,-2.026272063335609,-1.9975291244929956,-1.976265132101396,-1.95968500140477,-1.9462725403077898,-1.935124024269205,,11198,93,1.5,False,False,"variant-gamma0 (v1.1-frozen + mu_surf_gamma=0; robustness study v1.3, 423 K only)"
C0135_T423,manual,0,C0135,C0135,423.0,1.031894388049841,1.143774300068617,-1461589876562.357,1.0067335851490498,1a5c99bf889b,a7ae7a6020f6,5e1d50a6e395,0,True,0,47.47,4.975415498986784,3.1909418023035903,160.39541196203078,0.011020374005281285,1.6897901579650446e-13,ae73669,2026-10-04T00:20:33+00:00,4.979021240482893,160.92929830908363,True,0.0034648508460238666,5.5,3.1909418023035903,0.21428170066268304,5.0,2.758262990595694e-12,True,True,-9.790748669484163,-3.892713956810205,-2.4972765242623756,-2.287795706813958,-2.1910453169490616,-2.091375699863557,-2.037365625433325,-2.002232141515241,-1.9770282810359614,-1.9578036663123992,-1.9425096686546706,,10730,92,1.5,False,False,"variant-gamma0 (v1.1-frozen + mu_surf_gamma=0; robustness study v1.3, 423 K only)"
C0136_T423,manual,0,C0136,C0136,423.0,1.0149576153606177,0.9221613362431528,-505847261287.272,1.1233446646481753,4947a89498ca,a7ae7a6020f6,5e1d50a6e395,0,True,0,51.671,2.198340286552017,2.9339829565135567,153.55322068027556,0.011971028696198089,1.6897901579650443e-13,ae73669,2026-10-04T00:20:35+00:00,2.205466823731718,153.97044365348594,True,0.003934008617418968,2.75,2.9339829565135567,0.23450181593974906,5.0,1.166355206860814e-12,True,True,-2.272788479221534,-2.1686700053568635,-2.1087065172209734,-2.0685187743542306,-2.039182370002156,-1.9983923200014144,-1.9707491228159395,-1.95040290821819,-1.9346041910371659,-1.9218685281327341,-1.9113144981047776,,10847,93,1.5,False,False,"variant-gamma0 (v1.1-frozen + mu_surf_gamma=0; robustness study v1.3, 423 K only)"
C0137_T423,manual,0,C0137,C0137,423.0,0.9025343369692564,1.046173346787691,-1430693255737.4238,0.8054990541189909,08059280d630,a7ae7a6020f6,5e1d50a6e395,0,True,0,42.651,4.690126301453298,3.46113870685179,157.81898451671506,0.010167226198008002,1.6897901579650449e-13,ae73669,2026-10-04T00:44:39+00:00,4.699362851755259,158.15378315642104,True,0.0029704878868571168,5.25,3.46113870685179,0.19689011550469498,5.0,1.253408767367637e-12,True,True,-8.022386151879186,-3.091401579978726,-2.4674706342698336,-2.3043915263892703,-2.2193019930495903,-2.125912958848479,-2.0731060070151344,-2.0379946859733837,-2.0124598399353992,-1.9927975142560888,-1.977045610792141,,11549,93,1.5,False,False,"variant-gamma0 (v1.1-frozen + mu_surf_gamma=0; robustness study v1.3, 423 K only)"
C0138_T423,manual,0,C0138,C0138,423.0,0.8735512472689152,0.8770270928740502,-768997764214.8733,1.035526567697525,6e4c8611429f,a7ae7a6020f6,5e1d50a6e395,0,True,0,52.236,2.69166298233884,3.1141492101747787,152.23086136582305,0.011284221570132454,1.6897901579650454e-13,ae73669,2026-10-04T00:39:24+00:00,2.699912985173036,152.66697800580508,True,0.003732842372234405,3.25,3.1141492101747787,0.2203933897231904,5.0,2.254094207203374e-12,True,True,-2.3827340462260325,-2.23180779426907,-2.155618566984879,-2.1076843313576257,-2.0739937430704516,-2.0286922418851487,-1.9988643489801698,-1.9772965451667974,-1.9607502214283277,-1.9475283948898414,-1.9366445666122696,,11549,93,1.5,False,False,"variant-gamma0 (v1.1-frozen + mu_surf_gamma=0; robustness study v1.3, 423 K only)"
C0139_T423,manual,0,C0139,C0139,423.0,1.1611281625926495,1.1545897759497166,-1171445165760.8152,0.9434116713702678,5a2dec7046e1,a7ae7a6020f6,5e1d50a6e395,0,True,0,45.436,4.3327647261016695,3.1304871150224125,160.79370578038964,0.011231064115544797,1.6897901579650446e-13,ae73669,2026-10-04T00:40:47+00:00,4.348042352980235,160.9529322024007,True,0.003327561182264189,4.75,3.1304871150224125,0.21862165249176563,5.0,1.9593308891891654e-12,True,True,-5.7855956432939815,-2.684050636533305,-2.354356047351427,-2.2292246559205338,-2.157633416799322,-2.074650483088115,-2.0258991585944384,-1.9928324684807757,-1.9684859095366283,-1.9495790934611394,-1.9343377269679587,,10028,92,1.5,False,False,"variant-gamma0 (v1.1-frozen + mu_surf_gamma=0; robustness study v1.3, 423 K only)"
C0140_T423,manual,0,C0140,C0140,423.0,1.1157107528299093,0.8332653470337391,-1288678292185.068,0.9653282169252634,590caa5e0e79,a7ae7a6020f6,5e1d50a6e395,0,True,0,28.928,3.778458475256938,3.027105613075685,150.89828074566114,0.011606252892080752,1.6897901579650438e-13,ae73669,2026-10-04T00:43:35+00:00,3.786979135684651,151.08135671931765,True,0.0037864911524735905,4.25,3.027105613075685,0.22694920156128776,5.0,2.3517699781476975e-12,True,True,-3.206736666856238,-2.4066499056535413,-2.2384176372711804,-2.155085399201459,-2.102947555438632,-2.038840545295265,-1.9994563998903576,-1.9720376750289421,-1.9514845415555244,-1.935307970697335,-1.9221290202171144,,10262,92,1.5,False,False,"variant-gamma0 (v1.1-frozen + mu_surf_gamma=0; robustness study v1.3, 423 K only)"
C0141_T423,manual,0,C0141,C0141,423.0,0.8031468074768782,1.1108021393418313,-651734295301.1394,1.057393580302596,244afea5bddf,a7ae7a6020f6,5e1d50a6e395,0,True,0,33.131,3.0156418322573373,3.2430010477276516,159.40060364722262,0.010843156251297732,1.6897901579650443e-13,ae73669,2026-10-04T00:18:40+00:00,3.0205429640229466,159.7475793335531,True,0.0035892873994331593,3.5,3.2430010477276516,0.2109117356838518,5.0,1.6864131776272437e-12,True,True,-2.502464105438237,-2.2912501470702975,-2.1971355965119113,-2.1408012539522256,-2.1023087797317523,-2.0518331603563817,-2.019355768985593,-1.996239328930391,-1.9787149247356979,-1.9648442839412412,-1.9535161204082556,,12017,92,1.5,False,False,"variant-gamma0 (v1.1-frozen + mu_surf_gamma=0; robustness study v1.3, 423 K only)"
C0142_T423,manual,0,C0142,C0142,423.0,0.9696169264614584,0.965873870998621,-1047926864586.7704,0.8773622140288353,c59db72060fe,a7ae7a6020f6,5e1d50a6e395,0,True,0,45.189,3.591397152598245,3.232292706506099,155.25124679122393,0.010877415389167176,1.6897901579650446e-13,ae73669,2026-10-04T00:19:39+00:00,3.607584011506181,155.1445954167604,True,0.0033193455939869772,4.0,3.232292706506099,0.21177164266499274,5.0,1.6740903582019691e-12,True,True,-2.915063495706915,-2.4098023514502334,-2.2623580223780104,-2.183832373400801,-2.1330632375854237,-2.069142276126977,-2.0292057917195634,-2.001184121986047,-1.9800989260546284,-1.9634742862159598,-1.9499215146636195,,11081,92,1.5,False,False,"variant-gamma0 (v1.1-frozen + mu_surf_gamma=0; robustness study v1.3, 423 K only)"
C0143_T423,manual,0,C0143,C0143,423.0,1.0570531748235226,1.089911775290966,-888583324849.6056,1.195258981734514,b94279520f9d,a7ae7a6020f6,5e1d50a6e395,0,True,0,45.676,3.505585521728691,2.950606031688897,158.6309788867184,0.01190675342088293,1.6897901579650446e-13,ae73669,2026-10-04T00:20:11+00:00,3.5074092258010174,159.03300205835546,True,0.0039903275835330935,4.0,2.950606031688897,0.232845486258216,5.0,2.370612880220454e-12,True,True,-2.7563467937851778,-2.325237058960073,-2.1931026106083387,-2.12231043985604,-2.0765042800629585,-2.018893637296305,-1.9829931843862323,-1.9578756041356773,-1.9390281815909693,-1.9242066401632758,-1.9121530023854478,,10613,92,1.5,False,False,"variant-gamma0 (v1.1-frozen + mu_surf_gamma=0; robustness study v1.3, 423 K only)"
C0144_T423,manual,0,C0144,C0144,423.0,1.065290980786085,0.9591633331030608,-1389483158476.6506,0.9114680513739586,f3a5fc519ddf,a7ae7a6020f6,5e1d50a6e395,0,True,0,47.095,4.363065664329695,3.1748381759555633,154.96186972377546,0.011073308957926763,1.689790157965045e-13,ae73669,2026-10-04T00:20:55+00:00,4.378922758821752,155.0973832604503,True,0.0034049927633477313,4.75,3.1748381759555633,0.21568146006590888,5.0,1.1048948214686938e-12,True,True,-6.031313293775686,-2.6899747333409048,-2.351217699978193,-2.226944038802669,-2.156771379876647,-2.0761862179918,-2.0291443232410944,-1.9973176996021564,-1.9739040150764036,-1.9557225826051494,-1.941061142266232,,10613,91,1.5,False,False,"variant-gamma0 (v1.1-frozen + mu_surf_gamma=0; robustness study v1.3, 423 K only)"
C0145_T423,manual,0,C0145,C0145,423.0,0.9527639426290988,1.0851482708007096,-549010640010.2377,1.015837521106005,4ad8ba40f9eb,a7ae7a6020f6,5e1d50a6e395,0,True,0,47.33,2.719655832567309,3.1082684958012265,158.66247499434073,0.011307650464664764,1.6897901579650446e-13,ae73669,2026-10-04T00:21:34+00:00,2.724069856196826,159.139689652547,True,0.0035158249859251283,3.25,3.1082684958012265,0.22057924511916996,5.0,2.143105251763789e-12,True,True,-2.4160689996579254,-2.2544650436813307,-2.1724786079525464,-2.120666646009751,-2.084140101011063,-2.0349079038823445,-2.0024510694749,-1.9789839001117135,-1.9609920401323022,-1.9466276246265837,-1.934814192435085,,11198,92,1.5,False,False,"variant-gamma0 (v1.1-frozen + mu_surf_gamma=0; robustness study v1.3, 423 K only)"
C0146_T423,manual,0,C0146,C0146,423.0,0.8238846551626922,0.8417947214096785,-1148789780214.429,0.8485994938760997,52849ce17448,a7ae7a6020f6,5e1d50a6e395,0,True,0,51.952,3.4887148989392505,3.3462852863821477,151.35329965015399,0.010508592885299099,1.6897901579650449e-13,ae73669,2026-10-04T00:22:03+00:00,3.4905561278253874,151.83731218188845,True,0.003360956968255506,4.0,3.3462852863821477,0.20442517822219974,5.0,1.3793806905236954e-12,True,True,-2.7932041237726395,-2.385462674214052,-2.253657181567412,-2.1820961631045686,-2.1354913016458146,-2.0765274456328875,-2.0395483427484336,-2.013539473537383,-1.9939342727572762,-1.9784554326931545,-1.9658232231255126,,11900,92,1.5,False,False,"variant-gamma0 (v1.1-frozen + mu_surf_gamma=0; robustness study v1.3, 423 K only)"
C0147_T423,manual,0,C0147,C0147,423.0,1.1113578107208013,1.1142350900918243,-785793975926.9357,1.128800767287612,9aca98eb2c5f,a7ae7a6020f6,5e1d50a6e395,0,True,0,46.55,3.329331166650425,2.952580144839346,159.38242626046616,0.01189914815511168,1.689790157965044e-13,ae73669,2026-10-04T00:44:35+00:00,3.343680693148627,159.42351904757535,True,0.0038122470370382565,3.75,2.952580144839346,0.2326502661873056,5.0,1.0553415780156783e-12,True,True,-2.6293628887723206,-2.30725560686666,-2.1887053014577553,-2.12185338706724,-2.0774797781807495,-2.0205283140367793,-1.984446250686383,-1.9589532327050612,-1.9396982805461298,-1.9244841280844691,-1.912066013266935,,10262,92,1.5,False,False,"variant-gamma0 (v1.1-frozen + mu_surf_gamma=0; robustness study v1.3, 423 K only)"
C0148_T423,manual,0,C0148,C0148,423.0,1.1661494575440885,0.8980074424296618,-668652407824.9932,1.150642555952072,a0a13de4b104,a7ae7a6020f6,5e1d50a6e395,0,True,0,44.495,2.508678400082151,2.8319411858859245,152.75939873366855,0.012398823002327568,1.6897901579650443e-13,ae73669,2026-10-04T00:20:40+00:00,2.5115429229062856,153.09174355088655,True,0.0041494366059333905,3.0,2.8319411858859245,0.24328589355592117,5.0,2.2330556566182023e-12,True,True,-2.310883218591417,-2.1797929304196084,-2.1097160509240895,-2.064401912278302,-2.03201251006822,-1.987779860450304,-1.9582381326678762,-1.9366721023512612,-1.9200093622899157,-1.9066195396648211,-1.8955461028908684,,10028,92,1.5,False,False,"variant-gamma0 (v1.1-frozen + mu_surf_gamma=0; robustness study v1.3, 423 K only)"
C0149_T423,manual,0,C0149,C0149,423.0,0.8536648578941822,1.170473701879382,-1265900663100.183,0.8704924575984478,c510f7a90b43,a7ae7a6020f6,5e1d50a6e395,0,True,0,48.904,4.595259906297161,3.4563283072870337,161.3283939778053,0.010182285120126753,1.6897901579650454e-13,ae73669,2026-10-04T00:21:44+00:00,4.6113009396588955,161.48986416154486,True,0.0030732099514132936,5.0,3.4563283072870337,0.19706769776025418,5.0,1.6289233034753462e-12,True,True,-7.359096370109613,-2.9494138374751,-2.4393428199467513,-2.289301281856088,-2.209109682268106,-2.120032213862256,-2.0693428805263365,-2.0355853523789973,-2.011038808835494,-1.992154746194374,-1.9770452694127043,,11783,92,1.5,False,False,"variant-gamma0 (v1.1-frozen + mu_surf_gamma=0; robustness study v1.3, 423 K only)"
C0150_T423,manual,0,C0150,C0150,423.0,0.920055590197444,0.90290216691792,-931868585757.9113,1.0877266097813845,ada46d586ac3,a7ae7a6020f6,5e1d50a6e395,0,True,0,49.961,3.13702508431385,3.064205285315793,152.99888001443097,0.011467003053057786,1.689790157965044e-13,ae73669,2026-10-04T00:41:47+00:00,3.1508024645721804,153.13821610012178,True,0.003841768653235977,3.5,3.064205285315793,0.22408535521251322,5.0,2.7980617043831776e-12,True,True,-2.5134556403163386,-2.2736348558743567,-2.1744178190045287,-2.1166249892538076,-2.0776814061059623,-2.027119746435731,-1.9947813759038806,-1.9717983013951956,-1.9543666536431272,-1.9405500718623214,-1.9292453894095305,,11432,93,1.5,False,False,"variant-gamma0 (v1.1-frozen + mu_surf_gamma=0; robustness study v1.3, 423 K only)"
C0151_T423,manual,0,C0151,C0151,423.0,1.0075711842626334,1.0288612108677626,-1006594512611.6276,0.9833075892180204,3efb0cf31193,a7ae7a6020f6,5e1d50a6e395,0,True,0,51.203,3.646425686622884,3.126480677418841,157.03683043324534,0.011242694201597011,1.6897901579650446e-13,ae73669,2026-10-04T00:21:24+00:00,3.6598088335109145,157.38026131730777,True,0.003425528340382302,4.0,3.126480677418841,0.2192009258995266,5.0,1.995275263442469e-12,True,True,-2.9733413289133868,-2.3990361140240912,-2.2464587346424576,-2.1669965029858953,-2.116169470636529,-2.0527271488100793,-2.0133866284347857,-1.9859177677477269,-1.9653224807787413,-1.9491296018740056,-1.9359590066127552,,10847,93,1.5,False,False,"variant-gamma0 (v1.1-frozen + mu_surf_gamma=0; robustness study v1.3, 423 K only)"
C0152_T423,manual,0,C0152,C0152,423.0,1.0392777018249035,0.8005221370607615,-964444653131.0676,0.8998957797884941,c13ed3735a34,a7ae7a6020f6,5e1d50a6e395,0,True,0,49.306,2.935632292543194,3.0768167569072156,149.9139029765674,0.011418993324755074,1.689790157965045e-13,ae73669,2026-10-04T00:21:25+00:00,2.945127944998311,150.5682581636475,True,0.003544206168308536,3.5,3.0768167569072156,0.2232762519624154,5.0,2.303224882389677e-12,True,True,-2.4665127263650644,-2.2706563279140752,-2.179307831262574,-2.1235478893359634,-2.0849532365775687,-2.033623664949186,-2.0000546150343026,-1.9758298731576276,-1.9572425708902046,-1.942372180921556,-1.9301101693712324,,10613,93,1.5,False,False,"variant-gamma0 (v1.1-frozen + mu_surf_gamma=0; robustness study v1.3, 423 K only)"
C0153_T423,manual,0,C0153,C0153,423.0,0.9268485106527804,1.1311916198581458,-1100998239591.7178,1.1790699370205402,fb9df686218e,a7ae7a6020f6,5e1d50a6e395,0,True,0,37.956,4.09671155760163,3.094442352527431,159.86050132738893,0.011359040051301153,1.6897901579650443e-13,ae73669,2026-10-04T00:45:17+00:00,4.111291576464918,159.96231230247471,True,0.0038508280473764636,4.5,3.094442352527431,0.2214689317855379,5.0,1.878953396118835e-12,True,True,-4.477711407575185,-2.5030642867615156,-2.271381050229917,-2.1731116724064727,-2.1153176729321386,-2.0474620025459194,-2.007376805472366,-1.980173476132518,-1.9601667044934241,-1.9446583691565476,-1.9321833713825836,,11315,92,1.5,False,False,"variant-gamma0 (v1.1-frozen + mu_surf_gamma=0; robustness study v1.3, 423 K only)"
C0154_T423,manual,0,C0154,C0154,423.0,0.8994340669363737,0.9987761411815882,-700315779075.0265,0.961929577961564,9247f4e4fbb0,a7ae7a6020f6,5e1d50a6e395,0,True,0,52.679,2.8620397533507536,3.1844575008271288,156.15991561031245,0.011038938531180565,1.689790157965045e-13,ae73669,2026-10-04T00:40:17+00:00,2.8776257975133577,156.07625395014313,True,0.00346061949310812,3.25,3.1844575008271288,0.21513800247209028,5.0,9.216620522334296e-13,True,True,-2.4609124160042866,-2.277853903439007,-2.1896955824370026,-2.1352059599759863,-2.097269576138761,-2.046667480951203,-2.013585722901513,-1.989778046063971,-1.9715771014755177,-1.9570726849595321,-1.9451591761509,,11549,91,1.5,False,False,"variant-gamma0 (v1.1-frozen + mu_surf_gamma=0; robustness study v1.3, 423 K only)"
C0155_T423,manual,0,C0155,C0155,423.0,1.1870046880096197,1.0696569677442311,-1361224655993.2827,1.0669355388730764,ddf9f684b4f9,a7ae7a6020f6,5e1d50a6e395,0,True,0,43.276,4.562526206707383,3.008385071373108,158.1692513842944,0.011681715140499066,1.6897901579650443e-13,ae73669,2026-10-04T00:41:31+00:00,4.57596029823021,158.38966328049776,True,0.0037376331756241938,5.0,3.008385071373108,0.22800131694098358,5.0,1.2728620331979854e-12,True,True,-7.244503176066722,-2.8439346527799283,-2.358726939670582,-2.2156446239780894,-2.1393053979338426,-2.0545817472561834,-2.006323630569935,-1.974110421212534,-1.9506197797211289,-1.9324933882707584,-1.9179464313257095,,9794,92,1.5,False,False,"variant-gamma0 (v1.1-frozen + mu_surf_gamma=0; robustness study v1.3, 423 K only)"
C0156_T423,manual,0,C0156,C0156,423.0,1.1417963348329068,0.9424885775893926,-1244083318859.3389,1.0387773156166076,20590699e235,a7ae7a6020f6,5e1d50a6e395,0,True,0,29.836,3.971276320544115,2.9947005884930356,154.30584231457956,0.011732405951684542,1.6897901579650446e-13,ae73669,2026-10-04T00:44:05+00:00,3.9754423620271986,154.8302573864574,True,0.003770527579112121,4.5,2.9947005884930356,0.22932885438661382,5.0,2.645584142370328e-12,True,True,-3.8700359815505903,-2.4614827995061557,-2.2569344531257447,-2.163198066629954,-2.106334347174861,-2.037956813249356,-1.9966954307307472,-1.9682828010676534,-1.9471487955379814,-1.9306129184560297,-1.9172046603439563,,10145,91,1.5,False,False,"variant-gamma0 (v1.1-frozen + mu_surf_gamma=0; robustness study v1.3, 423 K only)"
C0157_T423,manual,0,C0157,C0157,423.0,0.8292142696678639,1.013395482674241,-817426892928.7792,0.9338225297629832,48fa1c755aa2,a7ae7a6020f6,5e1d50a6e395,0,True,0,37.278,3.1731747969386075,3.296697193244183,156.62928857449077,0.010667239463543735,1.6897901579650446e-13,ae73669,2026-10-04T00:19:17+00:00,3.184052804933938,156.99526840174505,True,0.003284870254374991,3.75,3.296697193244183,0.20741764176960414,5.0,1.2325383769162812e-12,True,True,-2.5880029061691894,-2.331097986232923,-2.2246003150279123,-2.162342372905072,-2.1202874081359684,-2.0655892977181,-2.03058141515736,-2.0057122406071604,-1.9868676849153453,-1.9719479555393848,-1.9597549011538231,,11900,93,1.5,False,False,"variant-gamma0 (v1.1-frozen + mu_surf_gamma=0; robustness study v1.3, 423 K only)"
C0158_T423,manual,0,C0158,C0158,423.0,0.9941401582211256,0.8567604955285788,-1483856431208.551,1.100959037616849,1291a496754d,a7ae7a6020f6,5e1d50a6e395,0,True,0,40.238,4.288417121993836,3.039135497477959,151.48843246282263,0.011561010546108004,1.6897901579650446e-13,ae73669,2026-10-04T00:20:20+00:00,4.298684788792267,151.6446863465083,True,0.004071638410359836,4.75,3.039135497477959,0.22598305865543528,5.0,2.233044503187144e-12,True,True,-5.630836099731664,-2.577576930477874,-2.2837752084389704,-2.1741627399243386,-2.1124018272425045,-2.041794517420196,-2.000767578966152,-1.9730892348146976,-1.9527652101601016,-1.9370042026441336,-1.924308143559732,,10964,92,1.5,False,False,"variant-gamma0 (v1.1-frozen + mu_surf_gamma=0; robustness study v1.3, 423 K only)"
C0159_T423,manual,0,C0159,C0159,423.0,1.0815579053014517,1.1874038908630609,-581556253135.2043,0.8217353295534849,945eecc35628,a7ae7a6020f6,5e1d50a6e395,0,True,0,45.793,3.0511216684936433,3.235041798689555,161.8726126808284,0.010870352333213462,1.689790157965045e-13,ae73669,2026-10-04T00:20:57+00:00,3.06401342819146,162.1606665264115,True,0.0029881837021099407,3.5,3.235041798689555,0.21135442949304722,5.0,2.99499827354824e-12,True,True,-2.5852189683462323,-2.3503732308055114,-2.242738458896575,-2.177056725221056,-2.1315370278488164,-2.0709544382905754,-2.0313800829231106,-2.0028993577536602,-1.9811197630073862,-1.9637563791988422,-1.9494874126225583,,10496,92,1.5,False,False,"variant-gamma0 (v1.1-frozen + mu_surf_gamma=0; robustness study v1.3, 423 K only)"
C0160_T423,manual,0,C0160,C0160,423.0,1.0791822891682386,0.9303420521318913,-758827797137.2008,0.9774698253721,9e59ebc59583,a7ae7a6020f6,5e1d50a6e395,0,True,0,46.258,2.8180837422127833,3.018847328425955,153.97465111474168,0.011638127849419073,1.6897901579650454e-13,ae73669,2026-10-04T00:21:41+00:00,2.8325945180470398,154.0439513636665,True,0.003662842560047608,3.25,3.018847328425955,0.22755200538854245,5.0,1.883248032183889e-12,True,True,-2.4298047984177322,-2.253412200069584,-2.166950326731657,-2.113068109568755,-2.075350717148281,-2.024752443151815,-1.9914659914590531,-1.9673898025166063,-1.9489040860416855,-1.934116876220436,-1.9219299478831586,,10496,92,1.5,False,False,"variant-gamma0 (v1.1-frozen + mu_surf_gamma=0; robustness study v1.3, 423 K only)"
C0161_T423,manual,0,C0161,C0161,423.0,0.9916055675595998,1.001226012408733,-1177678398787.975,1.0951208774000407,ab9cd96594ea,a7ae7a6020f6,5e1d50a6e395,0,True,0,51.873,3.96517995025201,3.0646283598355755,156.04223490428015,0.011467264609028308,1.6897901579650446e-13,ae73669,2026-10-04T00:22:26+00:00,3.9700953683166302,156.611566274952,True,0.003794329151561998,4.5,3.0646283598355755,0.22385219944679807,5.0,2.0956699169658395e-12,True,True,-3.8438626162538174,-2.457050590775494,-2.2565122902814863,-2.1650482547809027,-2.109757428532954,-2.0435396619348034,-2.0037751874666165,-1.9765072060760718,-1.9562992336285232,-1.940540165959383,-1.9278001340713151,,10964,92,1.5,False,False,"variant-gamma0 (v1.1-frozen + mu_surf_gamma=0; robustness study v1.3, 423 K only)"
C0162_T423,manual,0,C0162,C0162,423.0,0.8315261088311673,0.8688097544014455,-530772481113.6722,0.8653854735195637,91157b41e19d,a7ae7a6020f6,5e1d50a6e395,0,True,0,54.549,2.130252673462769,3.2633633726392386,152.20078016688853,0.010772604359491993,1.6897901579650443e-13,ae73669,2026-10-04T00:22:58+00:00,2.145665277280606,152.3358888645041,True,0.0033429123651336555,2.5,3.2633633726392386,0.20990870178433643,5.0,1.0207744487077583e-12,True,True,-2.325354940923587,-2.2224666848567276,-2.161844528262609,-2.120713644301898,-2.090452771558686,-2.048068108896498,-2.019152904182864,-1.9977783126613191,-1.9811302739900989,-1.9676792899959674,-1.9565126859596296,,11900,93,1.5,False,False,"variant-gamma0 (v1.1-frozen + mu_surf_gamma=0; robustness study v1.3, 423 K only)"
C0163_T423,manual,0,C0163,C0163,423.0,1.1439491935074328,1.1994760766625403,-1409643742255.8665,1.157305829226971,f92de86fa1b3,a7ae7a6020f6,5e1d50a6e395,0,True,0,47.039,4.96982527283879,3.0138826847211346,161.8488152348888,0.011661876238360926,1.6897901579650446e-13,ae73669,2026-10-04T00:45:22+00:00,4.973953156826754,162.12642822335133,True,0.0037878598630460857,5.5,3.0138826847211346,0.22742949048179634,5.0,2.1658059554280235e-12,True,True,-9.72092596526917,-3.8670764469100813,-2.4608496516102014,-2.2542229523592683,-2.1595748228484237,-2.0625538822078657,-2.0101704210574334,-1.9761630885907895,-1.9517987485197592,-1.9332315718398694,-1.9184707462015753,,10145,91,1.5,False,False,"variant-gamma0 (v1.1-frozen + mu_surf_gamma=0; robustness study v1.3, 423 K only)"
C0164_T423,manual,0,C0164,C0164,423.0,1.176865066215396,0.8125970348715783,-1042410796508.193,1.1354190301150084,3e71ee64d06e,a7ae7a6020f6,5e1d50a6e395,0,True,0,42.45,3.13459174462032,2.8404941036651072,149.994544199045,0.012361130458448772,1.6897901579650446e-13,ae73669,2026-10-04T00:21:23+00:00,3.148386025901845,150.26739410124657,True,0.004155426391919557,3.5,2.8404941036651072,0.24259608689160644,5.0,2.2577100171288713e-12,True,True,-2.4808327649549486,-2.241412485703306,-2.142536875511012,-2.0849233235914433,-2.0460493730566713,-1.9954382498288425,-1.962922369935662,-1.9397062486743755,-1.9220193963552652,-1.907941810038772,-1.8963786269105647,,9911,93,1.5,False,False,"variant-gamma0 (v1.1-frozen + mu_surf_gamma=0; robustness study v1.3, 423 K only)"
C0165_T423,manual,0,C0165,C0165,423.0,0.8894290115684271,1.1432374633848668,-898036126978.6954,0.8435497511178256,473cf1de3efe,a7ae7a6020f6,5e1d50a6e395,0,True,0,48.068,3.6821051810701126,3.3862296468025046,160.59935904726885,0.010389637753940226,1.6897901579650449e-13,ae73669,2026-10-04T00:22:32+00:00,3.6922033525775975,160.95259115533156,True,0.0029774067484069156,4.25,3.3862296468025046,0.2014858378365515,5.0,1.4511378131930774e-12,True,True,-3.079424877269539,-2.4639636418645834,-2.3017816269987836,-2.2170333922069156,-2.162664770459088,-2.0946310912300636,-2.052380220030009,-2.0228761203652,-2.0007672891280177,-1.9833995943299652,-1.9692876862228397,,11432,93,1.5,False,False,"variant-gamma0 (v1.1-frozen + mu_surf_gamma=0; robustness study v1.3, 423 K only)"
C0166_T423,manual,0,C0166,C0166,423.0,0.9370214395225048,0.986603219807148,-1310444966889.918,1.023287480324507,a34e5c4d0394,a7ae7a6020f6,5e1d50a6e395,0,True,0,53.556,4.241284739455236,3.170909493744492,155.69667521306928,0.01108656884696207,1.6897901579650438e-13,ae73669,2026-10-04T00:42:41+00:00,4.2426267497252645,156.20475873698325,True,0.003656213136743141,4.75,3.170909493744492,0.2160002978847779,5.0,2.0841418166336193e-12,True,True,-5.299410977911895,-2.591162074767797,-2.311245436071777,-2.2012089829013246,-2.138020435017615,-2.0648734491431657,-2.0220270419662953,-1.993034243695764,-1.9717258915865699,-1.9552028417133729,-1.9419002023005694,,11315,92,1.5,False,False,"variant-gamma0 (v1.1-frozen + mu_surf_gamma=0; robustness study v1.3, 423 K only)"
C0167_T423,manual,0,C0167,C0167,423.0,1.0495851911604404,1.0575130708515643,-626091914251.4468,0.9055867791175842,0a1ebc43eaa3,a7ae7a6020f6,5e1d50a6e395,0,True,0,49.902,2.84124429897957,3.129772131951826,157.99254186012467,0.011230760395413356,1.6897901579650446e-13,ae73669,2026-10-04T00:22:14+00:00,2.857136808087416,157.9557694963894,True,0.0033024396095297824,3.25,3.129772131951826,0.21898186572807019,5.0,1.977433893632614e-12,True,True,-2.4732963722590364,-2.2880736751033695,-2.196878192933121,-2.13983667027643,-2.099810254202192,-2.046012421421873,-2.010586446885863,-1.9849653087503005,-1.9653050179036051,-1.949590838186246,-1.9366512370613078,,10613,92,1.5,False,False,"variant-gamma0 (v1.1-frozen + mu_surf_gamma=0; robustness study v1.3, 423 K only)"
C0168_T423,manual,0,C0168,C0168,423.0,1.0035598259419205,0.8857659310102463,-1340125712566.0776,0.8143350537866354,90461a02404d,a7ae7a6020f6,5e1d50a6e395,0,True,0,53.426,4.060167579544299,3.277659453787641,152.82578413634195,0.01072785089605017,1.6897901579650446e-13,ae73669,2026-10-04T00:22:18+00:00,4.074692610227327,152.91729708090253,True,0.0032720002815780527,4.5,3.277659453787641,0.20875265820216196,5.0,1.5963890842132852e-12,True,True,-4.288701950750643,-2.5534662654175917,-2.3243365172170853,-2.221697958820566,-2.1598474576388664,-2.0857228631855613,-2.0410564521660306,-2.0102985076429856,-1.9874087074891884,-1.9694872712743403,-1.954945310437099,,10847,92,1.5,False,False,"variant-gamma0 (v1.1-frozen + mu_surf_gamma=0; robustness study v1.3, 423 K only)"
C0169_T423,manual,0,C0169,C0169,423.0,0.9160805698484182,1.1582031421363357,-719431374222.0402,1.1067907933145762,fb9315a04561,a7ae7a6020f6,5e1d50a6e395,0,True,0,38.854,3.2789998029951466,3.114962283341266,160.68880776291482,0.011284576936354498,1.6897901579650449e-13,ae73669,2026-10-04T00:45:57+00:00,3.2870574620139617,161.03918487436042,True,0.0036983813680359252,3.75,3.114962283341266,0.21997940245831407,5.0,1.2526472914498044e-12,True,True,-2.6120415223251263,-2.315415454888065,-2.2023156324753397,-2.13798730472858,-2.0951538500287743,-2.0401116952350256,-2.005256400853449,-1.9806680255969544,-1.9621316526389723,-1.9475147181680383,-1.9356080674655365,,11432,92,1.5,False,False,"variant-gamma0 (v1.1-frozen + mu_surf_gamma=0; robustness study v1.3, 423 K only)"
C0170_T423,manual,0,C0170,C0170,423.0,0.8574659548699857,0.9148503363132476,-1073002330958.8431,0.9271530576050282,ea5555c2afd0,a7ae7a6020f6,5e1d50a6e395,0,True,0,53.127,3.509548971653906,3.2637153185028867,153.55129187881465,0.010772906101030452,1.6897901579650454e-13,ae73669,2026-10-04T00:41:10+00:00,3.512851971389038,153.98511073836696,True,0.0034965672711569024,4.0,3.2637153185028867,0.20972809661514566,5.0,1.0968222857732357e-12,True,True,-2.802847339576127,-2.3767885428653495,-2.2430540939479435,-2.170963418784102,-2.124179947395491,-2.065182040545136,-2.028307825039139,-2.0024437142011142,-1.9829929950997873,-1.967667125541998,-1.9551819128570498,,11666,92,1.5,False,False,"variant-gamma0 (v1.1-frozen + mu_surf_gamma=0; robustness study v1.3, 423 K only)"
C0171_T423,manual,0,C0171,C0171,423.0,1.1699868865311145,1.040838410705328,-990457228384.912,1.0438781008124352,7f1101405f93,a7ae7a6020f6,5e1d50a6e395,0,True,0,46.385,3.6337511020797555,2.9793036626186695,157.32962979143784,0.01179333109283653,1.689790157965044e-13,ae73669,2026-10-04T00:42:17+00:00,3.6477872359492247,157.35725980383074,True,0.003606840369502467,4.0,2.9793036626186695,0.2304745992985035,5.0,1.569064322914926e-12,True,True,-2.9410009604226754,-2.377412005448546,-2.22591050003333,-2.1467351612574563,-2.095982749020882,-2.0324932296036486,-1.9930290381569487,-1.9654212666586721,-1.9446881817997048,-1.9283635086532072,-1.9150684229222263,,9911,93,1.5,False,False,"variant-gamma0 (v1.1-frozen + mu_surf_gamma=0; robustness study v1.3, 423 K only)"
C0172_T423,manual,0,C0172,C0172,423.0,1.1029027592390777,0.9711379043757916,-623224036768.0789,1.0719912897795438,4c2e32abaa76,a7ae7a6020f6,5e1d50a6e395,0,True,0,28.556,2.6034856955115884,2.935638264998201,155.1488035151463,0.011965314944175309,1.6897901579650446e-13,ae73669,2026-10-04T00:44:33+00:00,2.618702545772193,154.94299256199267,True,0.003811034983161378,3.0,2.935638264998201,0.23425551584795684,5.0,1.0730748435599576e-12,True,True,-2.3581591605606644,-2.213464656042194,-2.137659689118246,-2.0890669495766083,-2.0545120369133754,-2.007547778716683,-1.9763273161839774,-1.9536128984717323,-1.9361098678159334,-1.9220758656491794,-1.9104913398512409,,10262,91,1.5,False,False,"variant-gamma0 (v1.1-frozen + mu_surf_gamma=0; robustness study v1.3, 423 K only)"
C0173_T423,manual,0,C0173,C0173,423.0,0.8153688576072455,1.09709989130497,-1440265730954.7063,0.9553173232823612,82f2cd734853,a7ae7a6020f6,5e1d50a6e395,0,True,0,32.864,4.820980977263816,3.407821650007482,159.10727285256309,0.010325173221846182,1.6897901579650446e-13,ae73669,2026-10-04T00:19:51+00:00,4.8356341842819806,159.2534600074209,True,0.0033619987689414584,5.25,3.407821650007482,0.20007757108124413,5.0,1.1378724279922056e-12,True,True,-8.843840793485858,-3.352442524122157,-2.4653935517531904,-2.288841229063393,-2.2023410986071603,-2.1109120761267155,-2.060658784081822,-2.027788475879458,-2.004150759538731,-1.98610265360271,-1.9717411935473244,,12017,92,1.5,False,False,"variant-gamma0 (v1.1-frozen + mu_surf_gamma=0; robustness study v1.3, 423 K only)"
C0174_T423,manual,0,C0174,C0174,423.0,0.9614964418113232,0.8295275770127774,-852197711355.9843,1.1849574081599712,9c91a14e6045,a7ae7a6020f6,5e1d50a6e395,0,True,0,40.631,2.7395286364593527,2.9385077335893115,150.5036940156499,0.011951814454613324,1.6897901579650446e-13,ae73669,2026-10-04T00:21:01+00:00,2.7410432767575195,150.96096056867643,True,0.004264782375836778,3.25,2.9385077335893115,0.23422926458588794,5.0,1.1485309231451524e-12,True,True,-2.3515293879679504,-2.1982290051197486,-2.122994905107394,-2.0762727074974303,-2.0436771961301607,-2.000112714314512,-1.9715592250653375,-1.950959145826418,-1.9351732295577984,-1.9225661576607935,-1.912190977979863,,11081,92,1.5,False,False,"variant-gamma0 (v1.1-frozen + mu_surf_gamma=0; robustness study v1.3, 423 K only)"
C0175_T423,manual,0,C0175,C0175,423.0,1.0739627279341222,1.1019908666610718,-1207389598712.3252,0.8924520194530488,9cc91a884910,a7ae7a6020f6,5e1d50a6e395,0,True,0,46.187,4.298139755203442,3.2200638346876227,159.3200935708443,0.010920883095540963,1.689790157965044e-13,ae73669,2026-10-04T00:21:44+00:00,4.310391919176476,159.63362026975426,True,0.003250877581500329,4.75,3.2200638346876227,0.21233575966730153,5.0,2.095048225568854e-12,True,True,-5.588771404065114,-2.672795571296723,-2.360424537352389,-2.2384014084606374,-2.168005344314399,-2.0859970861661283,-2.0376474500326998,-2.0047904360741007,-1.9805684814563034,-1.961742241849818,-1.946556281616296,,10496,92,1.5,False,False,"variant-gamma0 (v1.1-frozen + mu_surf_gamma=0; robustness study v1.3, 423 K only)"
C0176_T423,manual,0,C0176,C0176,423.0,1.0533011443912983,0.8454122599214315,-710333189927.0415,1.0008453719317911,b17af97433e4,a7ae7a6020f6,5e1d50a6e395,0,True,0,43.771,2.468915591745825,2.98002484304545,151.2555516095076,0.011786949433389093,1.6897901579650446e-13,ae73669,2026-10-04T00:22:25+00:00,2.4734933876104757,151.7954293496163,True,0.003789636089472545,3.0,2.98002484304545,0.2308018156569745,5.0,2.373223581366881e-12,True,True,-2.3327809388703544,-2.2041966301540348,-2.1343719603164133,-2.0888764804969586,-2.0562051389299785,-2.01139256843594,-1.9813412921836218,-1.9593418699544558,-1.9423086785083024,-1.92859857960989,-1.9172449951770294,,10613,92,1.5,False,False,"variant-gamma0 (v1.1-frozen + mu_surf_gamma=0; robustness study v1.3, 423 K only)"
C0177_T423,manual,0,C0177,C0177,423.0,0.9657303355634212,1.12297199703753,-1355083011090.7554,0.9218672811985016,9b6141fe39ea,a7ae7a6020f6,5e1d50a6e395,0,True,0,51.226,4.687465283562493,3.2963120785746334,159.88923179554993,0.010671003342449829,1.6897901579650449e-13,ae73669,2026-10-04T00:23:17+00:00,4.6965411847032215,160.4207024693166,True,0.003215000907003814,5.25,3.2963120785746334,0.2071630276804294,5.0,1.5203645887907209e-12,True,True,-7.9727174635487605,-3.0664329259148695,-2.4368323066714783,-2.2756991162531732,-2.1921798530311993,-2.1009438285520385,-2.049568559358787,-2.0155072183450686,-1.9907914308564203,-1.9717947440616372,-1.9565996691782561,,11081,93,1.5,False,False,"variant-gamma0 (v1.1-frozen + mu_surf_gamma=0; robustness study v1.3, 423 K only)"
C0178_T423,manual,0,C0178,C0178,423.0,0.807207327708602,0.9538249876350164,-939366821199.6556,1.1387140046805144,ca3dce2d0c11,a7ae7a6020f6,5e1d50a6e395,0,True,0,57.538,3.2870730573272677,3.1628894794298144,154.54404032719916,0.01111352564597456,1.6897901579650446e-13,ae73669,2026-10-04T00:23:56+00:00,3.296915227788714,154.85001160141044,True,0.00396318186197547,3.75,3.1628894794298144,0.21668082292270938,5.0,1.1908547065120345e-12,True,True,-2.5877903343985778,-2.2975927004815087,-2.190022060309199,-2.129666928282693,-2.089814720485911,-2.038971456656928,-2.006959197512068,-1.9844435171698744,-1.9674977267822633,-1.9541481439670658,-1.943280654811856,,11900,92,1.5,False,False,"variant-gamma0 (v1.1-frozen + mu_surf_gamma=0; robustness study v1.3, 423 K only)"
C0179_T423,manual,0,C0179,C0179,423.0,1.119636706635356,1.0778399650007486,-1122139277867.973,0.8339041281491518,7ddf95e081be,a7ae7a6020f6,5e1d50a6e395,0,True,0,47.411,4.048462784864164,3.2351421656162263,158.6984984162071,0.010870282007436902,1.689790157965044e-13,ae73669,2026-10-04T00:46:10+00:00,4.061021353755869,158.97023810887646,True,0.003121615228371055,4.5,3.2351421656162263,0.21131972461724058,5.0,2.8312228845849285e-12,True,True,-4.22246208001467,-2.567150985873486,-2.335040244278729,-2.2291135017226154,-2.164637710664771,-2.086755248122243,-2.039563393974155,-2.0069961752729784,-1.9827447856288767,-1.9637591888773656,-1.9483604748214869,,10145,92,1.5,False,False,"variant-gamma0 (v1.1-frozen + mu_surf_gamma=0; robustness study v1.3, 423 K only)"
C0180_T423,manual,0,C0180,C0180,423.0,1.152346596866846,0.9100860629230738,-1489280914887.786,0.8620432682335377,860a186bd4c5,a7ae7a6020f6,5e1d50a6e395,0,True,0,45.12,4.468255489057619,3.165837567335074,153.51845509986228,0.011104453966368551,1.6897901579650443e-13,ae73669,2026-10-04T00:22:09+00:00,4.473202562820689,154.07854018948598,True,0.0033484936891999776,5.0,3.165837567335074,0.21632791471279134,5.0,2.8479087719077337e-12,True,True,-6.7076997074056415,-2.7785493452880567,-2.375883894139341,-2.2403048820017504,-2.165408454260272,-2.0804295430172592,-2.031170165116066,-1.9979248465578225,-1.9734841761881583,-1.9545027919307565,-1.939188065041958,,10028,93,1.5,False,False,"variant-gamma0 (v1.1-frozen + mu_surf_gamma=0; robustness study v1.3, 423 K only)"
C0181_T423,manual,0,C0181,C0181,423.0,0.864928662031889,1.034127127751708,-572256003506.4817,1.1668035134673118,6bbe649c9ddf,a7ae7a6020f6,5e1d50a6e395,0,True,0,51.933,2.638088362035076,3.075005797639171,156.99829419146772,0.011428382509733482,1.6897901579650443e-13,ae73669,2026-10-04T00:23:24+00:00,2.6513329985260436,157.1705937559506,True,0.0038292175101342484,3.0,3.075005797639171,0.22312991706253774,5.0,1.5650871744709279e-12,True,True,-2.361148301526469,-2.217569328069075,-2.1440827631896204,-2.097591445436033,-2.0648338308169847,-2.0207448667115195,-1.991739126477879,-1.9708068859551282,-1.954785961062486,-1.9420152321424244,-1.931527921654101,,11666,93,1.5,False,False,"variant-gamma0 (v1.1-frozen + mu_surf_gamma=0; robustness study v1.3, 423 K only)"
C0182_T423,manual,0,C0182,C0182,423.0,0.9109402265399694,0.8891996268182993,-1222225115634.501,0.9999591168016196,2ea2a66b2958,a7ae7a6020f6,5e1d50a6e395,0,True,0,50.16,3.779578146033457,3.1606190326719785,152.65135021405763,0.011120680347021687,1.6897901579650446e-13,ae73669,2026-10-04T00:43:31+00:00,3.7882471110106426,152.9093784712574,True,0.0037459743722284278,4.25,3.1606190326719785,0.21691457284461435,5.0,1.595481860272701e-12,True,True,-3.212870561944189,-2.4131768434689236,-2.247505851206846,-2.1659639742843395,-2.1151727087198444,-2.053040227236378,-2.015103373140736,-1.9888318429405183,-1.969230869453838,-1.953868642437516,-1.941400972774519,,11432,92,1.5,False,False,"variant-gamma0 (v1.1-frozen + mu_surf_gamma=0; robustness study v1.3, 423 K only)"
C0183_T423,manual,0,C0183,C0183,423.0,1.0235224794596434,1.1667332854121923,-843221889808.774,1.07898826636374,1d32cb1a9aa0,a7ae7a6020f6,5e1d50a6e395,0,True,0,47.997,3.5877525807106805,3.0653096825241515,160.95937751847745,0.011466036127381595,1.6897901579650449e-13,ae73669,2026-10-04T00:23:03+00:00,3.602559575634581,160.97205061679398,True,0.0036211203641984295,4.0,3.0653096825241515,0.22365936376182952,5.0,1.1743082012933947e-12,True,True,-2.8853726956608985,-2.3752431703561334,-2.2299760819450363,-2.1532080852501263,-2.103796817884027,-2.0418761615710252,-2.003401173770464,-1.9765328281999082,-1.9564004575845662,-1.9405866941767496,-1.9277384260046702,,10730,92,1.5,False,False,"variant-gamma0 (v1.1-frozen + mu_surf_gamma=0; robustness study v1.3, 423 K only)"
C0184_T423,manual,0,C0184,C0184,423.0,1.0296316154301166,0.9884309340268372,-1127084138803.184,1.1878082565963268,4af294346508,a7ae7a6020f6,5e1d50a6e395,0,True,0,52.266,3.8088460028048465,2.9688336405933677,155.5621457510009,0.01183353095874264,1.6897901579650446e-13,ae73669,2026-10-04T00:23:11+00:00,3.821625461765155,155.6655660218642,True,0.004093141314669396,4.25,2.9688336405933677,0.23143712142047337,5.0,1.5854386744887161e-12,True,True,-3.2767075213334387,-2.386842356324198,-2.217744188572894,-2.1360177602524613,-2.0855043282185055,-2.024078189330735,-1.986768104022287,-1.9610223751975282,-1.9418661084670406,-1.9268856486864223,-1.9147503211380945,,10730,92,1.5,False,False,"variant-gamma0 (v1.1-frozen + mu_surf_gamma=0; robustness study v1.3, 423 K only)"
C0185_T423,manual,0,C0185,C0185,423.0,0.9421586535871028,1.0675500255078076,-811375323683.0234,0.8832442283630372,79cefd6fdac4,a7ae7a6020f6,5e1d50a6e395,0,True,0,38.503,3.297669663879676,3.257697439475026,158.3382172835902,0.01079422931225936,1.6897901579650443e-13,ae73669,2026-10-04T00:46:35+00:00,3.3099413281752885,158.6610142858146,True,0.003239103299607093,3.75,3.257697439475026,0.20995429430173143,5.0,2.0558643598057534e-12,True,True,-2.673370517863064,-2.3644046525434317,-2.244331503154888,-2.175308663757977,-2.1290129588892595,-2.0690717195194197,-2.030813767697467,-2.003662843594718,-1.9830946330496122,-1.9668083600348376,-1.9534941078257417,,11198,92,1.5,False,False,"variant-gamma0 (v1.1-frozen + mu_surf_gamma=0; robustness study v1.3, 423 K only)"
C0186_T423,manual,0,C0186,C0186,423.0,0.8819754894822837,0.812466086819768,-1395182333886.6233,1.0507745575159788,1bffe6c260c5,a7ae7a6020f6,5e1d50a6e395,0,True,0,49.58,3.958405371501979,3.1342195252211664,150.10130709833624,0.011212397417666081,1.689790157965045e-13,ae73669,2026-10-04T00:42:00+00:00,3.9643729643415258,150.5969277795002,True,0.003900244228901093,4.5,3.1342195252211664,0.21894332070560293,5.0,2.1021723531517882e-12,True,True,-3.8089507233288593,-2.4418013381496424,-2.249026856252658,-2.161882328854162,-2.1095218342118125,-2.047111255299505,-2.009739051090759,-1.9841229611353703,-1.9651285151338067,-1.950301517294149,-1.9383019198555531,,11549,93,1.5,False,False,"variant-gamma0 (v1.1-frozen + mu_surf_gamma=0; robustness study v1.3, 423 K only)"
C0187_T423,manual,0,C0187,C0187,423.0,1.1945023339241745,1.1317967128008604,-539374730549.7527,0.9703787434846164,740e45bad5e3,a7ae7a6020f6,5e1d50a6e395,0,True,0,41.871,2.8113096182435697,2.999475869195297,160.0869187439159,0.01171500145750408,1.689790157965045e-13,ae73669,2026-10-04T00:43:00+00:00,2.824914500669841,160.3376821566133,True,0.0034362931471820747,3.25,2.999475869195297,0.22882647292136857,5.0,1.113409711650526e-12,True,True,-2.4505858915178984,-2.2691377861206647,-2.1788225981102123,-2.1220393119311067,-2.0820681021341407,-2.028192595213166,-1.992629095172099,-1.96687028359786,-1.947084295445539,-1.931257653034928,-1.9182175040496934,,9794,92,1.5,False,False,"variant-gamma0 (v1.1-frozen + mu_surf_gamma=0; robustness study v1.3, 423 K only)"
C0188_T423,manual,0,C0188,C0188,423.0,1.1272122241556644,0.8562278311699629,-906516121700.406,0.9485178716480732,c775522e7003,a7ae7a6020f6,5e1d50a6e395,0,True,0,28.323,2.9590381327977857,3.0005429458282573,151.67713949615847,0.011707789445473345,1.6897901579650443e-13,ae73669,2026-10-04T00:45:02+00:00,2.965140616318758,152.2099859796001,True,0.003639547929919903,3.5,3.0005429458282573,0.2290761255757412,5.0,2.4191177685878157e-12,True,True,-2.468391652384367,-2.2662454117244035,-2.172763123094156,-2.115844864557514,-2.0764975887342545,-2.0242273555188013,-1.9900861263135918,-1.9654744662742267,-1.946607458376493,-1.9315250965808592,-1.9190966207641063,,10145,93,1.5,False,False,"variant-gamma0 (v1.1-frozen + mu_surf_gamma=0; robustness study v1.3, 423 K only)"
C0189_T423,manual,0,C0189,C0189,423.0,0.8396968238055706,1.1755843508988617,-1028071270324.2898,1.0288640543818477,3361aa8d33ed,a7ae7a6020f6,5e1d50a6e395,0,True,0,32.315,4.040706554987539,3.2886053798294936,161.28323667583155,0.010695419902257346,1.6897901579650449e-13,ae73669,2026-10-04T00:20:23+00:00,4.051226895075711,161.59656246189437,True,0.0034819628008477188,4.5,3.2886053798294936,0.20771785410654825,5.0,2.4275386901203882e-12,True,True,-4.1884132227854565,-2.5240484901112046,-2.3035096812073155,-2.205684547427924,-2.14713612159868,-2.0775544304178943,-2.036085543542543,-2.00781906215432,-1.986979414770451,-1.9708021603534625,-1.9577776941642016,,11783,92,1.5,False,False,"variant-gamma0 (v1.1-frozen + mu_surf_gamma=0; robustness study v1.3, 423 K only)"
C0190_T423,manual,0,C0190,C0190,423.0,0.9873685445636512,0.9447183977812528,-678517197258.7705,0.811336075887084,4db9dafa655b,a7ae7a6020f6,5e1d50a6e395,0,True,0,41.504,2.6854083563743405,3.232601813137305,154.69000208660339,0.01087544420383836,1.689790157965044e-13,ae73669,2026-10-04T00:21:42+00:00,2.695294608711216,155.2175138970503,True,0.0030991240853593485,3.25,3.232601813137305,0.21185059887367877,5.0,1.7922932606854383e-12,True,True,-2.4486600322117447,-2.2872850349194653,-2.2032107310480504,-2.149338994780057,-2.1110049471180026,-2.058835151865542,-2.0240909827588784,-1.9987725782295802,-1.9792361682215625,-1.9635529953998991,-1.950593342305766,,10964,93,1.5,False,False,"variant-gamma0 (v1.1-frozen + mu_surf_gamma=0; robustness study v1.3, 423 K only)"
C0191_T423,manual,0,C0191,C0191,423.0,1.0998529504984618,1.023811598494649,-1259972607716.918,1.1159511629492045,1ad3cf6b3cf0,a7ae7a6020f6,5e1d50a6e395,0,True,0,48.098,4.211379549152753,2.994996996005359,156.738822621197,0.011732126233789615,1.6897901579650446e-13,ae73669,2026-10-04T00:22:32+00:00,4.216763042295611,157.12784256470746,True,0.0038390715277307093,4.75,2.994996996005359,0.22921147076739337,5.0,2.380825773582344e-12,True,True,-5.124169313720865,-2.553974282527155,-2.283391247977305,-2.175291962719779,-2.112840592137698,-2.0402136629510386,-1.9975029852830612,-1.9685281280351818,-1.947192620936804,-1.9306232728016695,-1.9172660666844796,,10379,93,1.5,False,False,"variant-gamma0 (v1.1-frozen + mu_surf_gamma=0; robustness study v1.3, 423 K only)"
C0192_T423,manual,0,C0192,C0192,423.0,1.094562317803502,0.9831174056977032,-643170030787.5872,0.8871530741453171,ce3fd741d07a,a7ae7a6020f6,5e1d50a6e395,0,True,0,46.677,2.696114719859364,3.0940507103350434,155.7619527754664,0.011358448348254033,1.6897901579650446e-13,ae73669,2026-10-04T00:23:12+00:00,2.704205679607004,156.10284037964252,True,0.0032939340277797465,3.25,3.0940507103350434,0.22170715041418024,5.0,1.1305844777174309e-12,True,True,-2.4296910171494175,-2.267184707638489,-2.183066106933865,-2.1293179127597814,-2.0911343572561014,-2.0392453749354593,-2.0047338306092968,-1.979606639595571,-1.9602295080066487,-1.9446809925525699,-1.9318367019931697,,10379,93,1.5,False,False,"variant-gamma0 (v1.1-frozen + mu_surf_gamma=0; robustness study v1.3, 423 K only)"
C0193_T423,manual,0,C0193,C0193,423.0,0.9820833448320628,1.0602666843682529,-1295289487577.9749,1.191718050092459,72ac53635503,a7ae7a6020f6,5e1d50a6e395,0,True,0,53.596,4.377917961155462,3.0427946390043994,157.7667644401688,0.01154962509367989,1.689790157965045e-13,ae73669,2026-10-04T00:24:11+00:00,4.3916662526244155,158.03486545287214,True,0.0039036316802565597,4.75,3.0427946390043994,0.22544219720491276,5.0,2.0940286651967806e-12,True,True,-6.117378832762233,-2.6445180756606486,-2.30298140300382,-2.184467879099178,-2.1189950846755816,-2.0450906485792313,-2.0026150293596854,-1.974181564743449,-1.9534347221150106,-1.9374321129483416,-1.9246014688656383,,11081,93,1.5,False,False,"variant-gamma0 (v1.1-frozen + mu_surf_gamma=0; robustness study v1.3, 423 K only)"
C0194_T423,manual,0,C0194,C0194,423.0,0.8406559497117997,0.8161316644400358,-878982056863.606,0.974287762120366,63336d46d846,a7ae7a6020f6,5e1d50a6e395,0,True,0,50.662,2.777405181491812,3.175263040350336,150.3201700222272,0.01106820220020401,1.6897901579650449e-13,ae73669,2026-10-04T00:24:47+00:00,2.78570285123591,150.57576932459637,True,0.003775404609609806,3.25,3.175263040350336,0.21605244491816125,5.0,1.1474996300386842e-12,True,True,-2.410505963820047,-2.2479071783238305,-2.1682431443885792,-2.1187721859105304,-2.0842535094034726,-2.038107333612814,-2.007853076766752,-1.9860211423531622,-1.9692882710664326,-1.9559229155203597,-1.9449222117502534,,11783,92,1.5,False,False,"variant-gamma0 (v1.1-frozen + mu_surf_gamma=0; robustness study v1.3, 423 K only)"
C0195_T423,manual,0,C0195,C0195,423.0,1.1281771704554555,1.1405326921492815,-1055575063452.1244,1.0546841543167829,ed6bf78acb52,a7ae7a6020f6,5e1d50a6e395,0,True,0,46.617,4.022116994529124,3.033883299443256,160.26903743498733,0.011584261799221675,1.6897901579650449e-13,ae73669,2026-10-04T00:46:57+00:00,4.028673339364969,160.6569014637329,True,0.0036328765767106815,4.5,3.033883299443256,0.2260184776291437,5.0,2.1298699461289596e-12,True,True,-4.1017133963133645,-2.4990924013318,-2.278923008084329,-2.179696137883709,-2.119792448504409,-2.048003992680826,-2.004844047834416,-1.9752248017700107,-1.953263706223609,-1.936131636171741,-1.9222776933583263,,10145,92,1.5,False,False,"variant-gamma0 (v1.1-frozen + mu_surf_gamma=0; robustness study v1.3, 423 K only)"
C0196_T423,manual,0,C0196,C0196,423.0,1.198594580963254,0.8723948646336794,-1422838944010.4363,1.026516790688038,cb5e4e95e200,a7ae7a6020f6,5e1d50a6e395,0,True,0,44.942,4.196207850000595,2.967123073180514,152.08729967748602,0.011840011440981145,1.6897901579650443e-13,ae73669,2026-10-04T00:22:54+00:00,4.203870250241454,152.65696030812802,True,0.003808963830351713,4.75,2.967123073180514,0.23160405383428023,5.0,2.9871265923114536e-12,True,True,-5.060119428947958,-2.5451313623758853,-2.280221065528387,-2.172876710116395,-2.1105474373566397,-2.037728665012814,-1.9946673698765747,-1.965307099824516,-1.943587340297843,-1.926647877954942,-1.9129393401506691,,9794,93,1.5,False,False,"variant-gamma0 (v1.1-frozen + mu_surf_gamma=0; robustness study v1.3, 423 K only)"
C0197_T423,manual,0,C0197,C0197,423.0,0.8860603902488947,1.1968189220875505,-511748392134.9049,0.9461715675890444,aa6181554c52,a7ae7a6020f6,5e1d50a6e395,0,True,0,47.695,2.8979113330229085,3.253730455945509,161.9842630453877,0.010808077707138465,1.6897901579650449e-13,ae73669,2026-10-04T00:24:12+00:00,2.9112105309147784,162.1189973565927,True,0.0031558320236567557,3.25,3.253730455945509,0.21013870057446446,5.0,3.0576351615730665e-12,True,True,-2.4978174137489053,-2.303849222693488,-2.210907554431558,-2.153492389786196,-2.1135243405225794,-2.06024198036846,-2.0254584970581946,-2.000473640505086,-1.981411602734019,-1.9662515415156223,-1.9538233620771492,,11549,93,1.5,False,False,"variant-gamma0 (v1.1-frozen + mu_surf_gamma=0; robustness study v1.3, 423 K only)"
C0198_T423,manual,0,C0198,C0198,423.0,0.9400007545948028,0.9269034165889024,-1162552900612.3542,1.1136040840297938,3e869880f904,a7ae7a6020f6,5e1d50a6e395,0,True,0,49.738,3.735172461501305,3.064319947601307,153.70115974243305,0.011467280264267523,1.6897901579650446e-13,ae73669,2026-10-04T00:44:21+00:00,3.7373255407500876,154.1657519135926,True,0.003940685469033511,4.25,3.064319947601307,0.22400011220814905,5.0,1.0008590063059416e-12,True,True,-3.0965406763458287,-2.3794536095449135,-2.222388240780221,-2.144379787970848,-2.095634596297482,-2.0359029509814888,-1.9994085222876208,-1.9741408209949443,-1.9552982642613532,-1.940539573056054,-1.9285695592894527,,11198,92,1.5,False,False,"variant-gamma0 (v1.1-frozen + mu_surf_gamma=0; robustness study v1.3, 423 K only)"
C0199_T423,manual,0,C0199,C0199,423.0,1.0274667575955392,1.0040296625345946,-775936848483.9797,0.8089895632117987,fbbb5e643414,a7ae7a6020f6,5e1d50a6e395,0,True,0,50.638,3.0653969632211235,3.2441865848061364,156.52887526017832,0.010838109068157678,1.6897901579650443e-13,ae73669,2026-10-04T00:23:54+00:00,3.080365819462043,156.7960726860228,True,0.0031123087377318568,3.5,3.2441865848061364,0.21093612481979113,5.0,1.510284257057984e-12,True,True,-2.5747178938913677,-2.3405380328612684,-2.2348718091677116,-2.1708968993928686,-2.126770259917783,-2.0682657383898415,-2.030145600991914,-2.002732432304504,-1.9817678388187707,-1.9650464828253174,-1.9512962996251628,,10730,92,1.5,False,False,"variant-gamma0 (v1.1-frozen + mu_surf_gamma=0; robustness study v1.3, 423 K only)"
C0200_T423,manual,0,C0200,C0200,423.0,1.0194279450923205,0.8261301670223475,-1195163359865.546,0.9242136150598526,95d819fdaad1,a7ae7a6020f6,5e1d50a6e395,0,True,0,49.633,3.544213225516696,3.107721097680301,150.71010564472255,0.01130728360849061,1.6897901579650443e-13,ae73669,2026-10-04T00:24:01+00:00,3.556050397592066,150.97328914755693,True,0.0036746595552989226,4.0,3.107721097680301,0.2208703676580001,5.0,2.0309136288608255e-12,True,True,-2.822088101063854,-2.3649203171759594,-2.2271779059686745,-2.153614838906763,-2.1060403878095744,-2.046112825310868,-2.0086141074019763,-1.982246260982234,-1.962358753057311,-1.9466417147505333,-1.9338002768413105,,10847,92,1.5,False,False,"variant-gamma0 (v1.1-frozen + mu_surf_gamma=0; robustness study v1.3, 423 K only)"
C0201_T423,manual,0,C0201,C0201,423.0,0.9068515066057444,1.1048510070890187,-870252897031.6052,1.0031926535069942,5ce52964648a,a7ae7a6020f6,5e1d50a6e395,0,True,0,37.489,3.512881918071052,3.2005787765337033,159.28004049511947,0.01098539859642066,1.6897901579650449e-13,ae73669,2026-10-04T00:47:13+00:00,3.517050925307855,159.72015641182878,True,0.003492855704984837,4.0,3.2005787765337033,0.21383920435145543,5.0,1.2429717420267012e-12,True,True,-2.811810499951952,-2.376914543034238,-2.240591233695696,-2.1669577501466835,-2.1191056742747123,-2.0587219499649074,-2.0210068484347743,-1.9945956444223967,-1.974772266728176,-1.9591841804289134,-1.9465100722732842,,11432,92,1.5,False,False,"variant-gamma0 (v1.1-frozen + mu_surf_gamma=0; robustness study v1.3, 423 K only)"
C0202_T423,manual,0,C0202,C0202,423.0,0.8670842677354813,0.9747794393450022,-1454407007433.474,0.8362506587058306,98db72c86eeb,a7ae7a6020f6,5e1d50a6e395,0,True,0,55.432,4.561576879012074,3.4263674905552053,155.59769646028764,0.01026822331199784,1.6897901579650449e-13,ae73669,2026-10-04T00:42:56+00:00,4.576065518249925,155.74963482807448,True,0.0031957391573160564,5.0,3.4263674905552053,0.19911153364809403,5.0,1.91200886136512e-12,True,True,-7.2590080867303435,-2.893698806036487,-2.4208392526234856,-2.276857261884652,-2.199439045285534,-2.113175026988692,-2.063927269835844,-2.0310249767019544,-2.0070245263031437,-1.9885046949174419,-1.9736447423113517,,11666,92,1.5,False,False,"variant-gamma0 (v1.1-frozen + mu_surf_gamma=0; robustness study v1.3, 423 K only)"
C0203_T423,manual,0,C0203,C0203,423.0,1.154507641494274,1.0944839086383582,-607099147513.5088,1.1410611134022477,649c3e9fdf99,a7ae7a6020f6,5e1d50a6e395,0,True,0,42.42,2.8671790575345746,2.895349985943774,158.80990897332987,0.012131768728740175,1.689790157965044e-13,ae73669,2026-10-04T00:43:42+00:00,2.881580330162475,158.94270333586508,True,0.0038070129781768176,3.25,2.895349985943774,0.23750151305942285,5.0,2.5802326674063795e-12,True,True,-2.421337276281862,-2.2366506757598903,-2.1483647983963152,-2.0939165205673396,-2.056039666786315,-2.0055340605634315,-1.9725146019845563,-1.9487457395068595,-1.930567957080706,-1.9160758773581854,-1.904166959884885,,10028,91,1.5,False,False,"variant-gamma0 (v1.1-frozen + mu_surf_gamma=0; robustness study v1.3, 423 K only)"
C0204_T423,manual,0,C0204,C0204,423.0,1.1249250520020724,0.9185421641916036,-974363273940.9803,1.1628937378525734,a7c0b0871db8,a7ae7a6020f6,5e1d50a6e395,0,True,0,30.187,3.2728406799684753,2.884303532655023,153.3924549378246,0.012176281457461002,1.6897901579650443e-13,ae73669,2026-10-04T00:45:32+00:00,3.27958472015145,153.65044173735555,True,0.004149226949754413,3.75,2.884303532655023,0.23861765853895558,5.0,1.672805990948767e-12,True,True,-2.5617595174251857,-2.2714263380346638,-2.1616161609839293,-2.0993795948513103,-2.0579888352766273,-2.004763339226221,-1.9709517415533993,-1.9469971988812782,-1.9288557371414103,-1.9144853216436861,-1.90272874881696,,10145,92,1.5,False,False,"variant-gamma0 (v1.1-frozen + mu_surf_gamma=0; robustness study v1.3, 423 K only)"
C0205_T423,manual,0,C0205,C0205,423.0,0.8124887082725764,1.0382694695144892,-1087173588573.9326,0.8581344522535801,4b791e8039e8,a7ae7a6020f6,5e1d50a6e395,0,True,0,35.254,3.868202655243646,3.433973564139831,157.47330988256547,0.01024590288127696,1.6897901579650449e-13,ae73669,2026-10-04T00:20:58+00:00,3.8841408030718227,157.58935067716817,True,0.003129618643167955,4.25,3.433973564139831,0.19863120654739114,5.0,1.8078910954454813e-12,True,True,-3.4995430816653035,-2.5010519550026,-2.314200777073895,-2.2235039153534504,-2.1672128069134793,-2.09850828781862,-2.0566670118412365,-2.027767505998748,-2.00626221794555,-1.989449765024718,-1.9758371334212608,,11900,91,1.5,False,False,"variant-gamma0 (v1.1-frozen + mu_surf_gamma=0; robustness study v1.3, 423 K only)"
C0206_T423,manual,0,C0206,C0206,423.0,0.9647689163684844,0.8824158933013678,-737516541033.9833,1.075078699365258,628b35dca115,a7ae7a6020f6,5e1d50a6e395,0,True,0,39.562,2.6307005307208375,3.0089106564925108,152.3453313136432,0.011675246779247084,1.6897901579650446e-13,ae73669,2026-10-04T00:22:22+00:00,2.64497686760108,152.74155427156356,True,0.00386808309066109,3.0,3.0089106564925108,0.22844511428844708,5.0,2.5941328671774503e-12,True,True,-2.35692719240949,-2.2131729858637637,-2.139127958055197,-2.092099767284868,-2.058854578555329,-2.013913782068798,-1.9841783908659172,-1.962606564953756,-1.9460165253047077,-1.932733930998889,-1.9217824101587941,,11081,93,1.5,False,False,"variant-gamma0 (v1.1-frozen + mu_surf_gamma=0; robustness study v1.3, 423 K only)"
C0207_T423,manual,0,C0207,C0207,423.0,1.0523323848843575,1.161113888397813,-1327930408529.9373,0.9960501160472632,da99e57231c1,a7ae7a6020f6,5e1d50a6e395,0,True,0,45.741,4.706118962950834,3.172885228319551,160.89688897252975,0.01108237843071866,1.689790157965045e-13,ae73669,2026-10-04T00:23:18+00:00,4.712438850430317,161.47110127469,True,0.003407335872028494,5.25,3.172885228319551,0.21556974704748366,5.0,1.566851563912091e-12,True,True,-8.075330922523333,-3.087603583886272,-2.4219747525480746,-2.258682820691699,-2.1748378085408833,-2.0837173953442503,-2.032583959711084,-1.9987414457042938,-1.9742097103675056,-1.9553670240401446,-1.9403018666533995,,10496,93,1.5,False,False,"variant-gamma0 (v1.1-frozen + mu_surf_gamma=0; robustness study v1.3, 423 K only)"
C0208_T423,manual,0,C0208,C0208,423.0,1.069073174893856,0.8926426284015179,-825136544182.8966,1.1106998059898614,8056ab304a28,a7ae7a6020f6,5e1d50a6e395,0,True,0,44.23,2.859694164144181,2.9257474613859626,152.61535187383512,0.012004575990505535,1.6897901579650443e-13,ae73669,2026-10-04T00:23:57+00:00,2.874729647077643,152.79838187939293,True,0.003999408626802374,3.25,2.9257474613859626,0.23517267773822909,5.0,1.218187009599525e-12,True,True,-2.4043196837751264,-2.2262156839395453,-2.1416059720228913,-2.0896532014329714,-2.053610438109723,-2.005641608870382,-1.9743013357157608,-1.9517286414870696,-1.934447405340666,-1.920653174901893,-1.909303601365241,,10496,91,1.5,False,False,"variant-gamma0 (v1.1-frozen + mu_surf_gamma=0; robustness study v1.3, 423 K only)"
C0209_T423,manual,0,C0209,C0209,423.0,0.956600496172905,1.163924840092659,-1234420479275.286,0.8182446327060462,3e03e515dcdf,a7ae7a6020f6,5e1d50a6e395,0,True,0,49.801,4.512773292873573,3.4176637333650075,161.2034632558017,0.01029631107353653,1.6897901579650449e-13,ae73669,2026-10-04T00:25:01+00:00,4.517090946633822,161.6316516404147,True,0.002975778795571608,5.0,3.4176637333650075,0.199402122499981,5.0,1.836686196525216e-12,True,True,-6.845752887679784,-2.871205941438273,-2.4335849343239033,-2.2894473548517724,-2.2099802450045294,-2.1198877459091214,-2.0677948792881256,-2.032772296103439,-2.0071378487088576,-1.9873183449420955,-1.9713969215133629,,11081,92,1.5,False,False,"variant-gamma0 (v1.1-frozen + mu_surf_gamma=0; robustness study v1.3, 423 K only)"
C0210_T423,manual,0,C0210,C0210,423.0,0.8167295400053263,0.9064965926110744,-588350017555.058,1.047786904871464,8aa265d1a33b,a7ae7a6020f6,5e1d50a6e395,0,True,0,51.706,2.3528154938882557,3.157358785711716,153.15009987237121,0.01113165302044134,1.6897901579650446e-13,ae73669,2026-10-04T00:25:39+00:00,2.368281146686984,153.08485973458653,True,0.003784939639326337,2.75,3.157358785711716,0.2171999124130771,5.0,1.503755034661379e-12,True,True,-2.32071812110319,-2.2062094760995494,-2.142672554059257,-2.1009249661192078,-2.0708357427728985,-2.029503651766793,-2.0018096715076292,-1.9815836741197899,-1.9659693254229613,-1.953440339317531,-1.9430973091629082,,12017,91,1.5,False,False,"variant-gamma0 (v1.1-frozen + mu_surf_gamma=0; robustness study v1.3, 423 K only)"
C0211_T423,manual,0,C0211,C0211,423.0,1.104256673529744,1.036789071559906,-1475109478458.7622,0.9310628212988376,54bd98452c7a,a7ae7a6020f6,5e1d50a6e395,0,True,0,50.344,4.757542045003063,3.176258498948188,157.3542397660592,0.01106994237315175,1.689790157965044e-13,ae73669,2026-10-04T00:47:48+00:00,4.760138963948551,157.74007183332284,True,0.003413248181461097,5.25,3.176258498948188,0.21541344192680176,5.0,1.0451795678934062e-12,True,True,-8.486394455016672,-3.1916860157071887,-2.4388107607476797,-2.267633270062586,-2.1809626075090125,-2.0873802011299425,-2.035012348907611,-2.0003518651722394,-1.9752008820324671,-1.9558546399241088,-1.9403623933512506,,10262,92,1.5,False,False,"variant-gamma0 (v1.1-frozen + mu_surf_gamma=0; robustness study v1.3, 423 K only)"
C0212_T423,manual,0,C0212,C0212,423.0,1.1744650259613991,0.950282511115074,-1107997941784.5603,0.9529702264815568,055b4ac9af6e,a7ae7a6020f6,5e1d50a6e395,0,True,0,44.598,3.6830734397126514,3.0322709381559547,154.6503754232509,0.011588441838812401,1.6897901579650446e-13,ae73669,2026-10-04T00:23:39+00:00,3.692662955378788,155.21036678061117,True,0.003497038649755573,4.25,3.0322709381559547,0.22635174437673156,5.0,2.0443446998666555e-12,True,True,-3.028370237929653,-2.401581989602905,-2.242794874737259,-2.160754580393614,-2.1084044648850675,-2.0430863073425467,-2.0025239419204888,-1.974135797002672,-1.952796366066005,-1.9359749545711444,-1.922258794260233,,9911,93,1.5,False,False,"variant-gamma0 (v1.1-frozen + mu_surf_gamma=0; robustness study v1.3, 423 K only)"
C0213_T423,manual,0,C0213,C0213,423.0,0.8619493365287781,1.080552154034376,-955491889268.16,1.069644771143794,9147f8953cd9,a7ae7a6020f6,5e1d50a6e395,0,True,0,49.119,3.647379239351787,3.1950265228066885,158.4867485508612,0.011004205051679946,1.689790157965045e-13,ae73669,2026-10-04T00:25:02+00:00,3.660251907288097,158.81212564593704,True,0.0035406720158651264,4.0,3.1950265228066885,0.21424305665357216,5.0,2.8749243810977644e-12,True,True,-2.9636734742626496,-2.389155124432911,-2.2406835403313115,-2.1642066799392374,-2.1156318221730195,-2.0554304417586873,-2.018379233385216,-1.9926589433200712,-1.973467601879704,-1.9584413255902968,-1.9462645684221944,,11666,93,1.5,False,False,"variant-gamma0 (v1.1-frozen + mu_surf_gamma=0; robustness study v1.3, 423 K only)"
C0214_T423,manual,0,C0214,C0214,423.0,0.914308849349618,0.8489059150218964,-1367309428751.4688,0.8901047259569168,cf8aa64fb19f,a7ae7a6020f6,5e1d50a6e395,0,True,0,47.48,4.012246089508264,3.251544314311118,151.50910780918747,0.010812260956228932,1.689790157965045e-13,ae73669,2026-10-04T00:45:09+00:00,4.016468855127765,151.88838398158467,True,0.003508219210671908,4.5,3.251544314311118,0.21060991436512852,5.0,2.038396474320799e-12,True,True,-4.057451729018787,-2.5076509574056436,-2.2956121281013053,-2.1999968994184393,-2.1424127214705067,-2.073547781442336,-2.032164007181811,-2.0037270485525753,-1.9826005616273683,-1.9660834810566836,-1.9526980139585692,,11432,92,1.5,False,False,"variant-gamma0 (v1.1-frozen + mu_surf_gamma=0; robustness study v1.3, 423 K only)"
C0215_T423,manual,0,C0215,C0215,423.0,1.001792972162366,1.1202109716832638,-692277944646.7758,1.182611062377691,666800ad2004,a7ae7a6020f6,5e1d50a6e395,0,True,0,48.673,3.122653241340129,2.984552441881947,159.55056065566674,0.011772437667378996,1.6897901579650449e-13,ae73669,2026-10-04T00:24:43+00:00,3.136632870553941,159.56270288504803,True,0.003835040361530516,3.5,2.984552441881947,0.2300938837926574,5.0,1.9604819606393764e-12,True,True,-2.5100598468663886,-2.269654590385619,-2.1689382597125375,-2.109906425494324,-2.069988505145518,-2.0180413181665426,-1.9847913849238787,-1.9611771103895563,-1.9432899474126932,-1.9291336003785515,-1.9175686302971955,,10964,91,1.5,False,False,"variant-gamma0 (v1.1-frozen + mu_surf_gamma=0; robustness study v1.3, 423 K only)"
C0216_T423,manual,0,C0216,C0216,423.0,1.0451108679175376,0.9480609759688378,-1275098165497.1838,1.097467378154397,7c1380254359,a7ae7a6020f6,5e1d50a6e395,0,True,0,52.514,4.0536245921829765,3.0178283079743555,154.40446528677697,0.011643040063450974,1.6897901579650446e-13,ae73669,2026-10-04T00:24:54+00:00,4.066136974231714,154.49527596044788,True,0.003938552185879355,4.5,3.0178283079743555,0.22752407567854774,5.0,1.6696413364947123e-12,True,True,-4.263093774897138,-2.4800855808413593,-2.259544050276108,-2.1633314490139335,-2.106120416406706,-2.0383382560210785,-1.9979281405957392,-1.9703054645584568,-1.9498645543183242,-1.9339336081397602,-1.9210566521419103,,10613,92,1.5,False,False,"variant-gamma0 (v1.1-frozen + mu_surf_gamma=0; robustness study v1.3, 423 K only)"
C0217_T423,manual,0,C0217,C0217,423.0,0.9325403422117232,1.020908645540476,-661407967098.0573,0.9798168923705816,82162dc0f34a,a7ae7a6020f6,5e1d50a6e395,0,True,0,40.391,2.826083798980389,3.1445461664572245,156.81082065124724,0.011177894030473333,1.689790157965045e-13,ae73669,2026-10-04T00:47:54+00:00,2.8410572549861444,156.8836025832872,True,0.0035253182870338047,3.25,3.1445461664572245,0.21797466907892635,5.0,2.754237482632073e-12,True,True,-2.447271384505799,-2.2698430007050288,-2.183163775662519,-2.1292586025371367,-2.0915966759774087,-2.041208953470557,-2.008183981861006,-1.9843813777071866,-1.9661661559864725,-1.9516400119323907,-1.9397022136790385,,11315,92,1.5,False,False,"variant-gamma0 (v1.1-frozen + mu_surf_gamma=0; robustness study v1.3, 423 K only)"
C0218_T423,manual,0,C0218,C0218,423.0,0.8912045422941447,0.8525434687733651,-1014875889755.7854,1.1596521452069282,2ed494ad549d,a7ae7a6020f6,5e1d50a6e395,0,True,0,48.747,3.1845900910552194,3.035152240863973,151.27388579024836,0.01157512582034493,1.6897901579650449e-13,ae73669,2026-10-04T00:43:45+00:00,3.1933768659810635,151.7677073250586,True,0.004043006428274034,3.75,3.035152240863973,0.22639734328202957,5.0,1.992125165381073e-12,True,True,-2.511874197439664,-2.2617690903778285,-2.1626821954249973,-2.105926383755261,-2.0680380174385746,-2.019228726412941,-1.988209786093123,-1.9662452326565367,-1.9496254762762113,-1.9364742795510865,-1.925727437420413,,11432,93,1.5,False,False,"variant-gamma0 (v1.1-frozen + mu_surf_gamma=0; robustness study v1.3, 423 K only)"
C0219_T423,manual,0,C0219,C0219,423.0,1.1786342103034255,1.178145492821932,-925540270283.8182,0.8677327491343022,c2c187c11158,a7ae7a6020f6,5e1d50a6e395,0,True,0,42.513,3.823327421913383,3.1713006662156644,161.54176067204452,0.011087781968760025,1.6897901579650443e-13,ae73669,2026-10-04T00:44:25+00:00,3.838422748177543,161.7633554210647,True,0.003120456490328352,4.25,3.1713006662156644,0.2156893001656875,5.0,1.3532163127803848e-12,True,True,-3.3784828813551355,-2.4896186891493914,-2.302181992370441,-2.2081263529073807,-2.1486837490660005,-2.0749654956601704,-2.0294170036123687,-1.9976580810452385,-1.9738610678089108,-1.955155322657899,-1.939940899333483,,9911,92,1.5,False,False,"variant-gamma0 (v1.1-frozen + mu_surf_gamma=0; robustness study v1.3, 423 K only)"
C0220_T423,manual,0,C0220,C0220,423.0,1.148842562735081,0.8088292934000493,-558428979478.7765,0.8396401423960924,754d840fe4dc,a7ae7a6020f6,5e1d50a6e395,0,True,0,27.852,2.0238403785323995,3.026687047589397,150.28725008193723,0.011606275421590031,1.6897901579650449e-13,ae73669,2026-10-04T00:46:00+00:00,2.031504822787333,150.6245689947278,True,0.0034820419924250627,2.5,3.026687047589397,0.2271500063537107,5.0,2.0809300316195324e-12,True,True,-2.2953742091202725,-2.1961045807604425,-2.1360485920212517,-2.0946443762582434,-2.0638320950302353,-2.020144563206983,-1.9899538462173243,-1.9674125077562683,-1.9497106667237092,-1.935307127666242,-1.9232755287213483,,10145,92,1.5,False,False,"variant-gamma0 (v1.1-frozen + mu_surf_gamma=0; robustness study v1.3, 423 K only)"
C0221_T423,manual,0,C0221,C0221,423.0,0.8364243388175965,1.134408287703991,-1382018007338.047,1.1315099995583295,3dd86c05fd80,a7ae7a6020f6,5e1d50a6e395,0,True,0,33.075,4.759473227596435,3.248286550501077,159.9986787025649,0.010827010275726101,1.6897901579650449e-13,ae73669,2026-10-04T00:21:32+00:00,4.762515523511099,160.3932437796467,True,0.0037447029303665025,5.25,3.248286550501077,0.2104064537351718,5.0,1.5655947278685433e-12,True,True,-8.449269171567638,-3.1737282776965663,-2.4083562698207777,-2.2459827481253956,-2.165829690067393,-2.081005126287992,-2.034423438673583,-2.003998448344635,-1.9821505690055579,-1.9654914510393373,-1.952251734514408,,11900,92,1.5,False,False,"variant-gamma0 (v1.1-frozen + mu_surf_gamma=0; robustness study v1.3, 423 K only)"
C0222_T423,manual,0,C0222,C0222,423.0,0.9902486953884364,0.9918235965073108,-794297147542.2383,0.9016769975423812,b88d88a071ee,a7ae7a6020f6,5e1d50a6e395,0,True,0,41.411,3.067693105425984,3.1716239365146355,156.01614875138614,0.011083336586034826,1.689790157965044e-13,ae73669,2026-10-04T00:23:04+00:00,3.082439552763581,156.06198125985992,True,0.003372357451413431,3.5,3.1716239365146355,0.21602782003013418,5.0,1.9641198955393416e-12,True,True,-2.5448701338905395,-2.314199832778373,-2.2118058832556704,-2.1503371779832157,-2.1081750714120058,-2.05257609892912,-2.0165350324441285,-1.9907081910845421,-1.9710087983302271,-1.9553294776251915,-1.9424586160091835,,10964,92,1.5,False,False,"variant-gamma0 (v1.1-frozen + mu_surf_gamma=0; robustness study v1.3, 423 K only)"
C0223_T423,manual,0,C0223,C0223,423.0,1.0778306651860476,1.0646942988038064,-1142239796929.0615,1.0193786464631558,b3e0fd9bcf01,a7ae7a6020f6,5e1d50a6e395,0,True,0,48.87,4.0462272160855655,3.0789665417677488,158.07376169699128,0.011415447363154797,1.6897901579650443e-13,ae73669,2026-10-04T00:24:07+00:00,4.057785190246051,158.317410085127,True,0.0036145897821847914,4.5,3.0789665417677488,0.2226419619013542,5.0,2.849257479918396e-12,True,True,-4.218608658067707,-2.5103254379487008,-2.2856534796963444,-2.1856591837117247,-2.125601061878748,-2.0538873283884023,-2.0108804615216536,-1.981398349000423,-1.9595490903393233,-1.9425070641525024,-1.928726113280347,,10496,92,1.5,False,False,"variant-gamma0 (v1.1-frozen + mu_surf_gamma=0; robustness study v1.3, 423 K only)"
C0224_T423,manual,0,C0224,C0224,423.0,1.0864291463047266,0.8218566562980414,-1448417950421.5718,1.1751664496958254,39824f1def01,a7ae7a6020f6,5e1d50a6e395,0,True,0,44.004,4.101067410973097,2.9137146418264157,150.248652237569,0.012053655793537276,1.6897901579650446e-13,ae73669,2026-10-04T00:24:41+00:00,4.116057072496583,150.1166708918793,True,0.0042907994031037245,4.5,2.9137146418264157,0.23619254984248575,5.0,1.87873683496505e-12,True,True,-4.530566933108031,-2.461636570847798,-2.234229670609957,-2.1390673327609897,-2.083434270847028,-2.0182794163479394,-1.9797278496869533,-1.953450819964071,-1.9340229633972839,-1.918881214485974,-1.9066365817319368,,10379,91,1.5,False,False,"variant-gamma0 (v1.1-frozen + mu_surf_gamma=0; robustness study v1.3, 423 K only)"
C0225_T423,manual,0,C0225,C0225,423.0,0.9990055847913026,1.147455543652177,-617025005631.1488,0.8959928587079048,7e6db89b02e4,a7ae7a6020f6,5e1d50a6e395,0,True,0,47.11,3.034628586963033,3.203364271315823,160.64958523145768,0.010976085439110437,1.6897901579650443e-13,ae73669,2026-10-04T00:25:49+00:00,3.0443823981170266,161.01660016485576,True,0.0032083080242114002,3.5,3.203364271315823,0.21362342406185736,5.0,1.6660244727543577e-12,True,True,-2.5519680863316614,-2.3257226338948205,-2.22274369946871,-2.160243371963993,-2.1171065163044975,-2.0599436341632615,-2.0227656446627797,-1.9960925577838806,-1.9757438481273084,-1.9595525210260094,-1.946268447773967,,10964,92,1.5,False,False,"variant-gamma0 (v1.1-frozen + mu_surf_gamma=0; robustness study v1.3, 423 K only)"
C0226_T423,manual,0,C0226,C0226,423.0,0.827835275232792,0.9790895756334066,-1216456986032.4265,1.063031842932105,1deca5579b5e,a7ae7a6020f6,5e1d50a6e395,0,True,0,55.284,4.0009643521147975,3.2297526574817943,155.4292343713105,0.010886311847799503,1.6897901579650443e-13,ae73669,2026-10-04T00:26:34+00:00,4.001305292205356,155.8750348552297,True,0.003738065841049601,4.5,3.2297526574817943,0.21191048407868893,5.0,1.884151933988703e-12,True,True,-4.004474877645326,-2.4798299198678437,-2.2746252188097693,-2.1830395711460295,-2.128229659225286,-2.0631322354181454,-2.024332555417498,-1.9978592734473422,-1.97831441654338,-1.9631192291004542,-1.9508670503966168,,11900,92,1.5,False,False,"variant-gamma0 (v1.1-frozen + mu_surf_gamma=0; robustness study v1.3, 423 K only)"
C0227_T423,manual,0,C0227,C0227,423.0,1.140411901473999,1.0519404027611017,-845083512365.818,0.9580268416553736,3ca5dec9144a,a7ae7a6020f6,5e1d50a6e395,0,True,0,49.308,3.330888066199985,3.051167622001366,157.763914252139,0.011517952380832497,1.6897901579650449e-13,ae73669,2026-10-04T00:48:37+00:00,3.3461511454199395,157.75330444946923,True,0.0034650894132924456,3.75,3.051167622001366,0.22481899840129282,5.0,2.293108587654665e-12,True,True,-2.666679361797128,-2.3410432545441857,-2.2183708321263116,-2.148477342053415,-2.1017821265916288,-2.0414697418977084,-2.003015205794658,-1.9757192532580332,-1.9550260183983637,-1.9386247213248162,-1.925201819341817,,10145,92,1.5,False,False,"variant-gamma0 (v1.1-frozen + mu_surf_gamma=0; robustness study v1.3, 423 K only)"
C0228_T423,manual,0,C0228,C0228,423.0,1.182496029511094,0.9353036526590586,-727819562889.6356,0.9361629329621792,11587570f91f,a7ae7a6020f6,5e1d50a6e395,0,True,0,42.205,2.7628648093276875,2.9918939223866374,154.21918708847716,0.01174241819008208,1.6897901579650443e-13,ae73669,2026-10-04T00:24:21+00:00,2.7671718539634957,154.6506441618985,True,0.0035602225994762317,3.25,2.9918939223866374,0.2296490118120634,5.0,1.3350570648995586e-12,True,True,-2.4241668932720692,-2.25370373970377,-2.167861277909312,-2.113681149899417,-2.07545767200423,-2.023807656888889,-1.9896009983362895,-1.9647471126208569,-1.9455998844926874,-1.9302424568819658,-1.917557390091941,,9911,92,1.5,False,False,"variant-gamma0 (v1.1-frozen + mu_surf_gamma=0; robustness study v1.3, 423 K only)"
C0229_T423,manual,0,C0229,C0229,423.0,0.8949323732405902,1.00817732475698,-1333690585568.5474,1.041118296980858,f1b6b42a0c7a,a7ae7a6020f6,5e1d50a6e395,0,True,0,51.446,4.348760159155938,3.2049380980425086,156.3359682085247,0.010970293413748387,1.6897901579650449e-13,ae73669,2026-10-04T00:25:53+00:00,4.364127384807661,156.31410867103713,True,0.003659989225883537,4.75,3.2049380980425086,0.21356842380994182,5.0,1.6669713707907766e-12,True,True,-5.941819097869711,-2.6546072635481486,-2.328749736329587,-2.210952739537863,-2.145049684797323,-2.0700501976759824,-2.026680882500606,-1.9975486924436558,-1.9762430098475972,-1.9597817565394442,-1.946566299981824,,11549,92,1.5,False,False,"variant-gamma0 (v1.1-frozen + mu_surf_gamma=0; robustness study v1.3, 423 K only)"
C0230_T423,manual,0,C0230,C0230,423.0,0.9285897120833396,0.8655933652073146,-999761542305.3503,0.8240755360573531,f4365958bddf,a7ae7a6020f6,5e1d50a6e395,0,True,0,46.623,3.21317757569472,3.268027617377916,152.14629456073592,0.010757903479960884,1.6897901579650449e-13,ae73669,2026-10-04T00:45:56+00:00,3.218998337798183,152.720644532357,True,0.0032557503056858794,3.75,3.268027617377916,0.20953354747227557,5.0,7.341689669538935e-13,True,True,-2.6161849615259483,-2.3440331500824865,-2.2327419375611792,-2.1678631804981063,-2.124041035822618,-2.0669378216633754,-2.030243108669907,-2.0040564639198197,-1.984123027486452,-1.968272356531997,-1.9552654156069962,,11315,93,1.5,False,False,"variant-gamma0 (v1.1-frozen + mu_surf_gamma=0; robustness study v1.3, 423 K only)"
C0231_T423,manual,0,C0231,C0231,423.0,1.0410262435674666,1.1911694165319204,-1065651078708.4698,1.103300191834569,cf44acef71eb,a7ae7a6020f6,5e1d50a6e395,0,True,0,47.749,4.1571654887821605,3.0695547985369163,161.654389217474,0.011451087098245726,1.6897901579650449e-13,ae73669,2026-10-04T00:25:31+00:00,4.168891029489564,161.86074314859277,True,0.0035577736999996474,4.75,3.0695547985369163,0.22325330748863859,5.0,1.55835485276714e-12,True,True,-4.791201539454188,-2.5501199915096153,-2.294445147389678,-2.1880227145049234,-2.1256349722717904,-2.052401914785513,-2.0090893610606004,-1.979654431676642,-1.9579773986092988,-1.9411532820264055,-1.927603849116708,,10613,93,1.5,False,False,"variant-gamma0 (v1.1-frozen + mu_surf_gamma=0; robustness study v1.3, 423 K only)"
C0232_T423,manual,0,C0232,C0232,423.0,1.0120760235935449,0.9632087845355272,-904715992510.3188,1.013496521860361,ddbe45005532,a7ae7a6020f6,5e1d50a6e395,0,True,0,53.365,3.240331895288501,3.063818897421789,154.98442884412066,0.011469362787670518,1.689790157965045e-13,ae73669,2026-10-04T00:25:48+00:00,3.2418167818377905,155.4880013738841,True,0.003676699585569798,3.75,3.063818897421789,0.22401022072029575,5.0,2.6749564609989173e-12,True,True,-2.588363028193168,-2.3075404060981457,-2.196738123451661,-2.1329763862109496,-2.090227256237302,-2.0349067045431264,-1.9995999640187496,-1.9745304669394854,-1.9555239408313438,-1.9404607098655868,-1.9281350800616428,,10847,92,1.5,False,False,"variant-gamma0 (v1.1-frozen + mu_surf_gamma=0; robustness study v1.3, 423 K only)"
C0233_T423,manual,0,C0233,C0233,423.0,0.9245549965649844,1.093504424020648,-1033777869306.5046,0.9091276183724404,112661fd42e7,a7ae7a6020f6,5e1d50a6e395,0,True,0,38.454,3.873610289774634,3.2858735051283654,159.04222367231714,0.010703327135882188,1.689790157965044e-13,ae73669,2026-10-04T00:48:32+00:00,3.888916400822406,158.98146662718483,True,0.0032141613588967275,4.25,3.2858735051283654,0.20798810237641688,5.0,8.840133486343049e-13,True,True,-3.5148879627282756,-2.489442995075058,-2.2999422363533366,-2.2080677126514847,-2.151020072955243,-2.081327717593208,-2.038837243028618,-2.0094641512410885,-1.9875912798147675,-1.970481200618711,-1.9566200420516404,,11315,91,1.5,False,False,"variant-gamma0 (v1.1-frozen + mu_surf_gamma=0; robustness study v1.3, 423 K only)"
C0234_T423,manual,0,C0234,C0234,423.0,0.8519198432564736,0.8360769081860782,-633686709217.7272,1.1264595832675697,9fabd850a489,a7ae7a6020f6,5e1d50a6e395,0,True,0,51.055,2.2553476418949887,3.0494698040991097,150.78833329597774,0.01152065929260474,1.6897901579650449e-13,ae73669,2026-10-04T00:44:36+00:00,2.257188759416746,151.11464347274134,True,0.004100739447674147,2.75,3.0494698040991097,0.22535591994186624,5.0,1.4648295762236658e-12,True,True,-2.278286527426783,-2.1744599369490802,-2.115922818060922,-2.077165713324424,-2.0490991560313465,-2.0103685050593576,-1.9842998728705614,-1.9651976293876599,-1.950412116561941,-1.938522666837527,-1.9286898751109227,,11783,92,1.5,False,False,"variant-gamma0 (v1.1-frozen + mu_surf_gamma=0; robustness study v1.3, 423 K only)"
C0235_T423,manual,0,C0235,C0235,423.0,1.1643986225128171,1.1073559861630202,-1300897110253.5725,0.8462592694908381,9e5f158825bb,a7ae7a6020f6,5e1d50a6e395,0,True,0,46.692,4.532394661870309,3.234345017244485,159.56424770112275,0.01087407522313735,1.6897901579650449e-13,ae73669,2026-10-04T00:45:12+00:00,4.541839927846102,159.95721148643815,True,0.003133375440231824,5.0,3.234345017244485,0.2112513548585285,5.0,1.1129949564602601e-12,True,True,-7.000455144552422,-2.873794725606576,-2.4171211894122564,-2.27019854224264,-2.1895690677602024,-2.0982887271261337,-2.045475980649615,-2.0099080135862994,-1.9838206104955045,-1.9636076670230642,-1.9473357776600344,,10028,92,1.5,False,False,"variant-gamma0 (v1.1-frozen + mu_surf_gamma=0; robustness study v1.3, 423 K only)"
C0236_T423,manual,0,C0236,C0236,423.0,1.1064827505499124,0.8797910820692778,-1183632929809.3916,0.8743953488767148,80deff88d9cb,a7ae7a6020f6,5e1d50a6e395,0,True,0,29.066,3.674663983442521,3.1229343523939868,152.5347622529778,0.011253999237018319,1.6897901579650443e-13,ae73669,2026-10-04T00:46:30+00:00,3.685663342513849,152.96506135651921,True,0.003355004441044031,4.25,3.1229343523939868,0.21960550866560116,5.0,1.0115536880350717e-12,True,True,-3.021946626794695,-2.4135601170355625,-2.255888270204192,-2.1740569126511815,-2.1217370385673604,-2.056340435749863,-2.01564867524791,-1.9871214200451481,-1.9656450777662862,-1.948693118625668,-1.9348541324228956,,10262,93,1.5,False,False,"variant-gamma0 (v1.1-frozen + mu_surf_gamma=0; robustness study v1.3, 423 K only)"
C0237_T423,manual,0,C0237,C0237,423.0,0.8190169412642718,1.1510931927710772,-750920077785.8496,1.1545460253953934,be1dee42cb81,a7ae7a6020f6,5e1d50a6e395,0,True,0,30.893,3.332295691971519,3.1832062891602724,160.47846839117486,0.011045255627998674,1.6897901579650446e-13,ae73669,2026-10-04T00:22:03+00:00,3.3466657962886908,160.51428587458872,True,0.0037676425169452287,3.75,3.1832062891602724,0.21501952492288046,5.0,1.5821261901466404e-12,True,True,-2.635367464944571,-2.3189921685347232,-2.2047276937979587,-2.140964589992075,-2.0989603408795365,-2.045493125669922,-2.0119263695135676,-1.9883834833249534,-1.9707116248448466,-1.956824228498336,-1.9455442289391918,,12017,92,1.5,False,False,"variant-gamma0 (v1.1-frozen + mu_surf_gamma=0; robustness study v1.3, 423 K only)"
C0238_T423,manual,0,C0238,C0238,423.0,0.9541391238570214,0.919446162506938,-1416514160111.5464,0.9872103076428176,433a4b2e9b0c,a7ae7a6020f6,5e1d50a6e395,0,True,0,42.762,4.31381573198515,3.1720896566155794,153.62552596225254,0.011081776011314885,1.6897901579650443e-13,ae73669,2026-10-04T00:23:47+00:00,4.3279290726055315,153.700724360721,True,0.0036819880607908825,4.75,3.1720896566155794,0.21599192426800456,5.0,1.2460841947808327e-12,True,True,-5.75287355661012,-2.6322034850760896,-2.322744566393292,-2.2071433371709572,-2.1417956716815776,-2.0668681904319106,-2.0232412377877704,-1.993788542192958,-1.9721599762349125,-1.9553906321975052,-1.9418865368696037,,11081,92,1.5,False,False,"variant-gamma0 (v1.1-frozen + mu_surf_gamma=0; robustness study v1.3, 423 K only)"
C0239_T423,manual,0,C0239,C0239,423.0,1.0666731208562852,1.0497187722474337,-521948874928.05725,1.0916302759200334,472f225fc46b,a7ae7a6020f6,5e1d50a6e395,0,True,0,49.03,2.5650896874999534,2.958922845357819,157.54905674841814,0.011872635867903278,1.6897901579650446e-13,ae73669,2026-10-04T00:24:57+00:00,2.578714774395124,157.77583223212542,True,0.003798433959314437,3.0,2.958922845357819,0.23226348406873484,5.0,1.4209165120326837e-12,True,True,-2.3551509379506363,-2.2143386552204203,-2.1396828009579365,-2.091570831531913,-2.057260488540388,-2.010536898022035,-1.9794467513024971,-1.9568289307144782,-1.9394095730512357,-1.9254528517444254,-1.9139414510824964,,10613,92,1.5,False,False,"variant-gamma0 (v1.1-frozen + mu_surf_gamma=0; robustness study v1.3, 423 K only)"
C0240_T423,manual,0,C0240,C0240,423.0,1.062313288450241,0.9055151768028736,-1020773429423.5706,0.8015953999012709,dcaa2f49ac84,a7ae7a6020f6,5e1d50a6e395,0,True,0,46.362,3.3749712349191516,3.2187798259253864,153.4729153033696,0.010922010159284672,1.6897901579650446e-13,ae73669,2026-10-04T00:25:28+00:00,3.391042100393455,153.7005963519522,True,0.0031606275057925407,3.75,3.2187798259253864,0.21276931583437828,5.0,1.9461015479474576e-12,True,True,-2.724645977017902,-2.37891273778223,-2.251233928875199,-2.1788573318031244,-2.1305963918098083,-2.068292837260185,-2.0285274502763637,-2.0002475487224456,-1.9787625957246848,-1.9616974238342402,-1.9477027009330377,,10613,93,1.5,False,False,"variant-gamma0 (v1.1-frozen + mu_surf_gamma=0; robustness study v1.3, 423 K only)"
C0241_T423,manual,0,C0241,C0241,423.0,0.9748838141560554,1.0252225890755653,-915767031721.7708,1.1194419581443071,d4b80a3cbf5d,a7ae7a6020f6,5e1d50a6e395,0,True,0,52.783,3.4161451509371163,3.039654242916518,156.75945282663972,0.011560358580283148,1.6897901579650454e-13,ae73669,2026-10-04T00:26:42+00:00,3.4270530288633827,157.17555717861143,True,0.0037359429338741502,4.0,3.039654242916518,0.2258028239194371,5.0,2.1196281347772155e-12,True,True,-2.6854844745257336,-2.3212816147252124,-2.198175800508124,-2.130586552387469,-2.0863530678677367,-2.030239063703975,-1.995030612378069,-1.9702981783185582,-1.9516900961747488,-1.9370286947197242,-1.925088093345257,,11081,93,1.5,False,False,"variant-gamma0 (v1.1-frozen + mu_surf_gamma=0; robustness study v1.3, 423 K only)"
C0242_T423,manual,0,C0242,C0242,423.0,0.8021571625024081,0.895150301605463,-1253712958656.2517,0.9395081900060176,3033a058a748,a7ae7a6020f6,5e1d50a6e395,0,True,0,57.099,3.8739855663828893,3.3243760954818216,152.92463996742413,0.01057837262832575,1.6897901579650446e-13,ae73669,2026-10-04T00:27:32+00:00,3.889334044623583,152.94355309316532,True,0.0034994242280893748,4.25,3.3243760954818216,0.20571025421876038,5.0,2.5953557177344065e-12,True,True,-3.496049452458162,-2.4603531003208854,-2.279216968478659,-2.1930722931830764,-2.14019473422092,-2.076221902869409,-2.0375162520825256,-2.01086296313992,-1.991056591035418,-1.9755811388130295,-1.9630529219457848,,12017,93,1.5,False,False,"variant-gamma0 (v1.1-frozen + mu_surf_gamma=0; robustness study v1.3, 423 K only)"
C0243_T423,manual,0,C0243,C0243,423.0,1.114727494493127,1.1738681718707085,-686729915440.0825,1.0316236644983292,3ae15f6c6852,a7ae7a6020f6,5e1d50a6e395,0,True,0,45.444,3.244680574823417,3.0244766872072852,161.2521617993079,0.011619426340298741,1.6897901579650446e-13,ae73669,2026-10-04T00:49:23+00:00,3.245454271117559,161.79449664431755,True,0.0035313619449746595,3.75,3.0244766872072852,0.2268108029213071,5.0,1.0717052245645675e-12,True,True,-2.6094088632402634,-2.3200849853452494,-2.204814333463084,-2.1380495055870834,-2.0930968951814317,-2.034722595975222,-1.9973826976803883,-1.9708539295458158,-1.9507445046443042,-1.9348153128572794,-1.9217894635480162,,10262,91,1.5,False,False,"variant-gamma0 (v1.1-frozen + mu_surf_gamma=0; robustness study v1.3, 423 K only)"
C0244_T423,manual,0,C0244,C0244,423.0,1.157017603516579,0.8388871029019356,-803841502405.7031,1.0597338166087866,14b579a7132e,a7ae7a6020f6,5e1d50a6e395,0,True,0,42.258,2.6627366629145026,2.8847732576835012,150.95668550988972,0.0121730220000547,1.6897901579650446e-13,ae73669,2026-10-04T00:25:04+00:00,2.674330631492935,151.47107090991562,True,0.0038671549104489136,3.25,2.8847732576835012,0.2387158075475286,5.0,2.4339414895395932e-12,True,True,-2.3549624215070883,-2.2052510353570356,-2.1286114212931126,-2.0800033628602064,-2.0456367553613144,-1.9991195844531897,-1.96826237950223,-1.945813548257588,-1.9285005212842343,-1.9146015930907507,-1.903112479000061,,10028,93,1.5,False,False,"variant-gamma0 (v1.1-frozen + mu_surf_gamma=0; robustness study v1.3, 423 K only)"
C0245_T423,manual,0,C0245,C0245,423.0,0.869435827434063,1.1175819404423235,-1136571140959.859,0.9676694128662348,42a9a3c393aa,a7ae7a6020f6,5e1d50a6e395,0,True,0,48.868,4.163774454142202,3.3043991684299883,159.65601386954242,0.010644379249208163,1.6897901579650449e-13,ae73669,2026-10-04T00:26:43+00:00,4.175488837837557,159.9353643772493,True,0.0032709443860210905,4.75,3.3043991684299883,0.20671943040044397,5.0,3.063671484511963e-12,True,True,-4.8259496759717075,-2.585255737015288,-2.3288552769323747,-2.2216947237350952,-2.1588080627053197,-2.0849703928075725,-2.041309579847722,-2.01164976337226,-1.989816855196404,-1.9728796603416014,-1.9592456600680188,,11666,93,1.5,False,False,"variant-gamma0 (v1.1-frozen + mu_surf_gamma=0; robustness study v1.3, 423 K only)"
C0246_T423,manual,0,C0246,C0246,423.0,0.9046739239245654,0.9617291674017906,-532878151163.45886,1.1975994028151034,118db68ee117,a7ae7a6020f6,5e1d50a6e395,0,True,0,49.381,2.360820856215051,2.9950110602667053,154.72793472804574,0.011729782840751983,1.6897901579650443e-13,ae73669,2026-10-04T00:46:46+00:00,2.375399868787007,154.6478219134375,True,0.004060756637302559,2.75,2.9950110602667053,0.22946676604179275,5.0,1.7150740912665962e-12,True,True,-2.2931139779114162,-2.1792294805579306,-2.1164243632947315,-2.075285397879444,-2.0456932686483986,-2.005122257762992,-1.9779901421266795,-1.9582022528296537,-1.942942994990382,-1.9307100281177287,-1.9206190714824631,,11549,91,1.5,False,False,"variant-gamma0 (v1.1-frozen + mu_surf_gamma=0; robustness study v1.3, 423 K only)"
C0247_T423,manual,0,C0247,C0247,423.0,1.017091954126954,1.0814596094191071,-1403632094152.2715,0.87970320135355,600b8f911d29,a7ae7a6020f6,5e1d50a6e395,0,True,0,49.589,4.705589751837026,3.2935054861467834,158.7490087409128,0.01067987747131968,1.6897901579650443e-13,ae73669,2026-10-04T00:26:21+00:00,4.712338211108258,159.25465605871958,True,0.0031754751138456457,5.25,3.2935054861467834,0.20736050019181015,5.0,1.0871945704815644e-12,True,True,-8.109449612161036,-3.103495712172093,-2.4479118822502794,-2.2828543270652863,-2.1974196309446725,-2.1040446764184217,-2.0513852486686743,-2.0164144525610626,-1.9909981002101111,-1.9714337298762818,-1.9557628792747905,,10847,93,1.5,False,False,"variant-gamma0 (v1.1-frozen + mu_surf_gamma=0; robustness study v1.3, 423 K only)"
C0248_T423,manual,0,C0248,C0248,423.0,1.0360072314739228,0.8594682037830353,-562524504959.5833,0.9902184408158065,cf647b0c33ff,a7ae7a6020f6,5e1d50a6e395,0,True,0,45.022,2.1668346004155055,2.9899979642930954,151.73053005020836,0.011747957142751234,1.6897901579650446e-13,ae73669,2026-10-04T00:26:33+00:00,2.178262069058838,152.13481297316116,True,0.0036491153209698927,2.75,2.9899979642930954,0.2300015498841031,5.0,1.6195603885771348e-12,True,True,-2.288242657674994,-2.1839482235944505,-2.123134881171434,-2.0820814908799328,-2.051960482394277,-2.0098534413385685,-1.9811553452768393,-1.9599397959006735,-1.9434065050424623,-1.9300376464785358,-1.9189291102729438,,10613,93,1.5,False,False,"variant-gamma0 (v1.1-frozen + mu_surf_gamma=0; robustness study v1.3, 423 K only)"
C0249_T423,manual,0,C0249,C0249,423.0,0.9484799101948738,1.1838662646710874,-1497059232555.3298,1.0824790615588429,19db3e8dc68e,a7ae7a6020f6,5e1d50a6e395,0,True,0,40.241,5.143151063323366,3.210385402691916,161.45557807704748,0.010954442593646703,1.6897901579650446e-13,ae73669,2026-10-04T00:49:13+00:00,5.156199520472872,161.74107442016526,True,0.0034953233057679347,5.5,3.210385402691916,0.21290785870320958,5.0,9.433417588744497e-13,True,True,-10.816054962225595,-4.714554998763,-2.5502840316544058,-2.3004638411073026,-2.195755514089443,-2.0926652291474883,-2.038453392153878,-2.0037359919153754,-1.9790803405722563,-1.960409716201156,-1.9456391690199295,,11198,93,1.5,False,False,"variant-gamma0 (v1.1-frozen + mu_surf_gamma=0; robustness study v1.3, 423 K only)"
C0250_T423,manual,0,C0250,C0250,423.0,0.8774134147912265,0.9397320479154588,-834528344683.3491,0.8530335865914822,f0e4c55b3553,a7ae7a6020f6,5e1d50a6e395,0,True,0,51.786,3.029901287192577,3.2967953460643837,154.46402132832748,0.010665822024903123,1.689790157965045e-13,ae73669,2026-10-04T00:45:28+00:00,3.0389529606628813,154.76321040069885,True,0.0032830649350475433,3.5,3.2967953460643837,0.20752569931437123,5.0,1.5385280023750504e-12,True,True,-2.5410831747665097,-2.3216701639442583,-2.222546821001121,-2.162720899249196,-2.121584191288352,-2.067240863910609,-2.031967357423999,-2.0066728129636258,-1.9873715913696952,-1.972005667441757,-1.9593906844916424,,11549,92,1.5,False,False,"variant-gamma0 (v1.1-frozen + mu_surf_gamma=0; robustness study v1.3, 423 K only)"
C0251_T423,manual,0,C0251,C0251,423.0,1.1898862812668085,1.016884272545576,-1228965479880.5713,1.1695631235837936,431b0b326046,a7ae7a6020f6,5e1d50a6e395,0,True,0,48.612,4.118402377665496,2.9032482387922642,156.47379288865483,0.01209954816324149,1.6897901579650443e-13,ae73669,2026-10-04T00:46:01+00:00,4.132731151355974,156.57819087582814,True,0.003963306727864779,4.5,2.9032482387922642,0.23677357715461475,5.0,2.21807262664879e-12,True,True,-4.603929440548785,-2.495543201098643,-2.2552595907457214,-2.154016470454094,-2.094478506044981,-2.024415553065408,-1.9828403675199275,-1.9544899398210673,-1.933541475423636,-1.9172308473591562,-1.9040557269978364,,9794,91,1.5,False,False,"variant-gamma0 (v1.1-frozen + mu_surf_gamma=0; robustness study v1.3, 423 K only)"
C0252_T423,manual,0,C0252,C0252,423.0,1.1321763902902604,0.9959693275392056,-1346076835878.1934,1.147673263773322,c271cdd3d8b4,a7ae7a6020f6,5e1d50a6e395,0,True,0,30.534,4.338777182966781,2.955862345679831,155.857457704633,0.01188592555206482,1.6897901579650443e-13,ae73669,2026-10-04T00:47:00+00:00,4.353548189449819,155.7553430017885,True,0.003984022251762864,4.75,2.955862345679831,0.23239392200199302,5.0,9.854964067024241e-13,True,True,-5.896894870003009,-2.6165043636679024,-2.293157504127803,-2.176090639903636,-2.1104955125267075,-2.035675253712448,-1.9922703765275145,-1.9630266156178218,-1.941579850059797,-1.9249669942888723,-1.9115980677507176,,10145,92,1.5,False,False,"variant-gamma0 (v1.1-frozen + mu_surf_gamma=0; robustness study v1.3, 423 K only)"
C0253_T423,manual,0,C0253,C0253,423.0,0.8446920797228814,1.0730987071990967,-717386296018.9581,0.8311947975307703,b68f590ab5b1,a7ae7a6020f6,5e1d50a6e395,0,True,0,31.331,3.0983468280470206,3.3926675976286993,158.5730271849124,0.010369012379161163,1.6897901579650449e-13,ae73669,2026-10-04T00:22:34+00:00,3.114779367093554,158.48812590124973,True,0.003053665717151568,3.5,3.3926675976286993,0.20120610402499856,5.0,2.288959203421816e-12,True,True,-2.593904910571074,-2.353778625404177,-2.247916758328777,-2.184486600914973,-2.141031250124008,-2.0838196621763774,-2.046821095618307,-2.0203721018457834,-2.000245735700209,-1.9842626070349256,-1.9711701667992636,,11783,92,1.5,False,False,"variant-gamma0 (v1.1-frozen + mu_surf_gamma=0; robustness study v1.3, 423 K only)"
C0254_T423,manual,0,C0254,C0254,423.0,0.9782700199633836,0.8031824819743634,-1114170106127.8582,1.010636518150568,9d7daae622ce,a7ae7a6020f6,5e1d50a6e395,0,True,0,39.591,3.2819761018315687,3.0484904285285417,149.8592369609446,0.011524269259422975,1.6897901579650446e-13,ae73669,2026-10-04T00:24:27+00:00,3.2912286549931644,150.10052481694825,True,0.003931949172778364,3.75,3.0484904285285417,0.22542982461620809,5.0,8.795429662367127e-13,True,True,-2.586433345283059,-2.295100778106778,-2.1851476344877483,-2.1229553722325614,-2.0816445474185707,-2.028555729965472,-1.9948230520702295,-1.9709032842689347,-1.9527682020782955,-1.938386603175772,-1.9266081742930046,,11081,92,1.5,False,False,"variant-gamma0 (v1.1-frozen + mu_surf_gamma=0; robustness study v1.3, 423 K only)"
C0255_T423,manual,0,C0255,C0255,423.0,1.0907858971506357,1.1276033788919448,-945382923819.1248,0.9183262541890144,36c4785de568,a7ae7a6020f6,5e1d50a6e395,0,True,0,45.902,3.7481517678534333,3.1555936227278343,160.02063291305012,0.011141390778778733,1.6897901579650443e-13,ae73669,2026-10-04T00:25:43+00:00,3.7484355778779332,160.5755275458316,True,0.003285142081964182,4.25,3.1555936227278343,0.21692778321120232,5.0,1.2370625357416287e-12,True,True,-3.183919828220192,-2.450131037749561,-2.2783344837391084,-2.190675034287203,-2.1349856335027857,-2.065741894828943,-2.0229069416545604,-1.9930331458769475,-1.9706505819883358,-1.9530605928383689,-1.9387579034914701,,10379,92,1.5,False,False,"variant-gamma0 (v1.1-frozen + mu_surf_gamma=0; robustness study v1.3, 423 K only)"
C0256_T423,manual,0,C0256,C0256,423.0,1.0921106349676848,0.8040580667555333,-613950738683.3429,1.104194064438343,06b5989640d4,a7ae7a6020f6,5e1d50a6e395,0,True,0,44.296,2.1174805449001783,2.86356475647668,149.75401579965276,0.012261400342599326,1.6897901579650443e-13,ae73669,2026-10-04T00:26:13+00:00,2.1323748488433942,149.89894964806706,True,0.004126557505959099,2.5,2.86356475647668,0.24066746250228435,5.0,1.0597385267651178e-12,True,True,-2.2470982551478444,-2.1496492081129728,-2.0927043694716687,-2.054234775970182,-2.025996399007248,-1.9864953501933744,-1.959547011516055,-1.9396050475871371,-1.9240493747508665,-1.911459927343371,-1.9009907078061168,,10379,93,1.5,False,False,"variant-gamma0 (v1.1-frozen + mu_surf_gamma=0; robustness study v1.3, 423 K only)"
C0257_T423,manual,0,C0257,C0257,423.0,0.9796811606734992,1.1269240602850914,-1445636578835.5469,0.8247748114168645,2454d5eab901,a7ae7a6020f6,5e1d50a6e395,0,True,0,51.864,4.916501585230465,3.4113513472806294,160.14156536886136,0.010315411146080101,1.6897901579650446e-13,ae73669,2026-10-04T00:27:34+00:00,4.928610423359464,160.4357859486316,True,0.002940868187882262,5.5,3.4113513472806294,0.19976308223602351,5.0,2.4297847114179024e-12,True,True,-9.398425692391896,-3.6702781806231455,-2.5317236180277782,-2.3295562357922788,-2.231852729380577,-2.1286220130338385,-2.0716552889775564,-2.0342317340000537,-2.007214236499863,-1.9865134574712122,-1.9699891876819737,,11081,93,1.5,False,False,"variant-gamma0 (v1.1-frozen + mu_surf_gamma=0; robustness study v1.3, 423 K only)"
C0258_T423,manual,0,C0258,C0258,423.0,0.8444545082747936,0.9968393333256244,-845853653736.4125,1.0420120630413294,1901e3428b98,a7ae7a6020f6,5e1d50a6e395,0,True,0,55.032,3.1882447356360712,3.191603596207352,155.98116148690588,0.01101476262737737,1.689790157965045e-13,ae73669,2026-10-04T00:28:27+00:00,3.196872014865857,156.37700147092093,True,0.0035879238280430016,3.75,3.191603596207352,0.21460618120515573,5.0,1.9497160699068547e-12,True,True,-2.56333032128435,-2.305044318376738,-2.200611998987341,-2.1401981441166296,-2.0996394568393875,-2.047172628928663,-2.0137510820117077,-1.990078405623214,-1.972176771804133,-1.9580248576354076,-1.9464729203928093,,11783,93,1.5,False,False,"variant-gamma0 (v1.1-frozen + mu_surf_gamma=0; robustness study v1.3, 423 K only)"
C0259_T423,manual,0,C0259,C0259,423.0,1.1320248402655124,1.072423060238361,-1217636136338.1147,0.936862101778388,bb822a89d1c6,a7ae7a6020f6,5e1d50a6e395,0,True,0,46.054,4.246914183556941,3.1309522692702534,158.40955710287085,0.01122840073226601,1.6897901579650443e-13,ae73669,2026-10-04T00:50:10+00:00,4.24738478834395,158.86212705186864,True,0.003390058717036932,4.75,3.1309522692702534,0.21869719756973327,5.0,8.417294639073702e-13,True,True,-5.302086902633841,-2.625439588110353,-2.3348720265300833,-2.2181206088173924,-2.1502314521590087,-2.070763760060555,-2.023744874316751,-1.9917236751367835,-1.9680809892328266,-1.949682096152827,-1.9348254037010097,,10145,92,1.5,False,False,"variant-gamma0 (v1.1-frozen + mu_surf_gamma=0; robustness study v1.3, 423 K only)"
C0260_T423,manual,0,C0260,C0260,423.0,1.1897446494549513,0.9406007692217828,-1334747727029.0256,0.958694788813591,73013d6ecdeb,a7ae7a6020f6,5e1d50a6e395,0,True,0,46.245,4.183026573227727,3.0441880345741668,154.3561040790361,0.0115439660036161,1.6897901579650443e-13,ae73669,2026-10-04T00:25:51+00:00,4.192603465290013,154.9944460091436,True,0.0035256947614253804,4.75,3.0441880345741668,0.2253751893962597,5.0,1.0982534326409166e-12,True,True,-4.962551779581293,-2.5677027378402584,-2.303224433926963,-2.1936318122637957,-2.1293776952448527,-2.0537777258823793,-2.008843754112726,-1.9781348557861642,-1.9553918449554788,-1.9376449608875068,-1.9232798412148508,,9794,93,1.5,False,False,"variant-gamma0 (v1.1-frozen + mu_surf_gamma=0; robustness study v1.3, 423 K only)"
C0261_T423,manual,0,C0261,C0261,423.0,0.8771628733724356,1.0162102915346622,-728711839765.3103,1.0638958178460598,21f977cf9b5d,a7ae7a6020f6,5e1d50a6e395,0,True,0,50.389,2.963749612446644,3.1376871708084626,156.55244287885122,0.011202180880592159,1.6897901579650454e-13,ae73669,2026-10-04T00:27:33+00:00,2.9689198328619524,157.03715728176553,True,0.003669763880513828,3.5,3.1376871708084626,0.2184689015679945,5.0,1.6236625182372318e-12,True,True,-2.469534460905365,-2.27031958181006,-2.1794568051138907,-2.1245748655024883,-2.086874019734194,-2.0371793760017747,-2.005032093541193,-1.9820546409198587,-1.9645746491426155,-1.9506974190973048,-1.9393338203907287,,11549,93,1.5,False,False,"variant-gamma0 (v1.1-frozen + mu_surf_gamma=0; robustness study v1.3, 423 K only)"
C0262_T423,manual,0,C0262,C0262,423.0,0.94990096911788,0.8603450790047646,-1062747702002.5254,0.896660890057683,5d5a0fcad519,a7ae7a6020f6,5e1d50a6e395,0,True,0,47.967,3.3376267136594975,3.1838446135086484,151.88220323875333,0.011039640694235376,1.6897901579650443e-13,ae73669,2026-10-04T00:47:34+00:00,3.3537455528092326,151.88097313477655,True,0.003516597448987255,3.75,3.1838446135086484,0.2153303082501503,5.0,2.8115195671977456e-12,True,True,-2.6629678676330646,-2.341931999876491,-2.223062911584926,-2.1559856219595304,-2.1114438031418326,-2.0542031417623927,-2.0178381447793545,-1.9920615822499468,-1.9725280602703752,-1.9570450613034,-1.944370459862172,,11198,92,1.5,False,False,"variant-gamma0 (v1.1-frozen + mu_surf_gamma=0; robustness study v1.3, 423 K only)"
C0263_T423,manual,0,C0263,C0263,423.0,1.0373189993202687,1.183185274153948,-996809407137.3344,1.176030508801341,d1408f09d1a2,a7ae7a6020f6,5e1d50a6e395,0,True,0,48.078,3.9742201917840814,3.0130624687376555,161.35883178476084,0.011663350632591048,1.689790157965044e-13,ae73669,2026-10-04T00:27:09+00:00,3.977756317517886,161.6595940253318,True,0.0038253187127054796,4.5,3.0130624687376555,0.22767831133418148,5.0,2.384796168249157e-12,True,True,-3.885505635446701,-2.459343085126829,-2.25437192621016,-2.1612167496356713,-2.1049412196672908,-2.03758739559052,-1.9971962306759454,-1.9695475299049614,-1.9490960854939028,-1.9331766680841471,-1.920329481500838,,10613,92,1.5,False,False,"variant-gamma0 (v1.1-frozen + mu_surf_gamma=0; robustness study v1.3, 423 K only)"
C0264_T423,manual,0,C0264,C0264,423.0,1.0157801639288664,0.9610351949930191,-1033127991482.6156,1.0907663241028789,fa490c047187,a7ae7a6020f6,5e1d50a6e395,0,True,0,51.631,3.526785081459762,3.0197392863239476,154.816000507065,0.01163537987888174,1.689790157965044e-13,ae73669,2026-10-04T00:27:25+00:00,3.5345528928675423,155.08516391974936,True,0.0038965586584506504,4.0,3.0197392863239476,0.22741312984761164,5.0,1.3156555329857041e-12,True,True,-2.784805839688987,-2.3397692596434676,-2.2056321069371085,-2.134073746786465,-2.0878605165468263,-2.029792984723014,-1.993602099308885,-1.9682567178259078,-1.9492143261434565,-1.93421943303828,-1.9220087626043711,,10847,92,1.5,False,False,"variant-gamma0 (v1.1-frozen + mu_surf_gamma=0; robustness study v1.3, 423 K only)"
C0265_T423,manual,0,C0265,C0265,423.0,0.9032528426498176,1.0823479406535623,-903408912010.4908,0.9865423835814,15839b39020a,a7ae7a6020f6,5e1d50a6e395,0,True,0,38.738,3.537545938724221,3.213928507532237,158.63600935806866,0.010940034971683254,1.6897901579650449e-13,ae73669,2026-10-04T00:49:52+00:00,3.547701130361889,158.97531258767793,True,0.003480958297113255,4.0,3.213928507532237,0.2129276114262648,5.0,2.203462077884754e-12,True,True,-2.8393309969800344,-2.3840878876898284,-2.2450634946938903,-2.1704367872073123,-2.1220765975611138,-2.061175752794452,-2.0231918065083416,-1.9966095056014597,-1.9766636904863566,-1.9609812897041616,-1.9482308859601856,,11549,92,1.5,False,False,"variant-gamma0 (v1.1-frozen + mu_surf_gamma=0; robustness study v1.3, 423 K only)"
C0266_T423,manual,0,C0266,C0266,423.0,0.869686346501112,0.8382016658782959,-1304095157422.1252,1.153681990876794,2573b3d6cbed,a7ae7a6020f6,5e1d50a6e395,0,True,0,50.394,3.814954868427006,3.08180802852171,150.81999580565096,0.011401645294404064,1.689790157965045e-13,ae73669,2026-10-04T00:46:19+00:00,3.828684289336419,150.77229921513936,True,0.004193420876378885,4.25,3.08180802852171,0.22280148294405522,5.0,2.52491359617015e-12,True,True,-3.2799742933396874,-2.3819612977769515,-2.217966144410258,-2.1397889621005337,-2.0918595991031133,-2.033966030632652,-1.9989830097936168,-1.9749044855327789,-1.9570129643436878,-1.9430324740387093,-1.9317128477129792,,11666,92,1.5,False,False,"variant-gamma0 (v1.1-frozen + mu_surf_gamma=0; robustness study v1.3, 423 K only)"
C0267_T423,manual,0,C0267,C0267,423.0,1.157159212976694,1.1184636436402795,-636351773515.3436,0.8737273421138525,5a7f7f651233,a7ae7a6020f6,5e1d50a6e395,0,True,0,46.495,3.0141282609995668,3.1174495931550874,159.83464779514367,0.011275874633402946,1.6897901579650438e-13,ae73669,2026-10-04T00:46:48+00:00,3.0187965322760273,160.31235970486102,True,0.0031926436373709626,3.5,3.1174495931550874,0.21976304324431048,5.0,2.053119694597638e-12,True,True,-2.5448967281966652,-2.321028163399497,-2.217472541684686,-2.1541322416454523,-2.1101910925328116,-2.0516572277221066,-2.0133802921319797,-1.985804550144707,-1.9646953502513052,-1.9478497613144459,-1.933993302063509,,10028,92,1.5,False,False,"variant-gamma0 (v1.1-frozen + mu_surf_gamma=0; robustness study v1.3, 423 K only)"
C0268_T423,manual,0,C0268,C0268,423.0,1.1148790221661329,0.8944631986320019,-753463133238.256,0.8455600172281266,562386b02d8e,a7ae7a6020f6,5e1d50a6e395,0,True,0,28.384,2.7200884384468593,3.1003594761591238,153.03786530205326,0.0113345914288973,1.6897901579650449e-13,ae73669,2026-10-04T00:47:29+00:00,2.724794475242395,153.59913791367697,True,0.003319449041415388,3.25,3.1003594761591238,0.2213396218785978,5.0,1.6585799658506378e-12,True,True,-2.4355187316466105,-2.2701343786899435,-2.185199817837519,-2.131115593491437,-2.0927564010052424,-2.0406694411981032,-2.0060173685649003,-1.980762714467891,-1.961262513696802,-1.9455941300035748,-1.9326334912383223,,10262,93,1.5,False,False,"variant-gamma0 (v1.1-frozen + mu_surf_gamma=0; robustness study v1.3, 423 K only)"
C0269_T423,manual,0,C0269,C0269,423.0,0.802394711598754,1.1747511595487594,-1186953112483.025,1.125565733760595,e26a4285714e,a7ae7a6020f6,5e1d50a6e395,0,True,0,32.297,4.399919153747836,3.2789993019613783,161.17000878024712,0.010726838855681329,1.6897901579650438e-13,ae73669,2026-10-04T00:23:07+00:00,4.4122555972710105,161.2847424758984,True,0.003548602354316821,4.75,3.2789993019613783,0.2083184619933514,5.0,1.3287949191889405e-12,True,True,-6.202044335942602,-2.692428688332371,-2.339284337961922,-2.2184267858307622,-2.1519664740588587,-2.077266183390353,-2.0345535250128934,-2.0060936557082965,-1.9854156762014608,-1.969528243532906,-1.9568353787918926,,12017,93,1.5,False,False,"variant-gamma0 (v1.1-frozen + mu_surf_gamma=0; robustness study v1.3, 423 K only)"
C0270_T423,manual,0,C0270,C0270,423.0,0.9734726510941982,0.904822876304388,-520519789308.3096,0.9084284741431476,b18a003cd97d,a7ae7a6020f6,5e1d50a6e395,0,True,0,42.524,2.202238559566406,3.113054040679214,153.2824177658711,0.011288186750117352,1.6897901579650443e-13,ae73669,2026-10-04T00:25:10+00:00,2.2094224440781236,153.78778321664754,True,0.00342568382369749,2.75,3.113054040679214,0.22046433631424348,5.0,1.1207337141661e-12,True,True,-2.3223064527161834,-2.212956553886721,-2.149276757913977,-2.1063027755706933,-2.0747797995897614,-2.0307310232777205,-2.0007313353024263,-1.9785716881527342,-1.9613169460341981,-1.9473758142896258,-1.935800386332603,,11081,93,1.5,False,False,"variant-gamma0 (v1.1-frozen + mu_surf_gamma=0; robustness study v1.3, 423 K only)"
C0271_T423,manual,0,C0271,C0271,423.0,1.0609885282814502,1.026109629869461,-1415986414067.4473,1.0126027803868056,25476ad76fb6,a7ae7a6020f6,5e1d50a6e395,0,True,0,47.736,4.586894959932473,3.1174196926263784,156.91464756191908,0.011276117909439491,1.6897901579650446e-13,ae73669,2026-10-04T00:26:31+00:00,4.602173078556136,156.8646167831439,True,0.0036141539858109313,5.0,3.1174196926263784,0.21975269772277975,5.0,2.535419178537269e-12,True,True,-7.417330699984938,-2.882180298891118,-2.3762717463507994,-2.2311600065199317,-2.1543070297149156,-2.069432301224718,-2.02127370127105,-1.9891979545600644,-1.965842428162865,-1.947840391548998,-1.9334061835775844,,10613,92,1.5,False,False,"variant-gamma0 (v1.1-frozen + mu_surf_gamma=0; robustness study v1.3, 423 K only)"
C0272_T423,manual,0,C0272,C0272,423.0,1.066031215339899,0.9201399441808462,-916764060035.348,0.8807678539305925,5730851daacd,a7ae7a6020f6,5e1d50a6e395,0,True,0,47.614,3.165549425574194,3.1257716160419746,153.80764793507075,0.011243810319586137,1.6897901579650446e-13,ae73669,2026-10-04T00:27:01+00:00,3.1775898670981912,154.09599047015243,True,0.0032990436563949967,3.75,3.1257716160419746,0.21940392752667137,5.0,1.189473866625157e-12,True,True,-2.581399694578632,-2.3226841127240343,-2.213712679647448,-2.1494684206961185,-2.1058008902379735,-2.0485970309679913,-2.0116767405108784,-1.9852619708249584,-1.9651212588435254,-1.949086489447726,-1.9359161998438874,,10613,93,1.5,False,False,"variant-gamma0 (v1.1-frozen + mu_surf_gamma=0; robustness study v1.3, 423 K only)"
C0273_T423,manual,0,C0273,C0273,423.0,0.9536076538264752,1.0488302502781153,-1021725752390.9211,1.198078833147883,5315840f67d7,a7ae7a6020f6,5e1d50a6e395,0,True,0,51.608,3.7149354172295457,3.0273027542007176,157.41276538949967,0.011607471257131572,1.6897901579650449e-13,ae73669,2026-10-04T00:28:26+00:00,3.7197004019451043,157.7835045743371,True,0.003965315583217368,4.25,3.0273027542007176,0.22672668469598536,5.0,1.534337883387669e-12,True,True,-3.0561511277578686,-2.3699652793202435,-2.2152169770823593,-2.1378945646617575,-2.089453344750925,-2.0300166120433527,-1.993704395932538,-1.968589766369799,-1.9498882102348427,-1.9352623830772187,-1.923418077927385,,11198,92,1.5,False,False,"variant-gamma0 (v1.1-frozen + mu_surf_gamma=0; robustness study v1.3, 423 K only)"
C0274_T423,manual,0,C0274,C0274,423.0,0.8199373450130225,0.8804767098277808,-683886644430.4585,0.968734148144722,70538d9e975f,a7ae7a6020f6,5e1d50a6e395,0,True,0,53.753,2.5090428181756432,3.2095281553051804,152.42558551544576,0.010952060681884807,1.689790157965045e-13,ae73669,2026-10-04T00:29:21+00:00,2.512165563804402,152.8667410222244,True,0.003639532906934913,3.0,3.2095281553051804,0.213543734097355,5.0,2.116529375159863e-12,True,True,-2.363254601025412,-2.232470919092939,-2.162434898716168,-2.1171694174103908,-2.0848525077531246,-2.0408096396190647,-2.011482610207865,-1.990135466419775,-1.973687259805208,-1.9605041585798084,-1.9496283660889202,,12017,92,1.5,False,False,"variant-gamma0 (v1.1-frozen + mu_surf_gamma=0; robustness study v1.3, 423 K only)"
C0275_T423,manual,0,C0275,C0275,423.0,1.1075139712542297,1.1502116803079845,-1250700769945.979,1.0602133296430112,b03b2a6a63a9,a7ae7a6020f6,5e1d50a6e395,0,True,0,47.687,4.496688226958222,3.0702354552991657,160.55427671608948,0.011448936016927964,1.6897901579650446e-13,ae73669,2026-10-04T00:50:58+00:00,4.49716599223013,160.97844223983125,True,0.0036214041779830527,5.0,3.0702354552991657,0.2231602128721663,5.0,2.073197520627048e-12,True,True,-6.792678547712217,-2.784270969869759,-2.3565707053663805,-2.2199865562328016,-2.145695312094879,-2.0623483794282036,-2.014561149465596,-1.982583439432132,-1.959245042889299,-1.9412348717038026,-1.926785760193108,,10262,92,1.5,False,False,"variant-gamma0 (v1.1-frozen + mu_surf_gamma=0; robustness study v1.3, 423 K only)"
C0276_T423,manual,0,C0276,C0276,423.0,1.1654183991253375,0.836763820424676,-1133436824195.087,1.0321207854896783,5be5fa92bdb8,a7ae7a6020f6,5e1d50a6e395,0,True,0,44.962,3.4232591221614497,2.9323126932518293,150.91864844556102,0.011977934854681802,1.6897901579650446e-13,ae73669,2026-10-04T00:26:36+00:00,3.4337867509868407,151.45832167881622,True,0.0038273006510387377,4.0,2.9323126932518293,0.23462231267104608,5.0,2.184165897617933e-12,True,True,-2.680398060439594,-2.312189802646776,-2.187785042887918,-2.119425742857826,-2.074613299378801,-2.0175678883424024,-1.9815679492961797,-1.9561264950833699,-1.9368724581013126,-1.9216180532762843,-1.909130390566274,,10028,93,1.5,False,False,"variant-gamma0 (v1.1-frozen + mu_surf_gamma=0; robustness study v1.3, 423 K only)"
C0277_T423,manual,0,C0277,C0277,423.0,0.8528547428548336,1.1064728077501058,-801120247691.8698,0.9405919637531042,5dae974f760f,a7ae7a6020f6,5e1d50a6e395,0,True,0,48.662,3.3617887402883313,3.2978455363740267,159.3765750220716,0.010664584011140963,1.6897901579650449e-13,ae73669,2026-10-04T00:28:22+00:00,3.377372695508943,159.45570513200002,True,0.0032855404950742173,3.75,3.2978455363740267,0.20723052151196145,5.0,1.5290031936554486e-12,True,True,-2.7038237170797674,-2.367484271504154,-2.2445904859304098,-2.1754050555847946,-2.129534691784149,-2.070751789897644,-2.033588302276678,-2.007385429023605,-1.9876335169687855,-1.972056080222941,-1.9593640948802706,,11783,91,1.5,False,False,"variant-gamma0 (v1.1-frozen + mu_surf_gamma=0; robustness study v1.3, 423 K only)"
C0278_T423,manual,0,C0278,C0278,423.0,0.9240120824426412,0.963901275768876,-1404462292790.4128,1.1199389711022376,5b938994d818,a7ae7a6020f6,5e1d50a6e395,0,True,0,52.407,4.393651855508136,3.1150619170628873,154.89138396554813,0.011283172162256725,1.6897901579650446e-13,ae73669,2026-10-04T00:48:27+00:00,4.406726765519962,155.3491987161082,True,0.003811782205328023,4.75,3.1150619170628873,0.22008376768630644,5.0,1.821264741415679e-12,True,True,-6.24604028239758,-2.6606712548472453,-2.3131502545920513,-2.1940478221338418,-2.1285340114208586,-2.0547946089897966,-2.0124852129817246,-1.9841734944992309,-1.9635119466211197,-1.947568785203001,-1.9347796253248104,,11315,93,1.5,False,False,"variant-gamma0 (v1.1-frozen + mu_surf_gamma=0; robustness study v1.3, 423 K only)"
C0279_T423,manual,0,C0279,C0279,423.0,1.0114486139267682,1.0926175739616155,-533997192047.5364,0.8026790656149387,89e9ea238817,a7ae7a6020f6,5e1d50a6e395,0,True,0,47.093,2.7228946449648577,3.2652040528614825,159.18461643468257,0.010769593529315372,1.6897901579650446e-13,ae73669,2026-10-04T00:27:57+00:00,2.727243695420189,159.83181181744294,True,0.0029757055652942024,3.25,3.2652040528614825,0.2094523936427785,5.0,8.981478755165639e-13,True,True,-2.4786223045078732,-2.3082862566942897,-2.219827436371354,-2.1631448615910602,-2.122799073917382,-2.067889710659406,-2.0313433032910044,-2.0047401008882195,-1.9842379877339769,-1.967800687723991,-1.9542347240914322,,10847,92,1.5,False,False,"variant-gamma0 (v1.1-frozen + mu_surf_gamma=0; robustness study v1.3, 423 K only)"
C0280_T423,manual,0,C0280,C0280,423.0,1.0416536785662174,0.8647179711610079,-1499542234465.4795,0.917242457345128,dad5e841c7bc,a7ae7a6020f6,5e1d50a6e395,0,True,0,46.473,4.361465126288409,3.156240805962373,151.9965836825221,0.011136499020415986,1.6897901579650446e-13,ae73669,2026-10-04T00:28:12+00:00,4.3774395063030305,152.09603456426467,True,0.0035520802097699688,4.75,3.156240805962373,0.2171676597002265,5.0,2.410273670162279e-12,True,True,-6.062154173613946,-2.672068783266024,-2.3376475271922517,-2.2160956674818966,-2.147812095080257,-2.0697010715936623,-2.024215366343174,-1.9934608058851118,-1.9708320903739527,-1.9532513167998427,-1.9390651387776847,,10613,91,1.5,False,False,"variant-gamma0 (v1.1-frozen + mu_surf_gamma=0; robustness study v1.3, 423 K only)"
C0281_T423,manual,0,C0281,C0281,423.0,0.9291326515376568,1.191848925873637,-565904793329.5369,1.010139374062419,87f0aca2eb71,a7ae7a6020f6,5e1d50a6e395,0,True,0,37.611,3.006770480226988,3.1659496444550124,161.77157739142078,0.0111047045851917,1.6897901579650449e-13,ae73669,2026-10-04T00:50:30+00:00,3.0090327180791245,162.21932940234257,True,0.003435058457262037,3.5,3.1659496444550124,0.2162547333442786,5.0,1.7514896280317767e-12,True,True,-2.5150255643882535,-2.299555949633602,-2.2017124761585998,-2.1425426596546946,-2.1018351072225903,-2.048098047238692,-2.0133017177522143,-1.9884266476318246,-1.9695072104973133,-1.9544929903552752,-1.942203699091838,,11315,92,1.5,False,False,"variant-gamma0 (v1.1-frozen + mu_surf_gamma=0; robustness study v1.3, 423 K only)"
C0282_T423,manual,0,C0282,C0282,423.0,0.8939974989742041,0.9344334561377764,-1227596440352.4995,0.8301111072301866,1711cd9b4361,a7ae7a6020f6,5e1d50a6e395,0,True,0,53.951,3.929942886656247,3.3553676827138568,154.32548147366742,0.010482121590745281,1.689790157965045e-13,ae73669,2026-10-04T00:47:14+00:00,3.94047852305728,154.7482071254479,True,0.0031332557547949884,4.5,3.3553676827138568,0.20365842541021342,5.0,1.0460907630921554e-12,True,True,-3.7087911131350975,-2.51247785891844,-2.313701372026933,-2.2194717963353012,-2.161506446321112,-2.091122880376442,-2.0483552871338775,-2.0188073789746457,-1.9967914313422073,-1.9795508068654943,-1.9655660173597638,,11549,93,1.5,False,False,"variant-gamma0 (v1.1-frozen + mu_surf_gamma=0; robustness study v1.3, 423 K only)"
C0283_T423,manual,0,C0283,C0283,423.0,1.181476278230548,1.008852780982852,-833940485492.3486,1.1471762262284757,15b1f38e1d28,a7ae7a6020f6,5e1d50a6e395,0,True,0,46.3,3.1833268526947,2.8760483058007242,156.2341452666527,0.012212019775129921,1.6897901579650446e-13,ae73669,2026-10-04T00:47:35+00:00,3.192208690149367,156.75939581481012,True,0.003900029308574749,3.75,2.8760483058007242,0.23921240771224572,5.0,1.7511096491122078e-12,True,True,-2.529441932666756,-2.268505241332161,-2.1625719185365035,-2.1010395712199488,-2.0595799748309043,-2.005705928765863,-1.9712016105803656,-1.9466486046679323,-1.9280052104274368,-1.9132125011124153,-1.90109675374858,,9911,93,1.5,False,False,"variant-gamma0 (v1.1-frozen + mu_surf_gamma=0; robustness study v1.3, 423 K only)"
C0284_T423,manual,0,C0284,C0284,423.0,1.139380706101656,0.978221045061946,-716676308773.458,1.169083670154214,a78a5df6dbcd,a7ae7a6020f6,5e1d50a6e395,0,True,0,29.216,2.831770558126127,2.8656006877843763,155.27650423620247,0.012255427262564917,1.6897901579650436e-13,ae73669,2026-10-04T00:47:58+00:00,2.8462651136167167,155.36987331611985,True,0.004066715053177026,3.25,2.8656006877843763,0.24020141777209889,5.0,2.676770515171112e-12,True,True,-2.392705619561072,-2.217852051510782,-2.133724255105468,-2.081766417752203,-2.0456011296634102,-1.9973458098821006,-1.9657646411307217,-1.94300506414763,-1.925579212160343,-1.9116715432825955,-1.900231483109266,,10145,92,1.5,False,False,"variant-gamma0 (v1.1-frozen + mu_surf_gamma=0; robustness study v1.3, 423 K only)"
C0285_T423,manual,0,C0285,C0285,423.0,0.8269148968160153,1.052614574506879,-1344829812645.912,0.8519689109176398,817d03f76e66,a7ae7a6020f6,5e1d50a6e395,0,True,0,34.574,4.501903090679393,3.4688570908775156,157.922555027596,0.01014464504091569,1.689790157965045e-13,ae73669,2026-10-04T00:23:42+00:00,4.502600165089577,158.446470297806,True,0.0031309919863163884,5.0,3.4688570908775156,0.19645514961678176,5.0,2.8540874479151088e-12,True,True,-6.840470479142031,-2.837963864903694,-2.4146669964135983,-2.276896958479964,-2.201596525003912,-2.1169230516339295,-2.0683253506719086,-2.0358013782860067,-2.0120695750988586,-1.9937631442411372,-1.9790838062911835,,11900,92,1.5,False,False,"variant-gamma0 (v1.1-frozen + mu_surf_gamma=0; robustness study v1.3, 423 K only)"
C0286_T423,manual,0,C0286,C0286,423.0,0.9995370801538228,0.8209795903414489,-948641087859.869,1.0819995239377025,b5eb236b1bc4,a7ae7a6020f6,5e1d50a6e395,0,True,0,39.082,2.945219055895189,2.9755659166702366,150.35994210968877,0.01180427653572778,1.689790157965044e-13,ae73669,2026-10-04T00:25:49+00:00,2.9528775775784943,150.90344996284998,True,0.003973501638776966,3.5,2.9755659166702366,0.2311841602460073,5.0,8.497855197298065e-13,True,True,-2.42784495824733,-2.2361104529054234,-2.1487148663283167,-2.095978361410967,-2.059748302356272,-2.011916576247982,-1.9808624640885508,-1.9585712324185394,-1.9415391730369875,-1.9279606249486063,-1.9167976060849017,,10964,93,1.5,False,False,"variant-gamma0 (v1.1-frozen + mu_surf_gamma=0; robustness study v1.3, 423 K only)"
C0287_T423,manual,0,C0287,C0287,423.0,1.0870710771530867,1.148136343434453,-1116775120608.5083,0.9891536809504032,133acd1ef858,a7ae7a6020f6,5e1d50a6e395,0,True,0,45.204,4.187053674471363,3.1226854593515547,160.53309688489793,0.011258173618685944,1.6897901579650446e-13,ae73669,2026-10-04T00:27:17+00:00,4.19591448406878,160.78904947702623,True,0.0033838931266050682,4.75,3.1226854593515547,0.21926814657764618,5.0,1.8149646266718084e-12,True,True,-4.952444462588908,-2.588808457618728,-2.3202288135671933,-2.2087454700563036,-2.14329049819634,-2.066257950673861,-2.020549986694082,-1.9894030132274811,-1.9664120842358013,-1.9485320581224455,-1.934106186151707,,10379,93,1.5,False,False,"variant-gamma0 (v1.1-frozen + mu_surf_gamma=0; robustness study v1.3, 423 K only)"
C0288_T423,manual,0,C0288,C0288,423.0,1.0768002089112998,0.991148891299963,-1294047262519.598,0.8085161767899991,de9492606518,a7ae7a6020f6,5e1d50a6e395,0,True,0,47.605,4.2345302233338025,3.2804509556020878,156.13272598106798,0.010720750177895255,1.6897901579650446e-13,ae73669,2026-10-04T00:27:49+00:00,4.237064197045595,156.6924459678307,True,0.0031086737366307444,4.75,3.2804509556020878,0.20835560023930172,5.0,2.225264075324769e-12,True,True,-5.232005873140278,-2.6499021042032274,-2.3633083417674574,-2.24553788469955,-2.1764591991459508,-2.095056474403846,-2.046602568611633,-2.0134674696792967,-1.988924217866143,-1.9697748240908861,-1.954278293563645,,10496,92,1.5,False,False,"variant-gamma0 (v1.1-frozen + mu_surf_gamma=0; robustness study v1.3, 423 K only)"
C0289_T423,manual,0,C0289,C0289,423.0,0.9893275301903486,1.0655652701854703,-642462934367.3586,1.1125455707311631,b0e3636a3b86,a7ae7a6020f6,5e1d50a6e395,0,True,0,51.61,2.8817933338581323,3.016431784209112,157.97988173531508,0.011648553132028385,1.6897901579650446e-13,ae73669,2026-10-04T00:29:18+00:00,2.895636044988353,158.07517966659773,True,0.0037157329922374166,3.25,3.016431784209112,0.22761766348500997,5.0,1.2798807152991643e-12,True,True,-2.433790283581668,-2.2488243913621306,-2.1612477455094523,-2.107517079746521,-2.070272551234842,-2.0207913349116207,-1.9885623632857707,-1.9654273678311607,-1.9477744506975616,-1.933728015049915,-1.9222049669077859,,10964,93,1.5,False,False,"variant-gamma0 (v1.1-frozen + mu_surf_gamma=0; robustness study v1.3, 423 K only)"
C0290_T423,manual,0,C0290,C0290,423.0,0.8369565732777119,0.8081490091979504,-1058175279758.8706,0.9456980746239424,cf829e2e9235,a7ae7a6020f6,5e1d50a6e395,0,True,0,53.315,3.171891337489702,3.216626727454541,150.09757731102223,0.010927263862308325,1.6897901579650446e-13,ae73669,2026-10-04T00:30:15+00:00,3.1829493883194226,150.75759672412792,True,0.0035661729477731107,3.75,3.216626727454541,0.2131413844766655,5.0,1.0935297806158317e-12,True,True,-2.551593817432434,-2.301637263195163,-2.1997424542860027,-2.1407077067379494,-2.101031717773626,-2.049599347022761,-2.016716026678255,-1.993330939898085,-1.9755766241920334,-1.961488569821567,-1.949948834568558,,11900,93,1.5,False,False,"variant-gamma0 (v1.1-frozen + mu_surf_gamma=0; robustness study v1.3, 423 K only)"
C0291_T423,manual,0,C0291,C0291,423.0,1.1494837068021295,1.135282930731773,-882237330079.0786,1.0254581708461046,8365b47c5b30,a7ae7a6020f6,5e1d50a6e395,0,True,0,46.753,3.610167681837683,3.021201136744624,160.1449414593459,0.011632085165895707,1.6897901579650449e-13,ae73669,2026-10-04T00:51:45+00:00,3.6252700958719877,160.04079879350098,True,0.003510330208198138,4.0,3.021201136744624,0.22704812640189864,5.0,1.7941181810731617e-12,True,True,-2.922944407690876,-2.3865571329106023,-2.235904148218965,-2.1562703968476016,-2.104937352591296,-2.040456689398195,-2.0002666949516787,-1.9721235151108658,-1.9509841060364705,-1.9343424267272014,-1.9207940245897461,,10145,92,1.5,False,False,"variant-gamma0 (v1.1-frozen + mu_surf_gamma=0; robustness study v1.3, 423 K only)"
C0292_T423,manual,0,C0292,C0292,423.0,1.1792623843997716,0.8518618941307068,-515125789679.5869,1.0535942174494266,f03418381b46,a7ae7a6020f6,5e1d50a6e395,0,True,0,44.609,2.030492631401041,2.854114661333672,151.36725245840344,0.0123025108168137,1.6897901579650449e-13,ae73669,2026-10-04T00:27:21+00:00,2.0392598200440157,151.5888040081702,True,0.0039975210398249415,2.5,2.854114661333672,0.24140323910592426,5.0,1.1260913534115458e-12,True,True,-2.2492014182198257,-2.153886713367814,-2.096874069210283,-2.057851852213665,-2.02896522684576,-1.988240049218703,-1.9602638364717444,-1.9394708747409866,-1.9232023164318524,-1.9100062444462542,-1.8990130690964364,,9911,92,1.5,False,False,"variant-gamma0 (v1.1-frozen + mu_surf_gamma=0; robustness study v1.3, 423 K only)"
C0293_T423,manual,0,C0293,C0293,423.0,0.8917466949671508,1.1790218077600003,-1425317147746.682,0.9737845733761789,f427252de195,a7ae7a6020f6,5e1d50a6e395,0,True,0,49.602,4.974718210111839,3.340709162258436,161.44180478912307,0.010531275589683252,1.6897901579650446e-13,ae73669,2026-10-04T00:29:12+00:00,4.978469369015688,161.974748364915,True,0.0033231517776981384,5.5,3.340709162258436,0.20420680961752347,5.0,1.642518297033315e-12,True,True,-9.744449875837855,-3.890958515155472,-2.513469035255929,-2.3050512094988083,-2.2087685828628385,-2.1096953372499323,-2.056124677213941,-2.021354846733601,-1.9964654109164601,-1.977519022165982,-1.9624748919493233,,11432,92,1.5,False,False,"variant-gamma0 (v1.1-frozen + mu_surf_gamma=0; robustness study v1.3, 423 K only)"
C0294_T423,manual,0,C0294,C0294,423.0,0.9316062070429324,0.9473875552415848,-775351880118.2509,1.1906281974166633,15f5559bdfbf,a7ae7a6020f6,5e1d50a6e395,0,True,0,50.903,2.8862025083822185,2.993233850507788,154.2888616648256,0.011736769925964527,1.689790157965044e-13,ae73669,2026-10-04T00:49:18+00:00,2.8995715525238257,154.5370890387378,True,0.004011753472100567,3.25,2.993233850507788,0.2295977408501788,5.0,1.2138120369931116e-12,True,True,-2.406632064155983,-2.227165463525362,-2.143588358010678,-2.0927693622992654,-2.0577416555336487,-2.0114360762583106,-1.9813972077947763,-1.9598818542193541,-1.9434863078289317,-1.9304514087395668,-1.9197645526550196,,11315,93,1.5,False,False,"variant-gamma0 (v1.1-frozen + mu_surf_gamma=0; robustness study v1.3, 423 K only)"
C0295_T423,manual,0,C0295,C0295,423.0,1.0440903298556805,1.0217779509723186,-1161188659258.1868,0.8866499695926905,dd52b025c563,a7ae7a6020f6,5e1d50a6e395,0,True,0,50.696,3.9960275145399757,3.2078587765984508,156.9507945479789,0.010960721821259184,1.6897901579650443e-13,ae73669,2026-10-04T00:28:48+00:00,3.9966485375367986,157.45245218689897,True,0.0032940591697330573,4.5,3.2078587765984508,0.21332364660872769,5.0,2.0030761474539197e-12,True,True,-3.9823022218526885,-2.5250462484226452,-2.309520611950572,-2.209953477000218,-2.1492196986589347,-2.075850574321186,-2.0314267147173126,-2.0007934740393494,-1.9779972086927293,-1.9601608443309102,-1.9457015565311553,,10613,92,1.5,False,False,"variant-gamma0 (v1.1-frozen + mu_surf_gamma=0; robustness study v1.3, 423 K only)"
C0296_T423,manual,0,C0296,C0296,423.0,1.0028134878724813,0.8497866526246072,-867528751492.5002,0.9965532802045344,c4e1df31c4cf,a7ae7a6020f6,5e1d50a6e395,0,True,0,47.212,2.846425076908787,3.0352252619584323,151.3832238885055,0.01157466682032922,1.689790157965044e-13,ae73669,2026-10-04T00:28:59+00:00,2.862186536008094,151.17818691522888,True,0.003796420333387468,3.25,3.0352252619584323,0.2264045462922838,5.0,1.5153912960601771e-12,True,True,-2.423114448472055,-2.2460254126857233,-2.1609635505141056,-2.1084818339502744,-2.0719667965748774,-2.0232362060996687,-1.9913125410526291,-1.9682745664498975,-1.950609825357694,-1.9364915014050474,-1.924862733667989,,10964,91,1.5,False,False,"variant-gamma0 (v1.1-frozen + mu_surf_gamma=0; robustness study v1.3, 423 K only)"
C0297_T423,manual,0,C0297,C0297,423.0,0.915242962166667,1.1195245929062367,-1192024244926.87,1.0761686116456983,202277250754,a7ae7a6020f6,5e1d50a6e395,0,True,0,38.584,4.288087671811245,3.1814886856406943,159.63130468595932,0.011051408768648869,1.6897901579650446e-13,ae73669,2026-10-04T00:51:09+00:00,4.298062046676157,159.97989946370507,True,0.003664285691394444,4.75,3.1814886856406943,0.2151045785866235,5.0,1.2653858787063941e-12,True,True,-5.547168598219656,-2.6207057915546055,-2.320378978826891,-2.2063251756181192,-2.141516215115216,-2.0670335210265516,-2.0236830181227536,-1.9944845083473988,-1.9731060961939917,-1.956582357141478,-1.943316778348045,,11432,92,1.5,False,False,"variant-gamma0 (v1.1-frozen + mu_surf_gamma=0; robustness study v1.3, 423 K only)"
C0298_T423,manual,0,C0298,C0298,423.0,0.8614071615040303,0.9511717841029168,-608221079222.8579,0.8586375337094069,b218a8692f44,a7ae7a6020f6,5e1d50a6e395,0,True,0,59.091,2.534622988773216,3.284261105047809,154.80494532476146,0.01070596765036363,1.6897901579650449e-13,ae73669,2026-10-04T00:48:13+00:00,2.5447055990131857,155.07825540499047,True,0.0032823297541114283,3.0,3.284261105047809,0.20837368600894657,5.0,1.0800309196321151e-12,True,True,-2.4056461579310264,-2.2660399497818347,-2.1906821060472654,-2.1416972683468196,-2.1065805862681524,-2.0585273244156115,-2.026410201317422,-2.0029759895860786,-1.9848891584469461,-1.970374073234466,-1.95838691302205,,11666,92,1.5,False,False,"variant-gamma0 (v1.1-frozen + mu_surf_gamma=0; robustness study v1.3, 423 K only)"
C0299_T423,manual,0,C0299,C0299,423.0,1.1738368295133117,1.07985914722085,-1455242004245.5195,1.163983567431569,daf8b9c30be9,a7ae7a6020f6,5e1d50a6e395,0,True,0,45.63,4.798204240746942,2.962524202257201,158.37854053764843,0.011860954658203865,1.6897901579650446e-13,ae73669,2026-10-04T00:48:21+00:00,4.809594683113243,158.55884751209348,True,0.003961833361323092,5.25,2.962524202257201,0.23168357704924264,5.0,2.5196164597434635e-12,True,True,-8.744808849202,-3.2595656822644616,-2.3946393664477728,-2.222424768284561,-2.138028289127641,-2.0486870777110973,-1.9994254529526196,-1.9670905129409442,-1.9437564695390055,-1.9258803543019054,-1.9116104414624144,,9911,92,1.5,False,False,"variant-gamma0 (v1.1-frozen + mu_surf_gamma=0; robustness study v1.3, 423 K only)"
C0300_T423,manual,0,C0300,C0300,423.0,1.1036155071109532,0.9073841936886312,-1088130709715.1876,1.142119602113962,cef879906287,a7ae7a6020f6,5e1d50a6e395,0,True,0,30.692,3.507964898330602,2.9170889495341323,153.06160823030535,0.012040618539309997,1.689790157965045e-13,ae73669,2026-10-04T00:48:29+00:00,3.5106109774217247,153.46861426739355,True,0.004101420717709805,4.0,2.9170889495341323,0.2358222272869824,5.0,1.984555152644864e-12,True,True,-2.744501271770859,-2.315661227440311,-2.1849432621098717,-2.115088236681923,-2.069938170367671,-2.0131463887600063,-1.9776939270194849,-1.9528247320632135,-1.9341101776881648,-1.9193512023382278,-1.9073158035641422,,10262,92,1.5,False,False,"variant-gamma0 (v1.1-frozen + mu_surf_gamma=0; robustness study v1.3, 423 K only)"
C0301_T423,manual,0,C0301,C0301,423.0,0.8161972831934691,1.0360973551869392,-975363193079.8292,0.8367240205407143,a4be825f8fad,a7ae7a6020f6,5e1d50a6e395,0,True,0,34.57,3.60560578403769,3.4368410647377527,157.4544139739088,0.010237190062507008,1.6897901579650443e-13,ae73669,2026-10-04T00:24:16+00:00,3.622023289349818,157.3388940399707,True,0.0030924087842877186,4.0,3.4368410647377527,0.19848354252019754,5.0,1.0091979335546952e-12,True,True,-2.9563870881033574,-2.4398918591408947,-2.29053757606202,-2.211169469668905,-2.1599333687784217,-2.095560244618769,-2.0554633603266903,-2.0274135975929424,-2.0063678852125477,-1.989819233576388,-1.9763624938344753,,12017,92,1.5,False,False,"variant-gamma0 (v1.1-frozen + mu_surf_gamma=0; robustness study v1.3, 423 K only)"
C0302_T423,manual,0,C0302,C0302,423.0,0.9575216390192508,0.8935250319540501,-1324913421645.7605,1.0042512502521277,7fde762ae162,a7ae7a6020f6,5e1d50a6e395,0,True,0,42.264,4.029378310803763,3.1330975008591055,152.78857527150856,0.011217754996833041,1.6897901579650449e-13,ae73669,2026-10-04T00:26:31+00:00,4.037982933973827,153.05605225135287,True,0.003761901473788215,4.5,3.1330975008591055,0.21887231412275526,5.0,2.033089412699513e-12,True,True,-4.141152134756912,-2.488436269730576,-2.27409258073163,-2.179072900036891,-2.1222535048312916,-2.0546798829151185,-2.0142724229948406,-1.9865993582243489,-1.9660930252361,-1.9500940495008123,-1.9371510232694293,,11081,92,1.5,False,False,"variant-gamma0 (v1.1-frozen + mu_surf_gamma=0; robustness study v1.3, 423 K only)"
C0303_T423,manual,0,C0303,C0303,423.0,1.070103608816862,1.163237176835537,-734670379199.0876,0.924687084928155,ed87adb54e67,a7ae7a6020f6,5e1d50a6e395,0,True,0,43.757,3.3410490564704447,3.1464842875531587,161.03545693638378,0.0111731282267238,1.6897901579650446e-13,ae73669,2026-10-04T00:28:01+00:00,3.3566893526701,161.2389078971761,True,0.003253337958958337,3.75,3.1464842875531587,0.2176080278942283,5.0,9.487173146675711e-13,True,True,-2.697207954699881,-2.364502139487703,-2.2389477410082077,-2.1672704185148794,-2.11932478080452,-2.0573551177074996,-2.0178506165048713,-1.9898338280590082,-1.9686188384341683,-1.9518252170901509,-1.9380986464410395,,10496,92,1.5,False,False,"variant-gamma0 (v1.1-frozen + mu_surf_gamma=0; robustness study v1.3, 423 K only)"
C0304_T423,manual,0,C0304,C0304,423.0,1.0524846993386745,0.8815349649637938,-1237735923379.6597,1.181917878612876,a5a75213b1d2,a7ae7a6020f6,5e1d50a6e395,0,True,0,47.743,3.781501167154195,2.932026034990079,152.21294921834703,0.011979522757443902,1.6897901579650443e-13,ae73669,2026-10-04T00:28:37+00:00,3.7902046530331397,152.36225223477751,True,0.004237314995040789,4.25,2.932026034990079,0.23460235944527885,5.0,1.382762498882846e-12,True,True,-3.18959874057486,-2.366791987053441,-2.2041927154100605,-2.125115259163206,-2.0761343855293863,-2.0164577863311823,-1.9801219035993105,-1.954989220274897,-1.9362472657702572,-1.921560483110071,-1.9096405795612796,,10496,92,1.5,False,False,"variant-gamma0 (v1.1-frozen + mu_surf_gamma=0; robustness study v1.3, 423 K only)"
C0305_T423,manual,0,C0305,C0305,423.0,0.9650057263672353,1.1618000764399767,-827676768414.6761,0.8892170403152705,3af0ec38756c,a7ae7a6020f6,5e1d50a6e395,0,True,0,49.663,3.5569462199963193,3.2686079660947014,161.06426581748235,0.010759697744371584,1.6897901579650446e-13,ae73669,2026-10-04T00:30:08+00:00,3.570382972525068,161.36598560149162,True,0.003170865843752184,4.0,3.2686079660947014,0.20909582623878975,5.0,1.1517371599067784e-12,True,True,-2.8960160360106935,-2.4202251599897253,-2.273540763827456,-2.194166930803483,-2.142431822861436,-2.0769117728174136,-2.0358318508944167,-2.0069855793477425,-1.9852893953139852,-1.9681999284647302,-1.9542853156438302,,11081,92,1.5,False,False,"variant-gamma0 (v1.1-frozen + mu_surf_gamma=0; robustness study v1.3, 423 K only)"
C0306_T423,manual,0,C0306,C0306,423.0,0.8110783319920302,0.9176530819386244,-1474586470983.9224,1.0689516700804234,c1cd4c071b9a,a7ae7a6020f6,5e1d50a6e395,0,True,0,56.556,4.437450515375435,3.2498196420304812,153.48065676078193,0.01081933570767808,1.6897901579650446e-13,ae73669,2026-10-04T00:31:12+00:00,4.446131380903725,153.85333862629514,True,0.003725814873103019,5.0,3.2498196420304812,0.21058556827313984,5.0,1.0466297967193228e-12,True,True,-6.537885528601605,-2.7025296315743526,-2.3322655280827047,-2.210807884163011,-2.1449135435046505,-2.0714450253623555,-2.029600696807266,-2.0017174914539924,-1.9814254053327605,-1.9657994034943573,-1.953284877033346,,11900,93,1.5,False,False,"variant-gamma0 (v1.1-frozen + mu_surf_gamma=0; robustness study v1.3, 423 K only)"
C0307_T423,manual,0,C0307,C0307,423.0,1.1235995527356863,1.0389626670628789,-586923763155.9373,0.9520826235413552,9cde0f33d777,a7ae7a6020f6,5e1d50a6e395,0,True,0,49.447,2.7005621158025503,3.0313202387556517,157.3977147459284,0.011591914079551619,1.6897901579650449e-13,ae73669,2026-10-04T00:52:34+00:00,2.7078078269912953,157.81362135676997,True,0.0034148294984195004,3.25,3.0313202387556517,0.22643902127192908,5.0,1.5028308458786555e-12,True,True,-2.4180872177539854,-2.2555454119544414,-2.171791611153037,-2.1183985275664736,-2.0805260921630127,-2.0291468178232615,-1.995039026263487,-1.9702444921716897,-1.9511493458122136,-1.9358448465599067,-1.923215032217754,,10145,93,1.5,False,False,"variant-gamma0 (v1.1-frozen + mu_surf_gamma=0; robustness study v1.3, 423 K only)"
C0308_T423,manual,0,C0308,C0308,423.0,1.1531966380774974,0.9738916475325824,-954187639988.9587,0.930192730948329,bf37ac4594d0,a7ae7a6020f6,5e1d50a6e395,0,True,0,47.374,3.389885045910792,3.0540791559543496,155.42445132751627,0.011506394942711256,1.689790157965044e-13,ae73669,2026-10-04T00:28:09+00:00,3.4041147094444804,155.7242989276396,True,0.003393591366993444,3.75,3.0540791559543496,0.22466861468490856,5.0,1.073086064451445e-12,True,True,-2.704712447630856,-2.3499852361800935,-2.222629924425349,-2.151091735839096,-2.1036277937939327,-2.042630459848181,-2.003869421859885,-1.9763911390611772,-1.955567161994899,-1.9390607234361494,-1.9255474271253186,,10028,93,1.5,False,False,"variant-gamma0 (v1.1-frozen + mu_surf_gamma=0; robustness study v1.3, 423 K only)"
C0309_T423,manual,0,C0309,C0309,423.0,0.8656624473631382,1.0951754342764617,-1107352802529.9312,1.047112937644124,65440b0797c8,a7ae7a6020f6,5e1d50a6e395,0,True,0,49.79,4.036402843667264,3.231074278767042,158.9476929405893,0.010883091413523744,1.6897901579650449e-13,ae73669,2026-10-04T00:30:02+00:00,4.046170215771471,159.30599080644535,True,0.0036062724718500406,4.5,3.231074278767042,0.2116885215958795,5.0,2.042103922099862e-12,True,True,-4.170466352730171,-2.5086501442224263,-2.2908387925380342,-2.194412492750089,-2.136772612853506,-2.0683241417825413,-2.0275348232683013,-1.9997174266942048,-1.979193368622581,-1.9632477229161742,-1.9503988528979923,,11666,92,1.5,False,False,"variant-gamma0 (v1.1-frozen + mu_surf_gamma=0; robustness study v1.3, 423 K only)"
C0310_T423,manual,0,C0310,C0310,423.0,0.9071028124541044,0.8252479542046786,-694940177723.7654,0.8173744343221188,cc1a25ae9c37,a7ae7a6020f6,5e1d50a6e395,0,True,0,49.108,2.3909752796772903,3.236309568111935,150.86931817835324,0.010861108351710527,1.6897901579650443e-13,ae73669,2026-10-04T00:50:08+00:00,2.4058843410247377,151.2598109022461,True,0.00327519492610261,2.75,3.236309568111935,0.21181468557681407,5.0,8.063359008270155e-13,True,True,-2.3700700059276154,-2.245521370580599,-2.1758923584053314,-2.129853998479064,-2.0964926293272175,-2.050357465174744,-2.01919584321128,-1.9962804485061882,-1.9784831577207893,-1.964125853709358,-1.9522160716813457,,11432,93,1.5,False,False,"variant-gamma0 (v1.1-frozen + mu_surf_gamma=0; robustness study v1.3, 423 K only)"
C0311_T423,manual,0,C0311,C0311,423.0,1.0195688154548406,1.1055388610810042,-1370502737350.762,1.110025730729103,bce8821ecb7e,a7ae7a6020f6,5e1d50a6e395,0,True,0,49.149,4.666665278463235,3.0925532734423524,159.17574995505478,0.011366480039765658,1.6897901579650446e-13,ae73669,2026-10-04T00:29:37+00:00,4.677486638911764,159.46205058437403,True,0.0036536350460786484,5.25,3.0925532734423524,0.22154385256890985,5.0,1.86373397017507e-12,True,True,-7.8825453563454815,-2.9885586977058023,-2.380457967160674,-2.2274589206387443,-2.148895736224681,-2.0637353159015506,-2.016092947479551,-1.9846260797308946,-1.9618494658684296,-1.9443740063751416,-1.930414307261216,,10847,93,1.5,False,False,"variant-gamma0 (v1.1-frozen + mu_surf_gamma=0; robustness study v1.3, 423 K only)"
C0312_T423,manual,0,C0312,C0312,423.0,1.027325912564993,0.9275783125311136,-662303075194.3589,1.0200526382774115,149d844a35a7,a7ae7a6020f6,5e1d50a6e395,0,True,0,48.161,2.583367883251253,3.0095417690892634,153.8608863343604,0.011673443170297799,1.6897901579650443e-13,ae73669,2026-10-04T00:29:48+00:00,2.5986340865537936,153.7593689004013,True,0.0037554044060022,3.0,3.0095417690892634,0.22832526125394784,5.0,1.5896592905049314e-12,True,True,-2.363191537973983,-2.2213120351583333,-2.146531083346032,-2.0984769437707733,-2.064258663709997,-2.017696661437379,-1.9867099153480932,-1.96414871079558,-1.946754080635705,-1.9328010266190232,-1.9212794666722792,,10730,92,1.5,False,False,"variant-gamma0 (v1.1-frozen + mu_surf_gamma=0; robustness study v1.3, 423 K only)"
C0313_T423,manual,0,C0313,C0313,423.0,0.9397494740784168,1.0031588818877937,-1276160045526.922,0.902547112479806,058d0e12e328,a7ae7a6020f6,5e1d50a6e395,0,True,0,41.093,4.214351784802253,3.277396658376475,156.36518148911392,0.010730127814404732,1.6897901579650443e-13,ae73669,2026-10-04T00:51:50+00:00,4.2197827581513225,156.8349139815698,True,0.0033045714501965737,4.75,3.277396658376475,0.20861712201507698,5.0,2.127272638798107e-12,True,True,-5.124347880899772,-2.6131154436809334,-2.3388938494103657,-2.227007346211645,-2.161790523463198,-2.085450122418059,-2.0403284644164743,-2.0096343716113565,-1.986995495691136,-1.969395104803846,-1.9551964576622094,,11198,93,1.5,False,False,"variant-gamma0 (v1.1-frozen + mu_surf_gamma=0; robustness study v1.3, 423 K only)"
C0314_T423,manual,0,C0314,C0314,423.0,0.8874822359532119,0.873074958100915,-922585303895.1754,1.132184097915888,cb6894c17110,a7ae7a6020f6,5e1d50a6e395,0,True,0,53.096,3.0301046088279926,3.0533307850696563,151.9897501415972,0.011507037589637215,1.689790157965045e-13,ae73669,2026-10-04T00:49:06+00:00,3.0386368079524706,152.2526185295413,True,0.004087504611539582,3.5,3.0533307850696563,0.2249681229010518,5.0,2.607285336065085e-12,True,True,-2.4574893844362444,-2.249334987642085,-2.1587809676963836,-2.1051646735515046,-2.068739472241241,-2.0211464012275857,-1.9905539769207579,-1.9687501489683406,-1.9521833210084438,-1.9390364682092565,-1.9282708387068646,,11549,92,1.5,False,False,"variant-gamma0 (v1.1-frozen + mu_surf_gamma=0; robustness study v1.3, 423 K only)"
C0315_T423,manual,0,C0315,C0315,423.0,1.1999056097120049,1.1959440883249044,-1011967774480.5812,0.8405103638768197,56e5af793bb5,a7ae7a6020f6,5e1d50a6e395,0,True,0,43.889,4.0667979994565036,3.209999256103977,162.1095830034648,0.010956090512483916,1.6897901579650449e-13,ae73669,2026-10-04T00:49:05+00:00,4.081467597217802,162.36698324243724,True,0.0030391958749716296,4.5,3.209999256103977,0.2128918535899655,5.0,2.507215871675449e-12,True,True,-4.305892772596835,-2.583936541184687,-2.3439214147288623,-2.2346661722389958,-2.1681139988419185,-2.0876215788623833,-2.0387964345944756,-2.0050898666739236,-1.9799903032510349,-1.9603443885292542,-1.9444142862722025,,9677,92,1.5,False,False,"variant-gamma0 (v1.1-frozen + mu_surf_gamma=0; robustness study v1.3, 423 K only)"
C0316_T423,manual,0,C0316,C0316,423.0,1.1295026950538158,0.8168134298175573,-1379231897182.7627,0.8686204593628646,7b9f6fa78197,a7ae7a6020f6,5e1d50a6e395,0,True,0,29.027,3.9488620254551896,3.109802857739829,150.51890274320644,0.011300450406054312,1.6897901579650446e-13,ae73669,2026-10-04T00:48:58+00:00,3.956648326828735,151.1006145352505,True,0.0034721112105542302,4.5,3.109802857739829,0.22064444005238057,5.0,9.45335823510085e-13,True,True,-3.7749471101927234,-2.481054635922413,-2.279542777024917,-2.18537107646303,-2.1277570893554527,-2.057968473820847,-2.01553733884397,-1.9861449832862088,-1.9641719350023774,-1.9469042463426223,-1.9328485284859547,,10145,93,1.5,False,False,"variant-gamma0 (v1.1-frozen + mu_surf_gamma=0; robustness study v1.3, 423 K only)"
C0317_T423,manual,0,C0317,C0317,423.0,0.8420663513243198,1.1396565679460764,-555351881310.3438,1.1603453535586596,be5d91c6e90e,a7ae7a6020f6,5e1d50a6e395,0,True,0,30.606,2.851816661969823,3.1308147068384,160.12911317358225,0.011227754469963491,1.6897901579650443e-13,ae73669,2026-10-04T00:24:47+00:00,2.866468992352265,160.18401808459598,True,0.003772923099347823,3.25,3.1308147068384,0.21884522033408796,5.0,2.0410897421911032e-12,True,True,-2.42719138697803,-2.2506122891428992,-2.166645821534408,-2.115141383654395,-2.07948566480688,-2.032229668632547,-2.0015611526570027,-1.9796239539817113,-1.9629407111380055,-1.9497070931435758,-1.9388822603011053,,11783,92,1.5,False,False,"variant-gamma0 (v1.1-frozen + mu_surf_gamma=0; robustness study v1.3, 423 K only)"
C0318_T423,manual,0,C0318,C0318,423.0,0.981846560165286,0.9837906356900932,-1143423685804.0095,0.9807045184075832,97e23e84b916,a7ae7a6020f6,5e1d50a6e395,0,True,0,41.777,3.850106209439937,3.14783507078885,155.66578458133296,0.011166785722891034,1.689790157965045e-13,ae73669,2026-10-04T00:27:13+00:00,3.865787656765866,155.68114159830816,True,0.003556799141612479,4.25,3.14783507078885,0.21768503347886647,5.0,2.324729835869523e-12,True,True,-3.4229689810373016,-2.44782390540243,-2.266311799172474,-2.178464303740682,-2.1240301883616586,-2.0576438111409505,-2.0172005881974253,-1.9892340716647812,-1.968391942035817,-1.9520718173676848,-1.9388365538021997,,11081,92,1.5,False,False,"variant-gamma0 (v1.1-frozen + mu_surf_gamma=0; robustness study v1.3, 423 K only)"
C0319_T423,manual,0,C0319,C0319,423.0,1.094410028681159,1.0593971882015467,-795070120133.4596,1.0981605023145675,119db6a42ebe,a7ae7a6020f6,5e1d50a6e395,0,True,0,46.614,3.221870152629545,2.9684336201065262,157.841684770732,0.011835591186856705,1.6897901579650449e-13,ae73669,2026-10-04T00:28:48+00:00,3.225841667820641,158.24739536529887,True,0.0037725306266738435,3.75,2.9684336201065262,0.23141539564617222,5.0,2.5154472873647897e-12,True,True,-2.568033639659304,-2.2922876065230016,-2.182442699956525,-2.118999051227875,-2.076378918182743,-2.02114832068934,-1.9858743321153716,-1.960828893565318,-1.9418469693913942,-1.9268100442175995,-1.9145119115966205,,10379,91,1.5,False,False,"variant-gamma0 (v1.1-frozen + mu_surf_gamma=0; robustness study v1.3, 423 K only)"
C0320_T423,manual,0,C0320,C0320,423.0,1.0985282126814129,0.9438422407954932,-1178267312236.1304,0.9048875156790018,c6255a0ef56a,a7ae7a6020f6,5e1d50a6e395,0,True,0,48.825,3.833323032813073,3.1255416862063363,154.52150739344873,0.011245651806780636,1.689790157965044e-13,ae73669,2026-10-04T00:29:26+00:00,3.849118467052153,154.66935652557623,True,0.0034462673835536743,4.25,3.1255416862063363,0.2193105672897791,5.0,1.5243726420033354e-12,True,True,-3.3782742359370257,-2.455688910726421,-2.2737186491000463,-2.184243367685201,-2.1283385126372996,-2.059646430032388,-2.017491432344206,-1.9881855135243203,-1.9662518927940764,-1.9490153674507338,-1.934993294874712,,10379,92,1.5,False,False,"variant-gamma0 (v1.1-frozen + mu_surf_gamma=0; robustness study v1.3, 423 K only)"
C0321_T423,manual,0,C0321,C0321,423.0,0.9859574038535356,1.0244933966547252,-760195745155.2152,1.0223936196416616,c41f87c48408,a7ae7a6020f6,5e1d50a6e395,0,True,0,51.378,3.060724720767127,3.0812621628590455,156.8558309970709,0.011405505371673006,1.6897901579650443e-13,ae73669,2026-10-04T00:31:00+00:00,3.0742314541914744,157.08522899612433,True,0.0036458530959636998,3.5,3.0812621628590455,0.2226346150463504,5.0,1.756733397364928e-12,True,True,-2.5126246037819873,-2.2869848740193217,-2.1878477314271456,-2.1286687743643973,-2.0882331877685623,-2.0351206386100356,-2.0008304216867008,-1.97633241863652,-1.9576918736550297,-1.942885466611243,-1.9307525055747279,,11081,92,1.5,False,False,"variant-gamma0 (v1.1-frozen + mu_surf_gamma=0; robustness study v1.3, 423 K only)"
C0322_T423,manual,0,C0322,C0322,423.0,0.8399343952536583,0.8553583975881338,-1406262421980.5002,0.8428505703806878,d234f59145bd,a7ae7a6020f6,5e1d50a6e395,0,True,0,53.167,4.125408459828937,3.3769755085146773,151.77465402646527,0.010414706150666267,1.6897901579650443e-13,ae73669,2026-10-04T00:32:05+00:00,4.141260179120299,152.11196672197258,True,0.0033130383804206957,4.5,3.3769755085146773,0.20240487657642628,5.0,2.149725220057744e-12,True,True,-4.639919987651315,-2.569843958480036,-2.3284907290726378,-2.2253942861211886,-2.1645132430474088,-2.0926834945340267,-2.0499630136869413,-2.020781011818981,-1.9991867873190634,-1.9823529790954464,-1.968741615210894,,11783,93,1.5,False,False,"variant-gamma0 (v1.1-frozen + mu_surf_gamma=0; robustness study v1.3, 423 K only)"
C0323_T423,manual,0,C0323,C0323,423.0,1.1273637741804123,1.1762575183063744,-528290593065.3214,1.1345252521336078,af06fe65aefc,a7ae7a6020f6,5e1d50a6e395,0,True,0,44.893,2.8746118259441924,2.9280119815534182,161.17890881642776,0.011998223609968208,1.6897901579650449e-13,ae73669,2026-10-04T00:53:20+00:00,2.888617310881676,161.2376267139416,True,0.0036892530547771476,3.25,2.9280119815534182,0.23467422936976398,5.0,1.3540800910809162e-12,True,True,-2.433524817949605,-2.2460288792825374,-2.1564386786641254,-2.1011785256162385,-2.062736223527444,-2.0114904394772517,-1.978010939293078,-1.9539327271187101,-1.9355359524783122,-1.9208830484103703,-1.908852718445252,,10145,91,1.5,False,False,"variant-gamma0 (v1.1-frozen + mu_surf_gamma=0; robustness study v1.3, 423 K only)"
C0324_T423,manual,0,C0324,C0324,423.0,1.1946439657360317,0.8115952674299479,-895432233810.4248,1.1564418662339448,f01684d01782,a7ae7a6020f6,5e1d50a6e395,0,True,0,42.306,2.789319791068997,2.8048656088344446,149.9633531957399,0.012516630619934091,1.689790157965044e-13,ae73669,2026-10-04T00:28:51+00:00,2.7996486582599904,150.04129525666082,True,0.004330186692709807,3.25,2.8048656088344446,0.24582507894408084,5.0,1.9191311456628117e-12,True,True,-2.3596073615303887,-2.1951814353373424,-2.11533090098324,-2.065861008946955,-2.0313547573113278,-1.985182193163689,-1.9548424598543495,-1.9328913360882538,-1.916022073818703,-1.902512564105408,-1.8913653391618979,,9794,92,1.5,False,False,"variant-gamma0 (v1.1-frozen + mu_surf_gamma=0; robustness study v1.3, 423 K only)"
C0325_T423,manual,0,C0325,C0325,423.0,0.8822260309010744,1.1324716474860907,-1039151608012.6168,0.8647175382822753,4b5df95db3d8,a7ae7a6020f6,5e1d50a6e395,0,True,0,49.094,3.982259450655816,3.385696880759863,160.25471016991267,0.010391429672205372,1.689790157965045e-13,ae73669,2026-10-04T00:30:52+00:00,3.985064888848523,160.65233628505283,True,0.0030915412790960516,4.5,3.385696880759863,0.20150113897444027,5.0,2.0139058580721497e-12,True,True,-3.9240240217063054,-2.544142578016414,-2.3314674745079618,-2.232379665174931,-2.1717669172572016,-2.0984777963509997,-2.0541460270179273,-2.023640892780008,-2.0009965481365133,-1.9833246972902179,-1.969035069079948,,11549,92,1.5,False,False,"variant-gamma0 (v1.1-frozen + mu_surf_gamma=0; robustness study v1.3, 423 K only)"
C0326_T423,manual,0,C0326,C0326,423.0,0.9407375946640968,0.9875561568886042,-627337853424.2511,1.0942568063735962,e905389739b5,a7ae7a6020f6,5e1d50a6e395,0,True,0,52.764,2.653699564164598,3.041170388429296,155.63045504833988,0.0115537477749315,1.6897901579650449e-13,ae73669,2026-10-04T00:51:01+00:00,2.6659790261799685,156.0768857810121,True,0.003697849308960468,3.0,3.041170388429296,0.22578377540696268,5.0,1.3239956006549924e-12,True,True,-2.371772598454675,-2.2236431875719753,-2.1476930885193064,-2.099545297384034,-2.065555201180207,-2.019691414716916,-1.9894217618316312,-1.9675156369242441,-1.9507067694852767,-1.9372771175935588,-1.9262255085565454,,11198,93,1.5,False,False,"variant-gamma0 (v1.1-frozen + mu_surf_gamma=0; robustness study v1.3, 423 K only)"
C0327_T423,manual,0,C0327,C0327,423.0,1.0283198475837707,1.068230062350631,-1311156015843.153,0.9768017821013928,230b186ecf90,a7ae7a6020f6,5e1d50a6e395,0,True,0,46.308,4.450223640069342,3.171300185452227,158.22202297789144,0.011086616662587475,1.689790157965045e-13,ae73669,2026-10-04T00:30:24+00:00,4.457436085309793,158.73950127523716,True,0.0034294905915806537,5.0,3.171300185452227,0.21581773226232126,5.0,1.2255387676907148e-12,True,True,-6.532902924263576,-2.754051561480967,-2.3630984589137984,-2.23114309409185,-2.1583467491581403,-2.0759896822382844,-2.0284819747083676,-1.9965808283918574,-1.9732428760312368,-1.955200968634536,-1.940706131541412,,10730,93,1.5,False,False,"variant-gamma0 (v1.1-frozen + mu_surf_gamma=0; robustness study v1.3, 423 K only)"
C0328_T423,manual,0,C0328,C0328,423.0,1.024834269657731,0.8898911196738482,-722444438375.5326,0.8931199315935373,489b275c86ae,a7ae7a6020f6,5e1d50a6e395,0,True,0,49.621,2.6310597814184202,3.1057406892258737,152.8343575726809,0.011314704591737881,1.6897901579650446e-13,ae73669,2026-10-04T00:30:38+00:00,2.6462158812970342,153.11206224020214,True,0.003414312365739423,3.0,3.1057406892258737,0.22098611242797328,5.0,1.3958499582103124e-12,True,True,-2.4018285657335383,-2.251161551093333,-2.1721683718338785,-2.1214720200430026,-2.085376407108666,-2.0362305171774424,-2.003481642622699,-1.9796028805334815,-1.9611660407460618,-1.9463567802733628,-1.93411247821409,,10730,93,1.5,False,False,"variant-gamma0 (v1.1-frozen + mu_surf_gamma=0; robustness study v1.3, 423 K only)"
C0329_T423,manual,0,C0329,C0329,423.0,0.9123613078147174,1.165845526382327,-1342968190088.8682,1.185821348056197,ada5e50cef8f,a7ae7a6020f6,5e1d50a6e395,0,True,0,38.318,4.7372840924103565,3.142516848174591,160.83143977527902,0.01118781807429439,1.6897901579650443e-13,ae73669,2026-10-04T00:52:29+00:00,4.739078357157785,161.3582464021659,True,0.0038423743064475483,5.25,3.142516848174591,0.21782667713599352,5.0,3.1694097536382333e-12,True,True,-8.29312347875276,-3.1184389058705766,-2.3905042511915116,-2.230768859488045,-2.1513309019117917,-2.0668814348969904,-2.020342158361829,-1.989881513927097,-1.9679761939982712,-1.9512546043287948,-1.9379531037583464,,11432,92,1.5,False,False,"variant-gamma0 (v1.1-frozen + mu_surf_gamma=0; robustness study v1.3, 423 K only)"
C0330_T423,manual,0,C0330,C0330,423.0,0.86467814296484,0.910773979499936,-989504052326.0833,0.955985341966152,65f3653e6856,a7ae7a6020f6,5e1d50a6e395,0,True,0,52.69,3.3023238266844763,3.220302700472584,153.3970112346934,0.01091650974903398,1.6897901579650454e-13,ae73669,2026-10-04T00:49:59+00:00,3.3152280821426645,153.54700087200402,True,0.0035956029788541633,3.75,3.220302700472584,0.21271240827807586,5.0,1.5581199525049882e-12,True,True,-2.634323892452048,-2.3316600590342844,-2.2176171632967803,-2.153042550610871,-2.1101328668890513,-2.055024885896544,-2.0200824293893236,-1.9953717424227138,-1.9766901505181635,-1.9619161930439322,-1.9498481685085176,,11666,92,1.5,False,False,"variant-gamma0 (v1.1-frozen + mu_surf_gamma=0; robustness study v1.3, 423 K only)"
C0331_T423,manual,0,C0331,C0331,423.0,1.1522049874067306,1.0332448523491622,-1072006118483.8414,1.0728553362190725,178a75a7ac75,a7ae7a6020f6,5e1d50a6e395,0,True,0,49.548,3.8019321512675126,2.9751050728285895,157.0588817390215,0.011809795319106026,1.6897901579650443e-13,ae73669,2026-10-04T00:49:55+00:00,3.8141748467722456,157.2769627705224,True,0.003792093720815232,4.25,2.9751050728285895,0.23081772238330728,5.0,1.0581691772815205e-12,True,True,-3.276725277851391,-2.4121218629727705,-2.2379161542605632,-2.1521832791737205,-2.098657032485533,-2.032991970191683,-1.9927919595154129,-1.9649105532599505,-1.9440883478778057,-1.927757629274979,-1.9144963870764669,,10028,92,1.5,False,False,"variant-gamma0 (v1.1-frozen + mu_surf_gamma=0; robustness study v1.3, 423 K only)"
C0332_T423,manual,0,C0332,C0332,423.0,1.11948517896235,0.9545111369341612,-1439147513359.7852,1.0447719383984804,8cbec9b58cdf,a7ae7a6020f6,5e1d50a6e395,0,True,0,29.489,4.45503272315061,3.0316709193629428,154.64901344657045,0.011591187713273794,1.6897901579650446e-13,ae73669,2026-10-04T00:49:28+00:00,4.461445841809554,155.2665255692679,True,0.0037434020797033076,5.0,3.0316709193629428,0.22634822856059855,5.0,2.7478481182645126e-12,True,True,-6.6274597027166395,-2.7239661239362074,-2.332022700687624,-2.2026707956000795,-2.1319048176527193,-2.0522826946269297,-2.0064959533058517,-1.9757676725309605,-1.9532763594225715,-1.9358720609395201,-1.921873221092935,,10145,93,1.5,False,False,"variant-gamma0 (v1.1-frozen + mu_surf_gamma=0; robustness study v1.3, 423 K only)"
C0333_T423,manual,0,C0333,C0333,423.0,0.806969778612256,1.0769590754061935,-622392992489.0399,0.9278522979468108,774a3c37615f,a7ae7a6020f6,5e1d50a6e395,0,True,0,31.473,2.877834466069377,3.3270656282291906,158.55977490404482,0.010571433468975343,1.6897901579650446e-13,ae73669,2026-10-04T00:25:19+00:00,2.8928426174016626,158.6044862601416,True,0.0032483427552448046,3.25,3.3270656282291906,0.20537071272597773,5.0,1.8307773147101822e-12,True,True,-2.487762041687398,-2.3010274449733834,-2.211355839278085,-2.1559979600337007,-2.1174967046740343,-2.066220108280714,-2.0327730349423874,-2.008756770034733,-1.9904361425274375,-1.9758661190827493,-1.9639214746195286,,11900,91,1.5,False,False,"variant-gamma0 (v1.1-frozen + mu_surf_gamma=0; robustness study v1.3, 423 K only)"
C0334_T423,manual,0,C0334,C0334,423.0,0.9671414986252784,0.8461055140942335,-1210110067389.9055,1.1076845467090606,07205083c165,a7ae7a6020f6,5e1d50a6e395,0,True,0,40.143,3.6225984796080737,3.0202007097113244,151.12150263645253,0.011632110157394219,1.6897901579650449e-13,ae73669,2026-10-04T00:27:54+00:00,3.6372241492252693,151.1597737397107,True,0.004023368588457677,4.0,3.0202007097113244,0.22754149035067645,5.0,1.5606533894241602e-12,True,True,-2.8831127449359957,-2.342891606589172,-2.20201441552826,-2.1295897315325303,-2.0836513084276165,-2.0267104728068177,-1.9915797449358152,-1.9671010600620935,-1.9487606230501364,-1.934341493647871,-1.9226108761682943,,11081,93,1.5,False,False,"variant-gamma0 (v1.1-frozen + mu_surf_gamma=0; robustness study v1.3, 423 K only)"
C0335_T423,manual,0,C0335,C0335,423.0,1.0546259045600892,1.122082858160138,-855332911014.5569,0.8150342099368573,948d0b00eb0d,a7ae7a6020f6,5e1d50a6e395,0,True,0,46.137,3.53676627507679,3.2759071768103944,160.0282761640225,0.010735956240651396,1.6897901579650449e-13,ae73669,2026-10-04T00:29:34+00:00,3.5472324003594635,160.4344916407364,True,0.003021598167566395,4.0,3.2759071768103944,0.2086053680604258,5.0,2.2602106346913887e-12,True,True,-2.890936027135381,-2.432586586103951,-2.2851063828276916,-2.2041756567613793,-2.1509987914160975,-2.083147458598943,-2.040296803963092,-2.0100512286573253,-1.987210430894466,-1.9691592673392375,-1.9544196565569927,,10613,92,1.5,False,False,"variant-gamma0 (v1.1-frozen + mu_surf_gamma=0; robustness study v1.3, 423 K only)"
C0336_T423,manual,0,C0336,C0336,423.0,1.0746046334505082,0.8288358934223652,-1352417093701.6606,1.078508847951889,c48998d7fda3,a7ae7a6020f6,5e1d50a6e395,0,True,0,47.026,3.9050277644318436,2.973377630766371,150.6183190385405,0.011813873612764463,1.6897901579650446e-13,ae73669,2026-10-04T00:30:13+00:00,3.91734096824519,150.89913759631136,True,0.0039152561358009865,4.25,2.973377630766371,0.2312538795134322,5.0,1.414289166156295e-12,True,True,-3.5891189735411877,-2.4152228672244944,-2.2297277483605153,-2.1433656836057224,-2.0907738370540767,-2.027408182586206,-1.9891063550615635,-1.9626931447931355,-1.9430196843430891,-1.9276076796245547,-1.9150971899856242,,10496,93,1.5,False,False,"variant-gamma0 (v1.1-frozen + mu_surf_gamma=0; robustness study v1.3, 423 K only)"
C0337_T423,manual,0,C0337,C0337,423.0,0.9620279118418692,1.1028784349560738,-707135958597.064,0.998894476145506,68aa562206c4,a7ae7a6020f6,5e1d50a6e395,0,True,0,47.82,3.1301502393425014,3.1372579921856945,159.23373601275648,0.011204633733143468,1.6897901579650446e-13,ae73669,2026-10-04T00:31:48+00:00,3.1445904568622787,159.19467353397064,True,0.0034154547478397754,3.5,3.1372579921856945,0.2183939745073033,5.0,1.7341582443493262e-12,True,True,-2.5573681062577593,-2.310458693145525,-2.2053399718610924,-2.143227007650501,-2.1010087267980677,-2.045801365040068,-2.010304828430021,-1.9850184699310596,-1.9658218312840217,-1.9506023354943407,-1.9381507382280874,,11081,91,1.5,False,False,"variant-gamma0 (v1.1-frozen + mu_surf_gamma=0; robustness study v1.3, 423 K only)"
C0338_T423,manual,0,C0338,C0338,423.0,0.8144484538584948,0.9704501785337925,-1123447233811.021,1.1663239885121583,0411bdd6ceb0,a7ae7a6020f6,5e1d50a6e395,0,True,0,55.253,3.7555877104195057,3.1634391751314825,155.02514695509618,0.011112046610652739,1.6897901579650443e-13,ae73669,2026-10-04T00:33:01+00:00,3.757459542910385,155.4418887210668,True,0.0039866242536281135,4.25,3.1634391751314825,0.21659416498815706,5.0,1.9812992780345157e-12,True,True,-3.140856418118164,-2.3842888863048133,-2.2274921450632483,-2.1507650855674383,-2.1032040278007207,-2.045355154720497,-2.010274676552116,-1.9861220688903582,-1.9681936221114826,-1.9542059455725622,-1.9429002861576006,,12017,92,1.5,False,False,"variant-gamma0 (v1.1-frozen + mu_surf_gamma=0; robustness study v1.3, 423 K only)"
C0339_T423,manual,0,C0339,C0339,423.0,1.1018715385347604,1.097982357442379,-940015905536.7112,0.8609785210341215,b189eb4c26f6,a7ae7a6020f6,5e1d50a6e395,0,True,0,47.023,3.6714444228682566,3.196602100138493,159.2484106924854,0.010999649799915447,1.6897901579650446e-13,ae73669,2026-10-04T00:54:07+00:00,3.6827943394186407,159.5309216684041,True,0.0030858693978195613,4.25,3.196602100138493,0.2140334558894205,5.0,1.5487486344882393e-12,True,True,-3.0509368099745404,-2.4447568356745695,-2.2822963203059126,-2.1968855968037664,-2.141872657388074,-2.0727320814992733,-2.0295784947184297,-1.9993176321444164,-1.976558481417403,-1.9586211414222596,-1.9440028247092545,,10262,93,1.5,False,False,"variant-gamma0 (v1.1-frozen + mu_surf_gamma=0; robustness study v1.3, 423 K only)"
C0340_T423,manual,0,C0340,C0340,423.0,1.1689671099185943,0.9141639962792396,-572782963514.328,0.8328203663229943,31aa942712f2,a7ae7a6020f6,5e1d50a6e395,0,True,0,42.622,2.356009648973979,3.0703053870287143,153.68487532575043,0.011444686499968656,1.6897901579650443e-13,ae73669,2026-10-04T00:29:34+00:00,2.372536854105373,153.43416411883896,True,0.003273848077287245,2.75,3.0703053870287143,0.22358496327410565,5.0,1.0286858170838187e-12,True,True,-2.3638656250731067,-2.237599886350356,-2.1657117230836294,-2.1176592865211834,-2.0825809885365203,-2.0337245886281354,-2.00050679675255,-1.9759722847774202,-1.956856323304843,-1.9413960992933652,-1.9285441739798332,,9911,91,1.5,False,False,"variant-gamma0 (v1.1-frozen + mu_surf_gamma=0; robustness study v1.3, 423 K only)"
C0341_T423,manual,0,C0341,C0341,423.0,0.8565310552716255,1.0417191095650196,-1490710883401.3342,1.138216895610094,3acb97a2a1d3,a7ae7a6020f6,5e1d50a6e395,0,True,0,54.259,4.789522222704136,3.204747425312067,157.25372721062104,0.010971653261053451,1.6897901579650456e-13,ae73669,2026-10-04T00:31:46+00:00,4.7996950719551545,157.5815787279963,True,0.0038732613294042177,5.25,3.204747425312067,0.21350878385986058,5.0,2.786424872971594e-12,True,True,-8.71928208133519,-3.2368910742032333,-2.4046386210322295,-2.2392861566882996,-2.158794570544306,-2.0742490249853867,-2.0280252742313536,-1.9978775286906079,-1.9762347089424237,-1.9597279259299427,-1.9466029318070142,,11666,92,1.5,False,False,"variant-gamma0 (v1.1-frozen + mu_surf_gamma=0; robustness study v1.3, 423 K only)"
C0342_T423,manual,0,C0342,C0342,423.0,0.9166234839707612,0.8850728675723076,-839902530424.2969,0.9207836035639048,89127c33b58d,a7ae7a6020f6,5e1d50a6e395,0,True,0,48.78,2.8877721782671943,3.1748095151777638,152.62074465859538,0.011070771398637382,1.6897901579650446e-13,ae73669,2026-10-04T00:51:50+00:00,2.9023135070794877,152.83917145849946,True,0.0034626746837610302,3.25,3.1748095151777638,0.21597136998642896,5.0,2.7065290095667206e-12,True,True,-2.4636962976884957,-2.277175800084495,-2.1884032286891455,-2.133807937031864,-2.095891769974921,-2.045383894483536,-2.012362942626946,-1.9885735700788718,-1.9703598646441973,-1.9558221169261922,-1.9438621608898534,,11432,93,1.5,False,False,"variant-gamma0 (v1.1-frozen + mu_surf_gamma=0; robustness study v1.3, 423 K only)"
C0343_T423,manual,0,C0343,C0343,423.0,1.004187235608697,1.1590924717485904,-1219681214541.1968,1.0003483470529315,b2042872404f,a7ae7a6020f6,5e1d50a6e395,0,True,0,48.186,4.450007845010841,3.186932277442137,160.85514189655004,0.01103350931426851,1.6897901579650443e-13,ae73669,2026-10-04T00:31:12+00:00,4.457146142470132,161.46194033563555,True,0.003401877074284535,5.0,3.186932277442137,0.21462920053892848,5.0,1.0602999116239848e-12,True,True,-6.495634734783554,-2.758639691960855,-2.3663739705119493,-2.2339605589815545,-2.160895491620437,-2.078243598412231,-2.0306038961274764,-1.9986524530497956,-1.975308723527796,-1.957286334030992,-1.942825654037784,,10847,93,1.5,False,False,"variant-gamma0 (v1.1-frozen + mu_surf_gamma=0; robustness study v1.3, 423 K only)"
C0344_T423,manual,0,C0344,C0344,423.0,1.0489577561616898,0.987479567527771,-810195141471.9224,1.1164482951164243,23981d6d7c7a,a7ae7a6020f6,5e1d50a6e395,0,True,0,52.279,3.0761100003769952,2.9652991670245608,155.6151006889821,0.011847038042817268,1.6897901579650446e-13,ae73669,2026-10-04T00:31:30+00:00,3.0905348349239725,155.79169396039583,True,0.003920637811647453,3.5,2.9652991670245608,0.23177479154873387,5.0,1.1354545775832392e-12,True,True,-2.489474579915318,-2.262542460999736,-2.1646812443762733,-2.1067199191177686,-2.0672899703210073,-2.0156815221138813,-1.982450614639242,-1.9587394629153034,-1.9407085828482793,-1.9263902169494582,-1.9146580722985593,,10613,92,1.5,False,False,"variant-gamma0 (v1.1-frozen + mu_surf_gamma=0; robustness study v1.3, 423 K only)"
C0345_T423,manual,0,C0345,C0345,423.0,0.9364785000681876,1.0568314634263516,-1126315111294.389,0.8124198608100415,47d2b332eac4,a7ae7a6020f6,5e1d50a6e395,0,True,0,41.32,4.009416941585319,3.3802871943549437,158.10573906339042,0.010407258220079964,1.689790157965045e-13,ae73669,2026-10-04T00:53:10+00:00,4.01271983638529,158.5459661593388,True,0.00304757020683822,4.5,3.3802871943549437,0.20190472585974864,5.0,2.007427307818709e-12,True,True,-4.041624343032323,-2.561036907010255,-2.3409244280614416,-2.2390082871161225,-2.1767422146679283,-2.1014331777722663,-2.0558097791138557,-2.024354510404053,-2.0009579811663754,-1.9826636697906745,-1.9678435649852257,,11315,92,1.5,False,False,"variant-gamma0 (v1.1-frozen + mu_surf_gamma=0; robustness study v1.3, 423 K only)"
C0346_T423,manual,0,C0346,C0346,423.0,0.8903638858348132,0.8134662777185441,-542157156392.9319,1.029361103847623,7b36933db4f1,a7ae7a6020f6,5e1d50a6e395,0,True,0,50.786,1.9839325869744764,3.055181606543896,150.15332713269623,0.011498700618509224,1.6897901579650446e-13,ae73669,2026-10-04T00:50:51+00:00,1.986330766234807,150.65394999725657,True,0.0038905957673927016,2.5,3.055181606543896,0.2249779423893809,5.0,2.050028075263638e-12,True,True,-2.2561021421027965,-2.166917501080438,-2.1135002982612123,-2.0769650326488405,-2.049953171166979,-2.011947492732022,-1.9859109210012802,-1.9666092214448891,-1.951543733618235,-1.93935123321983,-1.929215967839415,,11432,92,1.5,False,False,"variant-gamma0 (v1.1-frozen + mu_surf_gamma=0; robustness study v1.3, 423 K only)"
C0347_T423,manual,0,C0347,C0347,423.0,1.1778848174959422,1.1425641052424909,-1398255509324.3718,0.949601573869586,84a1bda49577,a7ae7a6020f6,5e1d50a6e395,0,True,0,45.468,4.830655216600635,3.1445494499052806,160.4351425471564,0.01118197703408127,1.6897901579650443e-13,ae73669,2026-10-04T00:50:41+00:00,4.845819955012689,160.5997915454117,True,0.0033580854863979187,5.25,3.1445494499052806,0.21752710848008167,5.0,1.0323430657311248e-12,True,True,-8.86483621083839,-3.383464813116951,-2.463449202829389,-2.2780832294474993,-2.186275414105057,-2.0881355345913,-2.033560286822083,-1.9975590682968227,-1.9714949934896018,-1.9514814040449742,-1.9354771505007389,,9911,92,1.5,False,False,"variant-gamma0 (v1.1-frozen + mu_surf_gamma=0; robustness study v1.3, 423 K only)"
C0348_T423,manual,0,C0348,C0348,423.0,1.144980388879776,0.8696807645261289,-1031022321432.8289,0.9714434072375298,8d286d116bdc,a7ae7a6020f6,5e1d50a6e395,0,True,0,29.881,3.2839457278816493,2.991519952799931,152.04844668426963,0.011743285209092265,1.6897901579650443e-13,ae73669,2026-10-04T00:49:58+00:00,3.293628225760978,152.27323121585835,True,0.0037505198676636526,3.75,2.991519952799931,0.22974346262395917,5.0,1.4705822188552699e-12,True,True,-2.607106394645097,-2.308139610413153,-2.1933214530382603,-2.12774878214637,-2.0839175956297056,-2.0272601265814822,-1.9910709568615537,-1.96532363902319,-1.9457564878956313,-1.930210391283112,-1.9174585026834279,,10145,92,1.5,False,False,"variant-gamma0 (v1.1-frozen + mu_surf_gamma=0; robustness study v1.3, 423 K only)"
C0349_T423,manual,0,C0349,C0349,423.0,0.8324464872479439,1.1988013327121734,-909420560114.0856,1.0512539990246297,a75283fe2286,a7ae7a6020f6,5e1d50a6e395,0,True,0,32.692,3.8159004362497986,3.2713118026379617,161.9257455811002,0.010751411594985641,1.689790157965045e-13,ae73669,2026-10-04T00:25:52+00:00,3.829585243002676,162.14865231780252,True,0.0035065673250644987,4.25,3.2713118026379617,0.20886924926135808,5.0,1.2041442939667734e-12,True,True,-3.334147189987526,-2.448024982656981,-2.2731985937466304,-2.1878812484768364,-2.1349083637919,-2.070344756157747,-2.031143412085396,-2.0041560005757804,-1.9841376416706993,-1.9685345117794035,-1.9559360952852003,,11900,92,1.5,False,False,"variant-gamma0 (v1.1-frozen + mu_surf_gamma=0; robustness study v1.3, 423 K only)"
C0350_T423,manual,0,C0350,C0350,423.0,0.9910740721970795,0.9312166385352612,-1259081452153.623,0.8843090001493693,363718b4cbf8,a7ae7a6020f6,5e1d50a6e395,0,True,0,41.659,3.9890544720555887,3.222092475050496,154.13159316878279,0.010911496089459887,1.6897901579650449e-13,ae73669,2026-10-04T00:28:36+00:00,3.9908145474934944,154.6494503538589,True,0.0033755406228191654,4.5,3.222092475050496,0.21247609870514877,5.0,1.2487514348964047e-12,True,True,-3.951016114493958,-2.5122188813606363,-2.3013116498100494,-2.2042357306191427,-2.1451944437546286,-2.0740508886951123,-2.0310520187928347,-2.0014199317501817,-1.9793705330643052,-1.9621156986461912,-1.9481240539993294,,10964,92,1.5,False,False,"variant-gamma0 (v1.1-frozen + mu_surf_gamma=0; robustness study v1.3, 423 K only)"
C0351_T423,manual,0,C0351,C0351,423.0,1.0785403583198785,1.000545784831047,-677459031343.4601,1.1882878061383964,eda4ac2ced03,a7ae7a6020f6,5e1d50a6e395,0,True,0,47.357,2.7965646329232468,2.894113862187131,155.94823332360852,0.01213576533056724,1.6897901579650449e-13,ae73669,2026-10-04T00:30:22+00:00,2.8077655879124253,156.23462074042925,True,0.004093056355382822,3.25,2.894113862187131,0.23773230882554333,5.0,1.3762446043896759e-12,True,True,-2.383283736333274,-2.215105686116705,-2.133275986867599,-2.082531965985653,-2.047144035515805,-1.9998704134729004,-1.9689177085675775,-1.9466152399436942,-1.9295471547689107,-1.9159328300974865,-1.9047410274117442,,10496,92,1.5,False,False,"variant-gamma0 (v1.1-frozen + mu_surf_gamma=0; robustness study v1.3, 423 K only)"
C0352_T423,manual,0,C0352,C0352,423.0,1.0825883615761995,0.8574346285313368,-983637063764.0356,1.0077921103686094,839a7cd15df2,a7ae7a6020f6,5e1d50a6e395,0,True,0,46.595,3.1366392151512477,2.9897230173252978,151.6369057010406,0.011749752860112572,1.6897901579650443e-13,ae73669,2026-10-04T00:31:00+00:00,3.150825768179838,151.98387482116092,True,0.0037511161100592504,3.5,2.9897230173252978,0.2299451502374808,5.0,2.066011585439037e-12,True,True,-2.521857612416809,-2.277819529477221,-2.1755534833755097,-2.1155647503278234,-2.074935698948298,-2.02188727377274,-1.9877415155087488,-1.9633467659926003,-1.9447611003110972,-1.929971268083151,-1.9178270660653782,,10496,93,1.5,False,False,"variant-gamma0 (v1.1-frozen + mu_surf_gamma=0; robustness study v1.3, 423 K only)"
C0353_T423,manual,0,C0353,C0353,423.0,0.9950613234192132,1.1865353990346192,-1081809908151.6266,0.9148961532860994,68087e336584,a7ae7a6020f6,5e1d50a6e395,0,True,0,48.918,4.200191810461596,3.263302360239318,161.72771772109118,0.010777942522242385,1.6897901579650449e-13,ae73669,2026-10-04T00:32:37+00:00,4.207554591671849,162.22216052978277,True,0.003168982250583649,4.75,3.263302360239318,0.20935190921301047,5.0,2.5557947741990314e-12,True,True,-5.011766339960247,-2.6227193456224276,-2.3483740038111818,-2.2343266496075063,-2.1672685586590834,-2.088257811667835,-2.0413473100839292,-2.0093827750955726,-1.9857971533377772,-1.9674641367855978,-1.9526813668168714,,10964,93,1.5,False,False,"variant-gamma0 (v1.1-frozen + mu_surf_gamma=0; robustness study v1.3, 423 K only)"
C0354_T423,manual,0,C0354,C0354,423.0,0.8286820352077484,0.9431694339960812,-743860136717.5579,1.1448291473090648,f05ba9799306,a7ae7a6020f6,5e1d50a6e395,0,True,0,55.109,2.805045748078729,3.1123506865805854,154.19312921957524,0.011291773821665366,1.689790157965044e-13,ae73669,2026-10-04T00:33:56+00:00,2.8176275009963194,154.38821443165585,True,0.004000657618034326,3.25,3.1123506865805854,0.22041472953711447,5.0,1.4249589598769798e-12,True,True,-2.3974085294939744,-2.232760250226749,-2.1535779251409077,-2.104839076101834,-2.071032685016121,-2.026128656031063,-1.9969011746441678,-1.9759358266263904,-1.9599494871314869,-1.9472378295143515,-1.9368169682654974,,11900,92,1.5,False,False,"variant-gamma0 (v1.1-frozen + mu_surf_gamma=0; robustness study v1.3, 423 K only)"
C0355_T423,manual,0,C0355,C0355,423.0,1.1411551907658577,1.012518360093236,-1317676733247.9358,0.8277645945549011,45dc0315534e,a7ae7a6020f6,5e1d50a6e395,0,True,0,49.698,4.341652514151449,3.2322806761915617,156.73639125486116,0.010879583942802211,1.6897901579650446e-13,ae73669,2026-10-04T00:54:57+00:00,4.358054150014317,156.73339564237833,True,0.0031525540503173654,4.75,3.2322806761915617,0.21154098832606374,5.0,1.68522505241199e-12,True,True,-5.86678664460057,-2.7087147692929676,-2.376059138640388,-2.249146119649685,-2.1763505696496117,-2.0917496763692767,-2.04188093565739,-2.007950599694457,-1.9828958992734982,-1.9633877126157904,-1.9476237330883988,,10145,92,1.5,False,False,"variant-gamma0 (v1.1-frozen + mu_surf_gamma=0; robustness study v1.3, 423 K only)"
C0356_T423,manual,0,C0356,C0356,423.0,1.1863765139132738,0.9994556177407504,-1200535161420.703,0.8558777566999197,8d00538c9b60,a7ae7a6020f6,5e1d50a6e395,0,True,0,43.991,4.033952358475357,3.1527195169245954,156.32763429039386,0.011151021386139642,1.689790157965044e-13,ae73669,2026-10-04T00:30:19+00:00,4.04381433114797,156.70840142770103,True,0.0032713670727621902,4.5,3.1527195169245954,0.21718137062999193,5.0,1.251792935062695e-12,True,True,-4.156682181023945,-2.5431588517923234,-2.316247137464673,-2.2125475085257635,-2.149443444198896,-2.073231124388587,-2.0270319369153076,-1.9951206926723966,-1.9713312198049364,-1.9526853512661713,-1.9375446122088509,,9794,92,1.5,False,False,"variant-gamma0 (v1.1-frozen + mu_surf_gamma=0; robustness study v1.3, 423 K only)"
C0357_T423,manual,0,C0357,C0357,423.0,0.8988919142633677,1.0687816064804792,-860971015878.0217,1.1729934636503458,40eedb95b71c,a7ae7a6020f6,5e1d50a6e395,0,True,0,48.87,3.3922738710402767,3.0781751797465873,158.01954580516252,0.011417420991627309,1.6897901579650443e-13,ae73669,2026-10-04T00:32:35+00:00,3.405140488637908,158.2949793503132,True,0.0037986725175729722,3.75,3.0781751797465873,0.2228119729046495,5.0,2.482997438412759e-12,True,True,-2.6618550696664656,-2.3138461034681996,-2.1947706261293463,-2.129305888083127,-2.0864741422362343,-2.032200976925531,-1.9982155085800504,-1.9743910540020828,-1.9565013335327117,-1.9424319850215097,-1.9309933689278158,,11549,93,1.5,False,False,"variant-gamma0 (v1.1-frozen + mu_surf_gamma=0; robustness study v1.3, 423 K only)"
C0358_T423,manual,0,C0358,C0358,423.0,0.9277826458215712,0.8011976558715106,-1464667850174.0098,0.993062699586153,9294602cc01b,a7ae7a6020f6,5e1d50a6e395,0,True,0,46.708,4.090531994493992,3.1394003120747223,149.80670428372633,0.011194004942995791,1.6897901579650438e-13,ae73669,2026-10-04T00:52:37+00:00,4.106302500756301,149.80950018362094,True,0.0038648855172539642,4.5,3.1394003120747223,0.2185698806868781,5.0,2.8715579106554857e-12,True,True,-4.465539309277013,-2.5000622512732096,-2.273593052903697,-2.1770783863994203,-2.1202706417874446,-2.053439609484923,-2.0137694392821746,-1.9866863415628804,-1.9666439959671653,-1.9510145056555421,-1.9383709750099891,,11315,92,1.5,False,False,"variant-gamma0 (v1.1-frozen + mu_surf_gamma=0; robustness study v1.3, 423 K only)"
C0359_T423,manual,0,C0359,C0359,423.0,1.0402982398867606,1.1303213607519864,-600748414173.7223,1.0859091207385063,5312b32131eb,a7ae7a6020f6,5e1d50a6e395,0,True,0,47.057,2.940861522654037,3.011266759513575,159.90713164850396,0.011669046101425891,1.6897901579650443e-13,ae73669,2026-10-04T00:32:00+00:00,2.9489458985636903,160.46322911258954,True,0.0036227446425819935,3.5,3.011266759513575,0.2279485372919051,5.0,1.0672290270788938e-12,True,True,-2.463830932540607,-2.2642894123581137,-2.1715257806003545,-2.1149455546519094,-2.0758337535172444,-2.0239781635976795,-1.9902567368414477,-1.9660732570776587,-1.9476319395323338,-1.9329646443675825,-1.9209360064462027,,10613,93,1.5,False,False,"variant-gamma0 (v1.1-frozen + mu_surf_gamma=0; robustness study v1.3, 423 K only)"
C0360_T423,manual,0,C0360,C0360,423.0,1.0065506685525178,0.9020189497619868,-1432118426077.068,1.194169057533145,f800704ef6b2,a7ae7a6020f6,5e1d50a6e395,0,True,0,51.605,4.28800247572909,2.984812244713492,152.85568886333155,0.011770078298977589,1.6897901579650446e-13,ae73669,2026-10-04T00:32:22+00:00,4.297921396797656,152.97745780414684,True,0.00422476470770056,4.75,2.984812244713492,0.2302172754889306,5.0,2.214096171316297e-12,True,True,-5.621568214923366,-2.5635787821360143,-2.2706730393944135,-2.1622397889828107,-2.101323849009396,-2.0318528200089214,-1.9915880765264067,-1.964478836967651,-1.9446072584405996,-1.9292206480570921,-1.9168430435259332,,10847,92,1.5,False,False,"variant-gamma0 (v1.1-frozen + mu_surf_gamma=0; robustness study v1.3, 423 K only)"
C0361_T423,manual,0,C0361,C0361,423.0,0.919121477380395,1.0295481618493796,-506371330469.8467,0.876859037950635,f7e06d7ae547,a7ae7a6020f6,5e1d50a6e395,0,True,0,39.091,2.4972855847364976,3.2319816636415433,157.19930931000064,0.010878250825396117,1.6897901579650443e-13,ae73669,2026-10-04T00:53:50+00:00,2.4977122898490327,157.7187641072058,True,0.003237333425640014,3.0,3.2319816636415433,0.21181572129469256,5.0,3.0868447550109367e-12,True,True,-2.399741934323726,-2.2621374962298466,-2.1868380219222336,-2.137541591261178,-2.10204639928292,-2.053290023798397,-2.0206033663631153,-1.9967145823120058,-1.9782596857286894,-1.9634409316552848,-1.9511987049634636,,11432,92,1.5,False,False,"variant-gamma0 (v1.1-frozen + mu_surf_gamma=0; robustness study v1.3, 423 K only)"
C0362_T423,manual,0,C0362,C0362,423.0,0.8542070329189301,0.8971206489950418,-1168906062841.4155,1.0563037626445293,d33868f0824d,a7ae7a6020f6,5e1d50a6e395,0,True,0,57.269,3.673397755868745,3.169026309990194,152.81965141102503,0.011091522678363188,1.689790157965045e-13,ae73669,2026-10-04T00:51:48+00:00,3.683823837937528,153.22149401784014,True,0.0037120166132955813,4.25,3.169026309990194,0.21630970949824357,5.0,1.0906770278595879e-12,True,True,-2.983679101150177,-2.3774245650793713,-2.2294062291875423,-2.1543364646984395,-2.1070238279088325,-2.048703668379916,-2.0129182306723354,-1.98808612120086,-1.9695440680392329,-1.9550088284751186,-1.9432138549631484,,11783,93,1.5,False,False,"variant-gamma0 (v1.1-frozen + mu_surf_gamma=0; robustness study v1.3, 423 K only)"
C0363_T423,manual,0,C0363,C0363,423.0,1.166777653992176,1.1711661364883184,-765681295655.6677,0.9648251473903656,b5ebcd385146,a7ae7a6020f6,5e1d50a6e395,0,True,0,44.382,3.427392662480147,3.0583237149626346,161.24373165047834,0.01149251237258393,1.6897901579650443e-13,ae73669,2026-10-04T00:51:25+00:00,3.4375149895555652,161.76617374114477,True,0.0033074182777215267,4.0,3.0583237149626346,0.22413263906507183,5.0,1.0022448902988613e-12,True,True,-2.7487919845350484,-2.367215365879986,-2.2337972885587516,-2.1592282372539398,-2.109851705722264,-2.0465189770847023,-2.0063789146036153,-1.9779986868867183,-1.9565471276984574,-1.939585020025594,-1.9257303278416436,,9911,93,1.5,False,False,"variant-gamma0 (v1.1-frozen + mu_surf_gamma=0; robustness study v1.3, 423 K only)"
C0364_T423,manual,0,C0364,C0364,423.0,1.1119989771395922,0.8409061666578055,-648539954796.4335,0.9429382976144552,5bddf5d39084,a7ae7a6020f6,5e1d50a6e395,0,True,0,28.214,2.317271795815842,2.9799669974543694,151.17060896093776,0.011787180717063063,1.6897901579650443e-13,ae73669,2026-10-04T00:50:27+00:00,2.3319763491928756,151.29861375377095,True,0.0037127883532102426,2.75,2.9799669974543694,0.23080487590734308,5.0,2.508680736224071e-12,True,True,-2.3176234439555716,-2.200363289196244,-2.1339122476153105,-2.0896681806818016,-2.0574652213588664,-2.0127452083875603,-1.9824201139407236,-1.9600585336593503,-1.9426545442712815,-1.9285900579615642,-1.9169057483457674,,10262,92,1.5,False,False,"variant-gamma0 (v1.1-frozen + mu_surf_gamma=0; robustness study v1.3, 423 K only)"
C0365_T423,manual,0,C0365,C0365,423.0,0.8244169119745494,1.1149289045482873,-1286017172969.8777,1.0344680670648814,aac17ce27a26,a7ae7a6020f6,5e1d50a6e395,0,True,0,31.219,4.498637022868552,3.314071824338927,159.5396609817008,0.010613958926333475,1.6897901579650449e-13,ae73669,2026-10-04T00:26:23+00:00,4.498836517249645,159.97979601086044,True,0.003526288299844049,5.0,3.314071824338927,0.20605485887604777,5.0,2.397378228597731e-12,True,True,-6.817846417142426,-2.792255848941306,-2.371435119545133,-2.238932681559763,-2.1674716427474054,-2.087964798145008,-2.0427677694824546,-2.0127137490239293,-1.9908906880998358,-1.9741225973266858,-1.9607210646417628,,11900,91,1.5,False,False,"variant-gamma0 (v1.1-frozen + mu_surf_gamma=0; robustness study v1.3, 423 K only)"
C0366_T423,manual,0,C0366,C0366,423.0,0.951842799782753,0.958281883224845,-889229518361.3896,0.8050255961716175,bde488855cff,a7ae7a6020f6,5e1d50a6e395,0,True,0,40.199,3.210658574737168,3.2999822413059845,155.11933652347932,0.010656050193324999,1.6897901579650446e-13,ae73669,2026-10-04T00:29:16+00:00,3.2169139671106057,155.70391937045048,True,0.00309040356467726,3.75,3.2999822413059845,0.20726617985760373,5.0,2.0901389569680774e-12,True,True,-2.636112000267649,-2.361033409880716,-2.247007154148606,-2.1800676714810923,-2.134661664753569,-2.075290885679136,-2.0370481593937,-2.0097331342550984,-1.988937335013029,-1.9724037425062877,-1.958840829933321,,11198,93,1.5,False,False,"variant-gamma0 (v1.1-frozen + mu_surf_gamma=0; robustness study v1.3, 423 K only)"
C0367_T423,manual,0,C0367,C0367,423.0,1.064260546863079,1.0858338359743356,-1049230022355.914,1.1222860798239709,dccced653551,a7ae7a6020f6,5e1d50a6e395,0,True,0,44.995,3.873575471662476,3.007970453953567,158.58646939493383,0.011682141525732213,1.6897901579650443e-13,ae73669,2026-10-04T00:31:07+00:00,3.8878022500226765,158.5030741818525,True,0.003746860675702415,4.25,3.007970453953567,0.2281630145268476,5.0,8.602441675664707e-13,True,True,-3.493564258016069,-2.42898191644867,-2.2441047995623666,-2.1560659642728055,-2.10188688750743,-2.0361629746582985,-1.9963132826559074,-1.9688476412470701,-1.9484310318745812,-1.9324775367136644,-1.919562432166721,,10613,91,1.5,False,False,"variant-gamma0 (v1.1-frozen + mu_surf_gamma=0; robustness study v1.3, 423 K only)"
C0368_T423,manual,0,C0368,C0368,423.0,1.0569008603692054,0.9667568974196912,-548176764510.5719,0.9841952867805958,17bed5f48806,a7ae7a6020f6,5e1d50a6e395,0,True,0,50.526,2.424868908293791,3.0182248079189558,155.11875614818078,0.011640578114116024,1.6897901579650449e-13,ae73669,2026-10-04T00:31:51+00:00,2.4353430233024906,155.50304803028342,True,0.0035197195044530515,3.0,3.0182248079189558,0.22759341538133393,5.0,1.8046689429451185e-12,True,True,-2.3445041971722977,-2.2167710963811484,-2.146107023738295,-2.099621020913102,-2.0660492023319645,-2.019794466373619,-1.9886829550918483,-1.9658841766922013,-1.948230299108845,-1.934025450482022,-1.9222686300953304,,10613,93,1.5,False,False,"variant-gamma0 (v1.1-frozen + mu_surf_gamma=0; robustness study v1.3, 423 K only)"
C0369_T423,manual,0,C0369,C0369,423.0,0.9693801164627076,1.0892246335744855,-1388360202312.4695,1.0884198054671288,829e9be784df,a7ae7a6020f6,5e1d50a6e395,0,True,0,50.478,4.670929151137418,3.1425702227389465,158.69726476196732,0.01118706753583198,1.689790157965044e-13,ae73669,2026-10-04T00:33:28+00:00,4.681386307254556,159.21095169619136,True,0.003613600941959695,5.25,3.1425702227389465,0.21787911163905918,5.0,1.2275718636045596e-12,True,True,-7.917918882963391,-2.9984334545603897,-2.3865970452197676,-2.233513797054468,-2.155043282503669,-2.070099958599165,-2.02263819917854,-1.9913164835037274,-1.9686590054775608,-1.9512837400945353,-1.9374100970334625,,11081,93,1.5,False,False,"variant-gamma0 (v1.1-frozen + mu_surf_gamma=0; robustness study v1.3, 423 K only)"
C0370_T423,manual,0,C0370,C0370,423.0,0.8045571837574244,0.8341523312032223,-788932006806.1351,0.8713800486177207,20858e7651be,a7ae7a6020f6,5e1d50a6e395,0,True,0,52.444,2.6297744755819945,3.298495652146018,151.034584599041,0.01065878961072348,1.6897901579650443e-13,ae73669,2026-10-04T00:34:49+00:00,2.645209407364849,151.43373308802938,True,0.003408044147574327,3.0,3.298495652146018,0.2075901901592901,5.0,2.8216390324237096e-12,True,True,-2.4076424869641353,-2.261664690401462,-2.185788181978986,-2.137387021011039,-2.103080535224015,-2.05659114496696,-2.025760728382872,-2.0033598639288583,-1.9861127316464522,-1.972292110058915,-1.9608892520881323,,12017,93,1.5,False,False,"variant-gamma0 (v1.1-frozen + mu_surf_gamma=0; robustness study v1.3, 423 K only)"
C0371_T423,manual,0,C0371,C0371,423.0,1.117036252096295,1.1101098954677582,-1151514987461.269,1.1513356450945138,496b33315958,a7ae7a6020f6,5e1d50a6e395,0,True,0,45.532,4.1664526808716005,2.975066909274446,159.2523684368985,0.011810774888258256,1.6897901579650443e-13,ae73669,2026-10-04T00:55:43+00:00,4.177137353509012,159.5342906616668,True,0.003765037961594459,4.75,2.975066909274446,0.23073235219725124,5.0,2.564349221034892e-12,True,True,-4.856422661087202,-2.5332859383924555,-2.276484324302871,-2.1708796913532646,-2.1092596650137168,-2.037139476922713,-1.9945494183807553,-1.9656081141184587,-1.94428407883771,-1.9277216080041997,-1.914371647442029,,10262,93,1.5,False,False,"variant-gamma0 (v1.1-frozen + mu_surf_gamma=0; robustness study v1.3, 423 K only)"
C0372_T423,manual,0,C0372,C0372,423.0,1.1624391660094262,0.8779154568910599,-1268747879192.2332,1.1294747464358807,c25c0e92b209,a7ae7a6020f6,5e1d50a6e395,0,True,0,43.473,3.8468041262391877,2.899888132317793,152.14365769031068,0.01211152279073837,1.689790157965044e-13,ae73669,2026-10-04T00:31:02+00:00,3.861912762473081,151.97034176713197,True,0.004104915887738879,4.25,2.899888132317793,0.237268299785556,5.0,1.1783178599511501e-12,True,True,-3.384763894144802,-2.391895867820647,-2.215665084367515,-2.1314965581713547,-2.0796790149464535,-2.0167528529288243,-1.9784939602167118,-1.9520311030979067,-1.9322862628815758,-1.9168012492568103,-1.904222077813289,,10028,91,1.5,False,False,"variant-gamma0 (v1.1-frozen + mu_surf_gamma=0; robustness study v1.3, 423 K only)"
C0373_T423,manual,0,C0373,C0373,423.0,0.8749730676412583,1.1538957707583903,-671668303199.1124,0.8494695961475373,b8a63cdd67f4,a7ae7a6020f6,5e1d50a6e395,0,True,0,51.206,3.180932606770758,3.3659920088837487,160.89054965519657,0.010451118053633735,1.6897901579650446e-13,ae73669,2026-10-04T00:33:27+00:00,3.191149736581465,161.36218861084862,True,0.002979655707345991,3.75,3.3659920088837487,0.20279610376229545,5.0,1.277173074834665e-12,True,True,-2.6332165427828933,-2.3666147892898692,-2.2540394994704362,-2.1875259154438145,-2.142281235588834,-2.0830584207873404,-2.0449494491814573,-2.0177942282116446,-1.9971788838349702,-1.9808372465337891,-1.9674708093334932,,11549,93,1.5,False,False,"variant-gamma0 (v1.1-frozen + mu_surf_gamma=0; robustness study v1.3, 423 K only)"
C0374_T423,manual,0,C0374,C0374,423.0,0.9022830311208964,0.9230429768562316,-1005593561567.3662,1.016511584445834,3a67a8bad4cb,a7ae7a6020f6,5e1d50a6e395,0,True,0,50.432,3.367889489914625,3.1447597186323883,153.6925275519928,0.011176385638595476,1.6897901579650438e-13,ae73669,2026-10-04T00:53:28+00:00,3.3830807389753508,153.8352831335711,True,0.003682404205985656,3.75,3.1447597186323883,0.21804309299456115,5.0,1.5316858256066654e-12,True,True,-2.6615959772295685,-2.32767668713179,-2.209119052782873,-2.1431806422923465,-2.099759221780603,-2.044394355187984,-2.0094943524933426,-1.9848986523464887,-1.966346409896562,-1.9516986214049206,-1.9397482786379419,,11549,91,1.5,False,False,"variant-gamma0 (v1.1-frozen + mu_surf_gamma=0; robustness study v1.3, 423 K only)"
C0375_T423,manual,0,C0375,C0375,423.0,1.0148167449980974,1.0454879723489283,-930912578478.4556,0.912338237836957,081acdf5678e,a7ae7a6020f6,5e1d50a6e395,0,True,0,51.689,3.5182718491414118,3.1809440702281875,157.60952323937138,0.011052191969689183,1.6897901579650446e-13,ae73669,2026-10-04T00:32:52+00:00,3.5241244479276292,158.02437249246083,True,0.003345466820422206,4.0,3.1809440702281875,0.2152548265928916,5.0,1.851161409219969e-12,True,True,-2.8329546197539703,-2.392049303183902,-2.251709378179487,-2.175322789161896,-2.1254195777148626,-2.062095523022072,-2.0223032169695343,-1.9943032135349241,-1.9732023914090604,-1.9565515802654208,-1.9429712789287177,,10847,92,1.5,False,False,"variant-gamma0 (v1.1-frozen + mu_surf_gamma=0; robustness study v1.3, 423 K only)"
C0376_T423,manual,0,C0376,C0376,423.0,1.032035233080387,0.8237407013773919,-1097743789665.401,0.8208652026951313,40c2edcf2ae6,a7ae7a6020f6,5e1d50a6e395,0,True,0,46.593,3.3206710692402237,3.1860655637977717,150.8240475756286,0.011031658895880902,1.689790157965044e-13,ae73669,2026-10-04T00:33:09+00:00,3.3362865875825514,150.79188465506977,True,0.0033877250932257156,3.75,3.1860655637977717,0.21521097887452356,5.0,2.423682470738281e-12,True,True,-2.6675144402333997,-2.3518246427514455,-2.231850228929595,-2.163469869391781,-2.1177845576836316,-2.0587207978733004,-2.020965423641711,-1.9940777950300206,-1.973624254751889,-1.957359175215721,-1.9440064400094474,,10730,92,1.5,False,False,"variant-gamma0 (v1.1-frozen + mu_surf_gamma=0; robustness study v1.3, 423 K only)"
C0377_T423,manual,0,C0377,C0377,423.0,0.944611954689026,1.1446429826319218,-961843591183.424,1.1002850338816643,024103704f3e,a7ae7a6020f6,5e1d50a6e395,0,True,0,38.323,3.8106856995247433,3.1186026871609536,160.33204100272246,0.0112718386570782,1.6897901579650443e-13,ae73669,2026-10-04T00:54:28+00:00,3.823742686960522,160.49168062145515,True,0.003698826358824627,4.25,3.1186026871609536,0.2196752812913221,5.0,1.1678366607092983e-12,True,True,-3.3084053605182326,-2.4254809129991464,-2.2516749644588416,-2.166836759977071,-2.1141326434379453,-2.0498241039808,-2.0107041416099625,-1.9837197567019933,-1.9636651640120668,-1.9480052362615563,-1.9353392678928671,,11198,92,1.5,False,False,"variant-gamma0 (v1.1-frozen + mu_surf_gamma=0; robustness study v1.3, 423 K only)"
C0378_T423,manual,0,C0378,C0378,423.0,0.8781288657337427,0.975508750975132,-1361930966377.2583,0.9329523202031852,bf55299c1008,a7ae7a6020f6,5e1d50a6e395,0,True,0,60.06,4.339777100707865,3.3023857684797133,155.4819129963082,0.010649437398110318,1.689790157965045e-13,ae73669,2026-10-04T00:52:49+00:00,4.35562747654782,155.38174415725703,True,0.003438070908471146,4.75,3.3023857684797133,0.2069977860826716,5.0,2.7884409028952096e-12,True,True,-5.884751875031674,-2.673707403452475,-2.3508617718334888,-2.231496201492388,-2.1641541640462716,-2.087036587003868,-2.0422034482647686,-2.0119839826834576,-1.9898268918489679,-1.972673335075018,-1.958879108473639,,11549,92,1.5,False,False,"variant-gamma0 (v1.1-frozen + mu_surf_gamma=0; robustness study v1.3, 423 K only)"
C0379_T423,manual,0,C0379,C0379,423.0,1.1907057810574768,1.0561567731201649,-701558887027.204,1.0381032291799783,25514e3139cb,a7ae7a6020f6,5e1d50a6e395,0,True,0,46.495,3.0015932216621066,2.9441697504093702,157.7887617142758,0.011932416266734667,1.6897901579650449e-13,ae73669,2026-10-04T00:52:12+00:00,3.0021488630158553,158.23638683874276,True,0.003676269733229374,3.5,2.9441697504093702,0.23338724681173628,5.0,2.646980294809625e-12,True,True,-2.485451268840345,-2.2705857067170307,-2.172782828163553,-2.113512322668843,-2.072644970759655,-2.018514723703205,-1.983294471374534,-1.9579979355052965,-1.9386722160931475,-1.923271604522806,-1.9106170440944699,,9794,92,1.5,False,False,"variant-gamma0 (v1.1-frozen + mu_surf_gamma=0; robustness study v1.3, 423 K only)"
C0380_T423,manual,0,C0380,C0380,423.0,1.1361086949706078,0.9317715920507909,-818792009726.1667,1.0662423186004162,ee88a7779e98,a7ae7a6020f6,5e1d50a6e395,0,True,0,29.579,2.954110471170117,2.9270381506845555,153.93034401955492,0.012000080532716813,1.6897901579650443e-13,ae73669,2026-10-04T00:50:56+00:00,2.960602919470827,154.40531255220492,True,0.0038259124306159655,3.5,2.9270381506845555,0.23498186618339922,5.0,2.1174397724172665e-12,True,True,-2.4476031676409513,-2.2479354946693655,-2.156054565695835,-2.1002574716924167,-2.061761794474823,-2.01074763048164,-1.9775284378710074,-1.9536464763113301,-1.9353834193760986,-1.9208158393859447,-1.908835333401537,,10145,93,1.5,False,False,"variant-gamma0 (v1.1-frozen + mu_surf_gamma=0; robustness study v1.3, 423 K only)"
C0381_T423,manual,0,C0381,C0381,423.0,0.8485447496175766,1.0124425515532494,-1244667493738.234,0.9610418558120728,63b096b76014,a7ae7a6020f6,5e1d50a6e395,0,True,0,34.434,4.159538393652485,3.305742196502812,156.5680650435044,0.010639022319460489,1.6897901579650443e-13,ae73669,2026-10-04T00:26:58+00:00,4.171811107946639,156.78408920536378,True,0.0033343037189718645,4.75,3.305742196502812,0.20674822182464592,5.0,2.2957743617536582e-12,True,True,-4.817056118971206,-2.5732532430289994,-2.321074791823029,-2.2160054695645037,-2.154494229870993,-2.082412465637991,-2.0398390359705454,-2.010921065016353,-1.9896267238494105,-1.9730982800082915,-1.9597851231428731,,11783,93,1.5,False,False,"variant-gamma0 (v1.1-frozen + mu_surf_gamma=0; robustness study v1.3, 423 K only)"
C0382_T423,manual,0,C0382,C0382,423.0,0.9775148693472148,0.8675263054668904,-579077196307.4803,1.1783768247812985,ffd0e588771c,a7ae7a6020f6,5e1d50a6e395,0,True,0,39.754,2.2146602716038553,2.919040190685507,151.7485662896415,0.012031094305023731,1.6897901579650446e-13,ae73669,2026-10-04T00:29:56+00:00,2.2195345755067577,152.2413675461094,True,0.00415373759850717,2.75,2.919040190685507,0.23582866621387333,5.0,2.2459322290644763e-12,True,True,-2.2599032454843693,-2.1576115576257684,-2.099268800008999,-2.060385064656371,-2.032102860885816,-1.9929074172477208,-1.9664187311426027,-1.9469542614217672,-1.931856361726931,-1.9196948690010425,-1.909622506489591,,11081,92,1.5,False,False,"variant-gamma0 (v1.1-frozen + mu_surf_gamma=0; robustness study v1.3, 423 K only)"
C0383_T423,manual,0,C0383,C0383,423.0,1.089951117709279,1.1884056523442268,-1480479849502.4443,0.8990081656724215,ca8971f91117,a7ae7a6020f6,5e1d50a6e395,0,True,0,46.015,5.130797222827297,3.2778785763258034,161.7789210945495,0.010732217672298369,1.6897901579650446e-13,ae73669,2026-10-04T00:31:53+00:00,5.145633677703158,161.955908851793,True,0.0031115311564987717,5.5,3.2778785763258034,0.20818739418053106,5.0,1.713704360010938e-12,True,True,-10.70068139986157,-4.634218197648994,-2.59319381119268,-2.3388625865765076,-2.228180759662113,-2.116633021457723,-2.0568591345368303,-2.018143253179525,-1.9904275632982436,-1.9693105274910263,-1.9525209342308911,,10379,91,1.5,False,False,"variant-gamma0 (v1.1-frozen + mu_surf_gamma=0; robustness study v1.3, 423 K only)"
C0384_T423,manual,0,C0384,C0384,423.0,1.0875381458550692,0.9523000817745924,-837680563330.6504,1.1553940713405608,bf095b505172,a7ae7a6020f6,5e1d50a6e395,0,True,0,48.59,3.046007453920694,2.9084032246555074,154.49387487041278,0.0120763819161129,1.6897901579650449e-13,ae73669,2026-10-04T00:32:40+00:00,3.0572759940316265,154.66558933192854,True,0.0040811892749337796,3.5,2.9084032246555074,0.2365440526382366,5.0,2.8513104620478046e-12,True,True,-2.463520127959272,-2.2457930038550917,-2.1508556328584927,-2.094430196325853,-2.055975103725372,-2.005559075534939,-1.9730412165557,-1.949808306910143,-1.9321215963767722,-1.918063160849534,-1.9065343975133553,,10379,92,1.5,False,False,"variant-gamma0 (v1.1-frozen + mu_surf_gamma=0; robustness study v1.3, 423 K only)"
C0385_T423,manual,0,C0385,C0385,423.0,0.9750709984451532,1.079463081434369,-1223829670809.2097,0.8719238035380841,ee2e7849a77f,a7ae7a6020f6,5e1d50a6e395,0,True,0,49.804,4.2844306826652305,3.304883645879087,158.69723948825464,0.010642817152872998,1.6897901579650443e-13,ae73669,2026-10-04T00:34:18+00:00,4.294284269718175,159.09253132853974,True,0.003202564853023276,4.75,3.304883645879087,0.2066834807283962,5.0,1.1055611462496663e-12,True,True,-5.5110746083792606,-2.669986155411211,-2.365337578918316,-2.2453368125693056,-2.17600315180217,-2.095214381276109,-2.0476040028821885,-2.0152692351947636,-1.9914473075096573,-1.972943399108038,-1.9580263588396198,,11081,92,1.5,False,False,"variant-gamma0 (v1.1-frozen + mu_surf_gamma=0; robustness study v1.3, 423 K only)"
C0386_T423,manual,0,C0386,C0386,423.0,0.8476942718029022,0.8470348309725524,-577392990700.9005,1.0925759721547366,1e8f4353a0ab,a7ae7a6020f6,5e1d50a6e395,0,True,0,50.035,2.1584726529684968,3.0726867154414093,151.1629751273352,0.011434505071698861,1.6897901579650446e-13,ae73669,2026-10-04T00:35:39+00:00,2.1704060340774594,151.44800088876798,True,0.0038629097402527943,2.5,3.0726867154414093,0.22356643785179775,5.0,1.6045327323566945e-12,True,True,-2.2728433930819336,-2.174666760473674,-2.118009532346169,-2.0800394929279222,-2.0523357075387603,-2.013846738893249,-1.9877892764772438,-1.9686268268447236,-1.9537589748971946,-1.9417826285458082,-1.9318650495392073,,11783,93,1.5,False,False,"variant-gamma0 (v1.1-frozen + mu_surf_gamma=0; robustness study v1.3, 423 K only)"
C0387_T423,manual,0,C0387,C0387,423.0,1.135227318108082,1.1214465279132129,-1488019701093.4353,0.9848364006727934,f95541e1c439,a7ae7a6020f6,5e1d50a6e395,0,True,0,49.129,4.9865884872332895,3.141187381383788,159.80174557876114,0.011193521724607029,1.6897901579650443e-13,ae73669,2026-10-04T00:56:33+00:00,4.98862266897094,160.17465971286805,True,0.0034593041775618414,5.5,3.141187381383788,0.21780463599920932,5.0,2.186429639855442e-12,True,True,-9.882181058329934,-3.940994652446123,-2.5025445163265108,-2.2887555583958084,-2.1900401725570524,-2.088180456219444,-2.0328473478624773,-1.9967740171155008,-1.9708453938595398,-1.9510332535130381,-1.9352467155605524,,10145,92,1.5,False,False,"variant-gamma0 (v1.1-frozen + mu_surf_gamma=0; robustness study v1.3, 423 K only)"
C0388_T423,manual,0,C0388,C0388,423.0,1.1931309837847948,0.8907959092408418,-1120786515064.5376,0.9067163929343224,49f1d9daefcd,a7ae7a6020f6,5e1d50a6e395,0,True,0,42.765,3.556423392295693,3.0411403345243526,152.8393362853475,0.011554207712750727,1.6897901579650443e-13,ae73669,2026-10-04T00:31:45+00:00,3.5700456965537586,152.90036468517854,True,0.0035510704987571336,4.0,3.0411403345243526,0.22574323605154298,5.0,3.1301640647964937e-12,True,True,-2.8509379181542633,-2.377111616917494,-2.2336592859524043,-2.156573114628244,-2.106492069351058,-2.0431269865709742,-2.0033163709715245,-1.975250572115804,-1.9540435799169442,-1.9372598293088343,-1.9235304804949922,,9794,92,1.5,False,False,"variant-gamma0 (v1.1-frozen + mu_surf_gamma=0; robustness study v1.3, 423 K only)"
C0389_T423,manual,0,C0389,C0389,423.0,0.8806093815714121,1.16523368768394,-944656400009.9896,1.014406318217516,09f26f7f0c58,a7ae7a6020f6,5e1d50a6e395,0,True,0,48.821,3.824847926068651,3.2446879022787454,161.0267687115352,0.010838345440584894,1.6897901579650446e-13,ae73669,2026-10-04T00:34:16+00:00,3.839396322166897,161.1046133835704,True,0.003455066360685639,4.25,3.2446879022787454,0.21070596400658176,5.0,2.2134873274258745e-12,True,True,-3.360888556623897,-2.4547876968012114,-2.2768101701929337,-2.1898259610193977,-2.135732059308901,-2.0696718461355275,-2.029466583412982,-2.0017326208377813,-1.9811246195275944,-1.965037011235692,-1.9520292809271464,,11549,92,1.5,False,False,"variant-gamma0 (v1.1-frozen + mu_surf_gamma=0; robustness study v1.3, 423 K only)"
C0390_T423,manual,0,C0390,C0390,423.0,0.9454746633768082,0.9085874516516924,-1356596002355.218,0.8437503699213267,8f2ffd58f451,a7ae7a6020f6,5e1d50a6e395,0,True,0,50.815,4.158161912144048,3.302122133961964,153.47441148457042,0.01064937953045781,1.6897901579650449e-13,ae73669,2026-10-04T00:54:19+00:00,4.1712276166920335,153.82871165863722,True,0.003189207646372635,4.5,3.302122133961964,0.20710911586973463,5.0,1.239674785350961e-12,True,True,-4.814703189369718,-2.5903230463652362,-2.3352346310997754,-2.227287941194779,-2.1635972366490637,-2.0884034089636927,-2.043631439982938,-2.013021322759645,-1.9903550831814245,-1.972675694980946,-1.958373448853495,,11198,93,1.5,False,False,"variant-gamma0 (v1.1-frozen + mu_surf_gamma=0; robustness study v1.3, 423 K only)"
C0391_T423,manual,0,C0391,C0391,423.0,1.032953254878521,1.0357243668287992,-704944440163.672,1.12727171741426,d06e00057724,a7ae7a6020f6,5e1d50a6e395,0,True,0,48.065,2.952578295185055,2.9732993765555147,157.09795898701805,0.011815799294013343,1.6897901579650449e-13,ae73669,2026-10-04T00:33:40+00:00,2.9591028267979715,157.41155654330268,True,0.0038235201308247256,3.5,2.9732993765555147,0.23108641796436605,5.0,1.3174766185622987e-12,True,True,-2.44822700918963,-2.249749795476766,-2.158718700407326,-2.103555544505184,-2.065570385351273,-2.015368616899185,-1.9827991191863694,-1.9594660697432296,-1.9416807924873627,-1.927536894663168,-1.9159369980058174,,10730,93,1.5,False,False,"variant-gamma0 (v1.1-frozen + mu_surf_gamma=0; robustness study v1.3, 423 K only)"
C0392_T423,manual,0,C0392,C0392,423.0,1.0139418590813876,0.8077149961143733,-1262249525636.4346,1.0434311747550964,d7d5f439cbe1,a7ae7a6020f6,5e1d50a6e395,0,True,0,47.723,3.636515432256812,3.0178173296845636,149.9505095095588,0.01164074385576586,1.6897901579650446e-13,ae73669,2026-10-04T00:33:57+00:00,3.650584619474243,150.29779559701763,True,0.0039149023578975714,4.0,3.0178173296845636,0.22777822790957952,5.0,1.6776059708067947e-12,True,True,-2.9096582333604415,-2.3523395627367125,-2.208281887328246,-2.1342589546053,-2.0872838276210874,-2.0289873182717537,-1.9929483436858537,-1.9677858861836572,-1.9488966715329188,-1.9340192669256038,-1.9218955350541955,,10847,93,1.5,False,False,"variant-gamma0 (v1.1-frozen + mu_surf_gamma=0; robustness study v1.3, 423 K only)"
C0393_T423,manual,0,C0393,C0393,423.0,0.9013772461563349,1.136449557170272,-672303552739.3221,0.9355468444526196,b40f0eb85254,a7ae7a6020f6,5e1d50a6e395,0,True,0,38.535,3.133667863615506,3.2495391756915972,160.26658808764026,0.01082153535947366,1.6897901579650449e-13,ae73669,2026-10-04T00:55:07+00:00,3.1481887586625468,160.27647150611523,True,0.0032163658996682493,3.5,3.2495391756915972,0.2104587358300463,5.0,1.0793414773058174e-12,True,True,-2.5820088244789026,-2.3326181610228103,-2.2258225135751943,-2.1625407875515643,-2.1194582760287317,-2.063051113837523,-2.0267559851011607,-2.0008970778850066,-1.981268595274862,-1.9657111171553043,-1.9529874314618059,,11549,91,1.5,False,False,"variant-gamma0 (v1.1-frozen + mu_surf_gamma=0; robustness study v1.3, 423 K only)"
C0394_T423,manual,0,C0394,C0394,423.0,0.8725356757640839,0.9930843774229288,-1025405271910.131,1.105515431240201,336a4fafebc5,a7ae7a6020f6,5e1d50a6e395,0,True,0,57.994,3.590490780937481,3.13836856538108,155.80323353275526,0.011199930227643243,1.689790157965045e-13,ae73669,2026-10-04T00:53:47+00:00,3.605516465247701,155.8972057587673,True,0.003834791116815011,4.0,3.13836856538108,0.2184029752580249,5.0,1.1957986684185684e-12,True,True,-2.8633055507791987,-2.359188855950595,-2.220164673333182,-2.147699613347607,-2.101455841938379,-2.0439434477728478,-2.0084367081962857,-1.9837328801695082,-1.9652661168044137,-1.9507846828515965,-1.9390337279117236,,11549,92,1.5,False,False,"variant-gamma0 (v1.1-frozen + mu_surf_gamma=0; robustness study v1.3, 423 K only)"
C0395_T423,manual,0,C0395,C0395,423.0,1.1599708750844002,1.0627995159476995,-913057848811.1497,0.8233617972582579,ded42cc4fab1,a7ae7a6020f6,5e1d50a6e395,0,True,0,48.223,3.5280589381669625,3.1883545385578493,158.27475400085788,0.011027644702360869,1.6897901579650443e-13,ae73669,2026-10-04T00:53:01+00:00,3.536609337429507,158.70580657524448,True,0.0031107895085944358,4.0,3.1883545385578493,0.21463284654086637,5.0,8.245192723022043e-13,True,True,-2.8708149392050277,-2.4189538036627334,-2.2725800979864523,-2.192117114066765,-2.1391906539490613,-2.0715670520761282,-2.028780121283973,-1.9985242783825894,-1.9756358167595647,-1.9575172347942131,-1.9426998113747826,,10028,92,1.5,False,False,"variant-gamma0 (v1.1-frozen + mu_surf_gamma=0; robustness study v1.3, 423 K only)"
C0396_T423,manual,0,C0396,C0396,423.0,1.1178745407611133,0.949346124753356,-545824893750.2504,0.8952417775988579,0f623e4f6382,a7ae7a6020f6,5e1d50a6e395,0,True,0,29.693,2.381555387566206,3.0488333638691265,154.70557879519365,0.011524769027291775,1.689790157965044e-13,ae73669,2026-10-04T00:51:26+00:00,2.3966063675315863,154.9691780059903,True,0.003349134815302618,2.75,3.0488333638691265,0.22520631444699382,5.0,1.1369577154751731e-12,True,True,-2.3561658353953185,-2.2293672098078394,-2.1579312841239466,-2.110464728649806,-2.075956078248714,-2.0280975278036997,-1.995701041179266,-1.9718526663908353,-1.9533212717071395,-1.9383677697281472,-1.9259614522592534,,10145,93,1.5,False,False,"variant-gamma0 (v1.1-frozen + mu_surf_gamma=0; robustness study v1.3, 423 K only)"
C0397_T423,manual,0,C0397,C0397,423.0,0.8054507855325937,1.0190871510654689,-1392668912187.2188,1.1773457653820514,3d8e9be64456,a7ae7a6020f6,5e1d50a6e395,0,True,0,34.721,4.503218542104251,3.2147181694776523,156.5314251242822,0.010937615433862256,1.6897901579650443e-13,ae73669,2026-10-04T00:27:33+00:00,4.504306035632599,156.95089901987015,True,0.00394811369740764,5.0,3.2147181694776523,0.21285720429920346,5.0,1.662901732153533e-12,True,True,-6.913091191227693,-2.7527501535350027,-2.333485383496203,-2.206791780586931,-2.139533651989565,-2.0655717337282575,-2.0239084893700205,-1.996339951937855,-1.9763816941514636,-1.9610773504702148,-1.9488635743226614,,12017,92,1.5,False,False,"variant-gamma0 (v1.1-frozen + mu_surf_gamma=0; robustness study v1.3, 423 K only)"
C0398_T423,manual,0,C0398,C0398,423.0,0.9717809110879898,0.851502462849021,-805070130154.4905,0.9573734227567912,feacde08a412,a7ae7a6020f6,5e1d50a6e395,0,True,0,36.845,2.70955018253156,3.082045948153016,151.51952957967163,0.011400297092544616,1.6897901579650443e-13,ae73669,2026-10-04T00:30:33+00:00,2.715563649215276,152.06947553855647,True,0.0036361336503543448,3.25,3.082045948153016,0.22282735249075517,5.0,2.671329897830293e-12,True,True,-2.3985592976289354,-2.2416371882070605,-2.1621934180141884,-2.1120672928321675,-2.076745419274057,-2.0290970460651,-1.997601501233886,-1.9747516279129607,-1.9571700472867146,-1.943083830771289,-1.9314606161430539,,10964,93,1.5,False,False,"variant-gamma0 (v1.1-frozen + mu_surf_gamma=0; robustness study v1.3, 423 K only)"
C0399_T423,manual,0,C0399,C0399,423.0,1.0593569681048394,1.180211127176881,-1129513648338.616,1.0653088327497244,3f4e80b96edd,a7ae7a6020f6,5e1d50a6e395,0,True,0,45.136,4.283557010413907,3.090133887984963,161.37031697847615,0.01137573528735759,1.6897901579650443e-13,ae73669,2026-10-04T00:32:39+00:00,4.292613452214278,161.7124484121928,True,0.0036122727978203668,4.75,3.090133887984963,0.22167639727994803,5.0,1.721261256790535e-12,True,True,-5.504543358971239,-2.6243845360216835,-2.320960439809872,-2.204097527150414,-2.1372086790406706,-2.0598437837983297,-2.0145512473305605,-1.9839267566736885,-1.9614402742495074,-1.9440205225019207,-1.9300088127392812,,10613,92,1.5,False,False,"variant-gamma0 (v1.1-frozen + mu_surf_gamma=0; robustness study v1.3, 423 K only)"
C0400_T423,manual,0,C0400,C0400,423.0,1.0636221423745156,0.8734603337943554,-632459118962.2878,0.82879574932158,376f0f8b119f,a7ae7a6020f6,5e1d50a6e395,0,True,0,48.936,2.3826989685323503,3.125156644950633,152.39328209132574,0.011244772111592704,1.6897901579650443e-13,ae73669,2026-10-04T00:33:29+00:00,2.398134206589871,152.56806871258777,True,0.003267891771694141,2.75,3.125156644950633,0.21958131379715592,5.0,2.0714767875262425e-12,True,True,-2.3670696418883006,-2.2403591499706432,-2.168952936649667,-2.1214980553246625,-2.086986961206528,-2.0390913820097363,-2.006630580958312,-1.982703975267983,-1.9640884147977555,-1.9490493416228043,-1.9365585575332787,,10613,93,1.5,False,False,"variant-gamma0 (v1.1-frozen + mu_surf_gamma=0; robustness study v1.3, 423 K only)"
C0401_T423,manual,0,C0401,C0401,423.0,0.951136875152588,1.194728824496269,-1307953490875.6614,1.1485952492803335,2e53bbdb10e3,a7ae7a6020f6,5e1d50a6e395,0,True,0,50.061,4.723924306091796,3.137710933226873,161.67689440680445,0.011205096090859156,1.6897901579650449e-13,ae73669,2026-10-04T00:35:09+00:00,4.7275330728562865,162.22612081408306,True,0.0037318582168271615,5.25,3.137710933226873,0.21814023234374003,5.0,2.498353252309753e-12,True,True,-8.184230652245253,-3.0986587037765063,-2.3960475690226612,-2.235899651002502,-2.155452940990856,-2.0693660848796673,-2.021681149701262,-1.9903795539469902,-1.9678256877644897,-1.9505844147602494,-1.9368540932865514,,11198,92,1.5,False,False,"variant-gamma0 (v1.1-frozen + mu_surf_gamma=0; robustness study v1.3, 423 K only)"
C0402_T423,manual,0,C0402,C0402,423.0,0.8222160134464502,0.9255938075482846,-891768123023.2119,0.9158295437693597,fa55fa497847,a7ae7a6020f6,5e1d50a6e395,0,True,0,53.079,3.1190737975420224,3.293142121110673,153.91899794880703,0.010677551071071073,1.689790157965045e-13,ae73669,2026-10-04T00:36:33+00:00,3.134756212133534,153.9613124726763,True,0.0034101008577661295,3.5,3.293142121110673,0.20777035961747592,5.0,1.3625107986303675e-12,True,True,-2.5570658344766812,-2.3184690635846055,-2.2167912991130376,-2.156840697819962,-2.1161661367685265,-2.063058760772967,-2.028940421696518,-2.0046341793885594,-1.986173246173101,-1.9715283426516597,-1.9595394436494173,,12017,91,1.5,False,False,"variant-gamma0 (v1.1-frozen + mu_surf_gamma=0; robustness study v1.3, 423 K only)"
C0403_T423,manual,0,C0403,C0403,423.0,1.1097305584698915,1.0058756172657013,-1044742073863.7448,1.011460829526186,6c9571e5a3e3,a7ae7a6020f6,5e1d50a6e395,0,True,0,51.487,3.6749366957568177,3.03331154005853,156.31005987274727,0.011584781959582702,1.6897901579650443e-13,ae73669,2026-10-04T00:57:24+00:00,3.6852709604793383,156.61370356379047,True,0.0035553646478220084,4.25,3.03331154005853,0.22624056614812488,5.0,2.844057883923106e-12,True,True,-3.0096512966802607,-2.3928103606024775,-2.236481860310424,-2.155843483766566,-2.1044648489129867,-2.0404859661353876,-2.0008588678461523,-1.9731913139540571,-1.9524386658509152,-1.9361121357748419,-1.9228235473966766,,10262,93,1.5,False,False,"variant-gamma0 (v1.1-frozen + mu_surf_gamma=0; robustness study v1.3, 423 K only)"
C0404_T423,manual,0,C0404,C0404,423.0,1.1674526557326317,0.9818810850381852,-1411883470602.3335,1.0833148825913668,38de0d30f12f,a7ae7a6020f6,5e1d50a6e395,0,True,0,42.815,4.459971581463175,2.9829064391298923,155.45222633986245,0.011779378136592312,1.6897901579650443e-13,ae73669,2026-10-04T00:32:29+00:00,4.46561971564656,156.0575166697219,True,0.003821096628403086,5.0,2.9829064391298923,0.23016700304864127,5.0,2.029797296811281e-12,True,True,-6.64947249140406,-2.7224216576773093,-2.3258070691333845,-2.1959378219510204,-2.1250169204149465,-2.0452975868196135,-1.9994872235362178,-1.9687569742783326,-1.9462720601637271,-1.9288776364568307,-1.9148900070108397,,9911,93,1.5,False,False,"variant-gamma0 (v1.1-frozen + mu_surf_gamma=0; robustness study v1.3, 423 K only)"
C0405_T423,manual,0,C0405,C0405,423.0,0.8549251407384872,1.06213700696826,-524657068774.1041,0.9877346586436032,f532a8ee88c3,a7ae7a6020f6,5e1d50a6e395,0,True,0,52.918,2.609928412771909,3.2088508043189172,158.00932980401882,0.01095642340018257,1.6897901579650454e-13,ae73669,2026-10-04T00:35:09+00:00,2.625362119303998,158.09363924579623,True,0.0034474910839724614,3.0,3.2088508043189172,0.21336528650427874,5.0,1.4956061024109727e-12,True,True,-2.3992266718513835,-2.2532545298853104,-2.1767178208179865,-2.1276793892840873,-2.0928474142157953,-2.0456141698471733,-2.014328834617905,-1.9916524284031152,-1.9742423422913755,-1.9603311932116192,-1.948885484225793,,11783,91,1.5,False,False,"variant-gamma0 (v1.1-frozen + mu_surf_gamma=0; robustness study v1.3, 423 K only)"
C0406_T423,manual,0,C0406,C0406,423.0,0.921358973160386,0.81722149848938,-1175095358863.473,1.1704965829849243,1d83fe146451,a7ae7a6020f6,5e1d50a6e395,0,True,0,47.482,3.4537644131338237,3.0043346561839153,150.11256814859576,0.011692400771795935,1.6897901579650443e-13,ae73669,2026-10-04T00:55:07+00:00,3.460107071975774,150.612389662381,True,0.00417497200368324,4.0,3.0043346561839153,0.22886187249424086,5.0,1.2157462536688257e-12,True,True,-2.6743901386053084,-2.2954362121130876,-2.175686794626733,-2.1114871233846753,-2.0700074361141643,-2.017901223309478,-1.985427301153466,-1.9626759494195645,-1.9455725112215423,-1.932096307067894,-1.921116347926938,,11432,93,1.5,False,False,"variant-gamma0 (v1.1-frozen + mu_surf_gamma=0; robustness study v1.3, 423 K only)"
C0407_T423,manual,0,C0407,C0407,423.0,1.0088312704116107,1.1385158859193325,-765347578562.7961,0.8506474547088146,be79f6fa7972,a7ae7a6020f6,5e1d50a6e395,0,True,0,46.583,3.3625793966059527,3.2599068738516492,160.43909890519902,0.01078788253767306,1.6897901579650446e-13,ae73669,2026-10-04T00:34:27+00:00,3.3786101774960797,160.38868662165095,True,0.003052276937923171,3.75,3.2599068738516492,0.20970628443747324,5.0,1.6097309862956258e-12,True,True,-2.732995177465461,-2.3898454594546656,-2.2611793254941643,-2.1877835333675923,-2.138690078123364,-2.0752226725675116,-2.0347480577133648,-2.006033572292571,-1.984284243872939,-1.967063790947191,-1.9529857946217928,,10847,92,1.5,False,False,"variant-gamma0 (v1.1-frozen + mu_surf_gamma=0; robustness study v1.3, 423 K only)"
C0408_T423,manual,0,C0408,C0408,423.0,1.0380729213356972,0.9164757654070854,-1205934789031.744,0.9669305089861154,dd7de04a0152,a7ae7a6020f6,5e1d50a6e395,0,True,0,49.074,3.818926882203627,3.1002718426513662,153.54788932714692,0.011335777238175459,1.6897901579650443e-13,ae73669,2026-10-04T00:34:47+00:00,3.8335785031729537,153.61879778731736,True,0.003647480164557135,4.25,3.1002718426513662,0.22125419439117625,5.0,1.6458365273899067e-12,True,True,-3.325187489820247,-2.4320278689711605,-2.2561170882494777,-2.1700015035211084,-2.116381541092215,-2.0507234948828943,-2.0105624407333287,-1.9827037547756179,-1.96188683022993,-1.9455486970920834,-1.9322716525510089,,10613,92,1.5,False,False,"variant-gamma0 (v1.1-frozen + mu_surf_gamma=0; robustness study v1.3, 423 K only)"
C0409_T423,manual,0,C0409,C0409,423.0,0.9254898071289064,1.0393097139894962,-857528294436.6335,1.061925321444869,5cb5d6210dac,a7ae7a6020f6,5e1d50a6e395,0,True,0,40.191,3.320231314845487,3.1168598436747943,157.24854314774961,0.011276743125765064,1.6897901579650443e-13,ae73669,2026-10-04T00:55:47+00:00,3.33443014696022,157.2895071389575,True,0.003707836259233862,3.75,3.1168598436747943,0.21994836597694883,5.0,1.6083803381377886e-12,True,True,-2.6341976639712277,-2.3209642027128385,-2.205078697659084,-2.1397728566124994,-2.0964812672527,-2.0410150894362142,-2.0059443388872604,-1.9812049823293874,-1.962543985777603,-1.9478163122980472,-1.9358080309966388,,11315,92,1.5,False,False,"variant-gamma0 (v1.1-frozen + mu_surf_gamma=0; robustness study v1.3, 423 K only)"
C0410_T423,manual,0,C0410,C0410,423.0,0.8982291016727686,0.8842381492257119,-1441804482601.583,0.8790619716048241,1d604a90e339,a7ae7a6020f6,5e1d50a6e395,0,True,0,58.124,4.285547235642405,3.3043558418748202,152.6758370146506,0.010641898949902556,1.6897901579650446e-13,ae73669,2026-10-04T00:54:45+00:00,4.295830501236817,152.96777373674874,True,0.0034342677379384234,4.75,3.3043558418748202,0.20700250464354372,5.0,1.5218326728402049e-12,True,True,-5.5773405137376075,-2.6416680602594953,-2.3438097306899017,-2.2287857875409123,-2.163039223365522,-2.087077203651021,-2.0425782476651864,-2.0124261627371,-1.9902266993540194,-1.9729808692327653,-1.9590712687749314,,11549,92,1.5,False,False,"variant-gamma0 (v1.1-frozen + mu_surf_gamma=0; robustness study v1.3, 423 K only)"
C0411_T423,manual,0,C0411,C0411,423.0,1.185646181181073,1.159829504042864,-617748513817.7871,1.1998885698616504,eee9e94e09e6,a7ae7a6020f6,5e1d50a6e395,0,True,0,43.937,3.040201498400464,2.8606308808599987,160.67925174421538,0.012278377439772689,1.689790157965044e-13,ae73669,2026-10-04T00:53:45+00:00,3.050165210164156,160.92026006703387,True,0.00396604000717732,3.5,2.8606308808599987,0.2404368976865718,5.0,1.6135033319610327e-12,True,True,-2.472410833223136,-2.250736026711537,-2.153032632375495,-2.094615335268569,-2.05465860054737,-2.00213040058806,-1.9681994849665392,-1.943955434441833,-1.9255092459415455,-1.9108590204514833,-1.898855654012226,,9794,92,1.5,False,False,"variant-gamma0 (v1.1-frozen + mu_surf_gamma=0; robustness study v1.3, 423 K only)"
C0412_T423,manual,0,C0412,C0412,423.0,1.1433682784438133,0.8280257143080235,-984890141524.3744,1.1217426110059023,24dcbad34837,a7ae7a6020f6,5e1d50a6e395,0,True,0,27.507,3.0471041135431043,2.86702999852399,150.53538266909172,0.012247749580626341,1.6897901579650446e-13,ae73669,2026-10-04T00:51:54+00:00,3.0587861714937032,150.57468204525205,True,0.004205652386492066,3.5,2.86702999852399,0.24025155027505046,5.0,1.094176832472371e-12,True,True,-2.4517742236990583,-2.2357505270624953,-2.1419211514905445,-2.0862612326898544,-2.0483527609487275,-1.9986327235753667,-1.9665061179974033,-1.9434974518017698,-1.925936789882597,-1.9119437018708627,-1.9004413821802006,,10145,92,1.5,False,False,"variant-gamma0 (v1.1-frozen + mu_surf_gamma=0; robustness study v1.3, 423 K only)"
C0413_T423,manual,0,C0413,C0413,423.0,0.8309382289648056,1.103590987622738,-1074693659320.4736,0.8009670745581389,e5f68ff7710e,a7ae7a6020f6,5e1d50a6e395,0,True,0,32.183,4.003602584077574,3.506225552235877,159.5109699601117,0.01003774383464617,1.6897901579650446e-13,ae73669,2026-10-04T00:28:05+00:00,4.004917514501922,159.99953302763947,True,0.00295035883979183,4.5,3.506225552235877,0.19424392200853194,5.0,2.5693930760304154e-12,True,True,-4.0156603608700285,-2.571469150626096,-2.3534692286134904,-2.252301056351629,-2.1904801720501443,-2.115763385481407,-2.070572646680273,-2.039473494334891,-2.0163849518780914,-1.998363891799926,-1.9837900184699582,,11900,92,1.5,False,False,"variant-gamma0 (v1.1-frozen + mu_surf_gamma=0; robustness study v1.3, 423 K only)"
C0414_T423,manual,0,C0414,C0414,423.0,0.9957119051367044,0.9727374084293844,-724670408293.6049,1.0338266670703888,2357890bc422,a7ae7a6020f6,5e1d50a6e395,0,True,0,40.626,2.84587434068888,3.0443560167078285,155.2672730715703,0.01154178577393769,1.6897901579650443e-13,ae73669,2026-10-04T00:31:14+00:00,2.8612985355295795,155.22091514844539,True,0.003709691693010398,3.25,3.0443560167078285,0.22553192624117768,5.0,2.1898272204775114e-12,True,True,-2.431186740110898,-2.2521703120980825,-2.1658599231950513,-2.1124967411818565,-2.075333626398979,-2.02573483892664,-1.9932778709562762,-1.969895577727249,-1.9520012938161677,-1.9377269908539168,-1.925991369979707,,10964,92,1.5,False,False,"variant-gamma0 (v1.1-frozen + mu_surf_gamma=0; robustness study v1.3, 423 K only)"
C0415_T423,manual,0,C0415,C0415,423.0,1.0832820493727922,1.095597441494465,-1338823494501.412,0.9387822262942792,55ead2456e74,a7ae7a6020f6,5e1d50a6e395,0,True,0,45.193,4.58351333054978,3.184289871087753,159.08394247010716,0.01104257590772781,1.6897901579650446e-13,ae73669,2026-10-04T00:33:24+00:00,4.5989351442906985,159.15147012216468,True,0.00336114145401301,5.0,3.184289871087753,0.21481381770306238,5.0,1.8691539716767646e-12,True,True,-7.341642268958978,-2.9051568481488093,-2.401592592415839,-2.2529739959106467,-2.173430879932151,-2.0848958443673036,-2.0343533793332336,-2.0005811472344788,-1.975943334415359,-1.9569296066773127,-1.9416712990283822,,10496,92,1.5,False,False,"variant-gamma0 (v1.1-frozen + mu_surf_gamma=0; robustness study v1.3, 423 K only)"
C0416_T423,manual,0,C0416,C0416,423.0,1.0809792939573526,0.8401722516864538,-1000480053946.376,0.857322270423174,f73da9f6edf4,a7ae7a6020f6,5e1d50a6e395,0,True,0,46.215,3.139183082704977,3.113580269485139,151.28044734210522,0.011286332899748407,1.6897901579650446e-13,ae73669,2026-10-04T00:34:16+00:00,3.1539757519856977,151.38808229817678,True,0.003385974117901271,3.5,3.113580269485139,0.22042067054763517,5.0,2.45010850381323e-12,True,True,-2.5628171271914235,-2.3136787697192664,-2.2074569323327937,-2.1446188082688833,-2.101827073988853,-2.0456567047348657,-2.0093117567808583,-1.98324827793087,-1.9633331005781371,-1.9474471440011594,-1.9343761279046794,,10496,93,1.5,False,False,"variant-gamma0 (v1.1-frozen + mu_surf_gamma=0; robustness study v1.3, 423 K only)"
C0417_T423,manual,0,C0417,C0417,423.0,0.9935439068824052,1.1157604459673167,-934107360430.0618,1.1654026851058006,df2fe4f32647,a7ae7a6020f6,5e1d50a6e395,0,True,0,46.521,3.6744172792179075,3.0256287203542693,159.41412011528743,0.011614478076456705,1.6897901579650449e-13,ae73669,2026-10-04T00:35:55+00:00,3.6842058307643346,159.88545233886853,True,0.0037732927324668868,4.25,3.0256287203542693,0.22678636174552072,5.0,2.0413891409768735e-12,True,True,-2.992869039227002,-2.3720159067012583,-2.219821727484437,-2.1422539562431098,-2.0931915538555117,-2.032542662820731,-1.995271498086352,-1.9694096951890032,-1.9501126600415313,-1.9350003014563149,-1.922749685781747,,10964,93,1.5,False,False,"variant-gamma0 (v1.1-frozen + mu_surf_gamma=0; robustness study v1.3, 423 K only)"
C0418_T423,manual,0,C0418,C0418,423.0,0.8333229288458824,0.9606881614774464,-1272419490851.462,0.9951402720063924,b88c59e958ac,a7ae7a6020f6,5e1d50a6e395,0,True,0,56.87,4.088344509152557,3.275039443733825,154.92660017554383,0.010737093200206391,1.6897901579650449e-13,ae73669,2026-10-04T00:37:30+00:00,4.103876227646368,155.02304607273655,True,0.003603896729768379,4.5,3.275039443733825,0.20885544261452144,5.0,2.3545012283415015e-12,True,True,-4.438333632310657,-2.5270926799465254,-2.2984566502424495,-2.200142154183796,-2.1420410464533175,-2.0735722361792255,-2.032972302549872,-2.005333874061338,-1.9849513772974574,-1.96911327710737,-1.9563453229681536,,11900,92,1.5,False,False,"variant-gamma0 (v1.1-frozen + mu_surf_gamma=0; robustness study v1.3, 423 K only)"
C0419_T423,manual,0,C0419,C0419,423.0,1.145887729525566,1.0835252437740563,-666070321574.8071,1.077489972487092,5273c4312804,a7ae7a6020f6,5e1d50a6e395,0,True,0,44.686,2.982417540735221,2.9449337553023693,158.54916947965418,0.01192937461362392,1.6897901579650446e-13,ae73669,2026-10-04T00:58:09+00:00,2.984965300592209,159.0923632492779,True,0.003720881741365603,3.5,2.9449337553023693,0.23332212283045875,5.0,1.5867544590802072e-12,True,True,-2.472681786294,-2.263349668791576,-2.1676247442257845,-2.1095574112708015,-2.0695151107172833,-2.0164964421816345,-1.9820273228136034,-1.9572928906276135,-1.938413823583987,-1.9233823232174454,-1.911041309710587,,10145,92,1.5,False,False,"variant-gamma0 (v1.1-frozen + mu_surf_gamma=0; robustness study v1.3, 423 K only)"
C0420_T423,manual,0,C0420,C0420,423.0,1.175482526794076,0.9044008795171976,-783303453586.9956,1.0055665127933024,3c6931a7da61,a7ae7a6020f6,5e1d50a6e395,0,True,0,41.493,2.8025600717958996,2.93494567137215,153.12727538431736,0.011967770311768116,1.6897901579650443e-13,ae73669,2026-10-04T00:33:10+00:00,2.8152842597202827,153.28282590700192,True,0.0037930617928944197,3.25,2.93494567137215,0.234349327669852,5.0,1.0572506412009908e-12,True,True,-2.4122082356839667,-2.2386507721874938,-2.153227292316566,-2.099891643517714,-2.0625076905490265,-2.0122803737661177,-1.9791775421527824,-1.9551958434844898,-1.9367562486973076,-1.921986754480357,-1.9097999948445608,,9911,92,1.5,False,False,"variant-gamma0 (v1.1-frozen + mu_surf_gamma=0; robustness study v1.3, 423 K only)"
C0421_T423,manual,0,C0421,C0421,423.0,0.8879062820225955,1.0272638585418463,-1155156031250.9536,0.9232679665088652,debc344c4d1c,a7ae7a6020f6,5e1d50a6e395,0,True,0,52.519,3.992278483376044,3.295908770506407,157.049113131553,0.010670452989702846,1.6897901579650449e-13,ae73669,2026-10-04T00:36:02+00:00,3.993523930666166,157.5323872297094,True,0.0033495497524091327,4.5,3.295908770506407,0.20739146183082216,5.0,2.627059537797221e-12,True,True,-3.965850135270989,-2.517608338921075,-2.3069236770389114,-2.2104082309920874,-2.151865503169362,-2.0815450611511706,-2.0392195666402495,-2.0101639602039727,-1.9886206429899531,-1.9718171432041744,-1.9582325142623644,,11549,92,1.5,False,False,"variant-gamma0 (v1.1-frozen + mu_surf_gamma=0; robustness study v1.3, 423 K only)"
C0422_T423,manual,0,C0422,C0422,423.0,0.9356387034058572,0.896411082521081,-551340963691.473,1.1435326110571622,9b515ccf16fc,a7ae7a6020f6,5e1d50a6e395,0,True,0,46.644,2.232615087202252,2.97853988239753,152.70732465809417,0.011793203455835967,1.6897901579650446e-13,ae73669,2026-10-04T00:55:54+00:00,2.2351000434939543,153.14374724162494,True,0.004047420524258813,2.75,2.97853988239753,0.23088139861341345,5.0,1.994665342158448e-12,True,True,-2.274610370747479,-2.1701619948703783,-2.1107134564069145,-2.071137510492009,-2.0423762384399176,-2.0025579665182125,-1.9756824769734997,-1.9559559218745244,-1.9406700581945209,-1.9283682089659995,-1.9181878175398028,,11315,92,1.5,False,False,"variant-gamma0 (v1.1-frozen + mu_surf_gamma=0; robustness study v1.3, 423 K only)"
C0423_T423,manual,0,C0423,C0423,423.0,1.0480626463890077,1.1719733890146018,-1383216108195.4836,0.8354026604443789,b8507ff1cc64,a7ae7a6020f6,5e1d50a6e395,0,True,0,47.028,4.8744565199271035,3.3569748229955554,161.39963180180393,0.01048139384195502,1.689790157965045e-13,ae73669,2026-10-04T00:35:15+00:00,4.890066975530855,161.28413207081294,True,0.0029714441760920808,5.25,3.3569748229955554,0.2030944503666786,5.0,1.7748210940719899e-12,True,True,-9.09302059641156,-3.5315092277246563,-2.5178290000420316,-2.3220961639195274,-2.22569241100216,-2.122770341161792,-2.065559239282374,-2.0278325478165584,-2.0005322179947282,-1.9795809599459702,-1.9628367507515658,,10613,91,1.5,False,False,"variant-gamma0 (v1.1-frozen + mu_surf_gamma=0; robustness study v1.3, 423 K only)"
C0424_T423,manual,0,C0424,C0424,423.0,1.005039257183671,0.9941226083785296,-583244720473.8855,0.9438945300877094,9c313c5503f8,a7ae7a6020f6,5e1d50a6e395,0,True,0,50.3,2.580142543726674,3.0995890234945853,156.02586051632022,0.01133810466199034,1.6897901579650443e-13,ae73669,2026-10-04T00:35:37+00:00,2.5955374320439555,156.20519340154178,True,0.003475086502030108,3.0,3.0995890234945853,0.22132057164977043,5.0,1.3674682570432693e-12,True,True,-2.390848711057682,-2.245798682029391,-2.1685931894402097,-2.1187089314566623,-2.0830657251490012,-2.0344227151874343,-2.0019791337498805,-1.9783326810177875,-1.9600929171359986,-1.9454595383562434,-1.9333761031798258,,10847,92,1.5,False,False,"variant-gamma0 (v1.1-frozen + mu_surf_gamma=0; robustness study v1.3, 423 K only)"
C0425_T423,manual,0,C0425,C0425,423.0,0.9175064045935868,1.0744075547903775,-1478292205370.9626,1.027170257270336,db55e4686a34,a7ae7a6020f6,5e1d50a6e395,0,True,0,39.163,4.848740329792247,3.240045709447484,158.31804879736322,0.010853834047770728,1.689790157965044e-13,ae73669,2026-10-04T00:56:27+00:00,4.864079678975907,158.3616763426351,True,0.0035574061379158427,5.25,3.240045709447484,0.21100758095618152,5.0,9.20354070732543e-13,True,True,-9.05393421508533,-3.4218471009293125,-2.447952652624486,-2.267362802329428,-2.1801806854446113,-2.088695997997585,-2.0386149222602303,-2.0058995438111045,-1.9823792146403723,-1.9644168229526373,-1.950117143249261,,11432,92,1.5,False,False,"variant-gamma0 (v1.1-frozen + mu_surf_gamma=0; robustness study v1.3, 423 K only)"
C0426_T423,manual,0,C0426,C0426,423.0,0.8589455828070641,0.8052733410149813,-816127535887.0625,0.806810199841857,850e411ee371,a7ae7a6020f6,5e1d50a6e395,0,True,0,53.087,2.614361618357704,3.294486586828712,150.22698125674572,0.01067092217650098,1.6897901579650454e-13,ae73669,2026-10-04T00:55:39+00:00,2.630977010915949,150.43787350738813,True,0.0033148653295269116,3.0,3.294486586828712,0.2079271945295372,5.0,1.0854095400247843e-12,True,True,-2.4159637755617007,-2.2693018674897507,-2.192215390570959,-2.1427341768804897,-2.10750836003739,-2.059550526852981,-2.0275880768044185,-2.004274688925471,-1.9862674261526692,-1.9717980474115315,-1.9598311528608938,,11666,91,1.5,False,False,"variant-gamma0 (v1.1-frozen + mu_surf_gamma=0; robustness study v1.3, 423 K only)"
C0427_T423,manual,0,C0427,C0427,423.0,1.1714125365018844,1.126538674160838,-1249319491907.954,1.1143552128225565,7e4f9f71b441,a7ae7a6020f6,5e1d50a6e395,0,True,0,46.45,4.434519911293734,2.9857747324196686,159.78545216991824,0.011769544401969496,1.6897901579650443e-13,ae73669,2026-10-04T00:54:32+00:00,4.443288992194653,160.3740453450022,True,0.003710035805381612,5.0,2.9857747324196686,0.2297866259174783,5.0,1.2930557843127317e-12,True,True,-6.429196341918688,-2.7113048143909255,-2.3281641508264834,-2.19893853514799,-2.1277190512703155,-2.0472081263230075,-2.000794382105754,-1.9696394813137346,-1.946853059205752,-1.9292403483324538,-1.9150917233535698,,9911,93,1.5,False,False,"variant-gamma0 (v1.1-frozen + mu_surf_gamma=0; robustness study v1.3, 423 K only)"
C0428_T423,manual,0,C0428,C0428,423.0,1.1010073337703945,0.8614857744425536,-1366552378050.983,1.192431741207838,bf63f8bd2d10,a7ae7a6020f6,5e1d50a6e395,0,True,0,28.741,4.023635052314703,2.9018433009900013,151.53180629842277,0.012103084831785753,1.689790157965044e-13,ae73669,2026-10-04T00:52:23+00:00,4.030579215796056,151.75351215056466,True,0.0043019570361832035,4.5,2.9018433009900013,0.23714046861038882,5.0,2.6845922965263856e-12,True,True,-4.116385618683847,-2.4342362670773134,-2.2255782080195208,-2.1343664419014963,-2.0801769619840864,-2.0160250351410864,-1.9777780155613363,-1.9516127918046604,-1.9322289266726418,-1.917103922685767,-1.9048642657064963,,10379,92,1.5,False,False,"variant-gamma0 (v1.1-frozen + mu_surf_gamma=0; robustness study v1.3, 423 K only)"
C0429_T423,manual,0,C0429,C0429,423.0,0.8135289359837771,1.18277719207108,-698863830417.3947,0.8849378824234009,95c54e476ccc,a7ae7a6020f6,5e1d50a6e395,0,True,0,31.319,3.306260958117359,3.4069693709179556,161.63395324860318,0.010327249655301799,1.689790157965044e-13,ae73669,2026-10-04T00:28:37+00:00,3.3196298861220446,161.92153663701458,True,0.0031140332665253777,3.75,3.4069693709179556,0.2001811751216973,5.0,1.586598716803455e-12,True,True,-2.69413851964189,-2.382165015280638,-2.2617470603030476,-2.1927314240839886,-2.146545530920746,-2.0869229559959397,-2.049018275708317,-2.022217650928417,-2.0019848389923918,-1.9860153240336598,-1.9729985934680223,,11900,92,1.5,False,False,"variant-gamma0 (v1.1-frozen + mu_surf_gamma=0; robustness study v1.3, 423 K only)"
C0430_T423,manual,0,C0430,C0430,423.0,0.9596012011170388,0.9378609638661146,-1095525577664.3752,1.0553001951426269,87af0b3decc2,a7ae7a6020f6,5e1d50a6e395,0,True,0,40.79,3.6131419728564476,3.084527096339715,154.11628441876059,0.011392945287005992,1.689790157965044e-13,ae73669,2026-10-04T00:31:55+00:00,3.628292008388857,154.20172813498334,True,0.0037750008964391488,4.0,3.084527096339715,0.2224546105329467,5.0,1.6663511188804248e-12,True,True,-2.8957876967359044,-2.3650218085454484,-2.2215068677705223,-2.146866684911624,-2.099232927813712,-2.039921619012218,-2.003219946450756,-1.9776216816745622,-1.9584402007451378,-1.9433639882526166,-1.9311042714487452,,11081,91,1.5,False,False,"variant-gamma0 (v1.1-frozen + mu_surf_gamma=0; robustness study v1.3, 423 K only)"
C0431_T423,manual,0,C0431,C0431,423.0,1.072122609615326,1.018119828775525,-965980543754.9948,0.9719749320298432,afddf35195fb,a7ae7a6020f6,5e1d50a6e395,0,True,0,47.108,3.5263163547709335,3.0834509926461138,156.72746854061515,0.011398066310563794,1.6897901579650446e-13,ae73669,2026-10-04T00:34:12+00:00,3.5341493300211586,157.04931870948425,True,0.0035425770571927933,4.0,3.0834509926461138,0.22240391434820636,5.0,1.0722464582890723e-12,True,True,-2.8207778172952884,-2.3726643281307402,-2.2331231313832554,-2.157690417599501,-2.1085865196697724,-2.046449631716187,-2.0074822099459473,-1.9800876754325558,-1.959451222047433,-1.943168820758558,-1.9298886431954676,,10496,92,1.5,False,False,"variant-gamma0 (v1.1-frozen + mu_surf_gamma=0; robustness study v1.3, 423 K only)"
C0432_T423,manual,0,C0432,C0432,423.0,1.0552871733903886,0.9371991999447346,-1466882316395.6404,1.1338960837572811,654cc3a655c4,a7ae7a6020f6,5e1d50a6e395,0,True,0,49.995,4.467270541507822,3.005515284927183,154.02914880137985,0.011690542791313964,1.6897901579650446e-13,ae73669,2026-10-04T00:35:06+00:00,4.471848229774992,154.51085252591656,True,0.00398114156841544,5.0,3.005515284927183,0.22847213792715837,5.0,1.1901313268225522e-12,True,True,-6.725193433693161,-2.7122096931123094,-2.3149197800893204,-2.188005388955885,-2.1193828413691,-2.0428387465353546,-1.9991350362711582,-1.9699307430164137,-1.9486190219378945,-1.9321653240990753,-1.918955757909831,,10613,92,1.5,False,False,"variant-gamma0 (v1.1-frozen + mu_surf_gamma=0; robustness study v1.3, 423 K only)"
C0433_T423,manual,0,C0433,C0433,423.0,0.9678702875971794,1.006917305290699,-596607473678.8868,0.8387067306786776,bc40cb119aa8,a7ae7a6020f6,5e1d50a6e395,0,True,0,51.99,2.6535982688786413,3.2330242958674917,156.57542592771372,0.010874689613657538,1.689790157965045e-13,ae73669,2026-10-04T00:36:48+00:00,2.667102455518428,156.8568189008832,True,0.0030715058509070393,3.0,3.2330242958674917,0.21175136922142915,5.0,2.5507986773164026e-12,True,True,-2.440940510775607,-2.2836437481464578,-2.200918989024987,-2.147696919722098,-2.1097463827777654,-2.058029748990805,-2.0235710396351223,-1.998468402255543,-1.9791108038277805,-1.9635831298675315,-1.9507623979732083,,11081,93,1.5,False,False,"variant-gamma0 (v1.1-frozen + mu_surf_gamma=0; robustness study v1.3, 423 K only)"
C0434_T423,manual,0,C0434,C0434,423.0,0.809193541482091,0.8635513342916966,-1195917376317.084,1.021862380951643,be08a9d40cf9,a7ae7a6020f6,5e1d50a6e395,0,True,0,52.432,3.645348687581781,3.2292254398165015,151.78302062556938,0.010886338063830799,1.6897901579650443e-13,ae73669,2026-10-04T00:38:23+00:00,3.658803643818111,152.2781685047585,True,0.003702882417945736,4.0,3.2292254398165015,0.21213461820530263,5.0,9.183704042733682e-13,True,True,-2.94003326773397,-2.376670953668631,-2.2329536984816176,-2.1594696129386985,-2.1130059742688316,-2.0556021507561537,-2.0203158141369806,-1.9958032554262106,-1.9774857164620203,-1.9631181832490971,-1.951454085148383,,11900,93,1.5,False,False,"variant-gamma0 (v1.1-frozen + mu_surf_gamma=0; robustness study v1.3, 423 K only)"
C0435_T423,manual,0,C0435,C0435,423.0,1.1217764619737864,1.1922829493880271,-863669941201.806,0.900841224193573,8da8e1f1572b,a7ae7a6020f6,5e1d50a6e395,0,True,0,46.33,3.7084082969093237,3.1643571312935017,161.87519046159238,0.011111511514491178,1.6897901579650449e-13,ae73669,2026-10-04T00:58:56+00:00,3.7146514535907524,162.45989830107365,True,0.003159398562185837,4.25,3.1643571312935017,0.21622475709452327,5.0,1.5386924137583426e-12,True,True,-3.1154716268445366,-2.4505035034378575,-2.282386118166136,-2.1950625421101213,-2.1391114798028967,-2.0690796206174253,-2.025530831016985,-1.9950725586065177,-1.9722124948722581,-1.954226859353244,-1.9395909581176534,,10145,93,1.5,False,False,"variant-gamma0 (v1.1-frozen + mu_surf_gamma=0; robustness study v1.3, 423 K only)"
C0436_T423,manual,0,C0436,C0436,423.0,1.1515559017658237,0.8197902575135232,-746528609655.7975,0.9789925333112478,4497be2fe4cc,a7ae7a6020f6,5e1d50a6e395,0,True,0,41.194,2.48041007805353,2.931031152546451,150.43065361926193,0.01198215634093926,1.6897901579650443e-13,ae73669,2026-10-04T00:33:52+00:00,2.483363305014243,150.87388794699476,True,0.00381091574679838,3.0,2.931031152546451,0.23483346475857172,5.0,1.0721371707100857e-12,True,True,-2.3331894131455284,-2.202370342731523,-2.1313760675717646,-2.085100700180379,-2.0518454694483292,-2.0061746822782736,-1.975491182001764,-1.952988255718643,-1.9355353969818938,-1.9214650181153539,-1.909795680764602,,10028,92,1.5,False,False,"variant-gamma0 (v1.1-frozen + mu_surf_gamma=0; robustness study v1.3, 423 K only)"
C0437_T423,manual,0,C0437,C0437,423.0,0.8639859512448311,1.148495788127184,-1313028499484.0625,1.0999641362577677,ca4f25a5dc1b,a7ae7a6020f6,5e1d50a6e395,0,True,0,49.421,4.634313439997072,3.2375218344862855,160.43020291560984,0.010862624822957264,1.6897901579650449e-13,ae73669,2026-10-04T00:36:52+00:00,4.647972987843943,160.46609354279883,True,0.003573114402837038,5.0,3.2375218344862855,0.21114034301789594,5.0,1.691705819038818e-12,True,True,-7.650162984661148,-2.9452664205416275,-2.3855089372990212,-2.2383220180957775,-2.162221668422741,-2.0795755655975463,-2.0333706148790385,-2.0029097265417435,-1.9809086901904616,-1.9640652200153057,-1.9506390424639235,,11666,93,1.5,False,False,"variant-gamma0 (v1.1-frozen + mu_surf_gamma=0; robustness study v1.3, 423 K only)"
C0438_T423,manual,0,C0438,C0438,423.0,0.9101497281342744,0.9809118315577507,-979465659707.7848,0.866810715943575,5be517f08872,a7ae7a6020f6,5e1d50a6e395,0,True,0,50.242,3.472571516613666,3.289180255140571,155.72519388487737,0.010691117257655645,1.6897901579650446e-13,ae73669,2026-10-04T00:56:44+00:00,3.476852560044979,156.2206968685037,True,0.0032371034734860315,4.0,3.289180255140571,0.20793666955554813,5.0,1.1628883619940744e-12,True,True,-2.79493378154088,-2.392510348820755,-2.258186538268247,-2.184311754012417,-2.135841388665184,-2.0741516337072468,-2.035299028411713,-2.0079250981853907,-1.9872786757381098,-1.9709769071878236,-1.9576758172222424,,11432,92,1.5,False,False,"variant-gamma0 (v1.1-frozen + mu_surf_gamma=0; robustness study v1.3, 423 K only)"
C0439_T423,manual,0,C0439,C0439,423.0,1.0225795838981866,1.0506560184061526,-1083993907086.5511,1.1620512410998345,7ab12adc5771,a7ae7a6020f6,5e1d50a6e395,0,True,0,51.443,3.866269430275006,3.0040263034149683,157.4923847670081,0.011696843395858523,1.689790157965044e-13,ae73669,2026-10-04T00:36:06+00:00,3.880686422623651,157.45058119436118,True,0.0038842582873410032,4.25,3.0040263034149683,0.22853110451802078,5.0,1.0844138087495736e-12,True,True,-3.4628893637741176,-2.415507549698298,-2.2345899716696507,-2.1487290061180553,-2.096020023913821,-2.0322285641559965,-1.993632472372863,-1.9670663331577034,-1.9473368507817572,-1.9319313246405077,-1.919467162079052,,10730,91,1.5,False,False,"variant-gamma0 (v1.1-frozen + mu_surf_gamma=0; robustness study v1.3, 423 K only)"
C0440_T423,manual,0,C0440,C0440,423.0,1.03051920235157,0.8785547614097595,-886068949475.8844,1.0703706871718168,e63075bbc05b,a7ae7a6020f6,5e1d50a6e395,0,True,0,49.593,2.9649311991707172,2.9777276375720643,152.2290305138846,0.011796668719092188,1.689790157965044e-13,ae73669,2026-10-04T00:36:27+00:00,2.969946515641016,152.76121442868308,True,0.0039005426023307616,3.5,2.9777276375720643,0.2309125258579346,5.0,1.0540041062157002e-12,True,True,-2.4452445244393823,-2.2466482370875895,-2.15635506239033,-2.101862951982709,-2.064415922533861,-2.0149697091594336,-1.982872865713094,-1.9598428210675478,-1.9422550944324375,-1.928240616522074,-1.9167246428426692,,10730,92,1.5,False,False,"variant-gamma0 (v1.1-frozen + mu_surf_gamma=0; robustness study v1.3, 423 K only)"
C0441_T423,manual,0,C0441,C0441,423.0,0.9430044695734978,1.1529635153710842,-1054377981461.5846,0.9507672715932132,665e6e23b31c,a7ae7a6020f6,5e1d50a6e395,0,True,0,39.321,4.056802917749875,3.2543387626362774,160.74008230579085,0.010806706732338684,1.689790157965044e-13,ae73669,2026-10-04T00:57:06+00:00,4.06997941066274,160.9208182721279,True,0.0033317633097089522,4.5,3.2543387626362774,0.21002648636169183,5.0,2.0231231919243474e-12,True,True,-4.26441908171763,-2.5461585609282396,-2.317129974741921,-2.2149545549043697,-2.1535032037185693,-2.0800845336847424,-2.03607935781523,-2.0059530855608503,-1.983662839204604,-1.9663066340651538,-1.9522954458507236,,11198,92,1.5,False,False,"variant-gamma0 (v1.1-frozen + mu_surf_gamma=0; robustness study v1.3, 423 K only)"
C0442_T423,manual,0,C0442,C0442,423.0,0.8828628797084094,0.920535996556282,-654164758510.8876,1.1832393400371073,af36c57d1b97,a7ae7a6020f6,5e1d50a6e395,0,True,0,58.108,2.5340889615726163,3.0204385379072796,153.43222033486725,0.011631582329285508,1.6897901579650449e-13,ae73669,2026-10-04T00:56:37+00:00,2.5432891778051574,153.6418773527934,True,0.00413556057993857,3.0,3.0204385379072796,0.22748806526547088,5.0,1.5507647784774898e-12,True,True,-2.3231871087478444,-2.193942084578538,-2.1260006813344514,-2.0825105442027456,-2.0516528257590045,-2.0098479659196467,-1.982169036206036,-1.9621015374571822,-1.946686211890884,-1.9343612009952902,-1.9242141770474148,,11549,92,1.5,False,False,"variant-gamma0 (v1.1-frozen + mu_surf_gamma=0; robustness study v1.3, 423 K only)"
C0443_T423,manual,0,C0443,C0443,423.0,1.1953483346849678,1.0477019660174849,-1282372144982.2188,0.8878041207790375,7af295c0048e,a7ae7a6020f6,5e1d50a6e395,0,True,0,53.333,4.341362206677034,3.145101553917818,157.72533766013797,0.011178666223262908,1.6897901579650443e-13,ae73669,2026-10-04T00:55:25+00:00,4.357352423864563,157.66980540291576,True,0.003283091378868396,4.75,3.145101553917818,0.2176351138497804,5.0,2.2132102366788994e-12,True,True,-5.8625903683332545,-2.6932302256809604,-2.360263021572257,-2.2341132936552683,-2.16194377349433,-2.078236391008362,-2.028982401170989,-1.9955118681261432,-1.9708204055420981,-1.9516100109784151,-1.9360967437550811,,9794,92,1.5,False,False,"variant-gamma0 (v1.1-frozen + mu_surf_gamma=0; robustness study v1.3, 423 K only)"
C0444_T423,manual,0,C0444,C0444,423.0,1.125127774477005,0.9642742536962032,-1165230567567.0503,0.8159554179757834,8a1b6f0abf7c,a7ae7a6020f6,5e1d50a6e395,0,True,0,31.087,3.865458129370644,3.211346922701347,155.29423696243583,0.010948580615830117,1.6897901579650446e-13,ae73669,2026-10-04T00:52:54+00:00,3.8818057925427247,155.17799003323162,True,0.003146359334245459,4.25,3.211346922701347,0.213119059514371,5.0,2.14133886449171e-12,True,True,-3.489388525211378,-2.4953527674488285,-2.303841738838673,-2.209673987426894,-2.150725873316785,-2.078114708184377,-2.0334361070629714,-2.002316859972584,-1.9789926202985577,-1.96064217951503,-1.9456994968292327,,10145,91,1.5,False,False,"variant-gamma0 (v1.1-frozen + mu_surf_gamma=0; robustness study v1.3, 423 K only)"
C0445_T423,manual,0,C0445,C0445,423.0,0.8376552894711495,1.091414326429367,-771275635808.7063,1.1113410834223032,a718bd72cef4,a7ae7a6020f6,5e1d50a6e395,0,True,0,31.285,3.2428357492260096,3.174561994403341,158.76265864245954,0.011074348949558636,1.6897901579650449e-13,ae73669,2026-10-04T00:29:08+00:00,3.2439165458030983,159.19804492953992,True,0.003726009601594077,3.75,3.174561994403341,0.21570431507127802,5.0,2.8045863258979508e-12,True,True,-2.5856896921135237,-2.3076347446410312,-2.1997246020156447,-2.1381426376527366,-2.0971022172085596,-2.0443563054844427,-2.010963595865424,-1.9874155240717875,-1.9696699708020957,-1.9556817961139397,-1.9442915251131303,,11900,92,1.5,False,False,"variant-gamma0 (v1.1-frozen + mu_surf_gamma=0; robustness study v1.3, 423 K only)"
C0446_T423,manual,0,C0446,C0446,423.0,0.9852839101105928,0.8347672991454602,-1437235936522.484,0.9288712687790394,7f9949daefde,a7ae7a6020f6,5e1d50a6e395,0,True,0,40.098,4.1304607974001835,3.161696716227934,150.9897453441349,0.01111655979354902,1.6897901579650449e-13,ae73669,2026-10-04T00:32:36+00:00,4.145501812082183,151.1121990839599,True,0.0035891084130046467,4.5,3.161696716227934,0.21687419542190606,5.0,1.9382258350361564e-12,True,True,-4.678690630450714,-2.5386822019495225,-2.2964179644134046,-2.194044606636661,-2.1338250714476183,-2.062926215968767,-2.020790107168636,-1.9919957122230576,-1.9706704874738457,-1.9540295916960333,-1.9405598342126706,,11081,93,1.5,False,False,"variant-gamma0 (v1.1-frozen + mu_surf_gamma=0; robustness study v1.3, 423 K only)"
C0447_T423,manual,0,C0447,C0447,423.0,1.0978116128593682,1.109201940894127,-503180309198.7968,1.0485258564352988,bacafd72d949,a7ae7a6020f6,5e1d50a6e395,0,True,0,43.594,2.6678985353751847,2.9836264417630134,159.3579373296189,0.011775928537986499,1.689790157965044e-13,ae73669,2026-10-04T00:34:56+00:00,2.678813255425963,159.56267137013668,True,0.003531166506920524,3.25,2.9836264417630134,0.2301779564145532,5.0,1.9851514899934446e-12,True,True,-2.393121412736691,-2.2369509710314897,-2.1561848924169786,-2.1046644085265673,-2.068128906995416,-2.018608741471952,-1.9857885767035648,-1.961970976835911,-1.9436587432669004,-1.9290048385069414,-1.9169297434621047,,10379,93,1.5,False,False,"variant-gamma0 (v1.1-frozen + mu_surf_gamma=0; robustness study v1.3, 423 K only)"
C0448_T423,manual,0,C0448,C0448,423.0,1.09684780202806,0.8998968861997128,-1402270714752.376,0.9546638805419206,3abecff1671c,a7ae7a6020f6,5e1d50a6e395,0,True,0,49.479,4.230293888503047,3.0912535285512615,153.05731508057318,0.011368948323782107,1.689790157965044e-13,ae73669,2026-10-04T00:35:56+00:00,4.2332943627486435,153.5410276115784,True,0.0036146767740871137,4.75,3.0912535285512615,0.2218845585170103,5.0,1.2125214027269848e-12,True,True,-5.248662240990303,-2.587895161584864,-2.309431016044011,-2.1980527436402504,-2.133602729436904,-2.0584727698115954,-2.01413401898534,-1.9839497515033684,-1.9616504208603542,-1.9442797075464426,-1.9302372370106806,,10379,92,1.5,False,False,"variant-gamma0 (v1.1-frozen + mu_surf_gamma=0; robustness study v1.3, 423 K only)"
C0449_T423,manual,0,C0449,C0449,423.0,0.9843144696205854,1.169219785928726,-538176279515.028,1.0742682557553054,9daebdd7870d,a7ae7a6020f6,5e1d50a6e395,0,True,0,47.782,2.886111447654153,3.063865839750828,161.074047572526,0.011470775690954794,1.6897901579650443e-13,ae73669,2026-10-04T00:37:36+00:00,2.8997264326968053,161.05438672349226,True,0.0035142307152683976,3.25,3.063865839750828,0.22383744389392574,5.0,2.0883725189949512e-12,True,True,-2.454585976707866,-2.265597951242637,-2.1756175575976098,-2.1202296585415925,-2.0817578219483,-2.030564121601476,-1.9971879998651492,-1.9732261798518858,-1.954946566854773,-1.9404072127080896,-1.9284852720243773,,11081,93,1.5,False,False,"variant-gamma0 (v1.1-frozen + mu_surf_gamma=0; robustness study v1.3, 423 K only)"
C0450_T423,manual,0,C0450,C0450,423.0,0.8429416187107563,0.9008662395179272,-1138077497482.2998,0.8917009145021438,f9cf0f8d3b74,a7ae7a6020f6,5e1d50a6e395,0,True,0,52.662,3.6256161125501127,3.312485562770548,153.17961534301926,0.010615749487108646,1.6897901579650449e-13,ae73669,2026-10-04T00:39:16+00:00,3.6411294690300955,153.4968279471425,True,0.003375555344596883,4.0,3.312485562770548,0.20650387073977133,5.0,2.021274671906166e-12,True,True,-2.9478044566574284,-2.4094221343428694,-2.26207555153014,-2.185099088470674,-2.1358532016879694,-2.0744037927426664,-2.0363057582586834,-2.0096997261880913,-1.9897446562510626,-1.9740493386034976,-1.9612790531658197,,11783,93,1.5,False,False,"variant-gamma0 (v1.1-frozen + mu_surf_gamma=0; robustness study v1.3, 423 K only)"
C0451_T423,manual,0,C0451,C0451,423.0,1.1304080985486509,1.0299686402082444,-798459469340.7416,1.1871367000043391,be77b1e2ebce,a7ae7a6020f6,5e1d50a6e395,0,True,0,50.913,3.15115070551739,2.8835058150273745,156.82231298325112,0.012180688039419315,1.689790157965045e-13,ae73669,2026-10-04T00:59:47+00:00,3.1632463298123636,157.26490483816136,True,0.0038909475400257594,3.75,2.8835058150273745,0.23857101904639846,5.0,1.0968328337998142e-12,True,True,-2.508904186285638,-2.2598226227775853,-2.1572046590770575,-2.097361642581525,-2.0569762051486955,-2.0044560729992056,-1.9708153578205878,-1.9468863081782832,-1.9287272335363792,-1.9143281794138471,-1.9025427496585565,,10145,93,1.5,False,False,"variant-gamma0 (v1.1-frozen + mu_surf_gamma=0; robustness study v1.3, 423 K only)"
C0452_T423,manual,0,C0452,C0452,423.0,1.1975044336169958,0.9571030378341676,-681195283308.6252,1.1090060088783502,045c0bc40bf7,a7ae7a6020f6,5e1d50a6e395,0,True,0,43.928,2.698745517591588,2.8599741902811537,154.66425455062117,0.012279238133179797,1.6897901579650449e-13,ae73669,2026-10-04T00:34:36+00:00,2.70583479101553,155.16032871781738,True,0.003900779879078328,3.25,2.8599741902811537,0.24070265704122773,5.0,2.0737996392503296e-12,True,True,-2.367231419592897,-2.2106080065731337,-2.1310936168935024,-2.0808169072601013,-2.045337689116689,-1.9974184598493228,-1.9657176485718741,-1.9427124842142236,-1.9250106092944397,-1.9108285782127927,-1.8991269945067364,,9794,93,1.5,False,False,"variant-gamma0 (v1.1-frozen + mu_surf_gamma=0; robustness study v1.3, 423 K only)"
C0453_T423,manual,0,C0453,C0453,423.0,0.8850265096873046,1.0861824117600918,-1255310856737.1963,0.8136212911456824,39af976dc4fb,a7ae7a6020f6,5e1d50a6e395,0,True,0,46.98,4.379670829291659,3.456688339985424,158.9781825151908,0.010180227135257945,1.6897901579650449e-13,ae73669,2026-10-04T00:37:39+00:00,4.395237401556555,159.12579837439756,True,0.0029622074215322897,4.75,3.456688339985424,0.1971521091862522,5.0,1.136328456642681e-12,True,True,-6.0677569986868285,-2.752945975133361,-2.40418716020748,-2.275317090947753,-2.2022229951218764,-2.11803172541874,-2.068835821137632,-2.0355836932434235,-2.011164747510936,-1.9922425321673618,-1.9770172211657464,,11549,91,1.5,False,False,"variant-gamma0 (v1.1-frozen + mu_surf_gamma=0; robustness study v1.3, 423 K only)"
C0454_T423,manual,0,C0454,C0454,423.0,0.9389108039438724,0.8436108738183976,-920912575908.0052,1.0461909547448158,f0dd2f39a759,a7ae7a6020f6,5e1d50a6e395,0,True,0,46.6,2.9488912349140124,3.0515387266706373,151.12737643320767,0.011513238986015872,1.6897901579650449e-13,ae73669,2026-10-04T00:57:31+00:00,2.956159332019123,151.64595694091375,True,0.003841246715538928,3.5,3.0515387266706373,0.22515535107247517,5.0,1.003382273101483e-12,True,True,-2.4430173957713723,-2.2497785199923626,-2.161575451169419,-2.108321544036221,-2.0717312631307743,-2.023435099150243,-1.992100375812779,-1.9696263190990022,-1.9524692717530148,-1.938802480378255,-1.9275758007803878,,11198,93,1.5,False,False,"variant-gamma0 (v1.1-frozen + mu_surf_gamma=0; robustness study v1.3, 423 K only)"
C0455_T423,manual,0,C0455,C0455,423.0,1.02643269225955,1.1129568092525006,-1019503606483.3405,0.9265369452536106,617fb6b90604,a7ae7a6020f6,5e1d50a6e395,0,True,0,46.327,3.8849871197192107,3.1950607118019283,159.61981636058843,0.011004878103190811,1.6897901579650449e-13,ae73669,2026-10-04T00:36:53+00:00,3.8994764754743705,159.70223412051155,True,0.0032309350353468087,4.25,3.1950607118019283,0.21414602138136374,5.0,1.0888416904220044e-12,True,True,-3.551623844534324,-2.4869693415483214,-2.2938319234432654,-2.200406292480179,-2.142395591545171,-2.071476720609727,-2.0281879694195406,-1.9982300687782502,-1.9758992598131593,-1.9584147635972107,-1.9442380522376337,,10730,93,1.5,False,False,"variant-gamma0 (v1.1-frozen + mu_surf_gamma=0; robustness study v1.3, 423 K only)"
C0456_T423,manual,0,C0456,C0456,423.0,1.0204196747392416,0.9412583604454994,-951839803718.0304,0.8410408277064563,103c1ff54702,a7ae7a6020f6,5e1d50a6e395,0,True,0,48.037,3.307270940084891,3.209868121656558,154.52518982394724,0.010952272293515888,1.6897901579650446e-13,ae73669,2026-10-04T00:37:16+00:00,3.3212411698965294,154.7519579954305,True,0.0032764748649155516,3.75,3.209868121656558,0.21336284550692733,5.0,2.213806758093505e-12,True,True,-2.6736347557444065,-2.3610463702806723,-2.240176312194419,-2.1707889997786296,-2.124255032276823,-2.063948219121593,-2.0253683492101335,-1.9979134898900297,-1.9770562182421787,-1.9604957673848982,-1.9469222048569648,,10730,92,1.5,False,False,"variant-gamma0 (v1.1-frozen + mu_surf_gamma=0; robustness study v1.3, 423 K only)"
C0457_T423,manual,0,C0457,C0457,423.0,0.9079838078469038,1.0152597017586231,-1111650049686.432,1.1362311404198409,99495de69ab8,a7ae7a6020f6,5e1d50a6e395,0,True,0,40.781,3.8444815550259324,3.10278248341612,156.4437555201067,0.011327522786679908,1.6897901579650449e-13,ae73669,2026-10-04T00:57:47+00:00,3.8593934350116514,156.53778078803515,True,0.003881989153738063,4.25,3.10278248341612,0.22098348076004515,5.0,2.3128296760746023e-12,True,True,-3.3916651607421957,-2.414994975106815,-2.2400824737340312,-2.15662181778887,-2.105334879163354,-2.0432720410806375,-2.0057510695982157,-1.9799481337309455,-1.9608022811574246,-1.9458650555121055,-1.9337895183889942,,11432,92,1.5,False,False,"variant-gamma0 (v1.1-frozen + mu_surf_gamma=0; robustness study v1.3, 423 K only)"
C0458_T423,manual,0,C0458,C0458,423.0,0.8680758006870747,0.8578442260622978,-711089652031.66,0.9031755298376084,50a3834ecd4b,a7ae7a6020f6,5e1d50a6e395,0,True,0,52.324,2.514168890275324,3.207493745850515,151.77711178805737,0.010958428410221415,1.689790157965045e-13,ae73669,2026-10-04T00:57:30+00:00,2.5189691007048745,152.15288826236713,True,0.0035198189930683754,3.0,3.207493745850515,0.21373593048627626,5.0,1.0616526837098491e-12,True,True,-2.375502662639279,-2.2417228259554838,-2.169746614799307,-2.1230767992923067,-2.089673205945645,-2.044016876611207,-2.013515096367886,-1.9912527881804554,-1.974059763836297,-1.960251725204626,-1.9488397065770504,,11666,92,1.5,False,False,"variant-gamma0 (v1.1-frozen + mu_surf_gamma=0; robustness study v1.3, 423 K only)"
C0459_T423,manual,0,C0459,C0459,423.0,1.1556401275098325,1.185393188148737,-1348497728817.1648,1.0241972528398038,af7bf4ee9c2d,a7ae7a6020f6,5e1d50a6e395,0,True,0,47.817,4.806575353804068,3.0960217905217444,161.5782772224832,0.011355515528039347,1.689790157965044e-13,ae73669,2026-10-04T00:56:14+00:00,4.819373360442483,161.86731188592174,True,0.0035186184783870572,5.25,3.0960217905217444,0.2211024367607232,5.0,1.8675493754520866e-12,True,True,-8.690063487825345,-3.310620259690889,-2.440768744698148,-2.261256511489337,-2.1721621892925556,-2.076962542101809,-2.0240973120049826,-1.9892756974476598,-1.9641002281249842,-1.9447931445001267,-1.9293714631646441,,10028,92,1.5,False,False,"variant-gamma0 (v1.1-frozen + mu_surf_gamma=0; robustness study v1.3, 423 K only)"
C0460_T423,manual,0,C0460,C0460,423.0,1.1227364625781775,0.8015815027058125,-1231233788654.2085,1.096066549792886,228ecfa52ae9,a7ae7a6020f6,5e1d50a6e395,0,True,0,27.44,3.542703755073046,2.9087330557621343,149.68848155426295,0.012073539481828549,1.6897901579650443e-13,ae73669,2026-10-04T00:53:22+00:00,3.5537888003152838,149.90357576628978,True,0.0041868354872606674,4.0,2.9087330557621343,0.23667615655285273,5.0,9.364262837374682e-13,True,True,-2.7729566835993507,-2.3166270119246386,-2.183573828419261,-2.1133234803154295,-2.0681724547476574,-2.0115795498635722,-1.9763029752333758,-1.951546765701333,-1.932895595758527,-1.918165393358719,-1.9061352061136136,,10145,92,1.5,False,False,"variant-gamma0 (v1.1-frozen + mu_surf_gamma=0; robustness study v1.3, 423 K only)"
C0461_T423,manual,0,C0461,C0461,423.0,0.8101606916636229,1.1291076257824897,-828323257155.7164,0.9750958945602178,32082c2ea971,a7ae7a6020f6,5e1d50a6e395,0,True,0,31.741,3.4749948665780925,3.3251830610352355,160.01905474983957,0.01057825597803846,1.6897901579650449e-13,ae73669,2026-10-04T00:29:40+00:00,3.4787163520550495,160.61774826342733,True,0.0033446631193619104,4.0,3.3251830610352355,0.2053969196517029,5.0,2.239170659210772e-12,True,True,-2.7871841110775923,-2.383577459340088,-2.2516744533793243,-2.1797470321653294,-2.1328212199766554,-2.0734710548675204,-2.0363655678312456,-2.0103854838685082,-1.9908976902551347,-1.9755859279102932,-1.9631476085586064,,11900,92,1.5,False,False,"variant-gamma0 (v1.1-frozen + mu_surf_gamma=0; robustness study v1.3, 423 K only)"
C0462_T423,manual,0,C0462,C0462,423.0,0.9625801421701908,0.9974726356565952,-1494386577047.4077,1.1581538513302805,830568c0ac21,a7ae7a6020f6,5e1d50a6e395,0,True,0,43.533,4.685968908868246,3.0816908814760744,155.88189731749412,0.011404858612810855,1.6897901579650446e-13,ae73669,2026-10-04T00:33:19+00:00,4.694522730731861,156.26448821720197,True,0.003884955065322125,5.25,3.0816908814760744,0.22250459919503338,5.0,2.1200324577601557e-12,True,True,-8.091663915019677,-3.000458954605719,-2.3656030340837053,-2.2145693357626186,-2.1382419987539443,-2.0563831122245295,-2.010943876670989,-1.981048020459809,-1.959455334050096,-1.9429100943467075,-1.9297049460947349,,11081,93,1.5,False,False,"variant-gamma0 (v1.1-frozen + mu_surf_gamma=0; robustness study v1.3, 423 K only)"
C0463_T423,manual,0,C0463,C0463,423.0,1.0500045649707317,1.071496818959713,-569072926416.9932,0.8629139043390751,6e0a30238180,a7ae7a6020f6,5e1d50a6e395,0,True,0,44.923,2.7471158332082175,3.1692696299239156,158.4687558541097,0.011092225850820436,1.6897901579650446e-13,ae73669,2026-10-04T00:35:41+00:00,2.7475713912515944,158.94250421618278,True,0.0031828250974543972,3.25,3.1692696299239156,0.21611466568070598,5.0,1.9948964497916837e-12,True,True,-2.461785335574247,-2.2898961358922088,-2.2019216110815725,-2.145949161107865,-2.106281705985728,-2.0525042290153213,-2.016829138442892,-1.990910922955657,-1.970961732745406,-1.954981296255511,-1.9418002763947995,,10613,92,1.5,False,False,"variant-gamma0 (v1.1-frozen + mu_surf_gamma=0; robustness study v1.3, 423 K only)"
C0464_T423,manual,0,C0464,C0464,423.0,1.0707668028771875,0.9774688433855772,-1067899356596.172,1.031067080795765,529e656d41be,a7ae7a6020f6,5e1d50a6e395,0,True,0,50.291,3.6545614052658997,3.034956237338435,155.39068236252075,0.011578073347675862,1.6897901579650446e-13,ae73669,2026-10-04T00:36:46+00:00,3.667019635882009,155.55740807802798,True,0.0035872621881171646,4.25,3.034956237338435,0.22616611743103926,5.0,2.9313467911179476e-12,True,True,-2.9680454232338014,-2.3809954034057226,-2.2290617391658856,-2.1504937223526865,-2.1004124151039316,-2.038051827876026,-1.999436077432219,-1.9724803147389889,-1.9522650469301193,-1.9363637034831567,-1.9234230585089462,,10496,93,1.5,False,False,"variant-gamma0 (v1.1-frozen + mu_surf_gamma=0; robustness study v1.3, 423 K only)"
C0465_T423,manual,0,C0465,C0465,423.0,0.9582515902817248,1.053464450314641,-993637513369.3218,0.9477919317781924,d788595e772a,a7ae7a6020f6,5e1d50a6e395,0,True,0,51.499,3.680173416675225,3.2016819727273083,157.82482465066838,0.010981367587768041,1.6897901579650443e-13,ae73669,2026-10-04T00:38:28+00:00,3.690109601297333,158.10538795205707,True,0.0033278937470002613,4.25,3.2016819727273083,0.2137890512258594,5.0,2.2761910954449616e-12,True,True,-3.0396887137666826,-2.4208161509092685,-2.262965130841545,-2.1813977442956722,-2.1293973559731807,-2.0646563927753503,-2.024601334998351,-1.9966775236230385,-1.9757671227549354,-1.9593435707387394,-1.9459973378726165,,11081,93,1.5,False,False,"variant-gamma0 (v1.1-frozen + mu_surf_gamma=0; robustness study v1.3, 423 K only)"
C0466_T423,manual,0,C0466,C0466,423.0,0.8184229832142592,0.8233797412365675,-1331114262342.4531,1.1182518396526575,43fb0444ad28,a7ae7a6020f6,5e1d50a6e395,0,True,0,52.519,3.8370755276662094,3.1511037370729253,150.38535208605074,0.011153098477319883,1.6897901579650449e-13,ae73669,2026-10-04T00:40:09+00:00,3.8522162539194564,150.1597348849477,True,0.00410573547701276,4.25,3.1511037370729253,0.21769883402109927,5.0,1.647722936446025e-12,True,True,-3.349006287251227,-2.3953484789059676,-2.228335242857337,-2.1494479631400707,-2.1012862408488227,-2.0433018736593054,-2.008357773137124,-1.9843443751236105,-1.9665206582826433,-1.952604463139124,-1.9413441736005923,,12017,92,1.5,False,False,"variant-gamma0 (v1.1-frozen + mu_surf_gamma=0; robustness study v1.3, 423 K only)"
C0467_T423,manual,0,C0467,C0467,423.0,1.1059079643338918,1.1458338309079408,-734332709573.2092,0.81070777438581,1d3c3b15e687,a7ae7a6020f6,5e1d50a6e395,0,True,0,48.071,3.3118395608926305,3.2401009062961807,160.68215360460349,0.010853588798165734,1.689790157965044e-13,ae73669,2026-10-04T01:00:36+00:00,3.326225778431127,160.95700801204836,True,0.002991976859126282,3.75,3.2401009062961807,0.21100396865880788,5.0,2.6051971885379924e-12,True,True,-2.7128820494580226,-2.391140575457356,-2.264356987592395,-2.190774158187779,-2.1410761062751167,-2.0762749291152858,-2.0346292862917488,-2.004932902303317,-1.9823554360820659,-1.9644266362364065,-1.9497340509331678,,10262,92,1.5,False,False,"variant-gamma0 (v1.1-frozen + mu_surf_gamma=0; robustness study v1.3, 423 K only)"
C0468_T423,manual,0,C0468,C0468,423.0,1.1731858663260937,0.8670938212424517,-851444059982.8959,0.8826030224561692,35d9c6d54cea,a7ae7a6020f6,5e1d50a6e395,0,True,0,44.107,2.867711050265111,3.031492544240135,152.08004895711323,0.011589629193678414,1.6897901579650446e-13,ae73669,2026-10-04T00:35:21+00:00,2.8836487525259926,152.33894342620636,True,0.0034624777880236605,3.25,3.031492544240135,0.22660279152985213,5.0,1.0241096165541919e-12,True,True,-2.459141990952893,-2.2715472975404642,-2.180572142394964,-2.124043896706523,-2.0845026494689627,-2.0314293306004725,-1.9964508014399833,-1.9710930225447068,-1.9515774104833405,-1.9359304589212607,-1.9230066610071266,,9911,93,1.5,False,False,"variant-gamma0 (v1.1-frozen + mu_surf_gamma=0; robustness study v1.3, 423 K only)"
C0469_T423,manual,0,C0469,C0469,423.0,0.8607138551771641,1.1895707499235868,-1213972204364.8362,1.1900974474847317,e5f402163c2d,a7ae7a6020f6,5e1d50a6e395,0,True,0,48.941,4.491381711281573,3.180350907080968,161.52645940485476,0.01105606328369189,1.6897901579650449e-13,ae73669,2026-10-04T00:38:29+00:00,4.492623719579211,162.00096839268986,True,0.0038185941486426752,5.0,3.180350907080968,0.21511119391476696,5.0,2.7292382567506694e-12,True,True,-6.757798723621018,-2.7573117919400745,-2.340516378301947,-2.2112949937184387,-2.142044263123419,-2.065375799812768,-2.021985116335657,-1.9932193981175268,-1.9723805913027643,-1.9563994841088488,-1.9436477881576053,,11666,92,1.5,False,False,"variant-gamma0 (v1.1-frozen + mu_surf_gamma=0; robustness study v1.3, 423 K only)"
C0470_T423,manual,0,C0470,C0470,423.0,0.9130294930189848,0.9337055552750826,-610748392529.7856,0.9696398634463548,7594b4e00f52,a7ae7a6020f6,5e1d50a6e395,0,True,0,46.941,2.4841612992150925,3.132392672113415,154.12234481461368,0.0112196613984707,1.6897901579650446e-13,ae73669,2026-10-04T00:58:18+00:00,2.486579792521057,154.58105930794514,True,0.003572310400444724,3.0,3.132392672113415,0.21898905699316165,5.0,2.2891647544121356e-12,True,True,-2.3608141117244013,-2.229631098685369,-2.158480849094445,-2.1121663032345017,-2.0789459579005354,-2.033472992616574,-2.003073587090196,-1.9808892448071216,-1.963764738629843,-1.9500202495856231,-1.9386682539418467,,11432,92,1.5,False,False,"variant-gamma0 (v1.1-frozen + mu_surf_gamma=0; robustness study v1.3, 423 K only)"
C0471_T423,manual,0,C0471,C0471,423.0,1.0005576755851506,1.0096783202141524,-1450757784768.939,1.0529660861939192,773dfae5add1,a7ae7a6020f6,5e1d50a6e395,0,True,0,53.634,4.623202506683397,3.125402704562723,156.35189956940064,0.011247171256646102,1.6897901579650449e-13,ae73669,2026-10-04T00:37:47+00:00,4.6378632278032565,156.58975021286713,True,0.0036649651425966767,5.0,3.125402704562723,0.21921225298761354,5.0,1.1609949113200457e-12,True,True,-7.665441109978136,-2.9205500652526366,-2.374644188186152,-2.2276170571352276,-2.151031768666588,-2.0673544646535125,-2.0202627978989876,-1.9890437229070588,-1.9663829525115868,-1.9489566919620018,-1.9350095413512483,,10964,91,1.5,False,False,"variant-gamma0 (v1.1-frozen + mu_surf_gamma=0; robustness study v1.3, 423 K only)"
C0472_T423,manual,0,C0472,C0472,423.0,1.046291609853506,0.8314247313886881,-516375153325.4981,1.1677369967103004,077ceb599be0,a7ae7a6020f6,5e1d50a6e395,0,True,0,46.659,1.9670777131558643,2.8585054949584094,150.5598488739216,0.012283156528634813,1.6897901579650449e-13,ae73669,2026-10-04T00:38:03+00:00,1.9716442377059535,151.07112492454445,True,0.004211167953118084,2.5,2.8585054949584094,0.2410868113283349,5.0,2.350170524573704e-12,True,True,-2.2218157581934075,-2.134413530901282,-2.0820101755648546,-2.0461387896086873,-2.0195989986642817,-1.9822249013870237,-1.956594431391002,-1.937576838857128,-1.9227213038350661,-1.9106900137477318,-1.9006820787719652,,10613,92,1.5,False,False,"variant-gamma0 (v1.1-frozen + mu_surf_gamma=0; robustness study v1.3, 423 K only)"
C0473_T423,manual,0,C0473,C0473,423.0,0.9338742442429064,1.1121048834174871,-1418212205171.585,0.8596571601927281,9eed41a4a2e6,a7ae7a6020f6,5e1d50a6e395,0,True,0,37.534,4.814428360369135,3.3951139974070492,159.67437119191473,0.010363709607635049,1.6897901579650449e-13,ae73669,2026-10-04T00:58:25+00:00,4.828912882789361,159.9288752427619,True,0.003129608915455007,5.25,3.3951139974070492,0.20082496478801243,5.0,9.239345399869592e-13,True,True,-8.771149786890208,-3.3508883602876507,-2.4889695025828544,-2.3074299895539987,-2.216806597656864,-2.119670944430147,-2.0656287972772653,-2.0300052813325373,-2.004242742564264,-1.9844847644983084,-1.9687047975605496,,11315,92,1.5,False,False,"variant-gamma0 (v1.1-frozen + mu_surf_gamma=0; robustness study v1.3, 423 K only)"
C0474_T423,manual,0,C0474,C0474,423.0,0.8923854809254408,0.967958626523614,-756150495260.9539,1.079824111238122,9bc970828b50,a7ae7a6020f6,5e1d50a6e395,0,True,0,54.945,2.903064232366712,3.0991723820427786,155.04330840158065,0.011339477975551536,1.689790157965045e-13,ae73669,2026-10-04T00:58:25+00:00,2.9154840974534935,155.33670920207587,True,0.0036835796584508327,3.25,3.0991723820427786,0.2213735121799679,5.0,1.0121209426117161e-12,True,True,-2.439970669867094,-2.254236980558938,-2.167516614863845,-2.1146802794725525,-2.0782122855947605,-2.0299438522641604,-1.9986011296244133,-1.9761406433134856,-1.95902023120515,-1.9454069381728982,-1.9342448089707116,,11432,93,1.5,False,False,"variant-gamma0 (v1.1-frozen + mu_surf_gamma=0; robustness study v1.3, 423 K only)"
C0475_T423,manual,0,C0475,C0475,423.0,1.1799679275602102,1.0888531740754843,-1182339261285.9607,0.9974753584712744,62c936acae6b,a7ae7a6020f6,5e1d50a6e395,0,True,0,45.94,4.199272481565109,3.0507168122273156,158.79866823964295,0.01152102255886501,1.6897901579650446e-13,ae73669,2026-10-04T00:57:00+00:00,4.206539126713377,159.4571299159555,True,0.0034887043306504853,4.75,3.0507168122273156,0.22470426816474573,5.0,1.342634662303277e-12,True,True,-5.031729950357117,-2.5844386554115433,-2.3118055524617764,-2.1996047678444124,-2.1339001340792176,-2.0566644920077355,-2.010836869786639,-1.979583864896388,-1.956489957051165,-1.9385089729992624,-1.9239846935496956,,9911,93,1.5,False,False,"variant-gamma0 (v1.1-frozen + mu_surf_gamma=0; robustness study v1.3, 423 K only)"
C0476_T423,manual,0,C0476,C0476,423.0,1.147245829552412,0.924172803387046,-1299450857564.807,0.9193705946207048,6cd7b95da2ba,a7ae7a6020f6,5e1d50a6e395,0,True,0,30.52,4.060676951549191,3.0912216136392043,153.87453241994552,0.011369490257388527,1.6897901579650443e-13,ae73669,2026-10-04T00:53:53+00:00,4.074713435332451,154.013653363115,True,0.0035309609420237967,4.5,3.0912216136392043,0.2218404412216294,5.0,2.0249316483828075e-12,True,True,-4.293950633863575,-2.5239489411243445,-2.294967172876282,-2.193140373073253,-2.1319484145164216,-2.0587552010192955,-2.014718605997785,-1.9844230075164604,-1.961891755267005,-1.9442590061448024,-1.929955853710786,,10145,92,1.5,False,False,"variant-gamma0 (v1.1-frozen + mu_surf_gamma=0; robustness study v1.3, 423 K only)"
C0477_T423,manual,0,C0477,C0477,423.0,0.8346763528883457,1.0450903777033091,-639008683152.4968,1.0016697071492673,a947a4348f6f,a7ae7a6020f6,5e1d50a6e395,0,True,0,34.122,2.832333055785493,3.225939845711134,157.5088300148219,0.01089899159618757,1.6897901579650449e-13,ae73669,2026-10-04T00:30:14+00:00,2.8475092857124182,157.6390125030514,True,0.00352630306537083,3.25,3.225939845711134,0.21217824650754408,5.0,2.5629477648991897e-12,True,True,-2.4498249861864405,-2.2735929765668095,-2.188150264207664,-2.135249388619788,-2.0984081327749693,-2.049292649239056,-2.017226939499749,-1.9941880291320486,-1.976603978001755,-1.9626136822860303,-1.9511400382455275,,11900,92,1.5,False,False,"variant-gamma0 (v1.1-frozen + mu_surf_gamma=0; robustness study v1.3, 423 K only)"
C0478_T423,manual,0,C0478,C0478,423.0,0.9886521469801663,0.8751621123403311,-1035323315300.0474,0.8315051037818194,67645a901d24,a7ae7a6020f6,5e1d50a6e395,0,True,0,40.048,3.321802045127454,3.2228243103068417,152.44517168345507,0.010907689022500677,1.6897901579650449e-13,ae73669,2026-10-04T00:34:00+00:00,3.337399714224576,152.52828838890608,True,0.0033303603851729396,3.75,3.2228243103068417,0.2125712858072508,5.0,1.889925106635175e-12,True,True,-2.6751691839245146,-2.3584081902383325,-2.23789406772483,-2.1691564675432073,-2.1232238228998432,-2.0638621749864683,-2.025958250603553,-1.9990024522090892,-1.9785268366222577,-1.9622672522611329,-1.9489369380085622,,10964,92,1.5,False,False,"variant-gamma0 (v1.1-frozen + mu_surf_gamma=0; robustness study v1.3, 423 K only)"
C0479_T423,manual,0,C0479,C0479,423.0,1.076082482561469,1.1558192286640403,-899233812466.2638,1.1396360140293835,f16933bde5c9,a7ae7a6020f6,5e1d50a6e395,0,True,0,45.281,3.68824155441694,2.9916801052977533,160.61190750459397,0.011745597579098137,1.6897901579650443e-13,ae73669,2026-10-04T00:36:27+00:00,3.6964765984702526,161.07263387026583,True,0.0037271797118575024,4.25,2.9916801052977533,0.22941511955684576,5.0,1.6713201993060838e-12,True,True,-3.0261811693446377,-2.3816962725633104,-2.2249229509710027,-2.144923360523526,-2.094238403001484,-2.031459907149974,-1.9927990249139056,-1.9659316639525235,-1.9458599600709738,-1.9301248827856692,-1.9173580438104807,,10496,93,1.5,False,False,"variant-gamma0 (v1.1-frozen + mu_surf_gamma=0; robustness study v1.3, 423 K only)"
C0480_T423,manual,0,C0480,C0480,423.0,1.0846561681479217,0.9111454285681247,-689796024002.1348,1.0580096449702978,db6125c74b9a,a7ae7a6020f6,5e1d50a6e395,0,True,0,47.642,2.59999197834826,2.9428668284880857,153.27663197385937,0.01193546834257085,1.6897901579650449e-13,ae73669,2026-10-04T00:37:34+00:00,2.6153794569276037,153.1620387518921,True,0.0038630635006279817,3.0,2.9428668284880857,0.23373293336587617,5.0,2.30293723513843e-12,True,True,-2.353792976495864,-2.210729014411816,-2.135864116483684,-2.087914011823641,-2.053831784049903,-2.007518554044875,-1.976724244220138,-1.954308886498628,-1.937026186535732,-1.9231605347968603,-1.9117083599205196,,10496,91,1.5,False,False,"variant-gamma0 (v1.1-frozen + mu_surf_gamma=0; robustness study v1.3, 423 K only)"
C0481_T423,manual,0,C0481,C0481,423.0,0.9970920350402592,1.032043133676052,-1373667115345.5972,0.9630154106765986,e93cc1091c37,a7ae7a6020f6,5e1d50a6e395,0,True,0,50.183,4.5076306937803725,3.200857511971229,157.16353267227402,0.010984843642849568,1.6897901579650443e-13,ae73669,2026-10-04T00:39:18+00:00,4.510240060774929,157.63138065692493,True,0.0034819163723931825,5.0,3.200857511971229,0.2137728869857963,5.0,2.050115081167082e-12,True,True,-6.906080411915431,-2.8066301739451482,-2.375244867148597,-2.2381432293699746,-2.163708798492446,-2.080317752160128,-2.0325413262166507,-2.0005699178390497,-1.9772277794329498,-1.9592061204030897,-1.9447405322017768,,10964,92,1.5,False,False,"variant-gamma0 (v1.1-frozen + mu_surf_gamma=0; robustness study v1.3, 423 K only)"
C0482_T423,manual,0,C0482,C0482,423.0,0.8260624937713147,0.8878961212933064,-957828862592.578,1.1959726966917514,e41b5b45aeba,a7ae7a6020f6,5e1d50a6e395,0,True,0,55.869,3.1488834407691435,3.0872058716888415,152.36750735510273,0.011382370089714787,1.689790157965045e-13,ae73669,2026-10-04T00:41:05+00:00,3.161308220958295,152.95982957153765,True,0.004047804033091469,3.5,3.0872058716888415,0.22234803426319408,5.0,1.4732228274753813e-12,True,True,-2.495666802676303,-2.2587085455008875,-2.1631600691368913,-2.1081683070890995,-2.0713915445486295,-2.0239851660188033,-1.9938732757655728,-1.972575933884877,-1.956483267799897,-1.9437672977201437,-1.9333906678544173,,11900,93,1.5,False,False,"variant-gamma0 (v1.1-frozen + mu_surf_gamma=0; robustness study v1.3, 423 K only)"
C0483_T423,manual,0,C0483,C0483,423.0,1.138498166948557,1.168573136627674,-1101724189706.1467,0.875147046148777,fb07ff9c0ac9,a7ae7a6020f6,5e1d50a6e395,0,True,0,47.752,4.209554883434699,3.208146714754452,161.2654159374377,0.01096189689089016,1.6897901579650449e-13,ae73669,2026-10-04T01:01:24+00:00,4.215712785350578,161.75426604623567,True,0.0031146559512586023,4.75,3.208146714754452,0.21307042040627594,5.0,1.6487888731150194e-12,True,True,-5.062320271909976,-2.6356231885333816,-2.354857039117202,-2.237597184761296,-2.168371376584993,-2.0864454560331733,-2.0375691260268205,-2.004140306725287,-1.9793978137971344,-1.9601142872782356,-1.9445284282430269,,10145,93,1.5,False,False,"variant-gamma0 (v1.1-frozen + mu_surf_gamma=0; robustness study v1.3, 423 K only)"
C0484_T423,manual,0,C0484,C0484,423.0,1.1839033704251052,0.8441820427775384,-1468988310545.6829,0.8033197145909071,9dba72f5f0ca,a7ae7a6020f6,5e1d50a6e395,0,True,0,42.156,4.24279472218916,3.1784354016274845,151.51832794827635,0.011059845310352171,1.689790157965044e-13,ae73669,2026-10-04T00:36:03+00:00,4.244024195049081,151.97352676313037,True,0.0033027546191781764,4.75,3.1784354016274845,0.2155423281869988,5.0,2.3500753729667712e-12,True,True,-5.319968108157385,-2.6302547565273855,-2.343019100737313,-2.2266005551211303,-2.1587263428258776,-2.079029742212584,-2.0316372879093736,-1.9991851981183402,-1.975094622659888,-1.9562509472926473,-1.9409624925910498,,9794,92,1.5,False,False,"variant-gamma0 (v1.1-frozen + mu_surf_gamma=0; robustness study v1.3, 423 K only)"
C0485_T423,manual,0,C0485,C0485,423.0,0.8964791413396597,1.124836216121912,-590595434419.8108,1.124095817282796,199b90d2263a,a7ae7a6020f6,5e1d50a6e395,0,True,0,49.083,2.901700584823283,3.098356385372558,159.727628767655,0.011343961098083175,1.689790157965045e-13,ae73669,2026-10-04T00:39:18+00:00,2.9139219573923967,160.08012056384314,True,0.003607826980260303,3.25,3.098356385372558,0.22127128818660516,5.0,1.4198158994385218e-12,True,True,-2.446385656582573,-2.258656466346753,-2.170734041707217,-2.117069772027782,-2.0799995817856543,-2.0309301883798243,-1.9990978793735306,-1.9763220145083047,-1.9589914852953425,-1.9452352714872412,-1.933974936195176,,11549,93,1.5,False,False,"variant-gamma0 (v1.1-frozen + mu_surf_gamma=0; robustness study v1.3, 423 K only)"
C0486_T423,manual,0,C0486,C0486,423.0,0.9299972377717496,0.9549087181687356,-1240930764935.9106,0.9411346577107906,a6ab1fade2fe,a7ae7a6020f6,5e1d50a6e395,0,True,0,52.069,4.004672755511782,3.22391444006283,154.81378742673647,0.010905519786718857,1.6897901579650449e-13,ae73669,2026-10-04T00:59:11+00:00,4.006330398678649,155.20855469531313,True,0.003496647253025466,4.5,3.22391444006283,0.21233832034146435,5.0,1.6446979351551753e-12,True,True,-4.021465019500541,-2.5061687829615873,-2.294252464320935,-2.1981708230269765,-2.1401494857467642,-2.0706561638526293,-2.0288908430252226,-2.000221956628503,-1.978954530403536,-1.9623536299363604,-1.9489213221591632,,11315,92,1.5,False,False,"variant-gamma0 (v1.1-frozen + mu_surf_gamma=0; robustness study v1.3, 423 K only)"
C0487_T423,manual,0,C0487,C0487,423.0,1.0425728149712086,1.0758292622864247,-822563081979.7516,1.0361800581216811,516946ccb2e0,a7ae7a6020f6,5e1d50a6e395,0,True,0,46.204,3.3302154470574457,3.0540234403047606,158.38484980233846,0.011507089948423761,1.6897901579650443e-13,ae73669,2026-10-04T00:38:34+00:00,3.345060740359047,158.52295067763967,True,0.0036207085888633997,3.75,3.0540234403047606,0.22462229547849824,5.0,9.271707208415025e-13,True,True,-2.6494222229773303,-2.3271220652753892,-2.207450451441882,-2.139746623179076,-2.094726770392799,-2.036855737315266,-2.0001395230302985,-1.9741742699738167,-1.9545492459028964,-1.9390344921072262,-1.9263656519751484,,10613,92,1.5,False,False,"variant-gamma0 (v1.1-frozen + mu_surf_gamma=0; robustness study v1.3, 423 K only)"
C0488_T423,manual,0,C0488,C0488,423.0,1.0105717908591032,0.8541675359010696,-1147560817189.5146,1.1462420608848334,a52a0777cb56,a7ae7a6020f6,5e1d50a6e395,0,True,0,47.083,3.497864604889959,2.9616006531286714,151.36353736739815,0.011860294577141273,1.6897901579650449e-13,ae73669,2026-10-04T00:38:50+00:00,3.4981666306402746,151.81123243055416,True,0.004159420089199552,4.0,2.9616006531286714,0.23223015030200053,5.0,2.4354050781013974e-12,True,True,-2.7257234297882835,-2.309380436137918,-2.1823593635789007,-2.1146563770678117,-2.0709899199897177,-2.0161770516074218,-1.9820216431063766,-1.9580880021620373,-1.9400904064686721,-1.9259045241557207,-1.9143416586328397,,10847,92,1.5,False,False,"variant-gamma0 (v1.1-frozen + mu_surf_gamma=0; robustness study v1.3, 423 K only)"
C0489_T423,manual,0,C0489,C0489,423.0,0.9231051232665776,1.176618491858244,-792851848527.7891,0.8264431390911341,b2eecaea3b10,a7ae7a6020f6,5e1d50a6e395,0,True,0,37.583,3.516411550872289,3.372776348004045,161.5678220203366,0.010430816606469492,1.6897901579650446e-13,ae73669,2026-10-04T00:59:03+00:00,3.5218001076684318,161.99824923053396,True,0.0029836162821763913,4.0,3.372776348004045,0.20231065273259735,5.0,1.086630785351872e-12,True,True,-2.8739977347662906,-2.4340383769432026,-2.290095287245064,-2.21092718037469,-2.158903516673775,-2.092588859729321,-2.0507929440143156,-2.0213567171889943,-1.9991753498712446,-1.9816816902502747,-1.9674253060542608,,11315,92,1.5,False,False,"variant-gamma0 (v1.1-frozen + mu_surf_gamma=0; robustness study v1.3, 423 K only)"
C0490_T423,manual,0,C0490,C0490,423.0,0.8504154257476331,0.946534550189972,-1376536780968.3083,1.009107468277216,37da64205fcb,a7ae7a6020f6,5e1d50a6e395,0,True,0,60.462,4.291592309766079,3.253361609998471,154.45559740532454,0.010807867327335638,1.689790157965045e-13,ae73669,2026-10-04T00:59:26+00:00,4.302590922803266,154.7344238280761,True,0.0036777710177689957,4.75,3.253361609998471,0.21031998162939686,5.0,2.4384273429933753e-12,True,True,-5.61034948161608,-2.6194933913015843,-2.322354582663884,-2.2102193432060493,-2.1467478463354026,-2.074014710403102,-2.03174556941671,-2.0032711090054294,-1.9824053206284578,-1.9662599951629025,-1.9532830123576659,,11783,92,1.5,False,False,"variant-gamma0 (v1.1-frozen + mu_surf_gamma=0; robustness study v1.3, 423 K only)"
C0491_T423,manual,0,C0491,C0491,423.0,1.1629489459097386,1.0225333176553248,-559973471798.0027,0.9134771302342416,aca71dd6875e,a7ae7a6020f6,5e1d50a6e395,0,True,0,45.372,2.6006390813512104,3.034339024823322,156.93478348392776,0.011580420975272713,1.689790157965044e-13,ae73669,2026-10-04T00:57:46+00:00,2.6166055923708362,156.87996469623943,True,0.0033639542733467256,3.0,3.034339024823322,0.226210228502441,5.0,1.0870962312425345e-12,True,True,-2.4025551300979373,-2.251545869630448,-2.1710034331092563,-2.1188287651862154,-2.081463096173264,-2.030329349146762,-1.9961194503926758,-1.9711242087306236,-1.951804025209696,-1.9362756527057485,-1.923432175831339,,10028,92,1.5,False,False,"variant-gamma0 (v1.1-frozen + mu_surf_gamma=0; robustness study v1.3, 423 K only)"
C0492_T423,manual,0,C0492,C0492,423.0,1.1083541493862867,0.9903203777968884,-927237361669.5404,0.9916497867554426,d03ebfe68ef6,a7ae7a6020f6,5e1d50a6e395,0,True,0,31.426,3.3643959344548806,3.030454907270255,155.84272243905562,0.011595167496493032,1.6897901579650449e-13,ae73669,2026-10-04T00:54:24+00:00,3.3797357128246586,155.94521390347916,True,0.0035731943591266364,3.75,3.030454907270255,0.2265102710735065,5.0,2.8083333476751042e-12,True,True,-2.6721448927460747,-2.3327741478505306,-2.209665976141771,-2.140438911509311,-2.0945190124280284,-2.0355564861733937,-1.998139698998232,-1.9716493936898658,-1.9515986472915652,-1.9357229734358894,-1.9227395464471748,,10262,91,1.5,False,False,"variant-gamma0 (v1.1-frozen + mu_surf_gamma=0; robustness study v1.3, 423 K only)"
C0493_T423,manual,0,C0493,C0493,423.0,0.8208320733159781,1.0662961095571517,-1009303121827.5428,1.0872305769473314,49d8dd9607cc,a7ae7a6020f6,5e1d50a6e395,0,True,0,33.452,3.736426589078511,3.227573965019401,158.0327249464697,0.010894388739851924,1.6897901579650446e-13,ae73669,2026-10-04T00:30:48+00:00,3.7384142810062557,158.4708413197763,True,0.0036827413350107936,4.25,3.227573965019401,0.21197565124483972,5.0,1.277450755807411e-12,True,True,-3.122234041124696,-2.4067109597201446,-2.248011820666891,-2.1689574344788083,-2.119509883343616,-2.058944066503149,-2.022021901773989,-1.996534916483011,-1.9775896240764805,-1.9627971320406314,-1.9508356195620848,,12017,92,1.5,False,False,"variant-gamma0 (v1.1-frozen + mu_surf_gamma=0; robustness study v1.3, 423 K only)"
C0494_T423,manual,0,C0494,C0494,423.0,0.956010325998068,0.810430159419775,-660115252248.9429,0.8545623980462551,b241ea47c873,a7ae7a6020f6,5e1d50a6e395,0,True,0,38.818,2.2630971332724483,3.1486323588146785,150.31412350771384,0.011160435596824775,1.6897901579650454e-13,ae73669,2026-10-04T00:34:39+00:00,2.267644374848533,150.71679124628278,True,0.003482108719863004,2.75,3.1486323588146785,0.21801015950056493,5.0,2.1776623851309345e-12,True,True,-2.3332875690566794,-2.2202801109743686,-2.1553977902160866,-2.1119257186365914,-2.0801670617079413,-2.035922222995828,-2.0058392531596243,-1.9836220250293413,-1.966314021379087,-1.9523188543585253,-1.9406879603448202,,11081,92,1.5,False,False,"variant-gamma0 (v1.1-frozen + mu_surf_gamma=0; robustness study v1.3, 423 K only)"
C0495_T423,manual,0,C0495,C0495,423.0,1.0684884376823902,1.1329041421413422,-1280327629297.9717,1.1744124859571456,516ef1a63d2a,a7ae7a6020f6,5e1d50a6e395,0,True,0,45.942,4.51701800947029,3.0128207420929525,159.90070480459806,0.011664507169820267,1.689790157965045e-13,ae73669,2026-10-04T00:37:13+00:00,4.522120841122499,160.27940033027866,True,0.00390894970318567,5.0,3.0128207420929525,0.2276713297693056,5.0,2.1141007627353843e-12,True,True,-6.939904088336487,-2.777522416735598,-2.3350931199029406,-2.2003152988022228,-2.1281250569646764,-2.0480100227526723,-2.0024730589385307,-1.9721559201369268,-1.9501058541843612,-1.933133605601391,-1.9195449370331679,,10613,92,1.5,False,False,"variant-gamma0 (v1.1-frozen + mu_surf_gamma=0; robustness study v1.3, 423 K only)"
C0496_T423,manual,0,C0496,C0496,423.0,1.0603512980043888,0.8146085020154715,-777535700239.2411,0.9316309534013272,038d0b7d7d5d,a7ae7a6020f6,5e1d50a6e395,0,True,0,44.689,2.541018428313166,3.0226028566043217,150.32592951565425,0.011621978012028402,1.6897901579650446e-13,ae73669,2026-10-04T00:38:19+00:00,2.55227137743525,150.53398951134412,True,0.0037219086736194045,3.0,3.0226028566043217,0.2274537684797683,5.0,1.2093347157016154e-12,True,True,-2.3590705387599797,-2.2217150500102143,-2.148314161387198,-2.1008242218306385,-2.066850043978898,-2.0203830307605224,-1.9892793364253427,-1.9665231184985905,-1.948904617554218,-1.9347199505513297,-1.9229688085275813,,10613,92,1.5,False,False,"variant-gamma0 (v1.1-frozen + mu_surf_gamma=0; robustness study v1.3, 423 K only)"
C0497_T423,manual,0,C0497,C0497,423.0,0.9727686636149884,1.1421544943004849,-1157017314806.5806,1.039516243338585,0e7d92934dd4,a7ae7a6020f6,5e1d50a6e395,0,True,0,48.445,4.2624296994470505,3.1643901097446374,160.3465972416962,0.011110828442404365,1.6897901579650449e-13,ae73669,2026-10-04T00:40:07+00:00,4.266408826075954,160.70892571272466,True,0.0035615249582982146,4.75,3.1643901097446374,0.21628833148675966,5.0,1.1721422486431414e-12,True,True,-5.387832386538847,-2.6164306042281096,-2.3238441500041116,-2.2096051760711015,-2.1440084160146173,-2.068034727351746,-2.023535000955556,-1.993447602787592,-1.9713598541946937,-1.9542535581112248,-1.9404981341065999,,10964,92,1.5,False,False,"variant-gamma0 (v1.1-frozen + mu_surf_gamma=0; robustness study v1.3, 423 K only)"
C0498_T423,manual,0,C0498,C0498,423.0,0.8001949753612281,0.984738239273429,-510477615520.358,0.8194460909813643,2facbcf2ab7a,a7ae7a6020f6,5e1d50a6e395,0,True,0,56.934,2.3992135147866023,3.392276103216345,155.91458867214487,0.010368924912772427,1.6897901579650446e-13,ae73669,2026-10-04T00:42:02+00:00,2.413296569984997,156.16941480880965,True,0.003031910485118702,2.75,3.392276103216345,0.20137042584317083,5.0,2.3279042432538835e-12,True,True,-2.3986244619662767,-2.2714996953699003,-2.2002549105503055,-2.1531030938908122,-2.118940306567444,-2.07176733661663,-2.040006803592817,-2.0167382959772655,-1.9987356440411268,-1.9842662704822054,-1.9723054444104446,,12017,93,1.5,False,False,"variant-gamma0 (v1.1-frozen + mu_surf_gamma=0; robustness study v1.3, 423 K only)"
C0499_T423,manual,0,C0499,C0499,423.0,1.1126125287264583,1.0587425235658885,-1427985441870.9873,1.1016002912074327,9259a6b0aa6f,a7ae7a6020f6,5e1d50a6e395,0,True,0,51.748,4.68831403924933,3.0299065860453105,157.77283696089827,0.011599156525674005,1.6897901579650446e-13,ae73669,2026-10-04T01:02:16+00:00,4.696702580548549,158.3376429414274,True,0.003737408192089367,5.25,3.0299065860453105,0.2263472065986655,5.0,1.8874964458992717e-12,True,True,-8.05227342453915,-3.021971921291587,-2.379991482946133,-2.223439109505194,-2.1434750147563153,-2.0569602547255115,-2.0085659564545986,-1.976573013774862,-1.953386880698275,-1.9355735909079164,-1.9213251794736885,,10262,93,1.5,False,False,"variant-gamma0 (v1.1-frozen + mu_surf_gamma=0; robustness study v1.3, 423 K only)"
C0500_T423,manual,0,C0500,C0500,423.0,1.1578330881893637,0.9285014364868402,-1060874145478.0104,1.1796981908380983,8e91dd074e2b,a7ae7a6020f6,5e1d50a6e395,0,True,0,44.196,3.499154115729486,2.8680442279506044,153.68526953790828,0.012245090556216481,1.6897901579650443e-13,ae73669,2026-10-04T00:36:48+00:00,3.4992721498017616,154.1205607315642,True,0.004164019290309254,4.0,2.8680442279506044,0.23998651843353672,5.0,1.548491559558693e-12,True,True,-2.7302644644127083,-2.3071708373847843,-2.1772082689058663,-2.1075989030275446,-2.0625521515313214,-2.005832425513006,-1.970395543131792,-1.945525631834406,-1.926804940567585,-1.912037998785923,-1.8999941362034891,,10028,92,1.5,False,False,"variant-gamma0 (v1.1-frozen + mu_surf_gamma=0; robustness study v1.3, 423 K only)"
C0501_T423,manual,0,C0501,C0501,423.0,0.8704025648534298,1.0025287564843892,-877619723789.3939,0.8975951507687568,69229e0d8466,a7ae7a6020f6,5e1d50a6e395,0,True,0,51.13,3.2886534266584735,3.2911357553010774,156.34286012606802,0.01068494005019076,1.6897901579650449e-13,ae73669,2026-10-04T00:40:09+00:00,3.299378296553086,156.65502279705345,True,0.003330000204621262,3.75,3.2911357553010774,0.2077973337557263,5.0,1.4038699947169573e-12,True,True,-2.6565798932779927,-2.355245482716447,-2.2385661062598516,-2.1717382888848755,-2.1270373152753,-2.069316654869468,-2.032566554415559,-2.006525833297856,-1.9868194719443901,-1.971227910181651,-1.9584896453372296,,11666,92,1.5,False,False,"variant-gamma0 (v1.1-frozen + mu_surf_gamma=0; robustness study v1.3, 423 K only)"
C0502_T423,manual,0,C0502,C0502,423.0,0.9054892238229514,0.8708945099264384,-1289906500838.697,1.0676614310592414,a1c67952d8c4,a7ae7a6020f6,5e1d50a6e395,0,True,0,49.468,3.8806216062770957,3.1159289029124744,151.97083741173623,0.011278459263194512,1.6897901579650449e-13,ae73669,2026-10-04T01:00:01+00:00,3.8949549257627916,152.15372608227352,True,0.0038571295416628083,4.25,3.1159289029124744,0.2201931136364797,5.0,1.3762446043896759e-12,True,True,-3.5042497414058538,-2.422372017427797,-2.2427652084246597,-2.1584436381675474,-2.1069845957155877,-2.0449785539257457,-2.007561013655706,-1.9818192373943644,-1.9626946537372947,-1.9477502247494292,-1.935648468257887,,11432,93,1.5,False,False,"variant-gamma0 (v1.1-frozen + mu_surf_gamma=0; robustness study v1.3, 423 K only)"
C0503_T423,manual,0,C0503,C0503,423.0,1.0180588882416486,1.198417475447059,-644677340984.3445,0.9597265992313624,68e553ab76d2,a7ae7a6020f6,5e1d50a6e395,0,True,0,47.375,3.208622137227629,3.1492988218638973,162.01248820987956,0.011163200617854419,1.689790157965044e-13,ae73669,2026-10-04T00:39:21+00:00,3.2146773832762103,162.59002562776138,True,0.003285039560519854,3.75,3.1492988218638973,0.21741004423470114,5.0,1.9029039237596234e-12,True,True,-2.6144489081434217,-2.3377378734585,-2.223940584724124,-2.157310651758621,-2.1121967149412804,-2.0533586803328063,-2.015602291217312,-1.988737241846198,-1.9683584530714233,-1.9522112703278491,-1.9390065620068022,,10847,93,1.5,False,False,"variant-gamma0 (v1.1-frozen + mu_surf_gamma=0; robustness study v1.3, 423 K only)"
C0504_T423,manual,0,C0504,C0504,423.0,1.035094854980707,0.9700297106057404,-1321722459979.3557,0.8695704005658627,b8eafb4917c1,a7ae7a6020f6,5e1d50a6e395,0,True,0,48.084,4.238070146050386,3.232474942661053,155.3919196081335,0.010877722219450416,1.6897901579650443e-13,ae73669,2026-10-04T00:39:39+00:00,4.239991527009019,155.93201786947807,True,0.003296718394907555,4.75,3.232474942661053,0.21165962314693637,5.0,1.3139728915418524e-12,True,True,-5.266537064391405,-2.629180917695718,-2.3443223516527127,-2.22907318092288,-2.16197498255355,-2.0833912109583976,-2.0368639271307436,-2.005151242179765,-1.9817155681607843,-1.9634620358040067,-1.9487109313325575,,10730,92,1.5,False,False,"variant-gamma0 (v1.1-frozen + mu_surf_gamma=0; robustness study v1.3, 423 K only)"
C0505_T423,manual,0,C0505,C0505,423.0,0.94761006757617,1.0991350572556258,-739787710830.5692,1.1530416280031204,519455fb9d76,a7ae7a6020f6,5e1d50a6e395,0,True,0,38.684,3.1852385762529623,3.043826697681762,158.95292379613403,0.011545151217623435,1.689790157965045e-13,ae73669,2026-10-04T00:59:42+00:00,3.1938367242151027,159.23593519419754,True,0.003766838641113892,3.75,3.043826697681762,0.22542840969968,5.0,2.059582309155739e-12,True,True,-2.5444749237776367,-2.2852151319883047,-2.1806122837165622,-2.120098650512596,-2.079463525512179,-2.026888881043569,-1.99340136399137,-1.9696892274826348,-1.9517647241130989,-1.937600374349288,-1.9260426254643528,,11198,93,1.5,False,False,"variant-gamma0 (v1.1-frozen + mu_surf_gamma=0; robustness study v1.3, 423 K only)"
C0506_T423,manual,0,C0506,C0506,423.0,0.8765012230724096,0.8307822544127703,-1093724871054.2916,0.9824832063168288,f1c284314401,a7ae7a6020f6,5e1d50a6e395,0,True,0,55.082,3.317665411478426,3.164127889477957,150.7888626184446,0.01110727785133263,1.689790157965045e-13,ae73669,2026-10-04T01:00:22+00:00,3.332283363011549,150.80005980223854,True,0.0037873768541926717,3.75,3.164127889477957,0.21679249521490487,5.0,1.62455162976123e-12,True,True,-2.62248728520689,-2.3161763334421055,-2.2033903951768887,-2.1400971180228345,-2.098241148894989,-2.044677003150402,-2.0107872488577296,-1.9868341589967733,-1.9687224492388293,-1.9543923640114838,-1.9426797776140101,,11549,92,1.5,False,False,"variant-gamma0 (v1.1-frozen + mu_surf_gamma=0; robustness study v1.3, 423 K only)"
C0507_T423,manual,0,C0507,C0507,423.0,1.189016241952777,1.10010218732059,-971687757410.1093,1.0902233440428972,5dba037aa8d5,a7ae7a6020f6,5e1d50a6e395,0,True,0,41.113,3.7299994600496866,2.9514363621474384,159.05201822884928,0.011904305106962004,1.689790157965044e-13,ae73669,2026-10-04T00:58:27+00:00,3.732866564281746,159.45474413299877,True,0.003740559511934211,4.25,2.9514363621474384,0.2326793352707465,5.0,1.7695220491674103e-12,True,True,-3.110116693331515,-2.395038695125457,-2.2305181581760385,-2.147289511427374,-2.094695533539404,-2.029604181051118,-1.9894940910632521,-1.9615814889781016,-1.9406958082489056,-1.924295950701766,-1.9109684542982217,,9794,92,1.5,False,False,"variant-gamma0 (v1.1-frozen + mu_surf_gamma=0; robustness study v1.3, 423 K only)"
C0508_T423,manual,0,C0508,C0508,423.0,1.1342368014156818,0.8870449762791396,-604576230049.1333,1.018321231752634,a8de7bc0ac4c,a7ae7a6020f6,5e1d50a6e395,0,True,0,29.609,2.3392969950819413,2.9237954348566504,152.57779946970652,0.01201231975180472,1.6897901579650446e-13,ae73669,2026-10-04T00:54:54+00:00,2.3547933062420876,152.4380182823123,True,0.003822077273608177,2.75,2.9237954348566504,0.23535617397248965,5.0,1.933303249468669e-12,True,True,-2.308747204380017,-2.1904439423405284,-2.123900483671754,-2.079772545533537,-2.0477414535730434,-2.003386450052743,-1.9733988831832276,-1.9513375114910518,-1.9341999168837665,-1.920373115983868,-1.9089023748324583,,10145,92,1.5,False,False,"variant-gamma0 (v1.1-frozen + mu_surf_gamma=0; robustness study v1.3, 423 K only)"
C0509_T423,manual,0,C0509,C0509,423.0,0.8467088125646115,1.1563877511769534,-1460866748355.329,0.9106322541832924,d2e9f8da754c,a7ae7a6020f6,5e1d50a6e395,0,True,0,31.935,5.01141511811147,3.445109020224881,160.89133767792728,0.010215388747476406,1.6897901579650449e-13,ae73669,2026-10-04T00:31:20+00:00,5.015220548217679,161.31538146137802,True,0.0032014018613976403,5.5,3.445109020224881,0.1977119729878521,5.0,2.139466968083142e-12,True,True,-9.988753000120793,-4.050682588519122,-2.543993772297233,-2.3266818995390195,-2.2274483922632067,-2.1258239436739568,-2.071023024435162,-2.035496955047504,-2.010082867440284,-1.9907451016040858,-1.9753945819628147,,11783,92,1.5,False,False,"variant-gamma0 (v1.1-frozen + mu_surf_gamma=0; robustness study v1.3, 423 K only)"
C0510_T423,manual,0,C0510,C0510,423.0,0.9803306277841328,0.9138154339045288,-872676650993.526,1.1311868276447057,08cce579816d,a7ae7a6020f6,5e1d50a6e395,0,True,0,41.453,3.026317194233387,2.9867293237146137,153.27182844718868,0.011761817036546506,1.6897901579650446e-13,ae73669,2026-10-04T00:35:21+00:00,3.033953157332182,153.5074085596142,True,0.004048903355489289,3.5,2.9867293237146137,0.23014706073885666,5.0,1.7356165014936025e-12,True,True,-2.459221648823289,-2.2486429922745725,-2.156231848004958,-2.1012492956500908,-2.0637753140664,-2.0146614084203365,-1.9830013645402476,-1.9603937179736985,-1.9431918701262976,-1.9295255806418767,-1.9183237818616623,,11081,92,1.5,False,False,"variant-gamma0 (v1.1-frozen + mu_surf_gamma=0; robustness study v1.3, 423 K only)"
C0511_T423,manual,0,C0511,C0511,423.0,1.092802445217967,1.042897941544652,-1188863854855.299,0.8476660583168268,fda38744e6d3,a7ae7a6020f6,5e1d50a6e395,0,True,0,46.959,4.116573058745034,3.2311961734092525,157.64328184484467,0.010882980944481008,1.6897901579650443e-13,ae73669,2026-10-04T00:38:00+00:00,4.132594011727016,157.654305393656,True,0.003139489633334426,4.5,3.2311961734092525,0.21163853840094082,5.0,1.5747188168027725e-12,True,True,-4.569565661712624,-2.5868030689343344,-2.338133564567792,-2.2289939072733493,-2.163549538492211,-2.0853269485413874,-2.0383058188239427,-2.0059967481691996,-1.9820023304862728,-1.9632521312535989,-1.9480642893762878,,10379,91,1.5,False,False,"variant-gamma0 (v1.1-frozen + mu_surf_gamma=0; robustness study v1.3, 423 K only)"
