run_id,policy,round,candidate_id,process_group_id,temperature_K,wjfet_scale,npwell_scale,qit_eff_cm2,mu_channel_scale,mesh_hash,physics_hash,solver_hash,seed,converged,retry_count,runtime_s,vth_V,ron_norm,ss_mV_dec,ion_A_per_cm,ioff_A_per_cm,code_commit,created_at,vth_interp_V,ss_interp_mV_dec,refined,gm_max_S_per_cm,vg_at_gm_max_V,ron_mohm_cm2,id_vds_req_A_per_cm,vds_reached_V,kcl_floor_A_per_cm,ioff_below_floor,ss_window_resolved,logid_vg4,logid_vg5,logid_vg6,logid_vg7,logid_vg8,logid_vg10,logid_vg12,logid_vg14,logid_vg16,logid_vg18,logid_vg20,error_code,n_nodes,n_solves,mesh_scale,extended,holes,config_version
C0000_T423,manual,0,C0000,C0000,423.0,1.0930539164692163,0.9129283931106328,-1372895958833.3965,1.0368419263511897,2ba5e9c9f116,6741628a4c1b,5e1d50a6e395,0,True,0,34.556,3.846833445198244,2.7841363253273563,152.94511122165343,0.012610602789324363,1.689790157965045e-13,ae73669,2026-10-04T00:13:32+00:00,3.8607262395142934,152.92248766109063,True,0.004762515973251012,4.25,2.7841363253273563,0.24756598330045365,5.0,2.4401400712449504e-12,True,True,-3.3610127048994802,-2.3371296136309017,-2.169920722870092,-2.0920357553812887,-2.0447149501161856,-1.9879031371374607,-1.9537267984787374,-1.930261059880993,-1.9128523456601094,-1.8992641535680397,-1.8882711417899536,,10379,91,1.5,False,False,"variant-qitT10 (v1.1-frozen + |Qit_eff| -10% at 423 K; robustness study v1.3, 423 K only)"
C0001_T423,manual,0,C0001,C0001,423.0,0.9804712820798158,1.0435902420431376,-688610140234.2319,0.941992649063468,cff19d78675f,6741628a4c1b,5e1d50a6e395,0,True,0,34.889,2.7615259895742805,2.8985460699856493,157.11842183817498,0.01211756548493819,1.6897901579650446e-13,ae73669,2026-10-04T00:13:32+00:00,2.7650578223556868,157.4848305252116,True,0.004315318764632445,3.25,2.8985460699856493,0.23733799799879926,5.0,1.4498112128954034e-12,True,True,-2.3551147949184594,-2.1968581341889193,-2.119788967056033,-2.072072940321161,-2.0388600168405437,-1.994611073467112,-1.9657394187709176,-1.9450013605174712,-1.9291754386415991,-1.9165846246136242,-1.9062589530107426,,11081,92,1.5,False,False,"variant-qitT10 (v1.1-frozen + |Qit_eff| -10% at 423 K; robustness study v1.3, 423 K only)"
C0002_T423,manual,0,C0002,C0002,423.0,0.8453975930809975,0.8861619886010885,-1104799352586.2695,1.1247575774788856,f92a72037cc6,6741628a4c1b,5e1d50a6e395,0,True,0,53.968,3.208384491972031,2.908240138614381,151.9934596325131,0.012076322944679236,1.6897901579650446e-13,ae73669,2026-10-04T00:34:28+00:00,3.2135001539769155,152.4621761911833,True,0.004873508000924582,3.75,2.908240138614381,0.23665528329880534,5.0,2.1203613926621124e-12,True,True,-2.4547342587022474,-2.2087959362921774,-2.117042686036765,-2.065769309434174,-2.0320390757215283,-1.9891689402377957,-1.962272278669056,-1.9433988808022615,-1.9292193241607,-1.918065281603162,-1.9089969917285994,,11783,92,1.5,False,False,"variant-qitT10 (v1.1-frozen + |Qit_eff| -10% at 423 K; robustness study v1.3, 423 K only)"
C0003_T423,manual,0,C0003,C0003,423.0,1.132815146446228,1.1570748541504146,-960616848431.5276,0.8041775979101659,789e083144eb,6741628a4c1b,5e1d50a6e395,0,True,0,46.817,3.6110739969597137,2.956910187424535,160.6228374289852,0.011882549680888338,1.6897901579650449e-13,ae73669,2026-10-04T00:13:58+00:00,3.625620914475088,160.70977174988954,True,0.0037362402666133287,4.0,2.956910187424535,0.2322217172293869,5.0,1.186652341084407e-12,True,True,-2.9031511139809556,-2.3635607792843283,-2.215751498605539,-2.1383065913281585,-2.0886394120248992,-2.026540945457196,-1.9880041468308451,-1.9610990253054685,-1.9409351706959173,-1.9250903612460752,-1.912210461890098,,10145,91,1.5,False,False,"variant-qitT10 (v1.1-frozen + |Qit_eff| -10% at 423 K; robustness study v1.3, 423 K only)"
C0004_T423,manual,0,C0004,C0004,423.0,1.18760603107512,0.8299005512148142,-593505548313.2601,0.8760468561202288,4eb0417c346c,6741628a4c1b,5e1d50a6e395,0,True,0,34.724,1.9997874877652069,2.7426566960066006,150.44070520448898,0.012797952383487883,1.6897901579650443e-13,ae73669,2026-10-04T00:13:45+00:00,1.9998158854297898,150.8656393125092,True,0.004454458940237754,2.5,2.7426566960066006,0.2516515773963884,5.0,1.981219474386266e-12,True,True,-2.207999884860148,-2.1188622793956524,-2.0657391634152966,-2.0294776277620477,-2.0026887338191735,-1.9649999614659592,-1.9391628816377011,-1.9199880227319206,-1.9050027912505354,-1.8928595100152579,-1.8827521284286246,,9794,90,1.5,False,False,"variant-qitT10 (v1.1-frozen + |Qit_eff| -10% at 423 K; robustness study v1.3, 423 K only)"
C0005_T423,manual,0,C0005,C0005,423.0,0.8751755077391863,1.1007876243442296,-1471941457130.015,1.196678004786372,63eb6b448cde,6741628a4c1b,5e1d50a6e395,0,True,0,38.421,4.517035037650184,2.931866015760841,158.59025039484675,0.011982610230947262,1.689790157965045e-13,ae73669,2026-10-04T00:13:43+00:00,4.521705967073789,158.9055461997233,True,0.0049084835353449836,5.0,2.931866015760841,0.23436912433916757,5.0,2.682938567322656e-12,True,True,-6.998945422237387,-2.690035021102734,-2.2600871831676126,-2.1409850549169906,-2.079478636286754,-2.013097672319663,-1.9762557463569101,-1.9520936042845258,-1.9347117071765705,-1.9214485671371815,-1.91090687906507,,11549,92,1.5,False,False,"variant-qitT10 (v1.1-frozen + |Qit_eff| -10% at 423 K; robustness study v1.3, 423 K only)"
C0006_T423,manual,0,C0006,C0006,423.0,0.9477621659636496,0.9691413793712854,-821499322541.0581,0.9639153033494948,6e389d2a8ea1,6741628a4c1b,5e1d50a6e395,0,True,0,53.006,2.8494916564462534,2.9013898411988897,154.80414963286944,0.012105131494333878,1.6897901579650446e-13,ae73669,2026-10-04T00:14:05+00:00,2.8636401071335187,154.8448524604848,True,0.004426887290708229,3.25,2.9013898411988897,0.23716855929855696,5.0,1.232104262366418e-12,True,True,-2.366393290696478,-2.197296245184905,-2.1182646562519016,-2.0702001568176627,-2.0370845653214817,-1.9933427133843762,-1.9650009635907313,-1.9447243907232628,-1.9292893993825664,-1.9170304885887552,-1.90698933396198,,11198,91,1.5,False,False,"variant-qitT10 (v1.1-frozen + |Qit_eff| -10% at 423 K; robustness study v1.3, 423 K only)"
C0007_T423,manual,0,C0007,C0007,423.0,1.035331830382347,1.099829029664397,-1240037595853.2097,1.058715035766363,91e6a8d7a9f1,6741628a4c1b,5e1d50a6e395,0,True,0,35.968,4.039618231625412,2.848287478438378,158.68740131775516,0.012330753538593505,1.6897901579650446e-13,ae73669,2026-10-04T00:32:52+00:00,4.048968381533868,158.88108669014534,True,0.004614382295288216,4.5,2.848287478438378,0.24157029099834393,5.0,2.1086686723024636e-12,True,True,-4.194184420038238,-2.415158632868719,-2.2054890558926106,-2.116137545101597,-2.063637638227068,-2.0020917887439063,-1.9657814374472777,-1.9411541021461978,-1.9230459749387514,-1.909010382637568,-1.8977201937391412,,10730,92,1.5,False,False,"variant-qitT10 (v1.1-frozen + |Qit_eff| -10% at 423 K; robustness study v1.3, 423 K only)"
C0008_T423,manual,0,C0008,C0008,423.0,1.0178218875080347,0.8715755004435778,-789656600914.8955,1.1737071547657252,ed80dfdc1439,6741628a4c1b,5e1d50a6e395,0,True,0,50.867,2.5070348374297518,2.7152888473309176,151.4713961137819,0.012926350251550199,1.6897901579650443e-13,ae73669,2026-10-04T00:14:02+00:00,2.509198714621787,151.82942736018717,True,0.005207227753090907,3.0,2.7152888473309176,0.25424916359027416,5.0,1.518881320741234e-12,True,True,-2.234087162639593,-2.1171717167730657,-2.0565961920921687,-2.018131019845,-1.9909734202772604,-1.9543371646035552,-1.930162617322219,-1.9126687929288477,-1.899246473732329,-1.8885240806387291,-1.8797025213678795,,10847,92,1.5,False,False,"variant-qitT10 (v1.1-frozen + |Qit_eff| -10% at 423 K; robustness study v1.3, 423 K only)"
C0009_T423,manual,0,C0009,C0009,423.0,0.9053371001034975,1.1975406002253297,-1144900463521.4805,0.8536625649780035,74b6296ee823,6741628a4c1b,5e1d50a6e395,0,True,0,46.085,4.082535801085353,3.1092505713172343,161.74214833803092,0.011305986508449065,1.689790157965044e-13,ae73669,2026-10-04T00:37:50+00:00,4.096642101204654,161.819356894895,True,0.003853949412832391,4.5,3.1092505713172343,0.2203096288973331,5.0,1.8707524626417957e-12,True,True,-4.400738196956512,-2.498945474796703,-2.2709058421955457,-2.1735550986478493,-2.116185911596004,-2.0487661766412333,-2.0089360745432767,-1.9819208734266396,-1.9620678176188622,-1.9466915371236995,-1.9343331403961321,,11432,92,1.5,False,False,"variant-qitT10 (v1.1-frozen + |Qit_eff| -10% at 423 K; robustness study v1.3, 423 K only)"
C0010_T423,manual,0,C0010,C0010,423.0,0.8717282548546792,0.929175417497754,-560620430856.9431,1.08652516156435,7c91dbab7d27,6741628a4c1b,5e1d50a6e395,0,True,0,45.109,2.191136422876542,2.87458429854179,153.41660051985417,0.01221649335795386,1.6897901579650446e-13,ae73669,2026-10-04T00:13:53+00:00,2.1983134605731696,153.9888897464355,True,0.004687029632371169,2.75,2.87458429854179,0.23954089102473064,5.0,2.1508317760490503e-12,True,True,-2.215408221401478,-2.122534258411846,-2.0702056193504115,-2.0356230318632926,-2.010632665861469,-1.9762560059063778,-1.9532178364855792,-1.936405062377259,-1.9234411658948296,-1.9130534367972105,-1.9044909135300743,,11666,93,1.5,False,False,"variant-qitT10 (v1.1-frozen + |Qit_eff| -10% at 423 K; robustness study v1.3, 423 K only)"
C0011_T423,manual,0,C0011,C0011,423.0,1.1592432737350464,1.0016600351780651,-1377839031629.2644,0.9907498694956304,7b142ceff673,6741628a4c1b,5e1d50a6e395,0,True,0,35.265,4.092206146900144,2.797928581706231,155.789158953765,0.012550316889552361,1.6897901579650443e-13,ae73669,2026-10-04T00:38:03+00:00,4.106127230103681,155.7169945833984,True,0.004522621917649815,4.5,2.797928581706231,0.2461465572137943,5.0,2.683157380265293e-12,True,True,-4.472481207639147,-2.4383735791286165,-2.2126764069000386,-2.1184521334135997,-2.063398436862611,-1.9989966836912623,-1.960989025968719,-1.9351640437356195,-1.9161321683949908,-1.9013453083146972,-1.889422623336164,,10028,92,1.5,False,False,"variant-qitT10 (v1.1-frozen + |Qit_eff| -10% at 423 K; robustness study v1.3, 423 K only)"
C0012_T423,manual,0,C0012,C0012,423.0,1.1140341583639384,0.9854138862341644,-1010727500542.9984,0.9126191157847644,4e97b7fdbe50,6741628a4c1b,5e1d50a6e395,0,True,0,62.658,3.2905642624009657,2.8385910933636533,155.39143594813777,0.012371265746688167,1.689790157965044e-13,ae73669,2026-10-04T00:14:14+00:00,3.300606356735978,155.66885662172237,True,0.004342980728642618,3.75,2.8385910933636533,0.2425600093820461,5.0,2.0486642249532674e-12,True,True,-2.5555891376598776,-2.2589254349615437,-2.149480894407811,-2.0879882708953486,-2.0472942149975233,-1.9952067583557567,-1.9622717250816621,-1.939019838742903,-1.9214609088386354,-1.9075858639375727,-1.8962587665927821,,10262,92,1.5,False,False,"variant-qitT10 (v1.1-frozen + |Qit_eff| -10% at 423 K; robustness study v1.3, 423 K only)"
C0013_T423,manual,0,C0013,C0013,423.0,0.801506169512868,1.0578725177794694,-927762304432.6902,1.0084455769509078,76f2787c9957,6741628a4c1b,5e1d50a6e395,0,True,0,57.101,3.2906274690238386,3.0516850779135627,157.4859068646034,0.011515809078509085,1.6897901579650446e-13,ae73669,2026-10-04T00:14:07+00:00,3.3003575328630026,157.71277826053276,True,0.004437167118817042,3.75,3.0516850779135627,0.22482651048807645,5.0,1.8961074317479014e-12,True,True,-2.5472280012099744,-2.2604579986331936,-2.1576484207041373,-2.100738482450153,-2.0634677385795097,-2.016292622456046,-1.9868281811850104,-1.9662304151984933,-1.9508053450481788,-1.938705543936133,-1.9288922905636658,,12017,92,1.5,False,False,"variant-qitT10 (v1.1-frozen + |Qit_eff| -10% at 423 K; robustness study v1.3, 423 K only)"
C0014_T423,manual,0,C0014,C0014,423.0,0.9726279839873314,0.815287820622325,-1277789399959.147,0.8255852311849594,b6983811955a,6741628a4c1b,5e1d50a6e395,0,True,0,46.897,3.390301922531837,2.963881284511939,150.0543667681654,0.011850541745902958,1.689790157965045e-13,ae73669,2026-10-04T00:39:47+00:00,3.4035847392066656,150.2391677566347,True,0.004163818557002864,3.75,2.963881284511939,0.23212150355621847,5.0,1.8132113729874832e-12,True,True,-2.623528204336032,-2.283077153362482,-2.168110620746677,-2.1053169483432637,-2.0643623711714145,-2.0125206771773763,-1.9800013361313282,-1.957125864535523,-1.9398799291637994,-1.9262617954869294,-1.915146735032336,,10964,93,1.5,False,False,"variant-qitT10 (v1.1-frozen + |Qit_eff| -10% at 423 K; robustness study v1.3, 423 K only)"
C0015_T423,manual,0,C0015,C0015,423.0,1.0600998014211656,1.1412789095193148,-656797992065.549,1.1455802761018277,c3b371300f37,6741628a4c1b,5e1d50a6e395,0,True,0,31.389,2.9128081482696215,2.75007248293581,159.8144265673312,0.012766772333930141,1.6897901579650443e-13,ae73669,2026-10-04T00:38:58+00:00,2.9225312308916256,160.21957857663634,True,0.004620973557347485,3.5,2.75007248293581,0.2506252094336015,5.0,1.3148450618504285e-12,True,True,-2.356762448374106,-2.176461859724831,-2.095158844488519,-2.046402328390196,-2.013072289953124,-1.9693520332169505,-1.9412073550075937,-1.9211633733556852,-1.905959388213677,-1.893918886193374,-1.8840807115138976,,10613,93,1.5,False,False,"variant-qitT10 (v1.1-frozen + |Qit_eff| -10% at 423 K; robustness study v1.3, 423 K only)"
C0016_T423,manual,0,C0016,C0016,423.0,1.067554134130478,0.8097493596374989,-1159865411929.786,0.9602174967527388,1e9256faa414,6741628a4c1b,5e1d50a6e395,0,True,0,32.996,3.116965519947184,2.794305260091859,149.7024400727205,0.012563329474436662,1.6897901579650449e-13,ae73669,2026-10-04T00:14:06+00:00,3.1309362261241125,149.86332491780607,True,0.004673106474216012,3.5,2.794305260091859,0.24681806613372095,5.0,2.1241089625301094e-12,True,True,-2.43233918117175,-2.2064002785794092,-2.114477619931608,-2.0613835150471065,-2.025773675834983,-1.9796927600351142,-1.9502695617619457,-1.9293582352434604,-1.9134870021961612,-1.9008952506660077,-1.8905821593831111,,10613,93,1.5,False,False,"variant-qitT10 (v1.1-frozen + |Qit_eff| -10% at 423 K; robustness study v1.3, 423 K only)"
C0017_T423,manual,0,C0017,C0017,423.0,0.9549900010228156,1.1337812080979348,-780550811439.7526,1.0687390767037868,a28d3f09a33f,6741628a4c1b,5e1d50a6e395,0,True,0,33.183,3.159076116605861,2.8740079895029917,159.67921825121633,0.012221018341059526,1.6897901579650449e-13,ae73669,2026-10-04T00:14:05+00:00,3.1694069436281334,160.11937298065416,True,0.004382740860621008,3.75,2.8740079895029917,0.23935863225739468,5.0,2.251025603444305e-12,True,True,-2.4675953347786175,-2.225572493707873,-2.129830233580624,-2.0750514824625332,-2.0385351635021665,-1.9916235711811998,-1.961948996465448,-1.941039844142569,-1.9252948846528637,-1.9128926041199592,-1.9028006533278643,,11081,93,1.5,False,False,"variant-qitT10 (v1.1-frozen + |Qit_eff| -10% at 423 K; robustness study v1.3, 423 K only)"
C0018_T423,manual,0,C0018,C0018,423.0,0.8214604604989291,0.9896462060511112,-1426983706653.1182,0.8980861324816942,88a34c5c8db7,6741628a4c1b,5e1d50a6e395,0,True,0,53.643,4.17174513464093,3.1238865478812508,155.5097361163279,0.011251820433054562,1.6897901579650446e-13,ae73669,2026-10-04T00:35:22+00:00,4.181627231382437,155.76117163106872,True,0.004035136221832358,4.75,3.1238865478812508,0.21941971379027753,5.0,1.880937691302324e-12,True,True,-4.912162260007055,-2.505541110321324,-2.2605442054044023,-2.1633447266230976,-2.1076984078966996,-2.0436377745915477,-2.0063693687697595,-1.98129054373996,-1.9629448626932806,-1.9487772073240968,-1.9374126003136536,,12017,93,1.5,False,False,"variant-qitT10 (v1.1-frozen + |Qit_eff| -10% at 423 K; robustness study v1.3, 423 K only)"
C0019_T423,manual,0,C0019,C0019,423.0,1.1088961336761711,1.0671646401286126,-509522489272.058,1.1807759206742048,160b55d8d977,6741628a4c1b,5e1d50a6e395,0,True,0,47.392,2.4282144944829875,2.6782793917438283,157.59139735265333,0.013105360848931782,1.6897901579650449e-13,ae73669,2026-10-04T00:14:46+00:00,2.436425907139587,157.9369107267985,True,0.00483815556825264,3.0,2.6782793917438283,0.2577016888174657,5.0,2.636924334445081e-12,True,True,-2.2330091457849703,-2.1185237101576995,-2.0573685757514273,-2.0179400971912203,-1.9898509478770339,-1.9516753010232935,-1.926343581403581,-1.9079625473960722,-1.893840271296242,-1.8825510164920982,-1.8732600536822959,,10262,93,1.5,False,False,"variant-qitT10 (v1.1-frozen + |Qit_eff| -10% at 423 K; robustness study v1.3, 423 K only)"
C0020_T423,manual,0,C0020,C0020,423.0,1.1634810119867325,0.9458590939640998,-876786606386.304,1.102671118080616,42f8a42a39d9,6741628a4c1b,5e1d50a6e395,0,True,0,39.82,2.8943444665206113,2.679979565192636,153.92540914674962,0.013096477375216355,1.689790157965044e-13,ae73669,2026-10-04T00:14:25+00:00,2.9059477814804797,154.0850226855584,True,0.004759814600143624,3.25,2.679979565192636,0.257596665050392,5.0,2.181842019542217e-12,True,True,-2.3381674644450468,-2.16277164442683,-2.082938183801661,-2.034864537869306,-2.001901265317579,-1.9584956633084223,-1.9304129501359604,-1.910320085366521,-1.8950140029046647,-1.8828455029880122,-1.8728675539911839,,10028,93,1.5,False,False,"variant-qitT10 (v1.1-frozen + |Qit_eff| -10% at 423 K; robustness study v1.3, 423 K only)"
C0021_T423,manual,0,C0021,C0021,423.0,0.8510567829012872,1.0234035141766071,-1059750274755.0608,0.8199317909777165,e445fbb50260,6741628a4c1b,5e1d50a6e395,0,True,0,45.184,3.4972435682712795,3.130400901095496,156.682884897532,0.01122847564719771,1.6897901579650454e-13,ae73669,2026-10-04T00:14:29+00:00,3.4976304164433905,157.08061056355038,True,0.003906907243979468,4.0,3.130400901095496,0.21895407028449484,5.0,1.3772524787292184e-12,True,True,-2.7509927101171154,-2.334361131286981,-2.206635770187004,-2.138475119125263,-2.094527415929216,-2.039474435435853,-2.0053148317439007,-1.9814932788842778,-1.9636661372498772,-1.949679198586763,-1.9383276054988063,,11783,92,1.5,False,False,"variant-qitT10 (v1.1-frozen + |Qit_eff| -10% at 423 K; robustness study v1.3, 423 K only)"
C0022_T423,manual,0,C0022,C0022,423.0,0.922074880078435,0.853488026559353,-647814457304.7758,1.0405869636684657,1dbc917aef5f,6741628a4c1b,5e1d50a6e395,0,True,0,46.601,2.168429620899704,2.8350242689983634,151.0245858620149,0.012384460260185935,1.689790157965045e-13,ae73669,2026-10-04T00:14:52+00:00,2.1782229721053494,151.48284241446203,True,0.0046317384239913,2.75,2.8350242689983634,0.24312966477980394,5.0,9.992585336687029e-13,True,True,-2.209956997891184,-2.117959648427445,-2.065764853572231,-2.031127166065779,-2.0060191539848695,-1.9713567544723032,-1.9480306965456131,-1.9309485341138821,-1.9177371438689876,-1.9071229160971819,-1.8983529172440377,,11315,93,1.5,False,False,"variant-qitT10 (v1.1-frozen + |Qit_eff| -10% at 423 K; robustness study v1.3, 423 K only)"
C0023_T423,manual,0,C0023,C0023,423.0,1.009650457277894,1.1774938859045505,-1292632466182.1128,0.9321165468543768,e255dcbfd861,6741628a4c1b,5e1d50a6e395,0,True,0,34.514,4.338860327469615,2.971707283027655,161.06112500531898,0.01182418086987772,1.689790157965045e-13,ae73669,2026-10-04T00:33:27+00:00,4.352758931200871,161.04657815655764,True,0.004122873214566972,4.75,2.971707283027655,0.2309909564888644,5.0,1.4063192621161902e-12,True,True,-5.853728390914101,-2.604373115919437,-2.2822818134927796,-2.1678353770563668,-2.1042312826506735,-2.03221603236253,-1.9907734309921128,-1.9630367399425617,-1.9428131879229515,-1.927228935665331,-1.914746332872673,,10847,92,1.5,False,False,"variant-qitT10 (v1.1-frozen + |Qit_eff| -10% at 423 K; robustness study v1.3, 423 K only)"
C0024_T423,manual,0,C0024,C0024,423.0,1.0434941709041596,0.955795568227768,-741150132380.4259,0.8471803814172745,0e1b8f8895a1,6741628a4c1b,5e1d50a6e395,0,True,0,50.245,2.656733930050545,2.8994333700468036,154.53913420885834,0.012113082338572556,1.6897901579650446e-13,ae73669,2026-10-04T00:14:53+00:00,2.668367797582098,155.05025867296513,True,0.003974379813113623,3.25,2.8994333700468036,0.2373447808487678,5.0,1.0434986208451846e-12,True,True,-2.343839293497045,-2.1972461973473703,-2.1225822003786097,-2.075395474835735,-2.042137811117853,-1.9973090583541944,-1.9677331149403652,-1.9463232226465936,-1.9298862967060353,-1.9167453306553741,-1.905923934902239,,10613,93,1.5,False,False,"variant-qitT10 (v1.1-frozen + |Qit_eff| -10% at 423 K; robustness study v1.3, 423 K only)"
C0025_T423,manual,0,C0025,C0025,423.0,0.931027503311634,1.0751367710530757,-1322309426963.329,1.1301160238683223,e9ab408017c6,6741628a4c1b,5e1d50a6e395,0,True,0,46.495,4.147658803219358,2.8928680987357223,157.87595202529957,0.012142154957225188,1.6897901579650443e-13,ae73669,2026-10-04T00:38:37+00:00,4.1587859067916835,158.0826402402955,True,0.00458506879744083,4.5,2.8928680987357223,0.23772022308876925,5.0,2.0033385228961556e-12,True,True,-4.778270347109241,-2.444110940000491,-2.210079358890495,-2.1178362636621104,-2.065208627405961,-2.004789776240859,-1.969727966906301,-1.9461762303968317,-1.928972866731536,-1.9157042289957327,-1.9050728150777096,,11315,93,1.5,False,False,"variant-qitT10 (v1.1-frozen + |Qit_eff| -10% at 423 K; robustness study v1.3, 423 K only)"
C0026_T423,manual,0,C0026,C0026,423.0,0.8958378065377474,0.8450652211904526,-969211492687.4636,0.9101466853171588,316c4eba49a3,6741628a4c1b,5e1d50a6e395,0,True,0,42.159,2.825069416794049,2.9521157594342764,150.9101557858784,0.011897506766772373,1.6897901579650449e-13,ae73669,2026-10-04T00:14:36+00:00,2.8390810378843034,150.92370309646498,True,0.004476884117644405,3.25,2.9521157594342764,0.23307589242728818,5.0,2.101896228071005e-12,True,True,-2.359735169401726,-2.197100063862398,-2.1205447734838208,-2.0738884100522026,-2.0417044575040464,-1.9991310310521502,-1.9714905182917373,-1.9516765613814056,-1.9365657786175996,-1.9245440395217608,-1.9146820975121888,,11549,92,1.5,False,False,"variant-qitT10 (v1.1-frozen + |Qit_eff| -10% at 423 K; robustness study v1.3, 423 K only)"
C0027_T423,manual,0,C0027,C0027,423.0,1.183371326699853,1.124149303883314,-1090345594100.654,1.0172505360096693,0aa5fefbc5c9,6741628a4c1b,5e1d50a6e395,0,True,0,28.592,3.7872309099218002,2.773691514634305,159.46521983213225,0.012659870095310026,1.689790157965045e-13,ae73669,2026-10-04T00:38:31+00:00,3.796251409568005,159.64618428264876,True,0.0045077372316456,4.25,2.773691514634305,0.24829910353296522,5.0,1.3916422908717748e-12,True,True,-3.203936759486502,-2.344122126793374,-2.1797457272080107,-2.1003544075465754,-2.0513052473592386,-1.991693189152741,-1.955518948193174,-1.9305832976256925,-1.9120495583278447,-1.897570750651956,-1.885853034876229,,9794,92,1.5,False,False,"variant-qitT10 (v1.1-frozen + |Qit_eff| -10% at 423 K; robustness study v1.3, 423 K only)"
C0028_T423,manual,0,C0028,C0028,423.0,1.1379562050104142,0.8887776337563992,-1457609480246.9016,1.0891457214951514,6adc6d590eea,6741628a4c1b,5e1d50a6e395,0,True,0,57.624,3.9544253679490513,2.7297089281446345,152.12252223824063,0.0128598094027358,1.6897901579650449e-13,ae73669,2026-10-04T00:15:12+00:00,3.960060406243119,152.59506955370472,True,0.004896506162651322,4.5,2.7297089281446345,0.25271817906247995,5.0,9.033346987097346e-13,True,True,-3.783414769382878,-2.3533427414168155,-2.1677571218153204,-2.0858201702158228,-2.037077050157918,-1.979399689614963,-1.94506477324298,-1.9216160739101682,-1.9042744024675782,-1.8907654681111372,-1.8798512496855802,,10145,92,1.5,False,False,"variant-qitT10 (v1.1-frozen + |Qit_eff| -10% at 423 K; robustness study v1.3, 423 K only)"
C0029_T423,manual,0,C0029,C0029,423.0,0.8254341289401055,1.1678875088691711,-601977829821.4078,0.981992331892252,8751292f68ad,6741628a4c1b,5e1d50a6e395,0,True,0,49.869,2.8710071170884723,3.0414314275152377,160.734653059869,0.011554854384557956,1.6897901579650449e-13,ae73669,2026-10-04T00:14:58+00:00,2.884277631577218,160.6974545403153,True,0.004158441281790651,3.25,3.0414314275152377,0.22555382649624517,5.0,1.488597324551375e-12,True,True,-2.3926900601968892,-2.2190927794172732,-2.138759515104723,-2.0901394788088115,-2.0567640371594886,-2.012882834009004,-1.9846201909610863,-1.9645103661931775,-1.94927841887926,-1.937235523173313,-1.9274119395115468,,11900,91,1.5,False,False,"variant-qitT10 (v1.1-frozen + |Qit_eff| -10% at 423 K; robustness study v1.3, 423 K only)"
C0030_T423,manual,0,C0030,C0030,423.0,0.9981123823672532,0.9120339505374432,-1189572826959.1929,1.15196392275393,8272cf3c2b00,6741628a4c1b,5e1d50a6e395,0,True,0,49.178,3.454230975068511,2.776744841413461,152.82020464666223,0.012643426858193921,1.689790157965045e-13,ae73669,2026-10-04T00:40:36+00:00,3.4597706029707047,153.2702628348298,True,0.004973502759020868,4.0,2.776744841413461,0.2483077148177627,5.0,1.3255820052737732e-12,True,True,-2.610502207696034,-2.2339049999367884,-2.1207807254849294,-2.0611324630133794,-2.022944748355901,-1.9753695642850373,-1.9459592193101165,-1.9254779311043397,-1.9101565436997205,-1.898135199479515,-1.888376896083224,,10964,92,1.5,False,False,"variant-qitT10 (v1.1-frozen + |Qit_eff| -10% at 423 K; robustness study v1.3, 423 K only)"
C0031_T423,manual,0,C0031,C0031,423.0,1.0855904940515757,1.031349352002144,-873916940763.5928,0.8690794434398413,05949f941270,6741628a4c1b,5e1d50a6e395,0,True,0,31.687,3.1244142101872963,2.8885964793334535,156.8695596370956,0.012159251777719659,1.689790157965045e-13,ae73669,2026-10-04T00:39:30+00:00,3.138238889815969,157.12989625207564,True,0.0040378626658431095,3.5,2.8885964793334535,0.23815103588033515,5.0,8.931397288414189e-13,True,True,-2.4899478949080156,-2.2508502563180546,-2.151331992292441,-2.093154949117509,-2.0538613629833886,-2.0027471664688603,-1.9700126941837492,-1.9467379772696585,-1.9290842230923784,-1.9150931486492446,-1.9036476389133479,,10379,91,1.5,False,False,"variant-qitT10 (v1.1-frozen + |Qit_eff| -10% at 423 K; robustness study v1.3, 423 K only)"
C0032_T423,manual,0,C0032,C0032,423.0,1.0755397338420152,0.8758497755974531,-535573140718.0429,0.9254410725086928,5a6755e61f9c,6741628a4c1b,5e1d50a6e395,0,True,0,33.163,2.0052025182586024,2.785008413230841,151.87132040674655,0.012605230450658533,1.6897901579650443e-13,ae73669,2026-10-04T00:14:39+00:00,2.006918845601973,152.1860589169078,True,0.004512071083505468,2.5,2.785008413230841,0.2476418751635231,5.0,1.2493391737811166e-12,True,True,-2.2073263711308075,-2.1194462097386113,-2.0673142109109928,-2.031845973013825,-2.0057131615207098,-1.9690668740922896,-1.944041552246563,-1.9255307864550937,-1.911106912627645,-1.8994492100800004,-1.8897690831369127,,10496,92,1.5,False,False,"variant-qitT10 (v1.1-frozen + |Qit_eff| -10% at 423 K; robustness study v1.3, 423 K only)"
C0033_T423,manual,0,C0033,C0033,423.0,0.9880245212465524,1.1549368251115084,-1399010615423.3218,1.0456817347556353,29e54d001fb3,6741628a4c1b,5e1d50a6e395,0,True,0,33.497,4.500729708836209,2.918178862622932,160.33288767250764,0.01203880171960476,1.689790157965045e-13,ae73669,2026-10-04T00:14:39+00:00,4.500961989800187,160.69997102348864,True,0.004488050555232439,5.0,2.918178862622932,0.23545250866363138,5.0,2.0513071429818273e-12,True,True,-6.856368907025739,-2.7081935132619406,-2.283990714724481,-2.1590568880215657,-2.093181651357789,-2.021006872269103,-1.9804502604831273,-1.9536508340594725,-1.9342683004125967,-1.9194167383657244,-1.9075716348537968,,10964,92,1.5,False,False,"variant-qitT10 (v1.1-frozen + |Qit_eff| -10% at 423 K; robustness study v1.3, 423 K only)"
C0034_T423,manual,0,C0034,C0034,423.0,0.8356959134340287,0.9248645197600126,-799704497680.068,0.8125253103673459,d5778d588e8c,6741628a4c1b,5e1d50a6e395,0,True,0,50.44,2.700297689572358,3.095724044543971,153.6231914822494,0.011351545887478885,1.6897901579650449e-13,ae73669,2026-10-04T00:36:13+00:00,2.7071279310083933,154.05791662944307,True,0.0039237597453948385,3.25,3.095724044543971,0.2216850618233406,5.0,1.0506717024183487e-12,True,True,-2.3687479551572204,-2.2196343085382666,-2.145184594532555,-2.0986256319813554,-2.0660381449064458,-2.0224147030442214,-1.9938295955719363,-1.9732390095967973,-1.957492755363016,-1.9449449909215164,-1.934641249380016,,11900,92,1.5,False,False,"variant-qitT10 (v1.1-frozen + |Qit_eff| -10% at 423 K; robustness study v1.3, 423 K only)"
C0035_T423,manual,0,C0035,C0035,423.0,1.1481808945536611,1.0442027766257524,-1138789300806.8203,1.108496680855751,549e7ba5cbff,6741628a4c1b,5e1d50a6e395,0,True,0,51.714,3.690758738043503,2.7289549956563537,156.9687626305153,0.012864680350032942,1.6897901579650446e-13,ae73669,2026-10-04T00:15:38+00:00,3.6978381531994042,157.36178050861525,True,0.004723581108644169,4.25,2.7289549956563537,0.252645796370272,5.0,2.5423271870713703e-12,True,True,-2.9551294531838943,-2.2947204842390363,-2.149357847145659,-2.0774093305717676,-2.0325592828826875,-1.9777310782246644,-1.9443169773587086,-1.9212289368444122,-1.9040419575181566,-1.8906010002769136,-1.8797151078830343,,10145,93,1.5,False,False,"variant-qitT10 (v1.1-frozen + |Qit_eff| -10% at 423 K; robustness study v1.3, 423 K only)"
C0036_T423,manual,0,C0036,C0036,423.0,1.1808884967118505,0.96865163333714,-1255900654941.7974,1.1866693940013646,75016b1ee808,6741628a4c1b,5e1d50a6e395,0,True,0,39.9,3.7400647144960804,2.665421341516191,154.55212886690506,0.01316814524340319,1.6897901579650449e-13,ae73669,2026-10-04T00:15:05+00:00,3.7413309056129753,154.9045401856044,True,0.005129863029732144,4.25,2.665421341516191,0.2589824465195849,5.0,2.4709007213689913e-12,True,True,-3.0415948780758373,-2.282976964879232,-2.134398249916713,-2.062706900488083,-2.0185222963685514,-1.9649438913207375,-1.932478002893742,-1.9101050645220037,-1.8934730267692015,-1.8804753918781099,-1.8699526003861278,,9911,92,1.5,False,False,"variant-qitT10 (v1.1-frozen + |Qit_eff| -10% at 423 K; robustness study v1.3, 423 K only)"
C0037_T423,manual,0,C0037,C0037,423.0,0.8934164855629206,1.0879639010876416,-682562443427.7416,0.8906483862549067,e1d396c3f4d6,6741628a4c1b,5e1d50a6e395,0,True,0,37.332,2.8607574028050022,3.018562737136921,158.52835911564645,0.011640602928327887,1.689790157965045e-13,ae73669,2026-10-04T00:15:06+00:00,2.8749394469211467,158.51482604106454,True,0.004028206161953251,3.25,3.018562737136921,0.22743649518214273,5.0,2.551291232743186e-12,True,True,-2.4030242443829315,-2.227560676980909,-2.14507715906099,-2.09474837814595,-2.060010295397298,-2.0140775468925876,-1.984315004536085,-1.9630383083005594,-1.9468593905024145,-1.934024524697779,-1.923523648174788,,11432,91,1.5,False,False,"variant-qitT10 (v1.1-frozen + |Qit_eff| -10% at 423 K; robustness study v1.3, 423 K only)"
C0038_T423,manual,0,C0038,C0038,423.0,0.9332321226596832,0.8321111101657153,-1016121498309.0758,1.0738010324537757,b5ef5e602849,6741628a4c1b,5e1d50a6e395,0,True,0,46.45,2.874180004708206,2.8278881202211505,150.25885855910482,0.012415441314876258,1.689790157965044e-13,ae73669,2026-10-04T00:15:38+00:00,2.8873321125857916,150.35922547372377,True,0.004893934889587249,3.25,2.8278881202211505,0.24376835621972454,5.0,1.0673614769807216e-12,True,True,-2.3325701608724594,-2.167310254364341,-2.0922650046770577,-2.0472420595453147,-2.0164648776463716,-1.9760677870728751,-1.950013487405358,-1.9314127118462985,-1.9172673660857142,-1.9060378385573307,-1.896841659488853,,11315,93,1.5,False,False,"variant-qitT10 (v1.1-frozen + |Qit_eff| -10% at 423 K; robustness study v1.3, 423 K only)"
C0039_T423,manual,0,C0039,C0039,423.0,1.045760305225849,1.1112241458147765,-918431572616.1003,0.953611434996128,0b36889bdfde,6741628a4c1b,5e1d50a6e395,0,True,0,33.074,3.403009718331015,2.879644126078033,159.13264118704063,0.012197431693152676,1.689790157965044e-13,ae73669,2026-10-04T00:34:00+00:00,3.4143394996862235,159.57919059723537,True,0.004117682873559659,4.0,2.879644126078033,0.23884952540294754,5.0,1.2363670905138413e-12,True,True,-2.6373809428602253,-2.281270400979374,-2.162496769614594,-2.097670532175807,-2.0553978912362205,-2.0019562664609842,-1.9685414759428648,-1.9451306143626201,-1.927554585601693,-1.9137316053017739,-1.90249178909533,,10613,93,1.5,False,False,"variant-qitT10 (v1.1-frozen + |Qit_eff| -10% at 423 K; robustness study v1.3, 423 K only)"
C0040_T423,manual,0,C0040,C0040,423.0,1.0010889548808335,0.9328362498432398,-1110529010184.1091,0.8639664571732283,88c6d24bc012,6741628a4c1b,5e1d50a6e395,0,True,0,51.643,3.365857912091724,2.9409452747484215,153.80200730966388,0.011943719473982373,1.6897901579650443e-13,ae73669,2026-10-04T00:15:45+00:00,3.3802189158061604,153.9438617122245,True,0.004158485378503776,3.75,2.9409452747484215,0.2338399073040365,5.0,1.7329788379276224e-12,True,True,-2.6131484255667043,-2.282393283358453,-2.1676981165166684,-2.104476051464522,-2.063050103802063,-2.010449624116951,-1.9774078412701246,-1.9541701052457525,-1.936666458101939,-1.9228604055787624,-1.9116054287030675,,10964,91,1.5,False,False,"variant-qitT10 (v1.1-frozen + |Qit_eff| -10% at 423 K; robustness study v1.3, 423 K only)"
C0041_T423,manual,0,C0041,C0041,423.0,0.9136715892702342,1.0103517409414051,-951011424884.2,1.1586211819201708,61f2cc79ed4e,6741628a4c1b,5e1d50a6e395,0,True,0,47.251,3.2115103310854254,2.850300032454347,155.90759277863808,0.012320785924556871,1.6897901579650443e-13,ae73669,2026-10-04T00:39:24+00:00,3.216152267006964,156.2466626731973,True,0.0048446065119712705,3.75,2.850300032454347,0.24154601577932316,5.0,2.0107382022587166e-12,True,True,-2.461909903093884,-2.2098032099939293,-2.1153688335028633,-2.062428497026205,-2.0275296013556976,-1.9831033967376535,-1.9552056268305569,-1.9356283682442297,-1.9209239476263418,-1.9093615882907673,-1.899965311767622,,11432,92,1.5,False,False,"variant-qitT10 (v1.1-frozen + |Qit_eff| -10% at 423 K; robustness study v1.3, 423 K only)"
C0042_T423,manual,0,C0042,C0042,423.0,0.8596828252077103,0.8662175063043833,-1351220862939.954,0.9761483632028104,cf3d38f02f05,6741628a4c1b,5e1d50a6e395,0,True,0,44.867,3.6774662653353634,2.9830861895925884,151.50105114381128,0.011775856767437577,1.6897901579650449e-13,ae73669,2026-10-04T00:15:21+00:00,3.6865191635955066,152.1025329320419,True,0.004436995380301902,4.25,2.9830861895925884,0.23047177378834607,5.0,1.1075047129383009e-12,True,True,-2.931741324877102,-2.31336317829912,-2.1744933573211847,-2.1058506563670125,-2.0631847085899464,-2.0112009148870102,-1.979621229027763,-1.9578439419429465,-1.9416548071965016,-1.9290074854021093,-1.9187734225558593,,11666,93,1.5,False,False,"variant-qitT10 (v1.1-frozen + |Qit_eff| -10% at 423 K; robustness study v1.3, 423 K only)"
C0043_T423,manual,0,C0043,C0043,423.0,1.1722652718424798,1.190252324566245,-714222029782.8317,1.0965337961912156,cf6bbed559cf,6741628a4c1b,5e1d50a6e395,0,True,0,30.002,3.1472877169978717,2.7188344974111933,161.28044053164825,0.012912931682705277,1.6897901579650443e-13,ae73669,2026-10-04T00:39:02+00:00,3.1584094608331776,161.55914480181332,True,0.004454935906242409,3.75,2.7188344974111933,0.2535423415211694,5.0,1.742403240832616e-12,True,True,-2.455438516367716,-2.212046698133079,-2.1143391801250058,-2.0580161178310763,-2.0202784825033433,-1.9715445745047735,-1.9405513594642296,-1.918624946731938,-1.9020598754596427,-1.8889751466507865,-1.8783017138472928,,9911,93,1.5,False,False,"variant-qitT10 (v1.1-frozen + |Qit_eff| -10% at 423 K; robustness study v1.3, 423 K only)"
C0044_T423,manual,0,C0044,C0044,423.0,1.1049728740006686,0.8225050982087851,-831333629786.9683,1.0247064974159,85e21477a23d,6741628a4c1b,5e1d50a6e395,0,True,0,55.301,2.463776875677113,2.715791873477941,150.0176526180423,0.012923473625510825,1.6897901579650443e-13,ae73669,2026-10-04T00:16:08+00:00,2.4684079507729733,150.49834325356164,True,0.004834513897716487,3.0,2.715791873477941,0.25424841569794326,5.0,1.2664732984837004e-12,True,True,-2.244765807863757,-2.1276967296439904,-2.0656653105082055,-2.0258077620825357,-1.9974468799628742,-1.958886435602192,-1.9332384465787629,-1.9145664103618516,-1.900169687781393,-1.8886207391557464,-1.8790842872624405,,10262,92,1.5,False,False,"variant-qitT10 (v1.1-frozen + |Qit_eff| -10% at 423 K; robustness study v1.3, 423 K only)"
C0045_T423,manual,0,C0045,C0045,423.0,0.8174033973366023,1.1465141151100398,-1234079054556.787,0.9042714271694422,aed830aebb8d,6741628a4c1b,5e1d50a6e395,0,True,0,49.894,4.148369240476714,3.1536966156181085,160.23574718036127,0.011148056970183963,1.6897901579650443e-13,ae73669,2026-10-04T00:15:48+00:00,4.160306170743629,160.41568119732852,True,0.0038862041051049047,4.5,3.1536966156181085,0.2170802637311144,5.0,2.1430349753868904e-12,True,True,-4.758913458192702,-2.5104197808940776,-2.2690903520627073,-2.171357951749242,-2.114959816237803,-2.049701434218447,-2.0116294394987193,-1.985998726788001,-1.9672592057865985,-1.9528008205675145,-1.9412154943215925,,12017,93,1.5,False,False,"variant-qitT10 (v1.1-frozen + |Qit_eff| -10% at 423 K; robustness study v1.3, 423 K only)"
C0046_T423,manual,0,C0046,C0046,423.0,0.9588791906833648,0.9765978720039128,-568122538737.9528,1.1367404915392398,439fa8857c90,6741628a4c1b,5e1d50a6e395,0,True,0,51.439,2.327681918666004,2.7871660269312777,154.8493495976851,0.0125966931625117,1.6897901579650449e-13,ae73669,2026-10-04T00:41:28+00:00,2.3407010592170128,154.83662686792184,True,0.004932160913867245,2.75,2.7871660269312777,0.24732906082962508,5.0,1.7568534583607942e-12,True,True,-2.2245583005838063,-2.121023215084382,-2.064466302106525,-2.0276443905379904,-2.0012703753357375,-1.9652681605134816,-1.9412960869821305,-1.9238690068596673,-1.9104651367099177,-1.8997434493080312,-1.8909165965078218,,11081,92,1.5,False,False,"variant-qitT10 (v1.1-frozen + |Qit_eff| -10% at 423 K; robustness study v1.3, 423 K only)"
C0047_T423,manual,0,C0047,C0047,423.0,1.0713095262646677,1.0541391555219888,-1493387673050.1653,0.8421368315815926,a740656e43a9,6741628a4c1b,5e1d50a6e395,0,True,0,34.13,4.476347678406329,2.9866380228105585,157.55558511234057,0.011765020202499844,1.6897901579650449e-13,ae73669,2026-10-04T00:40:04+00:00,4.479615491744264,158.10416328539534,True,0.003984254808019718,5.0,2.9866380228105585,0.22984418448401586,5.0,1.5066528998351777e-12,True,True,-6.7280213591868945,-2.7247643280063034,-2.317395217458854,-2.188468186111669,-2.1188503540567036,-2.041254357876845,-1.997007307836904,-1.9674876488573125,-1.9459825906207318,-1.9294073227313369,-1.9161210439818506,,10496,92,1.5,False,False,"variant-qitT10 (v1.1-frozen + |Qit_eff| -10% at 423 K; robustness study v1.3, 423 K only)"
C0048_T423,manual,0,C0048,C0048,423.0,1.0514254555106164,0.9983421318233012,-994167254306.376,1.0520898200571538,b780457e62bf,6741628a4c1b,5e1d50a6e395,0,True,0,34.192,3.278307327037969,2.795621841772844,155.59349973267277,0.012559637341337465,1.6897901579650443e-13,ae73669,2026-10-04T00:15:13+00:00,3.2857436535127147,155.89487303551775,True,0.004721354491168185,3.75,2.795621841772844,0.2464650298594169,5.0,2.1099981835250844e-12,True,True,-2.5157459525938526,-2.230257289043652,-2.1264533539563044,-2.0685783210748805,-2.030472722266643,-1.9819424722321426,-1.9514106883149684,-1.9299353844522729,-1.9137666813781056,-1.9010229006410075,-1.890642871389805,,10613,92,1.5,False,False,"variant-qitT10 (v1.1-frozen + |Qit_eff| -10% at 423 K; robustness study v1.3, 423 K only)"
C0049_T423,manual,0,C0049,C0049,423.0,0.9638921231031418,1.0708235889673232,-1069326626136.8988,0.9689596250653268,663fcdee2f3d,6741628a4c1b,5e1d50a6e395,0,True,0,33.247,3.620593458484875,2.93316246397739,157.91737979813647,0.011976575015954267,1.689790157965045e-13,ae73669,2026-10-04T00:15:13+00:00,3.634050242552072,158.08027807664914,True,0.004267599363370801,4.0,2.93316246397739,0.23433530476405517,5.0,1.6606807626859985e-12,True,True,-2.8661750146157816,-2.3192683906028755,-2.1805178191179957,-2.1097328385471266,-2.065034039949227,-2.0099120353136177,-1.9761275286974136,-1.9527309400083346,-1.9353002968861366,-1.9216673609398074,-1.9106287746381616,,11081,91,1.5,False,False,"variant-qitT10 (v1.1-frozen + |Qit_eff| -10% at 423 K; robustness study v1.3, 423 K only)"
C0050_T423,manual,0,C0050,C0050,423.0,0.8100192729383707,0.8024576269090176,-731010651215.9109,1.189221265539527,1e84edeb41aa,6741628a4c1b,5e1d50a6e395,0,True,0,48.988,2.185512102595083,2.869507154426084,149.179811497265,0.012236653477584571,1.6897901579650449e-13,ae73669,2026-10-04T00:37:02+00:00,2.1931461733395805,149.67456811350692,True,0.00506351366952208,2.75,2.869507154426084,0.24012569910002812,5.0,1.6295018908746406e-12,True,True,-2.189696847401347,-2.103308399871386,-2.0551346549333047,-2.023494166895973,-2.0007201757632287,-1.9695003425977942,-1.9486350535220813,-1.933430453460367,-1.9217171202997887,-1.912337338312815,-1.904609520184632,,11900,93,1.5,False,False,"variant-qitT10 (v1.1-frozen + |Qit_eff| -10% at 423 K; robustness study v1.3, 423 K only)"
C0051_T423,manual,0,C0051,C0051,423.0,1.122485752776265,1.1284258604049682,-1328573142178.3567,0.8819228682667017,e8bce5acfab4,6741628a4c1b,5e1d50a6e395,0,True,0,47.911,4.305726065420904,2.9261032263116338,159.73815332336005,0.012006737348258367,1.6897901579650446e-13,ae73669,2026-10-04T00:16:26+00:00,4.317787260452937,159.89981470976343,True,0.004078230715142033,4.75,2.9261032263116338,0.2347527782336058,5.0,2.2716965133352017e-12,True,True,-5.6649381781371195,-2.5902060451280975,-2.281316210786651,-2.1671977866148935,-2.1028977851842288,-2.0293507424310984,-1.9866523465179748,-1.9579078612262912,-1.9368562435735153,-1.9205749896119202,-1.907493807332506,,10145,92,1.5,False,False,"variant-qitT10 (v1.1-frozen + |Qit_eff| -10% at 423 K; robustness study v1.3, 423 K only)"
C0052_T423,manual,0,C0052,C0052,423.0,1.1554023876786232,0.8587190598249436,-1211308959871.5305,0.8100208126008511,63802722f447,6741628a4c1b,5e1d50a6e395,0,True,0,36.829,3.3778827323389753,2.870153882489234,151.51684912512786,0.012235225728965788,1.689790157965044e-13,ae73669,2026-10-04T00:15:42+00:00,3.392042683514015,151.8049598623763,True,0.004102526804276863,3.75,2.870153882489234,0.23990430816878788,5.0,2.8530818611090357e-12,True,True,-2.6239441978305744,-2.284163865195636,-2.166299835114991,-2.1011872215301994,-2.058422905150103,-2.003941625213746,-1.9695628042308417,-1.9452823321609416,-1.9269218542360371,-1.912388013893726,-1.9005006075794812,,10028,93,1.5,False,False,"variant-qitT10 (v1.1-frozen + |Qit_eff| -10% at 423 K; robustness study v1.3, 423 K only)"
C0053_T423,manual,0,C0053,C0053,423.0,0.867924463748932,1.1847130946815012,-848244014196.0979,1.117370280623436,900b66e31c10,6741628a4c1b,5e1d50a6e395,0,True,0,39.565,3.413290834159749,2.9453721652387554,161.10175867281086,0.01192825945755867,1.6897901579650449e-13,ae73669,2026-10-04T00:15:46+00:00,3.4230364515765928,161.45661022193192,True,0.00442927403290669,4.0,2.9453721652387554,0.23323695964731034,5.0,2.017185601534464e-12,True,True,-2.617655915281296,-2.2628894954075975,-2.1500918119537333,-2.089697179530268,-2.050776129394438,-2.0021288935017183,-1.9720591123830575,-1.9511713520302834,-1.9355982573999988,-1.9234229228950586,-1.9135742662364512,,11666,93,1.5,False,False,"variant-qitT10 (v1.1-frozen + |Qit_eff| -10% at 423 K; robustness study v1.3, 423 K only)"
C0054_T423,manual,0,C0054,C0054,423.0,0.909308758750558,0.9421291410923004,-1452062926255.1665,0.9471048634499312,9f9ea26c712a,6741628a4c1b,5e1d50a6e395,0,True,0,53.361,4.096716442649604,2.989467489273208,153.9847984584075,0.011752078196764265,1.6897901579650443e-13,ae73669,2026-10-04T00:16:32+00:00,4.110996367732537,154.01287309709767,True,0.004410261761050401,4.5,2.989467489273208,0.2298319505887872,5.0,1.5274908959981017e-12,True,True,-4.500142557738275,-2.451098268932128,-2.229392340806729,-2.1377514378313878,-2.0845475147087673,-2.022694100039071,-1.9864145793923353,-1.9618721656443203,-1.94384824251444,-1.9298853274705026,-1.9186556795499126,,11432,91,1.5,False,False,"variant-qitT10 (v1.1-frozen + |Qit_eff| -10% at 423 K; robustness study v1.3, 423 K only)"
C0055_T423,manual,0,C0055,C0055,423.0,1.0218306470662355,1.014584805816412,-611400149762.6305,1.0301854152232408,1d87940451d8,6741628a4c1b,5e1d50a6e395,0,True,0,35.42,2.521602581687812,2.8030578445405925,156.1501642161946,0.012526311433796155,1.6897901579650449e-13,ae73669,2026-10-04T00:34:35+00:00,2.527609253584684,156.5048106611525,True,0.004626337902339648,3.0,2.8030578445405925,0.24581682110792222,5.0,1.0868046871180932e-12,True,True,-2.2781340229663334,-2.1524924029691666,-2.086725087725557,-2.0447148137436657,-2.0149474079542258,-1.9746767085028145,-1.948055464821412,-1.9287800429511577,-1.9139899969421221,-1.9021767949101567,-1.8924598695735335,,10730,92,1.5,False,False,"variant-qitT10 (v1.1-frozen + |Qit_eff| -10% at 423 K; robustness study v1.3, 423 K only)"
C0056_T423,manual,0,C0056,C0056,423.0,1.025021742284298,0.8429230198264123,-1421162460930.6455,1.1405175484716892,4af715fdda80,6741628a4c1b,5e1d50a6e395,0,True,0,47.351,3.746728570822504,2.7598306371196832,150.5607472473486,0.012719645724428482,1.6897901579650446e-13,ae73669,2026-10-04T00:16:32+00:00,3.7471354527656415,150.8970546841447,True,0.005154796306115246,4.25,2.7598306371196832,0.2499565120376507,5.0,1.478558039721483e-12,True,True,-3.0470476603316152,-2.2848512701031165,-2.13958741047264,-2.0701353069818147,-2.0275606921882665,-1.9761633449831721,-1.9451250100373354,-1.9237717703650108,-1.9079122057882347,-1.8955249847621698,-1.8855000540045774,,10730,92,1.5,False,False,"variant-qitT10 (v1.1-frozen + |Qit_eff| -10% at 423 K; robustness study v1.3, 423 K only)"
C0057_T423,manual,0,C0057,C0057,423.0,0.93758587539196,1.1138390220701695,-519280469045.04297,0.8321920409798622,b95ad9f4882b,6741628a4c1b,5e1d50a6e395,0,True,0,43.693,2.586538967689875,3.0167226459609804,159.3627932963332,0.011647644235647505,1.6897901579650449e-13,ae73669,2026-10-04T00:40:08+00:00,2.601006354407138,159.3508887260845,True,0.003872370799455558,3.0,3.0167226459609804,0.22757670336979635,5.0,1.844120833611828e-12,True,True,-2.3529285273764438,-2.2127849576913126,-2.1395482076294057,-2.0927343473796185,-2.0595401009564607,-2.0146105238669514,-1.9849079524417472,-1.9634096073337657,-1.946922828522387,-1.933761902870902,-1.922942222168472,,11315,92,1.5,False,False,"variant-qitT10 (v1.1-frozen + |Qit_eff| -10% at 423 K; robustness study v1.3, 423 K only)"
C0058_T423,manual,0,C0058,C0058,423.0,0.8851778689771891,0.956411512196064,-1181448983028.531,1.0025513496249914,b2197fb71faf,6741628a4c1b,5e1d50a6e395,0,True,0,45.815,3.5650276758629365,2.9584310488249623,154.37439622548376,0.011874099441882576,1.689790157965045e-13,ae73669,2026-10-04T00:16:07+00:00,3.5778042205779634,154.42588895855468,True,0.004578544512490406,4.0,2.9584310488249623,0.23236973143691775,5.0,2.1522380913159407e-12,True,True,-2.768451190367631,-2.2933653446085267,-2.1658361847956895,-2.100251984385529,-2.0587463032007047,-2.0075098566845537,-1.976086847287305,-1.9543165372674132,-1.9380920776307466,-1.9253993183137807,-1.9151202220555517,,11549,92,1.5,False,False,"variant-qitT10 (v1.1-frozen + |Qit_eff| -10% at 423 K; robustness study v1.3, 423 K only)"
C0059_T423,manual,0,C0059,C0059,423.0,1.1977421957999468,1.0870702035725115,-755091533996.1648,0.9200576398521662,1a6e1f92be86,6741628a4c1b,5e1d50a6e395,0,True,0,28.099,3.0074806538919523,2.790875058379446,158.4742828907648,0.012581876013422286,1.6897901579650446e-13,ae73669,2026-10-04T00:39:30+00:00,3.009837050040433,158.80530115758552,True,0.004252149251040591,3.5,2.790875058379446,0.2467818556688018,5.0,1.1761789459052707e-12,True,True,-2.432744172236064,-2.2231390331129566,-2.1303022835474184,-2.0747838252709165,-2.0368223695174725,-1.9869359687874302,-1.954717355088534,-1.931694517173357,-1.9141735981770955,-1.9002545988324497,-1.8888474170232958,,9794,92,1.5,False,False,"variant-qitT10 (v1.1-frozen + |Qit_eff| -10% at 423 K; robustness study v1.3, 423 K only)"
C0060_T423,manual,0,C0060,C0060,423.0,1.1306588307023049,0.9001730419695377,-637827597558.4984,0.9981555722653864,24a355a51b38,6741628a4c1b,5e1d50a6e395,0,True,0,55.923,2.2802088650199956,2.7234040443491194,152.57996502239658,0.012888515561949688,1.6897901579650449e-13,ae73669,2026-10-04T00:17:04+00:00,2.288236765365918,152.83936929618642,True,0.004728255575495702,2.75,2.7234040443491194,0.25341519747489116,5.0,2.3343877373970835e-12,True,True,-2.228746489685498,-2.124143226743336,-2.06570891384773,-2.027171156815125,-1.9993189459324874,-1.9609373777097858,-1.9351243792128616,-1.916212648934128,-1.901572760007262,-1.889797099743442,-1.8800548323534865,,10145,92,1.5,False,False,"variant-qitT10 (v1.1-frozen + |Qit_eff| -10% at 423 K; robustness study v1.3, 423 K only)"
C0061_T423,manual,0,C0061,C0061,423.0,0.8430830597877503,1.0308577224612236,-1298682591877.8777,1.0807003527879715,136d6935ec46,6741628a4c1b,5e1d50a6e395,0,True,0,53.435,3.993522722420247,2.9884569093184554,156.58396909472648,0.011756996409823028,1.6897901579650449e-13,ae73669,2026-10-04T00:16:42+00:00,3.9944050886715647,156.99533136025013,True,0.004645941136376421,4.5,2.9884569093184554,0.22981650861687425,5.0,1.7703291550950193e-12,True,True,-3.969336268667854,-2.3946446766350835,-2.202945836447665,-2.1203933717931793,-2.0718633998442515,-2.0150739798087867,-1.9816726526549344,-1.959082715733752,-1.9425151424667009,-1.9297036144206143,-1.9194203348902792,,11783,92,1.5,False,False,"variant-qitT10 (v1.1-frozen + |Qit_eff| -10% at 423 K; robustness study v1.3, 423 K only)"
C0062_T423,manual,0,C0062,C0062,423.0,0.9830025110393764,0.899210698157549,-902017000131.3092,0.8603372912853957,24b587b3d4c5,6741628a4c1b,5e1d50a6e395,0,True,0,50.166,2.840124453715662,2.9280776418324823,152.7034107433055,0.011995005488972622,1.689790157965045e-13,ae73669,2026-10-04T00:42:19+00:00,2.854829269606596,152.5371178872787,True,0.004239364957969295,3.25,2.9280776418324823,0.23499227636677295,5.0,1.5431553914494942e-12,True,True,-2.380932912429313,-2.210500852771792,-2.1297977658254426,-2.0803977956938833,-2.046214333615147,-2.000855998000067,-1.9713214448641152,-1.9501079010741234,-1.9339055526425508,-1.9209995489608462,-1.9104008693714951,,11081,92,1.5,False,False,"variant-qitT10 (v1.1-frozen + |Qit_eff| -10% at 423 K; robustness study v1.3, 423 K only)"
C0063_T423,manual,0,C0063,C0063,423.0,1.0954269338399172,1.1701007142663002,-1038395587354.8984,1.1686131555587054,5ed51b3bbb1d,6741628a4c1b,5e1d50a6e395,0,True,0,32.215,3.7739415191944206,2.7509834058660037,160.6317366571023,0.012763355710708435,1.6897901579650449e-13,ae73669,2026-10-04T00:40:37+00:00,3.780117640261564,160.93640723788715,True,0.004850956137971544,4.25,2.7509834058660037,0.2504531764933071,5.0,1.7221263933876056e-12,True,True,-3.1527406001245772,-2.314850193756481,-2.157921331859236,-2.0828621113761003,-2.0367703263026056,-1.9810772691480447,-1.9474778831858608,-1.9244172579328653,-1.9073375880523356,-1.8940351269437685,-1.8832983266355197,,10379,92,1.5,False,False,"variant-qitT10 (v1.1-frozen + |Qit_eff| -10% at 423 K; robustness study v1.3, 423 K only)"
C0064_T423,manual,0,C0064,C0064,423.0,1.097560141608119,0.8356564380228519,-937485761940.4792,0.8345446810126305,13def76db80e,6741628a4c1b,5e1d50a6e395,0,True,0,29.497,2.7381030437792084,2.851697225486121,150.71284663053058,0.012312807818674124,1.6897901579650446e-13,ae73669,2026-10-04T00:15:43+00:00,2.7398147252511578,151.17715317434616,True,0.004271988619265319,3.25,2.851697225486121,0.24162318275061145,5.0,2.34286940083788e-12,True,True,-2.349007224399762,-2.1933259537159335,-2.1164762187303823,-2.0685695274300895,-2.0350532979496814,-1.9901199027978735,-1.9605704956590262,-1.9391954252022285,-1.9227790730853151,-1.9096428990502268,-1.8988133282333304,,10379,92,1.5,False,False,"variant-qitT10 (v1.1-frozen + |Qit_eff| -10% at 423 K; robustness study v1.3, 423 K only)"
C0065_T423,manual,0,C0065,C0065,423.0,0.98514325581491,1.108508686721325,-1002957112155.8549,1.1428707547485828,80285c9fcd3d,6741628a4c1b,5e1d50a6e395,0,True,0,32.561,3.559408955282655,2.8245900400264645,158.86209329911782,0.012432913293836074,1.689790157965044e-13,ae73669,2026-10-04T00:15:45+00:00,3.5709724127811935,159.04061990895636,True,0.004807771532215656,4.0,2.8245900400264645,0.24373049050272,5.0,1.4875470000130545e-12,True,True,-2.7493008154225627,-2.2722787302981238,-2.145004130715515,-2.0796019401849146,-2.0382142390443097,-1.9871335072035357,-1.955827942583632,-1.9341609528016008,-1.9180315099995422,-1.9054270950759054,-1.8952303265156596,,11081,92,1.5,False,False,"variant-qitT10 (v1.1-frozen + |Qit_eff| -10% at 423 K; robustness study v1.3, 423 K only)"
C0066_T423,manual,0,C0066,C0066,423.0,0.8389665089547634,0.965155143290758,-665484207682.3115,0.9224100712686776,fc4368c56a6f,6741628a4c1b,5e1d50a6e395,0,True,0,51.027,2.5167181157891325,3.0150887636626105,154.74296858897014,0.011652722636387012,1.6897901579650449e-13,ae73669,2026-10-04T00:37:53+00:00,2.521735634621502,155.12706856670033,True,0.0043062298585779864,3.0,3.0150887636626105,0.22784146381151402,5.0,2.028981438567275e-12,True,True,-2.3060150045486654,-2.1815451868611206,-2.1162730211130554,-2.074584444933073,-2.045063436986585,-2.0051701589429314,-1.9788389183092578,-1.9598005371996077,-1.9452113721469149,-1.9335725907055532,-1.9240097853761835,,11900,92,1.5,False,False,"variant-qitT10 (v1.1-frozen + |Qit_eff| -10% at 423 K; robustness study v1.3, 423 K only)"
C0067_T423,manual,0,C0067,C0067,423.0,1.1265494294464589,1.0907281771302224,-1271056253463.0298,1.004904740676284,998ab8ca34dc,6741628a4c1b,5e1d50a6e395,0,True,0,48.406,4.08670905026719,2.82166854810613,158.47324072096546,0.012446306635211917,1.6897901579650449e-13,ae73669,2026-10-04T00:17:15+00:00,4.1003374712052505,158.4052225628063,True,0.004454741410169103,4.5,2.82166854810613,0.24391657376323536,5.0,2.9104933323674565e-12,True,True,-4.436766454239597,-2.442871770586981,-2.217432691502821,-2.1229429092081116,-2.0676519896566146,-2.00293413730285,-1.9647540066879507,-1.9388378841564073,-1.919762018793135,-1.9049595036616842,-1.8930386769902798,,10145,92,1.5,False,False,"variant-qitT10 (v1.1-frozen + |Qit_eff| -10% at 423 K; robustness study v1.3, 423 K only)"
C0068_T423,manual,0,C0068,C0068,423.0,1.1967585455626248,0.921418271958828,-1153914918191.731,1.0767846763134004,81ccdacd9462,6741628a4c1b,5e1d50a6e395,0,True,0,38.196,3.4097486341044916,2.6889413189638085,153.15682190743186,0.013053349675479534,1.6897901579650446e-13,ae73669,2026-10-04T00:16:21+00:00,3.420178891258023,153.38015439484465,True,0.004717153876126045,4.0,2.6889413189638085,0.25668460059785075,5.0,2.3817146055485912e-12,True,True,-2.5868168809627825,-2.2329964364373125,-2.1189238269389596,-2.057398842205369,-2.0175130678946576,-1.9672687188738458,-1.935887589395292,-1.9138787567651458,-1.897324768555013,-1.8842780278730764,-1.8736466446392603,,9794,93,1.5,False,False,"variant-qitT10 (v1.1-frozen + |Qit_eff| -10% at 423 K; robustness study v1.3, 423 K only)"
C0069_T423,manual,0,C0069,C0069,423.0,0.8841885950416327,1.0470140494406224,-782595327123.9996,0.9942404739558696,ad0d24fd1c3d,6741628a4c1b,5e1d50a6e395,0,True,0,40.567,2.962074085529813,2.9575690867508344,157.19068981495522,0.011878130701848495,1.689790157965045e-13,ae73669,2026-10-04T00:16:27+00:00,2.966912153769876,157.54452508356908,True,0.004359391880666842,3.5,2.9575690867508344,0.23237658093669464,5.0,2.3597835908374386e-12,True,True,-2.4036277742908774,-2.213955719163078,-2.129940578980758,-2.07993891015943,-2.045913513025856,-2.001466568382831,-1.9729619075983937,-1.9527114834949095,-1.9373781670731105,-1.925251900242759,-1.9153546782323645,,11549,92,1.5,False,False,"variant-qitT10 (v1.1-frozen + |Qit_eff| -10% at 423 K; robustness study v1.3, 423 K only)"
C0070_T423,manual,0,C0070,C0070,423.0,0.942852371186018,0.8794425204396248,-1385815294459.4622,1.1646972823888064,f0eccfe8a8aa,6741628a4c1b,5e1d50a6e395,0,True,0,52.742,3.774138143189975,2.8193411472829206,151.70663310552968,0.012453769438154658,1.6897901579650443e-13,ae73669,2026-10-04T00:17:25+00:00,3.7806437164067392,151.9124266266727,True,0.005158527254501359,4.25,2.8193411472829206,0.24443011783556826,5.0,1.865298432256042e-12,True,True,-3.120821087098014,-2.294890450779349,-2.1470193050252986,-2.077301431191597,-2.034848062081422,-1.9838897228036538,-1.9532857978970048,-1.9323159689765543,-1.9167915331173044,-1.904699178815683,-1.8949360887176356,,11198,92,1.5,False,False,"variant-qitT10 (v1.1-frozen + |Qit_eff| -10% at 423 K; robustness study v1.3, 423 K only)"
C0071_T423,manual,0,C0071,C0071,423.0,1.03028222694993,1.1522720225155354,-554597348906.0999,0.8564223658293486,8d65859b20f1,6741628a4c1b,5e1d50a6e395,0,True,0,32.068,2.7472305440337603,2.938528731015512,160.44695643927625,0.01195512654277745,1.6897901579650446e-13,ae73669,2026-10-04T00:35:08+00:00,2.7476090055087545,160.90696880851075,True,0.003944082274394153,3.25,2.938528731015512,0.2338596416490209,5.0,2.201943749570279e-12,True,True,-2.38290638313223,-2.220463835212532,-2.13979731188975,-2.089339081611429,-2.0539901128974014,-2.006621792608485,-1.9755615285628885,-1.953185608785066,-1.936076541386384,-1.9224458225980503,-1.9112552068209976,,10730,92,1.5,False,False,"variant-qitT10 (v1.1-frozen + |Qit_eff| -10% at 423 K; robustness study v1.3, 423 K only)"
C0072_T423,manual,0,C0072,C0072,423.0,1.0228165846318007,0.9802317947149276,-1479246277362.1082,0.972874753177166,da903bbc7bce,6741628a4c1b,5e1d50a6e395,0,True,0,52.402,4.250699300650186,2.897664466321279,155.14397213257925,0.01212162455378329,1.6897901579650446e-13,ae73669,2026-10-04T00:17:25+00:00,4.250931517374927,155.5393807665516,True,0.004486427105517274,4.75,2.897664466321279,0.23736702688952788,5.0,9.745398932281546e-13,True,True,-5.385416635603218,-2.5179997065353574,-2.2423712519484886,-2.1390083070979906,-2.080788286245588,-2.0143490098111076,-1.975870801379797,-1.9500025554111002,-1.9310722747988627,-1.9164391716331612,-1.90468687741024,,10730,92,1.5,False,False,"variant-qitT10 (v1.1-frozen + |Qit_eff| -10% at 423 K; robustness study v1.3, 423 K only)"
C0073_T423,manual,0,C0073,C0073,423.0,0.9103018518537284,1.051530795544386,-584247547201.8123,1.0560055144131184,002be8848fa0,6741628a4c1b,5e1d50a6e395,0,True,0,49.152,2.554476148639215,2.885728605398306,157.22983729960927,0.012170929246772027,1.6897901579650443e-13,ae73669,2026-10-04T00:40:58+00:00,2.5659090765262405,157.41800746080082,True,0.004618802979469718,3.0,2.885728605398306,0.23844333916772883,5.0,1.1751995326562117e-12,True,True,-2.2875908799004456,-2.160565519383418,-2.095043277794198,-2.053516631248376,-2.024247049893837,-1.9848640519902856,-1.958975695079975,-1.940311320008417,-1.9260405056311132,-1.9146762622515352,-1.9053532200147234,,11432,92,1.5,False,False,"variant-qitT10 (v1.1-frozen + |Qit_eff| -10% at 423 K; robustness study v1.3, 423 K only)"
C0074_T423,manual,0,C0074,C0074,423.0,0.8626602612435819,0.8191153228282929,-1246305412612.8557,0.8858378116041422,1a18482bc8fa,6741628a4c1b,5e1d50a6e395,0,True,0,42.636,3.330656473489733,3.011850155554647,150.09910576898866,0.011663514637092356,1.689790157965045e-13,ae73669,2026-10-04T00:16:50+00:00,3.3450926061359203,149.9583880135843,True,0.004432898139306251,3.75,3.011850155554647,0.22826762860375455,5.0,1.6389807233106106e-12,True,True,-2.5685202593079284,-2.2647392333772776,-2.1584430358436757,-2.0999903602399477,-2.0617913581450726,-2.0134213291871905,-1.983109675914074,-1.9618210106219105,-1.945799459627671,-1.933170561284189,-1.9228808291888129,,11666,92,1.5,False,False,"variant-qitT10 (v1.1-frozen + |Qit_eff| -10% at 423 K; robustness study v1.3, 423 K only)"
C0075_T423,manual,0,C0075,C0075,423.0,1.1501457162201405,1.149366607517004,-813278324902.0576,1.1931371685117482,4299d0501b9e,6741628a4c1b,5e1d50a6e395,0,True,0,27.947,3.2551037382624766,2.68544001496843,160.0173658937648,0.013071806080507429,1.6897901579650446e-13,ae73669,2026-10-04T00:39:58+00:00,3.256621140835339,160.3558847582516,True,0.004941852319376088,3.75,2.68544001496843,0.256866007057466,5.0,1.1678661510083899e-12,True,True,-2.4857063167013567,-2.207899233566937,-2.105975215490716,-2.0489817469176965,-2.0114008749550174,-1.9634960090390523,-1.933353076443682,-1.9121618741210455,-1.8962192513362388,-1.8836644034975716,-1.8734471327803448,,10145,92,1.5,False,False,"variant-qitT10 (v1.1-frozen + |Qit_eff| -10% at 423 K; robustness study v1.3, 423 K only)"
C0076_T423,manual,0,C0076,C0076,423.0,1.1203548323363066,0.862878166884184,-696136743761.5991,1.115017092227936,3ffff2948782,6741628a4c1b,5e1d50a6e395,0,True,0,56.708,2.290963501981774,2.665777252766209,151.21958257275503,0.013164448324132069,1.6897901579650443e-13,ae73669,2026-10-04T00:18:01+00:00,2.300686959410284,151.35756510904446,True,0.005125681454119248,2.75,2.665777252766209,0.25915827763667065,5.0,2.3234725133394904e-12,True,True,-2.2042128877579406,-2.1028866902168333,-2.0468992865070277,-2.0101996903527675,-1.983779043245602,-1.9474996152361386,-1.923176534176948,-1.9053916304710614,-1.8916434871983951,-1.8805973359354562,-1.871467080161865,,10145,92,1.5,False,False,"variant-qitT10 (v1.1-frozen + |Qit_eff| -10% at 423 K; robustness study v1.3, 423 K only)"
C0077_T423,manual,0,C0077,C0077,423.0,0.8078823473304511,1.1931523829698565,-1363416286185.3838,0.8076682023704053,5f28a1f31784,6741628a4c1b,5e1d50a6e395,0,True,0,52.585,4.533504568163202,3.2742517419596164,161.67540508003853,0.010742464348242676,1.6897901579650443e-13,ae73669,2026-10-04T00:17:34+00:00,4.542404031499625,162.04564566307312,True,0.0037094015255837993,5.0,3.2742517419596164,0.2086104238763836,5.0,1.3579132564887471e-12,True,True,-7.007251412254656,-2.8131701475523094,-2.362495299719086,-2.2285346349471413,-2.157470007580765,-2.079271741912458,-2.0352166261407727,-2.0060880858508128,-1.9850256614500172,-1.9688960789647172,-1.9560407640222566,,11900,92,1.5,False,False,"variant-qitT10 (v1.1-frozen + |Qit_eff| -10% at 423 K; robustness study v1.3, 423 K only)"
C0078_T423,manual,0,C0078,C0078,423.0,0.9680109672248364,0.9365174017846584,-967105498537.4211,1.027832053974271,1c0d60b0b7ca,6741628a4c1b,5e1d50a6e395,0,True,0,50.069,3.063321613186327,2.8505985665771965,153.72087417805503,0.012318677340176009,1.6897901579650449e-13,ae73669,2026-10-04T00:43:09+00:00,3.075880003638658,153.69934685577869,True,0.004708869677825621,3.5,2.8505985665771965,0.24160261772968553,5.0,8.88272094767828e-13,True,True,-2.4157562626303495,-2.2047996060192916,-2.116602959077213,-2.065213878587529,-2.0306221258564032,-1.9857947938805298,-1.957197512078172,-1.9369209086309989,-1.9215750530366569,-1.909435919988145,-1.8995222201031885,,11081,92,1.5,False,False,"variant-qitT10 (v1.1-frozen + |Qit_eff| -10% at 423 K; robustness study v1.3, 423 K only)"
C0079_T423,manual,0,C0079,C0079,423.0,1.0555386699736118,1.0077934622764588,-1096357633359.7302,0.944752449914813,e08996a31120,6741628a4c1b,5e1d50a6e395,0,True,0,34.242,3.523564220029336,2.867381060065825,156.0381977109283,0.012248339098188857,1.6897901579650449e-13,ae73669,2026-10-04T00:41:11+00:00,3.53016993644191,156.3717631690743,True,0.004395001588133055,4.0,2.867381060065825,0.2400003336763287,5.0,9.627264263567525e-13,True,True,-2.7385610021998192,-2.2958338182844975,-2.1668219291999367,-2.098817401907672,-2.055197525511477,-2.0007222436970618,-1.966963846329631,-1.94341553048053,-1.9257772672066147,-1.911922798597055,-1.9006649051787288,,10613,92,1.5,False,False,"variant-qitT10 (v1.1-frozen + |Qit_eff| -10% at 423 K; robustness study v1.3, 423 K only)"
C0080_T423,manual,0,C0080,C0080,423.0,1.0730569131672385,0.9385411914438008,-595306254923.3436,1.1609736073762178,8338664a6d62,6741628a4c1b,5e1d50a6e395,0,True,0,33.685,2.2837073008215567,2.6872781683424747,153.6468775930448,0.01306064953295265,1.6897901579650446e-13,ae73669,2026-10-04T00:16:17+00:00,2.2920279361403546,153.91577287563513,True,0.005111842793510612,2.75,2.6872781683424747,0.2569322226151157,5.0,2.944895804543223e-12,True,True,-2.204713586298327,-2.104174270574162,-2.0485969205950485,-2.0121745963183932,-1.9859692618442963,-1.9500293342360915,-1.925981064009231,-1.9084325428235993,-1.8948935001478762,-1.8840352241664111,-1.87507549592481,,10496,92,1.5,False,False,"variant-qitT10 (v1.1-frozen + |Qit_eff| -10% at 423 K; robustness study v1.3, 423 K only)"
C0081_T423,manual,0,C0081,C0081,423.0,0.9606215260922908,1.0172452423721552,-1466234243474.9006,0.8663198303431273,9461af6a5831,6741628a4c1b,5e1d50a6e395,0,True,0,36.328,4.3262247441967165,3.031102430046036,156.40057582574508,0.011593214299180117,1.6897901579650449e-13,ae73669,2026-10-04T00:16:22+00:00,4.340234378188501,156.51655838276747,True,0.004104872835018668,4.75,3.031102430046036,0.2264118838804145,5.0,1.918522625758588e-12,True,True,-5.819779039607183,-2.59801160856174,-2.285780096173242,-2.173420441587887,-2.110794590009169,-2.039761527223826,-1.9988048498490543,-1.9713418636162663,-1.951281313131473,-1.93579613617959,-1.9233732811118665,,11081,92,1.5,False,False,"variant-qitT10 (v1.1-frozen + |Qit_eff| -10% at 423 K; robustness study v1.3, 423 K only)"
C0082_T423,manual,0,C0082,C0082,423.0,0.8129005488008261,0.8621605183929205,-866329240612.6857,1.0988863945007323,2f973dcda839,6741628a4c1b,5e1d50a6e395,0,True,0,49.192,2.645340353760624,2.93095504166654,151.21916092230708,0.011983189341513927,1.6897901579650446e-13,ae73669,2026-10-04T00:38:43+00:00,2.657014727651778,151.41593876085196,True,0.0047885814063395185,3.0,2.93095504166654,0.2347849074503014,5.0,2.145429180021456e-12,True,True,-2.283910654067703,-2.154259987555657,-2.0902402657713988,-2.050525710896521,-2.0228894293189383,-1.986108661870437,-1.962143657282829,-1.9449504351718923,-1.9318438799301054,-1.921427578517728,-1.9128943992704195,,11900,93,1.5,False,False,"variant-qitT10 (v1.1-frozen + |Qit_eff| -10% at 423 K; robustness study v1.3, 423 K only)"
C0083_T423,manual,0,C0083,C0083,423.0,1.1004653494805097,1.1819061819463967,-1199113715440.035,0.9785015396773816,42a4962e0e0a,6741628a4c1b,5e1d50a6e395,0,True,0,50.223,4.149729239157112,2.869915218860623,161.13188355423503,0.01223964769316004,1.689790157965044e-13,ae73669,2026-10-04T00:18:06+00:00,4.161146927087214,161.28798287829326,True,0.0041360837770352665,4.75,2.869915218860623,0.23955922408675132,5.0,2.527682993811073e-12,True,True,-4.7677101766032814,-2.485996654494584,-2.239248404304023,-2.139056779364949,-2.0810179278852705,-2.0135312688375073,-1.9739272718681613,-1.9471352071918713,-1.9274643737552979,-1.9122310827720395,-1.8999839822896056,,10379,93,1.5,False,False,"variant-qitT10 (v1.1-frozen + |Qit_eff| -10% at 423 K; robustness study v1.3, 423 K only)"
C0084_T423,manual,0,C0084,C0084,423.0,1.1708804704248903,0.8059466991573573,-1316346843726.933,0.9003555361181498,97b88e2a7d40,6741628a4c1b,5e1d50a6e395,0,True,0,36.3,3.4370226809444095,2.783525494841594,149.65555777187834,0.01261201993585755,1.6897901579650443e-13,ae73669,2026-10-04T00:16:57+00:00,3.445234103935044,150.18906326624992,True,0.004454351552849345,4.0,2.783525494841594,0.2477627037697772,5.0,2.575516096291801e-12,True,True,-2.6342557119959893,-2.263046689208607,-2.144208902085386,-2.080165297886087,-2.0386347465072965,-1.9862498653756375,-1.9534471366777526,-1.9303746329317866,-1.9129703331745835,-1.8992153514330068,-1.8879775236334555,,9911,93,1.5,False,False,"variant-qitT10 (v1.1-frozen + |Qit_eff| -10% at 423 K; robustness study v1.3, 423 K only)"
C0085_T423,manual,0,C0085,C0085,423.0,0.85830422565341,1.1256694313138724,-749065777286.8872,1.0207915659993887,64d86729241b,6741628a4c1b,5e1d50a6e395,0,True,0,37.032,3.0779893660777775,2.9849703119601694,159.48807094679617,0.011770918242305615,1.6897901579650449e-13,ae73669,2026-10-04T00:17:04+00:00,3.091243150711432,159.60542688472324,True,0.004400127452833477,3.5,2.9849703119601694,0.23006195816872274,5.0,1.8613692628651576e-12,True,True,-2.4472544212738634,-2.230040568315744,-2.1396798055422472,-2.087132175888691,-2.051823888274113,-2.0061988246581115,-1.9772186898368074,-1.9567599213561302,-1.9413402620857523,-1.9291896567817663,-1.9193016918258003,,11666,92,1.5,False,False,"variant-qitT10 (v1.1-frozen + |Qit_eff| -10% at 423 K; robustness study v1.3, 423 K only)"
C0086_T423,manual,0,C0086,C0086,423.0,0.9185366477817296,0.9948042158037425,-1083467843011.0216,0.8382211253046989,e7fce9becd1e,6741628a4c1b,5e1d50a6e395,0,True,0,51.485,3.4729517884113768,3.0444001803429965,155.772244894805,0.01154218116667084,1.6897901579650446e-13,ae73669,2026-10-04T00:18:17+00:00,3.4766934393088498,156.2682490455074,True,0.003989328041355093,4.0,3.0444001803429965,0.22547340635100205,5.0,1.433717592613931e-12,True,True,-2.717286122021002,-2.318351519406649,-2.193033855785914,-2.125725138018431,-2.082178924788929,-2.027459194129181,-1.9934002943115918,-1.9695927648868408,-1.951741414807074,-1.9377121132652726,-1.9263094831259358,,11432,92,1.5,False,False,"variant-qitT10 (v1.1-frozen + |Qit_eff| -10% at 423 K; robustness study v1.3, 423 K only)"
C0087_T423,manual,0,C0087,C0087,423.0,1.00596059076488,1.0735312070697547,-978042305447.1613,1.1328253515064717,6924094b9c52,6741628a4c1b,5e1d50a6e395,0,True,0,33.287,3.424817927966413,2.80385328889716,157.83370658973905,0.012523718801122826,1.6897901579650449e-13,ae73669,2026-10-04T00:35:41+00:00,3.4335020906282145,158.23124722950854,True,0.004662868118691462,4.0,2.80385328889716,0.24564607471032107,5.0,2.160050785944953e-12,True,True,-2.609124075199193,-2.2462165787840305,-2.1321001713669423,-2.0710798250121223,-2.031739050163691,-1.982484559753982,-1.9519464055331848,-1.9306645625219354,-1.9147476956667284,-1.9022666922920832,-1.8921429383285775,,10847,93,1.5,False,False,"variant-qitT10 (v1.1-frozen + |Qit_eff| -10% at 423 K; robustness study v1.3, 423 K only)"
C0088_T423,manual,0,C0088,C0088,423.0,1.0471412904560566,0.8955217529088259,-1051590848714.1132,1.0495966482907533,ba2bd159f3d7,6741628a4c1b,5e1d50a6e395,0,True,0,50.24,3.1278155008443873,2.7766166228076483,152.35968455841854,0.012643737266051551,1.689790157965045e-13,ae73669,2026-10-04T00:18:16+00:00,3.1407808376101087,152.44933941460593,True,0.0047351344087745995,3.5,2.7766166228076483,0.24834494552385955,5.0,1.7959517807014832e-12,True,True,-2.4289749375850422,-2.200616447606007,-2.108862274977315,-2.0561125443674153,-2.020838435045577,-1.975341140206742,-1.9464034064091624,-1.92590650882976,-1.9103965301521166,-1.8981245372780082,-1.888097779236865,,10613,93,1.5,False,False,"variant-qitT10 (v1.1-frozen + |Qit_eff| -10% at 423 K; robustness study v1.3, 423 K only)"
C0089_T423,manual,0,C0089,C0089,423.0,0.9346084378659724,1.1726664524525403,-882992970757.1864,0.9293569337576628,eeb1b0339938,6741628a4c1b,5e1d50a6e395,0,True,0,44.958,3.472875398142876,2.9932878653218618,160.92737807909674,0.011738962172756311,1.6897901579650449e-13,ae73669,2026-10-04T00:41:43+00:00,3.4764365520485283,161.3485997692601,True,0.004091178710601772,4.0,2.9932878653218618,0.2293365409628554,5.0,2.0434219532537643e-12,True,True,-2.712326317574688,-2.309409530064509,-2.184031397796696,-2.1168676489178995,-2.0734830544273426,-2.019074790315141,-1.9853061980231528,-1.9617686528728115,-1.9441677118732608,-1.930370296833586,-1.9191823810501565,,11315,92,1.5,False,False,"variant-qitT10 (v1.1-frozen + |Qit_eff| -10% at 423 K; robustness study v1.3, 423 K only)"
C0090_T423,manual,0,C0090,C0090,423.0,0.8885476168245078,0.903520180657506,-1283557153306.9014,1.1124117910861968,b99425d6d49e,6741628a4c1b,5e1d50a6e395,0,True,0,44.267,3.6298627934415144,2.8899795217897193,152.5638149676991,0.012152226332213115,1.689790157965045e-13,ae73669,2026-10-04T00:17:34+00:00,3.642477768858612,152.7577054353988,True,0.0048363595783690915,4.0,2.8899795217897193,0.23818149231510724,5.0,2.156609568193933e-12,True,True,-2.8292705442810533,-2.278300755921166,-2.148149262851895,-2.0832707399367845,-2.0428179614459085,-1.9934427390816236,-1.9634252352594466,-1.942728229207977,-1.92734998117187,-1.915344150442516,-1.9056363026628442,,11549,93,1.5,False,False,"variant-qitT10 (v1.1-frozen + |Qit_eff| -10% at 423 K; robustness study v1.3, 423 K only)"
C0091_T423,manual,0,C0091,C0091,423.0,1.176014570519328,1.0279501985758543,-654936708509.922,0.816440998762846,9026f69c4747,6741628a4c1b,5e1d50a6e395,0,True,0,29.988,2.6636590738629735,2.857458647548097,156.8331197650843,0.012290524705665537,1.6897901579650446e-13,ae73669,2026-10-04T00:40:28+00:00,2.6746937974027305,157.0460925497542,True,0.0038507966879751747,3.25,2.857458647548097,0.24086229021437747,5.0,1.9050155527358802e-12,True,True,-2.3582229015418568,-2.2061725768521643,-2.1281488031616185,-2.078590950832866,-2.0435377202636555,-1.996121834585545,-1.964734549986641,-1.941962122265901,-1.9244495990203225,-1.9104295758677483,-1.89887076343319,,9911,93,1.5,False,False,"variant-qitT10 (v1.1-frozen + |Qit_eff| -10% at 423 K; robustness study v1.3, 423 K only)"
C0092_T423,manual,0,C0092,C0092,423.0,1.1464296914637089,0.9598056953400372,-772169590927.6605,0.8882949832826853,9182aeb6de28,6741628a4c1b,5e1d50a6e395,0,True,0,57.831,2.728320313034128,2.8094825027941406,154.6189289058242,0.01249780539785933,1.6897901579650449e-13,ae73669,2026-10-04T00:18:59+00:00,2.7312779298139582,155.1026607980178,True,0.004260768204751051,3.25,2.8094825027941406,0.24523608341726716,5.0,1.897496723709441e-12,True,True,-2.3464710595807055,-2.1902852058516666,-2.1127328370058893,-2.064241121816056,-2.0302624955924298,-1.9846751118441834,-1.9547050376701995,-1.9330488866794007,-1.9164388867886004,-1.9031662419740867,-1.89223897400105,,10145,92,1.5,False,False,"variant-qitT10 (v1.1-frozen + |Qit_eff| -10% at 423 K; robustness study v1.3, 423 K only)"
C0093_T423,manual,0,C0093,C0093,423.0,0.8339512936770916,1.0842129696160554,-1166293444111.9434,1.1843169506639242,133cbc5fda65,6741628a4c1b,5e1d50a6e395,0,True,0,49.823,3.8402515303988745,2.9516647009905834,158.09180432819215,0.011902621433247135,1.6897901579650443e-13,ae73669,2026-10-04T00:18:25+00:00,3.853299802651447,158.20494527102557,True,0.004844941732226561,4.25,2.9516647009905834,0.2327689590911525,5.0,1.224278475863321e-12,True,True,-3.3425577560597652,-2.3337740937373592,-2.1740875009882035,-2.100808740350929,-2.0567094275544977,-2.0043063798650054,-1.9731564475962107,-1.9519832950235767,-1.9364139741026136,-1.9243573790599102,-1.914672990958438,,11900,92,1.5,False,False,"variant-qitT10 (v1.1-frozen + |Qit_eff| -10% at 423 K; robustness study v1.3, 423 K only)"
C0094_T423,manual,0,C0094,C0094,423.0,0.9925235595554114,0.8392846833914519,-500226339325.3088,0.9512582406401634,5def085159d8,6741628a4c1b,5e1d50a6e395,0,True,0,46.738,1.826150015475706,2.812634577466048,150.6726293433768,0.012481840790362174,1.6897901579650443e-13,ae73669,2026-10-04T00:43:56+00:00,1.840029313558325,150.7394723730012,True,0.004641411962825591,2.25,2.812634577466048,0.2451793873449843,5.0,2.5608226087435918e-12,True,True,-2.1821708157859248,-2.1055320928237475,-2.058819870424719,-2.0265824540773902,-2.0026196534069625,-1.9687497966396275,-1.9454640426216898,-1.9281704102597548,-1.9146599039682703,-1.9037213612766988,-1.894627548045983,,10964,92,1.5,False,False,"variant-qitT10 (v1.1-frozen + |Qit_eff| -10% at 423 K; robustness study v1.3, 423 K only)"
C0095_T423,manual,0,C0095,C0095,423.0,1.0800449680536983,1.1164521295577288,-1434326668269.9324,1.071448404341936,7137e34ea37b,6741628a4c1b,5e1d50a6e395,0,True,0,30.649,4.483463675676128,2.832435750183959,159.16718559084185,0.012399726506411952,1.689790157965044e-13,ae73669,2026-10-04T00:41:42+00:00,4.4855659181168654,159.61844251945178,True,0.004606975490666122,5.0,2.832435750183959,0.24291708248481642,5.0,2.5024636869588606e-12,True,True,-6.771065010797184,-2.6794303691846437,-2.26855507980661,-2.145351095698899,-2.080060911158244,-2.008263981351233,-1.9677781069690499,-1.940955070180643,-1.92151310347387,-1.9065878937140561,-1.894664234717335,,10496,92,1.5,False,False,"variant-qitT10 (v1.1-frozen + |Qit_eff| -10% at 423 K; robustness study v1.3, 423 K only)"
C0096_T423,manual,0,C0096,C0096,423.0,1.083824798092246,0.9720518432557584,-1224889716133.475,1.1277809493243691,aba7b2bc01f4,6741628a4c1b,5e1d50a6e395,0,True,0,33.548,3.6877888572534188,2.7476277268356695,154.72292494063544,0.012777169160003961,1.6897901579650449e-13,ae73669,2026-10-04T00:16:51+00:00,3.6951983690284456,155.27302202418613,True,0.004826150550271916,4.25,2.7476277268356695,0.2509482365779464,5.0,1.5292712721403659e-12,True,True,-2.93714305206735,-2.285768569916572,-2.143878725751238,-2.0739712429922985,-2.030518455374426,-1.977528829305768,-1.9452988705861916,-1.923052488257,-1.9065025440802013,-1.893565355439823,-1.8830909271491845,,10496,93,1.5,False,False,"variant-qitT10 (v1.1-frozen + |Qit_eff| -10% at 423 K; robustness study v1.3, 423 K only)"
C0097_T423,manual,0,C0097,C0097,423.0,0.9963395308703183,1.0964788913726806,-838569779880.3448,0.8448462545871736,4edaadd9cae2,6741628a4c1b,5e1d50a6e395,0,True,0,32.584,3.2109372246947294,2.98361978870416,158.81998351958094,0.011775935634333344,1.6897901579650446e-13,ae73669,2026-10-04T00:16:55+00:00,3.2162212010837385,159.3555526762016,True,0.003909366708425842,3.75,2.98361978870416,0.23018526267585923,5.0,1.7194112135676617e-12,True,True,-2.5471888767547126,-2.279011732032575,-2.172892165419208,-2.111885764591361,-2.07104701845135,-2.018331060633375,-1.9848087209495298,-1.9610897812172883,-1.943166288855058,-1.9290045767948107,-1.9174490968624207,,10964,92,1.5,False,False,"variant-qitT10 (v1.1-frozen + |Qit_eff| -10% at 423 K; robustness study v1.3, 423 K only)"
C0098_T423,manual,0,C0098,C0098,423.0,0.8299186684191228,0.8273318998515606,-1485113264061.5105,1.0149156343191863,cfdd493eef34,6741628a4c1b,5e1d50a6e395,0,True,0,49.4,3.8435076705191014,2.9879294955097713,150.186118166033,0.011756557664697439,1.6897901579650449e-13,ae73669,2026-10-04T00:39:32+00:00,3.857654588747726,149.9662066952363,True,0.004772728558980366,4.25,2.9879294955097713,0.2301259870551107,5.0,1.3538448508757405e-12,True,True,-3.342627853295182,-2.3409965742714225,-2.1814545960951253,-2.108007540223916,-2.0637380940928467,-2.010996548075618,-1.9795021999940083,-1.9579877880609096,-1.9420891474480573,-1.9297198216333924,-1.9197410422655279,,11900,91,1.5,False,False,"variant-qitT10 (v1.1-frozen + |Qit_eff| -10% at 423 K; robustness study v1.3, 423 K only)"
C0099_T423,manual,0,C0099,C0099,423.0,1.142433213442564,1.104479542374611,-574443759396.6722,0.90781236179173,9a82c2550327,6741628a4c1b,5e1d50a6e395,0,True,0,45.271,2.672725116685835,2.8190964801592657,158.96343068691792,0.01245676562309359,1.6897901579650443e-13,ae73669,2026-10-04T00:18:51+00:00,2.682348729980214,159.2692855815656,True,0.004064406222697286,3.25,2.8190964801592657,0.2442338958154437,5.0,1.0562349606058064e-12,True,True,-2.3427305941682093,-2.191873003470586,-2.115283085765411,-2.0669125145701246,-2.03283156999944,-1.986917833634183,-1.956656129429219,-1.9347747625470761,-1.9179951255237966,-1.9045947068251123,-1.8935706259396987,,10145,93,1.5,False,False,"variant-qitT10 (v1.1-frozen + |Qit_eff| -10% at 423 K; robustness study v1.3, 423 K only)"
C0100_T423,manual,0,C0100,C0100,423.0,1.1847256120294332,0.8835457146167756,-941585159860.5514,0.9858889408409596,9b13d04a0fe0,6741628a4c1b,5e1d50a6e395,0,True,0,36.094,2.869663691440722,2.717832453474147,152.05853300331384,0.012914993083701296,1.6897901579650443e-13,ae73669,2026-10-04T00:17:33+00:00,2.8833050119859704,152.37667793738115,True,0.004629328191099601,3.25,2.717832453474147,0.25392458972812754,5.0,9.15496844999808e-13,True,True,-2.348794369834611,-2.1752402397531827,-2.094688916038247,-2.0457645196157643,-2.012040816441126,-1.9674074864527487,-1.938382348062472,-1.9175352053241803,-1.901604665461487,-1.8889058220660544,-1.8784686007491054,,9794,93,1.5,False,False,"variant-qitT10 (v1.1-frozen + |Qit_eff| -10% at 423 K; robustness study v1.3, 423 K only)"
C0101_T423,manual,0,C0101,C0101,423.0,0.8971980970352889,1.1607162974774838,-1118002213537.6929,1.09304329007864,28a65457404c,6741628a4c1b,5e1d50a6e395,0,True,0,37.546,3.923860056333199,2.9455601868167864,160.42385802687053,0.011927534213836957,1.6897901579650454e-13,ae73669,2026-10-04T00:17:42+00:00,3.932692374796697,160.86043358548997,True,0.004432115779124881,4.5,2.9455601868167864,0.23321422745328343,5.0,1.5979995889509096e-12,True,True,-3.6639450198159804,-2.3789797423505017,-2.197849881017302,-2.116681655832323,-2.068186546699696,-2.0107843759802337,-1.9767379322723349,-1.9536141467800652,-1.9366143765868284,-1.9234493290042671,-1.9128721813265008,,11549,93,1.5,False,False,"variant-qitT10 (v1.1-frozen + |Qit_eff| -10% at 423 K; robustness study v1.3, 423 K only)"
C0102_T423,manual,0,C0102,C0102,423.0,0.9261319287121296,0.9157888144254684,-705711651593.4468,0.8729762371629477,71ab6684d499,6741628a4c1b,5e1d50a6e395,0,True,0,49.096,2.4741633037111637,2.9538771747551764,153.24660326242068,0.011891166213645646,1.6897901579650446e-13,ae73669,2026-10-04T00:19:06+00:00,2.477701067975217,153.74175445442867,True,0.004200817108251975,3.0,2.9538771747551764,0.23285443390661995,5.0,1.2213704152350548e-12,True,True,-2.300349062197137,-2.177715402863521,-2.112256482378902,-2.0700523632946894,-2.0399767991127526,-1.9990710767996287,-1.9718914602807653,-1.9521402156666456,-1.9369423651394804,-1.9247755503170563,-1.914748397352988,,11315,92,1.5,False,False,"variant-qitT10 (v1.1-frozen + |Qit_eff| -10% at 423 K; robustness study v1.3, 423 K only)"
C0103_T423,manual,0,C0103,C0103,423.0,1.038604225963354,1.0401929311454297,-1357778179459.274,1.1558612827211618,cc8a4128dada,6741628a4c1b,5e1d50a6e395,0,True,0,38.343,4.135100461700559,2.79168088464192,156.81792071633473,0.012578043903884142,1.6897901579650446e-13,ae73669,2026-10-04T00:36:20+00:00,4.147042550543597,156.90104906844314,True,0.0047708171675304315,4.5,2.79168088464192,0.24673989298880591,5.0,1.865992398009972e-12,True,True,-4.713333888298817,-2.4263710726035765,-2.1953922053459496,-2.1035514523607994,-2.050950062459849,-1.9903477808050736,-1.9550474287376882,-1.9312648501181935,-1.9138490110269073,-1.9003868936922748,-1.889579358499987,,10613,93,1.5,False,False,"variant-qitT10 (v1.1-frozen + |Qit_eff| -10% at 423 K; robustness study v1.3, 423 K only)"
C0104_T423,manual,0,C0104,C0104,423.0,1.0082999911159276,0.8180917575955391,-674845458939.6715,1.064841490238905,f1414b092a8d,6741628a4c1b,5e1d50a6e395,0,True,0,48.29,2.1215529554164294,2.747349830130416,149.83586010156492,0.012775890059955714,1.6897901579650449e-13,ae73669,2026-10-04T00:19:04+00:00,2.1348731430910286,149.93935515350836,True,0.004927112922540907,2.5,2.747349830130416,0.2512526582603422,5.0,1.0699241676746369e-12,True,True,-2.190712349956504,-2.101779842633532,-2.0508115750956297,-2.016793485438224,-1.9920364716664691,-1.9577157413841209,-1.9345182953093119,-1.9174730685092198,-1.9042539683298891,-1.8936088340768378,-1.8847955945452282,,10847,93,1.5,False,False,"variant-qitT10 (v1.1-frozen + |Qit_eff| -10% at 423 K; robustness study v1.3, 423 K only)"
C0105_T423,manual,0,C0105,C0105,423.0,0.9207168769091368,1.1378403671085835,-1265570701099.932,0.956320858001709,eaa02b425e89,6741628a4c1b,5e1d50a6e395,0,True,0,46.391,4.189685899053444,3.013421897509234,159.91041580075495,0.01166148818171962,1.6897901579650443e-13,ae73669,2026-10-04T00:42:30+00:00,4.197252531383203,160.18183703631516,True,0.00413737850301273,4.75,3.013421897509234,0.22771015501293523,5.0,1.512047975649736e-12,True,True,-4.995283758355889,-2.5110746606481062,-2.255492741612782,-2.1549560945954305,-2.097454968745492,-2.0312516788956887,-1.9927328709198433,-1.966819275578927,-1.9478713912846406,-1.9332460235163056,-1.921520020905964,,11432,93,1.5,False,False,"variant-qitT10 (v1.1-frozen + |Qit_eff| -10% at 423 K; robustness study v1.3, 423 K only)"
C0106_T423,manual,0,C0106,C0106,423.0,0.855956170707941,0.9827564463019371,-911629755981.2664,1.1768785309046508,891ff53c199f,6741628a4c1b,5e1d50a6e395,0,True,0,46.175,3.0582356122601007,2.88792982946127,155.02023437821666,0.012161488663876566,1.6897901579650443e-13,ae73669,2026-10-04T00:18:21+00:00,3.0698055213047146,155.19027279424057,True,0.005002825821100652,3.5,2.88792982946127,0.23828659910625635,5.0,1.5481188688958356e-12,True,True,-2.39221208658399,-2.1895864875403612,-2.10630869150621,-2.058225012460657,-2.0260595394419485,-1.9846485501080864,-1.9584165251116632,-1.9399206928391355,-1.9259885731692754,-1.9150132606771113,-1.906083126218124,,11666,92,1.5,False,False,"variant-qitT10 (v1.1-frozen + |Qit_eff| -10% at 423 K; robustness study v1.3, 423 K only)"
C0107_T423,manual,0,C0107,C0107,423.0,1.1683732502162456,1.0614575304090976,-1024876376613.9746,0.8941893208771944,f5f0dfe4cfbe,6741628a4c1b,5e1d50a6e395,0,True,0,30.585,3.5112796878575816,2.8426810257515496,157.71144564927553,0.0123546857755439,1.6897901579650443e-13,ae73669,2026-10-04T00:40:59+00:00,3.5147724198261514,158.05904589172692,True,0.004196035098110425,4.0,2.8426810257515496,0.2420797351614716,5.0,1.2584603498178026e-12,True,True,-2.744344128760445,-2.307325659959853,-2.1753647024254636,-2.1049326308414824,-2.059430000600051,-2.0022427889166696,-1.9666038000614212,-1.9416536035640029,-1.9229163203813997,-1.9081682958048205,-1.8961637641442726,,9911,92,1.5,False,False,"variant-qitT10 (v1.1-frozen + |Qit_eff| -10% at 423 K; robustness study v1.3, 423 K only)"
C0108_T423,manual,0,C0108,C0108,423.0,1.1106656488031148,0.9264709301292896,-1392018008045.8523,0.8222658880054952,1a2ac5caf743,6741628a4c1b,5e1d50a6e395,0,True,0,58.164,3.940342759400397,2.926724387026847,153.67760880477633,0.012001921192816054,1.6897901579650446e-13,ae73669,2026-10-04T00:19:58+00:00,3.948385154569282,154.10465228615166,True,0.00402147443897803,4.5,2.926724387026847,0.23494821492909052,5.0,1.1719592310499571e-12,True,True,-3.7333755208522077,-2.4217310390372058,-2.2282607684151787,-2.139573838048652,-2.085872317895234,-2.0214497419732567,-1.982672573620048,-1.9560189472465104,-1.936221315579262,-1.9207492292311028,-1.9082163864578985,,10262,93,1.5,False,False,"variant-qitT10 (v1.1-frozen + |Qit_eff| -10% at 423 K; robustness study v1.3, 423 K only)"
C0109_T423,manual,0,C0109,C0109,423.0,0.8232355993241072,1.0051947608590126,-544518936425.4475,1.1050061747431754,a4b73e58ace2,6741628a4c1b,5e1d50a6e395,0,True,0,53.014,2.353253460488062,2.9351296090490093,155.77644988635132,0.011967769935356476,1.6897901579650449e-13,ae73669,2026-10-04T00:19:18+00:00,2.366728034196633,155.71196010667109,True,0.004714569770433154,2.75,2.9351296090490093,0.2342787883893849,5.0,1.1236718930285748e-12,True,True,-2.24517153044253,-2.1407509894907704,-2.084219471599611,-2.047613270054882,-2.0214979117494125,-1.9860053786386331,-1.9624871245445235,-1.945456446691107,-1.9324004481254953,-1.9219867681398355,-1.9134350782657699,,11900,91,1.5,False,False,"variant-qitT10 (v1.1-frozen + |Qit_eff| -10% at 423 K; robustness study v1.3, 423 K only)"
C0110_T423,manual,0,C0110,C0110,423.0,0.950509274750948,0.874328825622797,-1132712818682.1938,0.934450852498412,adc29099be00,6741628a4c1b,5e1d50a6e395,0,True,0,49.344,3.2470448214689953,2.9131632824869804,151.8254277989821,0.012055766476927453,1.6897901579650449e-13,ae73669,2026-10-04T00:44:46+00:00,3.247440784044193,152.20895044218952,True,0.004492433720114027,3.75,2.9131632824869804,0.23626143954200565,5.0,2.34451454323947e-12,True,True,-2.51330822949744,-2.24303113368229,-2.1418413095863134,-2.0849725522995857,-2.047385592383819,-1.999358247290333,-1.969044121254479,-1.9476679942111619,-1.9315399488629679,-1.9188051729996656,-1.9084161436683165,,11198,92,1.5,False,False,"variant-qitT10 (v1.1-frozen + |Qit_eff| -10% at 423 K; robustness study v1.3, 423 K only)"
C0111_T423,manual,0,C0111,C0111,423.0,1.0630794189870358,1.1940546914935113,-807734168134.6298,1.0429218355566263,f7042e02e4d5,6741628a4c1b,5e1d50a6e395,0,True,0,31.341,3.3548911536818564,2.822813982645923,161.45614905514793,0.012441309375950707,1.6897901579650443e-13,ae73669,2026-10-04T00:42:14+00:00,3.368279075617583,161.46155665478702,True,0.004397786992139252,3.75,2.822813982645923,0.2438159421832806,5.0,2.233792086224261e-12,True,True,-2.587446032555522,-2.2586023423785035,-2.145283255504214,-2.082950813475379,-2.0421686367116707,-1.9905030136311896,-1.9581643939584679,-1.9355060068403913,-1.9185008182082985,-1.9051339102541016,-1.894271613368827,,10613,92,1.5,False,False,"variant-qitT10 (v1.1-frozen + |Qit_eff| -10% at 423 K; robustness study v1.3, 423 K only)"
C0112_T423,manual,0,C0112,C0112,423.0,1.057936077564955,0.8506323944777251,-1304820289835.3335,0.8513277050107718,a0e1b1637e54,6741628a4c1b,5e1d50a6e395,0,True,0,30.631,3.5465111003799867,2.900426570911756,151.16472819854988,0.012108306188641497,1.6897901579650446e-13,ae73669,2026-10-04T00:17:21+00:00,3.557874668388976,151.40333800851235,True,0.004335640107760558,4.0,2.900426570911756,0.23733112406683873,5.0,1.1251052173255616e-12,True,True,-2.765433331918857,-2.3059135707772342,-2.1747072079082237,-2.1059018424870564,-2.061860016569055,-2.006887346559536,-1.9727779117951985,-1.9489301157639822,-1.9310209087514938,-1.9169166053603197,-1.9054266850493233,,10613,92,1.5,False,False,"variant-qitT10 (v1.1-frozen + |Qit_eff| -10% at 423 K; robustness study v1.3, 423 K only)"
C0113_T423,manual,0,C0113,C0113,423.0,0.9704689301550388,1.1808868367224932,-629736830480.3967,1.1713728610426188,1756ace54c04,6741628a4c1b,5e1d50a6e395,0,True,0,33.069,2.9449074432081366,2.810295211146659,160.94402075938717,0.012495772282108807,1.689790157965044e-13,ae73669,2026-10-04T00:17:28+00:00,2.951312729570715,161.23509290271576,True,0.004693461789086761,3.5,2.810295211146659,0.2450076040927547,5.0,2.1817332593657853e-12,True,True,-2.367990894962519,-2.183158451492937,-2.101484879517326,-2.0529400834176426,-2.019935778319448,-1.9768692539867574,-1.9492890677584402,-1.9297219419774385,-1.9149249826479928,-1.9032368978013376,-1.8937079185640326,,11081,93,1.5,False,False,"variant-qitT10 (v1.1-frozen + |Qit_eff| -10% at 423 K; robustness study v1.3, 423 K only)"
C0114_T423,manual,0,C0114,C0114,423.0,0.805592204257846,0.9484705727547408,-1045571238733.828,0.9884148009121418,7f16b38788cb,6741628a4c1b,5e1d50a6e395,0,True,0,49.85,3.2615754932922965,3.036006998683264,154.13038626751884,0.011573508947736037,1.6897901579650443e-13,ae73669,2026-10-04T00:40:23+00:00,3.2651367684397545,154.460836157866,True,0.00450002609346198,3.75,3.036006998683264,0.22616946042755876,5.0,1.3930458619992482e-12,True,True,-2.5224247789468066,-2.2504207159862113,-2.1508848144789865,-2.09548242800774,-2.059096380665982,-2.0129163718049576,-1.983986755537412,-1.96371175073441,-1.948494808050114,-1.93653494825662,-1.926818373885036,,12017,92,1.5,False,False,"variant-qitT10 (v1.1-frozen + |Qit_eff| -10% at 423 K; robustness study v1.3, 423 K only)"
C0115_T423,manual,0,C0115,C0115,423.0,1.1181252505630257,1.0197664368897676,-892888279631.7339,1.0841910526156426,ccf987bbe31a,6741628a4c1b,5e1d50a6e395,0,True,0,49.346,3.118504830326236,2.7340751447514022,156.25131542176308,0.01284015818644322,1.689790157965044e-13,ae73669,2026-10-04T00:19:41+00:00,3.131591649862722,156.31614996118049,True,0.004687916894551814,3.5,2.7340751447514022,0.2522222652632958,5.0,2.0014272176227448e-12,True,True,-2.4302896160204517,-2.200707900340007,-2.1074792294061995,-2.053609392310917,-2.0174812081190763,-1.970781317343085,-1.9410418767890252,-1.9199733229742753,-1.9040349796313911,-1.891429625871821,-1.8811356337224716,,10145,91,1.5,False,False,"variant-qitT10 (v1.1-frozen + |Qit_eff| -10% at 423 K; robustness study v1.3, 423 K only)"
C0116_T423,manual,0,C0116,C0116,423.0,1.1602086149156094,0.992207445576787,-525655097328.12646,1.0123424004763364,c49c338fc296,6741628a4c1b,5e1d50a6e395,0,True,0,38.904,2.287347776844428,2.713993665815641,155.44708296720995,0.012933795575312686,1.6897901579650446e-13,ae73669,2026-10-04T00:18:13+00:00,2.296558854694738,155.71962832658863,True,0.0046460317988738405,2.75,2.713993665815641,0.25422555659908186,5.0,8.932186587595758e-13,True,True,-2.2347049790377564,-2.1278825411684923,-2.0681495164858497,-2.0287279172283297,-2.0002280218145274,-1.9609556271254875,-1.9345577962535676,-1.9152330231994428,-1.9002863058862574,-1.8882740075620326,-1.8783438429615353,,10028,92,1.5,False,False,"variant-qitT10 (v1.1-frozen + |Qit_eff| -10% at 423 K; robustness study v1.3, 423 K only)"
C0117_T423,manual,0,C0117,C0117,423.0,0.8726870127022267,1.0634805630892514,-1412834651768.2075,0.9165165174752474,9adcbdf172cb,6741628a4c1b,5e1d50a6e395,0,True,0,43.444,4.32432906461968,3.0794157855754314,157.76769049726124,0.011413459232497678,1.6897901579650446e-13,ae73669,2026-10-04T00:18:26+00:00,4.337940253540678,157.80965948630276,True,0.004180236996380214,4.75,3.0794157855754314,0.22265716178705522,5.0,2.0675763712151833e-12,True,True,-5.799315669448112,-2.590113191806103,-2.281759896816941,-2.171925581135263,-2.1110271164855257,-2.0422883892274504,-2.002855222725983,-1.9765175322688904,-1.9573422144999095,-1.942582708088602,-1.9307721358737815,,11549,92,1.5,False,False,"variant-qitT10 (v1.1-frozen + |Qit_eff| -10% at 423 K; robustness study v1.3, 423 K only)"
C0118_T423,manual,0,C0118,C0118,423.0,0.9000522952526808,0.8068463135510684,-762503165751.6957,1.1494769029319287,b48ed3f907d7,6741628a4c1b,5e1d50a6e395,0,True,0,47.634,2.2664528024091113,2.798692265963447,149.36677665518,0.01254339228003659,1.6897901579650449e-13,ae73669,2026-10-04T00:19:54+00:00,2.2712392991787125,149.58626542355358,True,0.0052177610475432215,2.75,2.798692265963447,0.24647098461141811,5.0,1.7133855823974474e-12,True,True,-2.2002106837227,-2.1058501731286037,-2.053942380211297,-2.020050553931857,-1.9957303572458347,-1.9624599586208247,-1.940247091603232,-1.9240600046877043,-1.9115834138768588,-1.9015849954616266,-1.8933404261060094,,11549,92,1.5,False,False,"variant-qitT10 (v1.1-frozen + |Qit_eff| -10% at 423 K; robustness study v1.3, 423 K only)"
C0119_T423,manual,0,C0119,C0119,423.0,1.0125308867543936,1.1371234994381667,-1172084170393.6458,0.8294828057289124,90e36b741075,6741628a4c1b,5e1d50a6e395,0,True,0,33.354,4.004125061457004,3.0287353160562294,160.032094242192,0.011603173144795923,1.6897901579650443e-13,ae73669,2026-10-04T00:36:53+00:00,4.0054863812904395,160.44377166547673,True,0.0038740554055927577,4.5,3.0287353160562294,0.2264885928328026,5.0,2.334566928682105e-12,True,True,-4.018958079575843,-2.467637296022585,-2.2571790313899713,-2.1630522220281403,-2.1065559593884364,-2.0392479170427613,-1.999021730657879,-1.9715344443536345,-1.951223253148812,-1.9354232270812872,-1.9226779090282151,,10847,92,1.5,False,False,"variant-qitT10 (v1.1-frozen + |Qit_eff| -10% at 423 K; robustness study v1.3, 423 K only)"
C0120_T423,manual,0,C0120,C0120,423.0,1.0343642048537731,0.9092728260904552,-856815369799.7332,0.9380952771753072,e58b01f935eb,6741628a4c1b,5e1d50a6e395,0,True,0,48.57,2.7666959769494563,2.838010884455726,152.94665206211693,0.01237246317214178,1.6897901579650449e-13,ae73669,2026-10-04T00:19:53+00:00,2.7717090483970868,153.30574069063624,True,0.004498657534280774,3.25,2.838010884455726,0.2427560380494655,5.0,2.0331186088088985e-12,True,True,-2.3407236662653306,-2.1837640654277877,-2.107724295001565,-2.060754137341504,-2.0280897294646887,-1.9845677865550906,-1.956133081317335,-1.9356694076225724,-1.9200200738482565,-1.9075438302352874,-1.8972917989898375,,10730,92,1.5,False,False,"variant-qitT10 (v1.1-frozen + |Qit_eff| -10% at 423 K; robustness study v1.3, 423 K only)"
C0121_T423,manual,0,C0121,C0121,423.0,0.9467995919287204,1.0348427262157205,-1204690785147.2498,1.0329451207071545,229a291ca046,6741628a4c1b,5e1d50a6e395,0,True,0,50.921,3.8105425483728927,2.9106777497693415,156.76243287113778,0.012068007545032148,1.6897901579650446e-13,ae73669,2026-10-04T00:43:21+00:00,3.8226862470616774,156.9890802187982,True,0.004584651174951445,4.25,2.9106777497693415,0.23625463621180384,5.0,1.3349399204402702e-12,True,True,-3.259719128137942,-2.3466714897765124,-2.185018338926508,-2.108586615177187,-2.061905190512124,-2.0057362512201506,-1.9719600819250864,-1.9488173871493075,-1.9316934805953527,-1.9183644269719577,-1.9076102763488096,,11198,92,1.5,False,False,"variant-qitT10 (v1.1-frozen + |Qit_eff| -10% at 423 K; robustness study v1.3, 423 K only)"
C0122_T423,manual,0,C0122,C0122,423.0,0.8804580222815276,0.8914899144321681,-621009697206.3184,0.8002800412476063,c448278be3fe,6741628a4c1b,5e1d50a6e395,0,True,0,44.403,2.2376635093878052,3.034676813210387,152.563325581341,0.011576991802312765,1.689790157965045e-13,ae73669,2026-10-04T00:19:05+00:00,2.2394637827052755,153.0237737606358,True,0.004008070717444379,2.75,3.034676813210387,0.22642777433758418,5.0,1.583353468573191e-12,True,True,-2.2806637262763725,-2.176429272396669,-2.117233870961046,-2.07788430206447,-2.0493190852712555,-2.009820319870694,-1.9831955374906574,-1.9636732843610962,-1.948558899724889,-1.9364042742334802,-1.9263525211895973,,11549,92,1.5,False,False,"variant-qitT10 (v1.1-frozen + |Qit_eff| -10% at 423 K; robustness study v1.3, 423 K only)"
C0123_T423,manual,0,C0123,C0123,423.0,1.1928932216018435,1.16434532366693,-1444406559690.833,1.120860980451107,8510013ef7e1,6741628a4c1b,5e1d50a6e395,0,True,0,29.553,4.6116954620234685,2.750867344908496,160.51916641272757,0.012764889907388836,1.6897901579650446e-13,ae73669,2026-10-04T00:41:29+00:00,4.624644516291898,160.4532621356175,True,0.004644269789746193,5.0,2.750867344908496,0.25035142999955545,5.0,1.3502202828030718e-12,True,True,-7.5464245631277365,-2.8296087450064284,-2.2832017309883974,-2.1452980479552446,-2.074968335213277,-1.9992250924903765,-1.957088783861357,-1.9293525877348985,-1.9093232106409308,-1.8939829264781962,-1.8817467102932444,,9794,91,1.5,False,False,"variant-qitT10 (v1.1-frozen + |Qit_eff| -10% at 423 K; robustness study v1.3, 423 K only)"
C0124_T423,manual,0,C0124,C0124,423.0,1.1349765859544276,0.8477270748466254,-1077173608355.224,1.199012316390872,488cb503454b,6741628a4c1b,5e1d50a6e395,0,True,0,57.527,3.0387959818064445,2.6428901966754195,150.66808120094487,0.013277745265697829,1.6897901579650446e-13,ae73669,2026-10-04T00:20:56+00:00,3.0480116691745414,150.9215123113806,True,0.005383807014851996,3.5,2.6428901966754195,0.2614684749399679,5.0,1.204203403659676e-12,True,True,-2.3549424362523372,-2.155507494498247,-2.072326274638574,-2.023931171083497,-1.9913660971051064,-1.94913630149482,-1.9221444965728434,-1.9029621899738878,-1.8884110734214354,-1.876875667573644,-1.867436319889789,,10145,92,1.5,False,False,"variant-qitT10 (v1.1-frozen + |Qit_eff| -10% at 423 K; robustness study v1.3, 423 K only)"
C0125_T423,manual,0,C0125,C0125,423.0,0.8475528307259084,1.1205595437437297,-988273341208.6964,0.8783817458897829,660f0e878458,6741628a4c1b,5e1d50a6e395,0,True,0,53.099,3.5772061803031643,3.1093907439890036,159.48575817422685,0.011304598379928513,1.689790157965045e-13,ae73669,2026-10-04T00:20:11+00:00,3.591073995814412,159.5277229106298,True,0.003993632232421621,4.0,3.1093907439890036,0.22039998703153857,5.0,1.555665069236846e-12,True,True,-2.8358485663844837,-2.3430817429073754,-2.207425535401157,-2.13689993219512,-2.0919903747646016,-2.0362933377864394,-2.0020352796352925,-1.9782827031105312,-1.960583667231747,-1.9467448622862622,-1.9355454339513223,,11783,92,1.5,False,False,"variant-qitT10 (v1.1-frozen + |Qit_eff| -10% at 423 K; robustness study v1.3, 423 K only)"
C0126_T423,manual,0,C0126,C0126,423.0,0.9763829570263624,0.9529872234910728,-1337457366287.7085,1.0610491745173931,9f125943d822,6741628a4c1b,5e1d50a6e395,0,True,0,52.573,3.877664747442497,2.8600543564984773,154.18808573825615,0.012278924087389145,1.6897901579650446e-13,ae73669,2026-10-04T00:45:39+00:00,3.8905267439039117,154.3979772543186,True,0.004658317561045482,4.25,2.8600543564984773,0.24070246800310763,5.0,1.4884733288624911e-12,True,True,-3.472300749176141,-2.3491887522781276,-2.1785368911323983,-2.1004630056925424,-2.0534210277759306,-1.9973398923221068,-1.963827874271488,-1.9409288296765248,-1.9240058811449496,-1.9108396855874186,-1.9002180926949608,,11081,93,1.5,False,False,"variant-qitT10 (v1.1-frozen + |Qit_eff| -10% at 423 K; robustness study v1.3, 423 K only)"
C0127_T423,manual,0,C0127,C0127,423.0,1.088959014043212,1.078580055013299,-724079496227.2048,0.9662503898143768,030754e95b49,6741628a4c1b,5e1d50a6e395,0,True,0,29.316,2.9186252908912396,2.818952227352552,158.13658106175714,0.012457178053822517,1.6897901579650443e-13,ae73669,2026-10-04T00:42:43+00:00,2.928468222421045,158.62805445241125,True,0.004232681515949017,3.5,2.818952227352552,0.24427284983717423,5.0,2.104639586644544e-12,True,True,-2.392678152970934,-2.2058000603845405,-2.120261102827026,-2.068558078679719,-2.0330290271887717,-1.986180496259648,-1.955861210038737,-1.934181741307389,-1.9176830659171962,-1.9045803280184426,-1.8938474328128838,,10379,93,1.5,False,False,"variant-qitT10 (v1.1-frozen + |Qit_eff| -10% at 423 K; robustness study v1.3, 423 K only)"
C0128_T423,manual,0,C0128,C0128,423.0,1.089798828586936,0.8682020150125027,-1078854058869.1832,1.0848192799836398,834dce3e0f0c,6741628a4c1b,5e1d50a6e395,0,True,0,30.759,3.106860909583785,2.725808406614418,151.44288032527675,0.012877200850249456,1.6897901579650446e-13,ae73669,2026-10-04T00:17:52+00:00,3.1205201872667714,151.44561641094634,True,0.004949070018241134,3.5,2.725808406614418,0.2531886623087156,5.0,2.973073644551867e-12,True,True,-2.407677835554937,-2.1866984925117006,-2.097127125564515,-2.0454893141071975,-2.0109049763062568,-1.9662291499222322,-1.9377672528204761,-1.9175809804991613,-1.9022892488731602,-1.8901785304083607,-1.8802754429034676,,10379,91,1.5,False,False,"variant-qitT10 (v1.1-frozen + |Qit_eff| -10% at 423 K; robustness study v1.3, 423 K only)"
C0129_T423,manual,0,C0129,C0129,423.0,0.977278084680438,1.187535583972931,-980729734525.0844,0.9925596069544552,9c24c6817dd5,6741628a4c1b,5e1d50a6e395,0,True,0,32.735,3.7053279077109686,2.9285344889588476,161.30779795955297,0.01199630415966139,1.689790157965045e-13,ae73669,2026-10-04T00:18:01+00:00,3.710927979417581,161.5519299751841,True,0.0042448286711672875,4.25,2.9285344889588476,0.23461709590468913,5.0,2.8296030783448253e-12,True,True,-3.022334444292353,-2.341739840628734,-2.1906290598851017,-2.1156039444308585,-2.0687758445302786,-2.011529297026146,-1.9766967826729533,-1.9526861228232186,-1.9348586848610363,-1.9209525314763694,-1.9097172065236057,,11081,91,1.5,False,False,"variant-qitT10 (v1.1-frozen + |Qit_eff| -10% at 423 K; robustness study v1.3, 423 K only)"
C0130_T423,manual,0,C0130,C0130,423.0,0.8499551512300969,0.9324508778750896,-1318572686985.135,1.1719035148620605,7b79f994094d,6741628a4c1b,5e1d50a6e395,0,True,0,51.713,3.777046979263767,2.9118190426819677,153.42734512600776,0.012062388761901369,1.6897901579650456e-13,ae73669,2026-10-04T00:41:15+00:00,3.784111316560047,153.59653228361225,True,0.005053033426462741,4.25,2.9118190426819677,0.2362684778326233,5.0,1.071059081668993e-12,True,True,-3.135494494207613,-2.3049689284954207,-2.1576816549711078,-2.088496521627351,-2.0464725298574336,-1.9961774936962793,-1.9660824101476808,-1.9455278227648856,-1.9303547194899426,-1.9185666786483722,-1.9090715683729869,,11783,92,1.5,False,False,"variant-qitT10 (v1.1-frozen + |Qit_eff| -10% at 423 K; robustness study v1.3, 423 K only)"
C0131_T423,manual,0,C0131,C0131,423.0,1.1374342195689675,1.011566999554634,-744921193458.1399,0.8553745560348034,36a0551f38ae,6741628a4c1b,5e1d50a6e395,0,True,0,49.589,2.8069147768374467,2.851095756800564,156.27877607850672,0.012317508741321788,1.6897901579650443e-13,ae73669,2026-10-04T00:20:31+00:00,2.8193807455902555,156.40232599387994,True,0.004128679681972573,3.25,2.851095756800564,0.24144625117794152,5.0,1.1182773457241169e-12,True,True,-2.3819329734378134,-2.2114825388251265,-2.1288134573915407,-2.077597201384973,-2.0418916773075675,-1.9941978222080443,-1.9629658682917286,-1.9404567052305886,-1.9232255687069795,-1.9094771208487529,-1.8981716926563181,,10145,92,1.5,False,False,"variant-qitT10 (v1.1-frozen + |Qit_eff| -10% at 423 K; robustness study v1.3, 423 K only)"
C0132_T423,manual,0,C0132,C0132,423.0,1.1920168098062276,0.976189798116684,-862154088914.3944,0.8272911135107279,a23a6efc1d86,6741628a4c1b,5e1d50a6e395,0,True,0,38.048,2.96418594021276,2.8433604793282186,155.20297935649057,0.012350692354218241,1.6897901579650449e-13,ae73669,2026-10-04T00:18:51+00:00,2.969114269678733,155.67873329244625,True,0.004034943249365873,3.5,2.8433604793282186,0.2421336998390275,5.0,2.3239563915902123e-12,True,True,-2.432463380305787,-2.2316907999383426,-2.1402549632550807,-2.0849675998698656,-2.04692077631284,-1.9966215098851745,-1.963943860616773,-1.9404908521981208,-1.9225797534498634,-1.9083086960732676,-1.896583110910999,,9794,92,1.5,False,False,"variant-qitT10 (v1.1-frozen + |Qit_eff| -10% at 423 K; robustness study v1.3, 423 K only)"
C0133_T423,manual,0,C0133,C0133,423.0,0.8795507114380599,1.055279841274023,-1201308987103.4026,1.1437705393880606,5a61d6a9d95d,6741628a4c1b,5e1d50a6e395,0,True,0,40.201,3.8461108519068676,2.9187562720711306,157.28970451351344,0.012035156997262415,1.689790157965045e-13,ae73669,2026-10-04T00:19:06+00:00,3.859386110196321,157.21839419367933,True,0.0047861672053559155,4.25,2.9187562720711306,0.23555241029042068,5.0,2.924136370189096e-12,True,True,-3.3630607268653034,-2.3380435104591517,-2.1754572884475216,-2.1006591719393852,-2.055559470055667,-2.0018542216618824,-1.9698524360468586,-1.9480563052376585,-1.9320007547879225,-1.9195482400295811,-1.9095317771903042,,11549,92,1.5,False,False,"variant-qitT10 (v1.1-frozen + |Qit_eff| -10% at 423 K; robustness study v1.3, 423 K only)"
C0134_T423,manual,0,C0134,C0134,423.0,0.9443606741726398,0.8244146436452866,-597963097505.2715,0.9144227549433708,2e003cf36eda,6741628a4c1b,5e1d50a6e395,0,True,0,47.241,1.9900576535510694,2.8735708519406664,150.23453253332997,0.012219189596563696,1.6897901579650446e-13,ae73669,2026-10-04T00:20:42+00:00,1.9914577511331815,150.61905191662868,True,0.0045010770779170045,2.5,2.8735708519406664,0.2397885455601627,5.0,1.4969835526016938e-12,True,True,-2.208783467399108,-2.124025102838215,-2.0738305604379974,-2.039734876903578,-2.01464609442639,-1.9795146362558362,-1.955559934859881,-1.9378614346494294,-1.9240836726907584,-1.9129575965002907,-1.9037261090084676,,11198,92,1.5,False,False,"variant-qitT10 (v1.1-frozen + |Qit_eff| -10% at 423 K; robustness study v1.3, 423 K only)"
C0135_T423,manual,0,C0135,C0135,423.0,1.031894388049841,1.143774300068617,-1461589876562.357,1.0067335851490498,1a5c99bf889b,6741628a4c1b,5e1d50a6e395,0,True,0,32.713,4.60866199776817,2.912955261073712,160.0333402362487,0.012060335730608397,1.6897901579650446e-13,ae73669,2026-10-04T00:37:26+00:00,4.62221925294731,160.0333489812762,True,0.004336020958712392,5.0,2.912955261073712,0.23587536923409208,5.0,2.8180267200026933e-12,True,True,-7.527017695124967,-2.8478603209835853,-2.311236778419525,-2.1727370446745065,-2.101746719511952,-2.0251232621898647,-1.9824685228376224,-1.9544001043246946,-1.9341435860341998,-1.91864060231849,-1.9062837668863373,,10730,91,1.5,False,False,"variant-qitT10 (v1.1-frozen + |Qit_eff| -10% at 423 K; robustness study v1.3, 423 K only)"
C0136_T423,manual,0,C0136,C0136,423.0,1.0149576153606177,0.9221613362431528,-505847261287.272,1.1233446646481753,4947a89498ca,6741628a4c1b,5e1d50a6e395,0,True,0,48.911,2.055661884439387,2.733295002654537,153.15513015537363,0.01284223447330859,1.6897901579650443e-13,ae73669,2026-10-04T00:20:43+00:00,2.0671963306688603,153.27235417697327,True,0.005015271952121248,2.5,2.733295002654537,0.25247035165182236,5.0,1.1446798370284839e-12,True,True,-2.1827018549356394,-2.0969408666005696,-2.0470923312280997,-2.013583175488113,-1.9890977336571782,-1.9550518473950025,-1.9320012876614527,-1.9150601618860945,-1.9019273865144681,-1.8913594050055342,-1.8826174710450678,,10847,92,1.5,False,False,"variant-qitT10 (v1.1-frozen + |Qit_eff| -10% at 423 K; robustness study v1.3, 423 K only)"
C0137_T423,manual,0,C0137,C0137,423.0,0.9025343369692564,1.046173346787691,-1430693255737.4238,0.8054990541189909,08059280d630,6741628a4c1b,5e1d50a6e395,0,True,0,52.436,4.329509299502913,3.138819921382777,157.39486002965486,0.011199419240252775,1.6897901579650449e-13,ae73669,2026-10-04T00:44:14+00:00,4.343969736389905,157.5460632544865,True,0.0038601914442597954,4.75,3.138819921382777,0.21825138661728932,5.0,1.316796477900898e-12,True,True,-5.8220017603524985,-2.6238169212750573,-2.308537948353656,-2.1941409236821907,-2.130160864090384,-2.057425766302666,-2.0154300205561,-1.9872599425202804,-1.966683894565929,-1.9508044976238388,-1.9380693668756448,,11549,92,1.5,False,False,"variant-qitT10 (v1.1-frozen + |Qit_eff| -10% at 423 K; robustness study v1.3, 423 K only)"
C0138_T423,manual,0,C0138,C0138,423.0,0.8735512472689152,0.8770270928740502,-768997764214.8733,1.035526567697525,6e4c8611429f,6741628a4c1b,5e1d50a6e395,0,True,0,41.511,2.487731560896646,2.8967117118070287,151.7763886009409,0.012123451758526338,1.6897901579650454e-13,ae73669,2026-10-04T00:19:47+00:00,2.4893629347623736,152.21031837222486,True,0.004732825488597773,3.0,2.8967117118070287,0.23768855624014684,5.0,2.253439686789813e-12,True,True,-2.264448877082869,-2.1477835514392645,-2.086747306862853,-2.0478344737676246,-2.0203084142700645,-1.983134255449896,-1.958597860570059,-1.9408486556710665,-1.9272386183223764,-1.916373711336935,-1.90744112659341,,11549,92,1.5,False,False,"variant-qitT10 (v1.1-frozen + |Qit_eff| -10% at 423 K; robustness study v1.3, 423 K only)"
C0139_T423,manual,0,C0139,C0139,423.0,1.1611281625926495,1.1545897759497166,-1171445165760.8152,0.9434116713702678,5a2dec7046e1,6741628a4c1b,5e1d50a6e395,0,True,0,28.385,4.032755096726445,2.8486387596480474,160.41280763709065,0.012330187689556559,1.6897901579650446e-13,ae73669,2026-10-04T00:41:57+00:00,4.041131420094493,160.72354703961912,True,0.004253937728974378,4.5,2.8486387596480474,0.24143180535782915,5.0,1.942927736798248e-12,True,True,-4.1563401526098325,-2.4430222926757295,-2.227248898210664,-2.1330653739655445,-2.0770580692144773,-2.0107418068845995,-1.9712738171598625,-1.9443555031759108,-1.9244828042890287,-1.9090303125430899,-1.8965671651051286,,10028,92,1.5,False,False,"variant-qitT10 (v1.1-frozen + |Qit_eff| -10% at 423 K; robustness study v1.3, 423 K only)"
C0140_T423,manual,0,C0140,C0140,423.0,1.1157107528299093,0.8332653470337391,-1288678292185.068,0.9653282169252634,590caa5e0e79,6741628a4c1b,5e1d50a6e395,0,True,0,58.405,3.453998709605153,2.780005437517842,150.44759117072203,0.012628056555487053,1.6897901579650438e-13,ae73669,2026-10-04T00:21:55+00:00,3.4599592734374403,150.94476547884005,True,0.004626215839232622,4.0,2.780005437517842,0.24806900873488336,5.0,2.362117768301704e-12,True,True,-2.6377886933076296,-2.2566231688755165,-2.138233175263733,-2.0750231782685677,-2.034243576969836,-1.9830465054916753,-1.9511341366390127,-1.9287631824696923,-1.9119337081938346,-1.8986634817623236,-1.8878433744315644,,10262,92,1.5,False,False,"variant-qitT10 (v1.1-frozen + |Qit_eff| -10% at 423 K; robustness study v1.3, 423 K only)"
C0141_T423,manual,0,C0141,C0141,423.0,0.8031468074768782,1.1108021393418313,-651734295301.1394,1.057393580302596,244afea5bddf,6741628a4c1b,5e1d50a6e395,0,True,0,51.641,2.8373110407290496,3.0150892642710474,159.0218430990635,0.011654537097230081,1.6897901579650443e-13,ae73669,2026-10-04T00:21:03+00:00,2.850756061102765,159.09208412301967,True,0.004481438098874586,3.25,3.0150892642710474,0.22765446037383888,5.0,1.7114724595734972e-12,True,True,-2.362454366693523,-2.199230536182366,-2.1234236579153394,-2.077542997516931,-2.0460636325111876,-2.004704980141951,-1.9780880195351926,-1.959160145098061,-1.9448301379406685,-1.9335049714021797,-1.9242703538398893,,12017,92,1.5,False,False,"variant-qitT10 (v1.1-frozen + |Qit_eff| -10% at 423 K; robustness study v1.3, 423 K only)"
C0142_T423,manual,0,C0142,C0142,423.0,0.9696169264614584,0.965873870998621,-1047926864586.7704,0.8773622140288353,c59db72060fe,6741628a4c1b,5e1d50a6e395,0,True,0,48.796,3.3208611994892996,2.95961563726458,154.82344556729643,0.011869340126683085,1.6897901579650446e-13,ae73669,2026-10-04T00:46:28+00:00,3.3345679854127397,155.001607099861,True,0.004212692020907016,3.75,2.95961563726458,0.23227020780807567,5.0,1.695830942671365e-12,True,True,-2.584508949295782,-2.2766229066592425,-2.1658817313407432,-2.1042172777849038,-2.0636211174563686,-2.011905511572427,-1.9793524802914984,-1.9564424713135669,-1.9391838227608453,-1.9255734248791325,-1.9144815068300292,,11081,92,1.5,False,False,"variant-qitT10 (v1.1-frozen + |Qit_eff| -10% at 423 K; robustness study v1.3, 423 K only)"
C0143_T423,manual,0,C0143,C0143,423.0,1.0570531748235226,1.089911775290966,-888583324849.6056,1.195258981734514,b94279520f9d,6741628a4c1b,5e1d50a6e395,0,True,0,28.288,3.273312158512276,2.736447677748734,158.26919066501932,0.012829596866801546,1.6897901579650446e-13,ae73669,2026-10-04T00:43:12+00:00,3.2793883116130296,158.57932145556353,True,0.0049946880391136235,3.75,2.736447677748734,0.25194739744506306,5.0,2.360067497039375e-12,True,True,-2.4918661522335324,-2.2102801173594577,-2.109089112589028,-2.052948015670637,-2.01609674929914,-1.96930926440691,-1.9399736206319806,-1.9193968911429333,-1.90394202565925,-1.8917869898662407,-1.8819056781155317,,10613,92,1.5,False,False,"variant-qitT10 (v1.1-frozen + |Qit_eff| -10% at 423 K; robustness study v1.3, 423 K only)"
C0144_T423,manual,0,C0144,C0144,423.0,1.065290980786085,0.9591633331030608,-1389483158476.6506,0.9114680513739586,f3a5fc519ddf,6741628a4c1b,5e1d50a6e395,0,True,0,32.829,4.013625183066995,2.895803476319237,154.5692859281541,0.012129107324781669,1.689790157965045e-13,ae73669,2026-10-04T00:18:25+00:00,4.017812718348349,154.87827418451704,True,0.004352356509423564,4.5,2.895803476319237,0.23754975866165998,5.0,9.423720484513787e-13,True,True,-4.0658739375945885,-2.42635432270179,-2.2204128268358434,-2.1302761233016883,-2.0767220577558225,-2.0133775693873988,-1.9756903496823006,-1.9499714130599468,-1.930965651704849,-1.9161711610614929,-1.9042258528816631,,10613,92,1.5,False,False,"variant-qitT10 (v1.1-frozen + |Qit_eff| -10% at 423 K; robustness study v1.3, 423 K only)"
C0145_T423,manual,0,C0145,C0145,423.0,0.9527639426290988,1.0851482708007096,-549010640010.2377,1.015837521106005,4ad8ba40f9eb,6741628a4c1b,5e1d50a6e395,0,True,0,31.147,2.5650342140266997,2.8758447270101786,158.29494849376374,0.012212609992049393,1.6897901579650446e-13,ae73669,2026-10-04T00:18:32+00:00,2.5775500462328322,158.39789243257013,True,0.004475249000668217,3.0,2.8758447270101786,0.23927093793536622,5.0,2.170989457065088e-12,True,True,-2.2989263937968114,-2.168058059153152,-2.100390769283677,-2.057422931514242,-2.0270938876196514,-1.9862237214441132,-1.9593169514821576,-1.9398968884216232,-1.9250351775950536,-1.9131915118115541,-1.9034686898111581,,11198,92,1.5,False,False,"variant-qitT10 (v1.1-frozen + |Qit_eff| -10% at 423 K; robustness study v1.3, 423 K only)"
C0146_T423,manual,0,C0146,C0146,423.0,0.8238846551626922,0.8417947214096785,-1148789780214.429,0.8485994938760997,52849ce17448,6741628a4c1b,5e1d50a6e395,0,True,0,49.098,3.1957816900951808,3.0787109969943773,150.90500809900442,0.011412858271527477,1.6897901579650449e-13,ae73669,2026-10-04T00:42:04+00:00,3.2030991631951373,151.41169392659592,True,0.004135124883827697,3.75,3.0787109969943773,0.2230566448153845,5.0,1.3649277852285362e-12,True,True,-2.5099373500578723,-2.2595722562534237,-2.161987342421942,-2.106491470082231,-2.069607970923162,-2.022290480264644,-1.9923387294245076,-1.9711886693989127,-1.9552195605189884,-1.9426055759062613,-1.9323133963417645,,11900,93,1.5,False,False,"variant-qitT10 (v1.1-frozen + |Qit_eff| -10% at 423 K; robustness study v1.3, 423 K only)"
C0147_T423,manual,0,C0147,C0147,423.0,1.1113578107208013,1.1142350900918243,-785793975926.9357,1.128800767287612,9aca98eb2c5f,6741628a4c1b,5e1d50a6e395,0,True,0,44.373,3.120348227066634,2.7289749391953926,159.05379948080656,0.012864653685677704,1.689790157965044e-13,ae73669,2026-10-04T00:21:16+00:00,3.1330506885839395,159.15481185379087,True,0.004678825853368803,3.5,2.7289749391953926,0.25263899180619037,5.0,1.2666361015600813e-12,True,True,-2.431003948735835,-2.200021788789754,-2.106517500695836,-2.0525491096329795,-2.01638384767696,-1.969687299501516,-1.939996701364385,-1.9189953758090743,-1.9031313075323966,-1.890601900430981,-1.8803828556572202,,10262,91,1.5,False,False,"variant-qitT10 (v1.1-frozen + |Qit_eff| -10% at 423 K; robustness study v1.3, 423 K only)"
C0148_T423,manual,0,C0148,C0148,423.0,1.1661494575440885,0.8980074424296618,-668652407824.9932,1.150642555952072,a0a13de4b104,6741628a4c1b,5e1d50a6e395,0,True,0,37.305,2.3286059569068756,2.6312270812040928,152.35444579169143,0.01333642512880927,1.6897901579650443e-13,ae73669,2026-10-04T00:19:29+00:00,2.341715867234251,152.25581480538776,True,0.005151178331576741,2.75,2.6312270812040928,0.26264051560220786,5.0,2.2351531841293012e-12,True,True,-2.205283425400876,-2.1007376510760736,-2.043485094952503,-2.006115310120747,-1.979280647738359,-1.9425177663365192,-1.9179222329146126,-1.8999632355305764,-1.8860946864083443,-1.8749605688374322,-1.8657634000231371,,10028,92,1.5,False,False,"variant-qitT10 (v1.1-frozen + |Qit_eff| -10% at 423 K; robustness study v1.3, 423 K only)"
C0149_T423,manual,0,C0149,C0149,423.0,0.8536648578941822,1.170473701879382,-1265900663100.183,0.8704924575984478,c510f7a90b43,6741628a4c1b,5e1d50a6e395,0,True,0,38.527,4.272625095289406,3.15078115443337,160.96112107709692,0.011158436085876166,1.6897901579650454e-13,ae73669,2026-10-04T00:19:45+00:00,4.27904254989499,161.3229968285812,True,0.003935891490581871,4.75,3.15078115443337,0.217268463241174,5.0,1.6195967268249662e-12,True,True,-5.457999349909026,-2.5840805709317127,-2.294873986131836,-2.186246561276041,-2.124952315739627,-2.0549764762150073,-2.0145207427445757,-1.9874054024747816,-1.9676303396660657,-1.9523966698131912,-1.9402022456932333,,11783,92,1.5,False,False,"variant-qitT10 (v1.1-frozen + |Qit_eff| -10% at 423 K; robustness study v1.3, 423 K only)"
C0150_T423,manual,0,C0150,C0150,423.0,0.920055590197444,0.90290216691792,-931868585757.9113,1.0877266097813845,ada46d586ac3,6741628a4c1b,5e1d50a6e395,0,True,0,51.673,2.8954665565369426,2.8476493227952866,152.5567989500319,0.012330904512943566,1.689790157965044e-13,ae73669,2026-10-04T00:21:34+00:00,2.9071126996423056,153.03286107456387,True,0.00472687049865883,3.25,2.8476493227952866,0.24191285642885005,5.0,2.8551477060858532e-12,True,True,-2.3452857793499295,-2.174921600827388,-2.0981514662695098,-2.052225291436497,-2.0208871062829594,-1.979836166778442,-1.9534240168331078,-1.9346075112775836,-1.9203248260972658,-1.9090050652881014,-1.8997486699984336,,11432,93,1.5,False,False,"variant-qitT10 (v1.1-frozen + |Qit_eff| -10% at 423 K; robustness study v1.3, 423 K only)"
C0151_T423,manual,0,C0151,C0151,423.0,1.0075711842626334,1.0288612108677626,-1006594512611.6276,0.9833075892180204,3efb0cf31193,6741628a4c1b,5e1d50a6e395,0,True,0,37.45,3.385808593196324,2.874431521535687,156.6410234262301,0.01221855711241538,1.6897901579650446e-13,ae73669,2026-10-04T00:38:04+00:00,3.3984142226562355,156.70849072199223,True,0.004323896495382372,3.75,2.874431521535687,0.23938934613314797,5.0,1.90492040823658e-12,True,True,-2.6077019125855663,-2.2662590084110135,-2.1518716008748413,-2.089502843330727,-2.048879065038561,-1.9975787335863944,-1.965529539216316,-1.94308285955805,-1.9262323911139523,-1.9129800768360465,-1.9022039559372792,,10847,93,1.5,False,False,"variant-qitT10 (v1.1-frozen + |Qit_eff| -10% at 423 K; robustness study v1.3, 423 K only)"
C0152_T423,manual,0,C0152,C0152,423.0,1.0392777018249035,0.8005221370607615,-964444653131.0676,0.8998957797884941,c13ed3735a34,6741628a4c1b,5e1d50a6e395,0,True,0,45.865,2.6862778097254933,2.8319921626960443,149.46904057357492,0.012397104615656818,1.689790157965045e-13,ae73669,2026-10-04T00:21:29+00:00,2.6945877106181833,150.00726002031112,True,0.004420236717509877,3.25,2.8319921626960443,0.24344631124773708,5.0,2.2794462733254567e-12,True,True,-2.3161976923622585,-2.172020159267541,-2.100280599096798,-2.055466515297938,-2.0240917404979437,-1.982017122009447,-1.9543476475424906,-1.9343359926392372,-1.9189708089657898,-1.9066797338920003,-1.8965505967326795,,10613,93,1.5,False,False,"variant-qitT10 (v1.1-frozen + |Qit_eff| -10% at 423 K; robustness study v1.3, 423 K only)"
C0153_T423,manual,0,C0153,C0153,423.0,0.9268485106527804,1.1311916198581458,-1100998239591.7178,1.1790699370205402,fb9df686218e,6741628a4c1b,5e1d50a6e395,0,True,0,45.579,3.814807927601778,2.8686579022545677,159.5078234266487,0.012243934398306311,1.6897901579650443e-13,ae73669,2026-10-04T00:44:59+00:00,3.8266863229603576,159.58412331143356,True,0.004850119450626838,4.25,2.8686579022545677,0.2397928185883977,5.0,1.8285701915355204e-12,True,True,-3.2655877268112525,-2.3271102754717865,-2.168119410526338,-2.093917587783226,-2.0488950971108535,-1.9950338770362417,-1.9628283682847756,-1.9408550213825841,-1.9246528515268746,-1.9120790059719504,-1.9019609782798916,,11315,92,1.5,False,False,"variant-qitT10 (v1.1-frozen + |Qit_eff| -10% at 423 K; robustness study v1.3, 423 K only)"
C0154_T423,manual,0,C0154,C0154,423.0,0.8994340669363737,0.9987761411815882,-700315779075.0265,0.961929577961564,9247f4e4fbb0,6741628a4c1b,5e1d50a6e395,0,True,0,41.776,2.6725461281676584,2.9432750298060526,155.73217795656268,0.01193465607285142,1.689790157965045e-13,ae73669,2026-10-04T00:20:29+00:00,2.6820828344261725,155.97609195840255,True,0.004241306155763682,3.25,2.9432750298060526,0.23362194204151665,5.0,1.7244993492111631e-12,True,True,-2.3283692178305326,-2.185632435676183,-2.114351553183382,-2.0697977000228893,-2.038634472138381,-1.9969616373607344,-1.9696961366750376,-1.9500850967694598,-1.9351088149284388,-1.9231900917653086,-1.9134146601312898,,11549,93,1.5,False,False,"variant-qitT10 (v1.1-frozen + |Qit_eff| -10% at 423 K; robustness study v1.3, 423 K only)"
C0155_T423,manual,0,C0155,C0155,423.0,1.1870046880096197,1.0696569677442311,-1361224655993.2827,1.0669355388730764,ddf9f684b4f9,6741628a4c1b,5e1d50a6e395,0,True,0,26.638,4.2199244518444186,2.753908560489424,157.78098683886887,0.012749891506211712,1.6897901579650443e-13,ae73669,2026-10-04T00:42:24+00:00,4.22367483393036,158.23768578270537,True,0.004654433469616632,4.75,2.753908560489424,0.2501735739716815,5.0,1.5786707878440165e-12,True,True,-5.19060217226406,-2.4855083847068427,-2.2189879874318894,-2.1170763646821285,-2.059251889437749,-1.9929047782761455,-1.9543135637696984,-1.9283062934745459,-1.9092445475666537,-1.8944935107950494,-1.8826364803383682,,9794,92,1.5,False,False,"variant-qitT10 (v1.1-frozen + |Qit_eff| -10% at 423 K; robustness study v1.3, 423 K only)"
C0156_T423,manual,0,C0156,C0156,423.0,1.1417963348329068,0.9424885775893926,-1244083318859.3389,1.0387773156166076,20590699e235,6741628a4c1b,5e1d50a6e395,0,True,0,63.705,3.6566316603455413,2.7519938966304642,153.893794332703,0.012756965716138624,1.6897901579650446e-13,ae73669,2026-10-04T00:22:59+00:00,3.6674630500638186,154.42714706955775,True,0.004563479255339268,4.25,2.7519938966304642,0.2505417743504953,5.0,2.6681931571195403e-12,True,True,-2.8912052709957172,-2.2919610514110604,-2.1510603976174023,-2.080356239683302,-2.0360121821772186,-1.9815332931683631,-1.9481768412840963,-1.9250496706385698,-1.907785661031561,-1.894252611621382,-1.8832696943297558,,10145,93,1.5,False,False,"variant-qitT10 (v1.1-frozen + |Qit_eff| -10% at 423 K; robustness study v1.3, 423 K only)"
C0157_T423,manual,0,C0157,C0157,423.0,0.8292142696678639,1.013395482674241,-817426892928.7792,0.9338225297629832,48fa1c755aa2,6741628a4c1b,5e1d50a6e395,0,True,0,53.99,2.956183469445715,3.044389174516643,156.230815211256,0.011542359055831944,1.6897901579650446e-13,ae73669,2026-10-04T00:21:58+00:00,2.96189803659713,156.60124815186333,True,0.004189652895850348,3.5,3.044389174516643,0.22546971740370886,5.0,1.081919276391119e-12,True,True,-2.4156849891521364,-2.2271283950241343,-2.1431174936138406,-2.093016240430983,-2.0588889433260293,-2.014275216301085,-1.985646796891639,-1.9653015752937588,-1.9498930578447502,-1.9377054199302255,-1.9277569809960322,,11900,92,1.5,False,False,"variant-qitT10 (v1.1-frozen + |Qit_eff| -10% at 423 K; robustness study v1.3, 423 K only)"
C0158_T423,manual,0,C0158,C0158,423.0,0.9941401582211256,0.8567604955285788,-1483856431208.551,1.100959037616849,1291a496754d,6741628a4c1b,5e1d50a6e395,0,True,0,46.743,3.9193174024136748,2.809362547900824,151.0622683199869,0.012497470410986205,1.6897901579650446e-13,ae73669,2026-10-04T00:47:15+00:00,3.9288227751726126,151.56005654664705,True,0.004818906318302679,4.5,2.809362547900824,0.24534720763915796,5.0,2.2744457706586636e-12,True,True,-3.627173663034725,-2.340784710979038,-2.166179690560677,-2.0884024318986762,-2.0420607715920194,-1.9872304037375959,-1.9546246048077218,-1.932384939955833,-1.915958265297281,-1.9031778828098693,-1.8928645833759654,,10964,90,1.5,False,False,"variant-qitT10 (v1.1-frozen + |Qit_eff| -10% at 423 K; robustness study v1.3, 423 K only)"
C0159_T423,manual,0,C0159,C0159,423.0,1.0815579053014517,1.1874038908630609,-581556253135.2043,0.8217353295534849,945eecc35628,6741628a4c1b,5e1d50a6e395,0,True,0,29.076,2.8866966731773283,2.9435324152782405,161.50589025685673,0.011935482724723459,1.689790157965045e-13,ae73669,2026-10-04T00:43:41+00:00,2.8998753579350107,161.67593959044052,True,0.0036941550080234167,3.25,2.9435324152782405,0.2333886574667768,5.0,2.980313336533346e-12,True,True,-2.4339221062357477,-2.245362925162833,-2.1560064313979117,-2.1011077314796798,-2.063012735147306,-2.012353906841153,-1.9793375173954921,-1.9556338799506094,-1.9375483659851136,-1.9231600114754812,-1.9113586555976663,,10496,93,1.5,False,False,"variant-qitT10 (v1.1-frozen + |Qit_eff| -10% at 423 K; robustness study v1.3, 423 K only)"
C0160_T423,manual,0,C0160,C0160,423.0,1.0791822891682386,0.9303420521318913,-758827797137.2008,0.9774698253721,9e59ebc59583,6741628a4c1b,5e1d50a6e395,0,True,0,32.252,2.615693661696349,2.783278445882645,153.56986296126345,0.01261390453557736,1.6897901579650454e-13,ae73669,2026-10-04T00:18:58+00:00,2.6294806903841876,153.66953205345723,True,0.0045189853543282366,3.0,2.783278445882645,0.2477052817883056,5.0,1.4096803794135128e-12,True,True,-2.2977019142524173,-2.1609048952995424,-2.091136639658007,-2.0470660477024425,-2.016024019871295,-1.9742111415035437,-1.9466433055044012,-1.92669574358117,-1.9113864697505019,-1.899150460153295,-1.88907695639519,,10496,91,1.5,False,False,"variant-qitT10 (v1.1-frozen + |Qit_eff| -10% at 423 K; robustness study v1.3, 423 K only)"
C0161_T423,manual,0,C0161,C0161,423.0,0.9916055675595998,1.001226012408733,-1177678398787.975,1.0951208774000407,ab9cd96594ea,6741628a4c1b,5e1d50a6e395,0,True,0,33.914,3.665840625663164,2.831052557341411,155.65601678562214,0.012403959027414094,1.6897901579650446e-13,ae73669,2026-10-04T00:19:06+00:00,3.675582944701149,156.03485209547995,True,0.00461174833636172,4.25,2.831052557341411,0.2432367338039803,5.0,2.1019516010221622e-12,True,True,-2.905987312389819,-2.2939133945458656,-2.154714748205596,-2.085574760203607,-2.042469385558016,-1.9898231671003417,-1.957791388065257,-1.9356935276164413,-1.9192677851272584,-1.906439676987868,-1.8960634162490353,,10964,93,1.5,False,False,"variant-qitT10 (v1.1-frozen + |Qit_eff| -10% at 423 K; robustness study v1.3, 423 K only)"
C0162_T423,manual,0,C0162,C0162,423.0,0.8315261088311673,0.8688097544014455,-530772481113.6722,0.8653854735195637,91157b41e19d,6741628a4c1b,5e1d50a6e395,0,True,0,49.37,1.9804530412438204,3.019703434204889,151.74284393152803,0.01163369809301367,1.6897901579650443e-13,ae73669,2026-10-04T00:42:54+00:00,1.9831719239734353,152.1848278833988,True,0.004217719063043966,2.5,3.019703434204889,0.22762521260289534,5.0,9.73439888965662e-13,True,True,-2.231109465706749,-2.146202120735639,-2.0957761936316133,-2.0614898330896416,-2.0362578470472856,-2.0009472931401007,-1.9769052013682058,-1.9591723792649456,-1.9453918473118559,-1.9342822108006306,-1.925079003425825,,11900,92,1.5,False,False,"variant-qitT10 (v1.1-frozen + |Qit_eff| -10% at 423 K; robustness study v1.3, 423 K only)"
C0163_T423,manual,0,C0163,C0163,423.0,1.1439491935074328,1.1994760766625403,-1409643742255.8665,1.157305829226971,f92de86fa1b3,6741628a4c1b,5e1d50a6e395,0,True,0,46.721,4.6157940344200235,2.764210121885167,161.474677911278,0.01270383263583836,1.6897901579650446e-13,ae73669,2026-10-04T00:22:03+00:00,4.6284340365933145,161.4663334169344,True,0.004677200359902148,5.0,2.764210121885167,0.2490904809592404,5.0,2.0938922858497207e-12,True,True,-7.554807339263884,-2.833020327335017,-2.2810734637998347,-2.143840239599938,-2.0741800840051283,-1.9994139072962553,-1.9579492357233022,-1.9307141046624636,-1.9110804790252294,-1.8960652364071124,-1.8841035511515767,,10145,91,1.5,False,False,"variant-qitT10 (v1.1-frozen + |Qit_eff| -10% at 423 K; robustness study v1.3, 423 K only)"
C0164_T423,manual,0,C0164,C0164,423.0,1.176865066215396,0.8125970348715783,-1042410796508.193,1.1354190301150084,3e71ee64d06e,6741628a4c1b,5e1d50a6e395,0,True,0,33.914,2.8685519989386665,2.634168710113827,149.5548014384761,0.01332096297576434,1.6897901579650446e-13,ae73669,2026-10-04T00:20:03+00:00,2.8817179391539742,149.642585180495,True,0.005180752066992493,3.25,2.634168710113827,0.2624084937981277,5.0,2.2323821766505467e-12,True,True,-2.3074387983295757,-2.1414335032986163,-2.0656918312938597,-2.0200835503370906,-1.9888069552043246,-1.947590305398639,-1.920877552896755,-1.9017262107880144,-1.8871079592157725,-1.8754643787735361,-1.8659004607399772,,9911,93,1.5,False,False,"variant-qitT10 (v1.1-frozen + |Qit_eff| -10% at 423 K; robustness study v1.3, 423 K only)"
C0165_T423,manual,0,C0165,C0165,423.0,0.8894290115684271,1.1432374633848668,-898036126978.6954,0.8435497511178256,473cf1de3efe,6741628a4c1b,5e1d50a6e395,0,True,0,36.757,3.444739962554762,3.093100600014503,160.20606405105121,0.011363556273202334,1.6897901579650449e-13,ae73669,2026-10-04T00:20:22+00:00,3.4520699081769424,160.55393424592978,True,0.0038036747230498712,4.0,3.093100600014503,0.22161197624411172,5.0,1.4911801082911237e-12,True,True,-2.709105968684085,-2.3267567185208406,-2.202263665840201,-2.1346999528361987,-2.090770290351073,-2.0353892519576933,-2.0008679166859276,-1.9767430658243235,-1.958670977652867,-1.9444857330503078,-1.9329716481613035,,11432,93,1.5,False,False,"variant-qitT10 (v1.1-frozen + |Qit_eff| -10% at 423 K; robustness study v1.3, 423 K only)"
C0166_T423,manual,0,C0166,C0166,423.0,0.9370214395225048,0.986603219807148,-1310444966889.918,1.023287480324507,a34e5c4d0394,6741628a4c1b,5e1d50a6e395,0,True,0,50.8,3.910850797744808,2.9199757203493237,155.28989118458304,0.012029525029778597,1.6897901579650438e-13,ae73669,2026-10-04T00:22:25+00:00,3.921330411921376,155.45984315762894,True,0.004404908978632483,4.5,2.9199757203493237,0.23551238941426061,5.0,2.207710084489538e-12,True,True,-3.6053162311111495,-2.3724236260200966,-2.1942912604776272,-2.113715683235493,-2.065375409329988,-2.007931603249437,-1.973702916043964,-1.9503601126384789,-1.9331355776172856,-1.9197515198769848,-1.9089655564141075,,11315,93,1.5,False,False,"variant-qitT10 (v1.1-frozen + |Qit_eff| -10% at 423 K; robustness study v1.3, 423 K only)"
C0167_T423,manual,0,C0167,C0167,423.0,1.0495851911604404,1.0575130708515643,-626091914251.4468,0.9055867791175842,0a1ebc43eaa3,6741628a4c1b,5e1d50a6e395,0,True,0,36.016,2.6680919843571904,2.8714251864226226,157.58486263673672,0.012231148675772808,1.6897901579650446e-13,ae73669,2026-10-04T00:38:40+00:00,2.678251045312266,157.85601203423073,True,0.004066885036609156,3.25,2.8714251864226226,0.23965783718813474,5.0,2.038314253345448e-12,True,True,-2.340939447716811,-2.1928433617271987,-2.117831862796483,-2.0705488979142737,-2.0372835200363326,-1.992538719392009,-1.9630940603738485,-1.9418278449010484,-1.9255347026150147,-1.9125327547279203,-1.9018437090943698,,10613,93,1.5,False,False,"variant-qitT10 (v1.1-frozen + |Qit_eff| -10% at 423 K; robustness study v1.3, 423 K only)"
C0168_T423,manual,0,C0168,C0168,423.0,1.0035598259419205,0.8857659310102463,-1340125712566.0776,0.8143350537866354,90461a02404d,6741628a4c1b,5e1d50a6e395,0,True,0,50.033,3.722027670938489,2.983476536714063,152.35722723266542,0.01177467217270912,1.6897901579650446e-13,ae73669,2026-10-04T00:22:19+00:00,3.7259508452510937,152.84411016363975,True,0.004078087482887713,4.25,2.983476536714063,0.23039238429846134,5.0,1.6461751112504118e-12,True,True,-3.0563595904058674,-2.361124783857099,-2.206909195517331,-2.130172814887291,-2.0821830503155607,-2.0233181894913286,-1.9873009463894895,-1.9623271726275215,-1.9436777209127307,-1.9290511755421993,-1.9171740114347848,,10847,92,1.5,False,False,"variant-qitT10 (v1.1-frozen + |Qit_eff| -10% at 423 K; robustness study v1.3, 423 K only)"
C0169_T423,manual,0,C0169,C0169,423.0,0.9160805698484182,1.1582031421363357,-719431374222.0402,1.1067907933145762,fb9315a04561,6741628a4c1b,5e1d50a6e395,0,True,0,45.154,3.085003804245608,2.888882252836699,160.35010477173063,0.012158840507727713,1.6897901579650449e-13,ae73669,2026-10-04T00:45:45+00:00,3.0981023038094984,160.4318439780552,True,0.0046050953818549956,3.5,2.888882252836699,0.238056110169514,5.0,1.2670055976604644e-12,True,True,-2.431168753551063,-2.212853849592755,-2.122990638566393,-2.0709340879235536,-2.036025603125015,-1.990987313866168,-1.9624145336799634,-1.9422569678572694,-1.9270708499889366,-1.915107838312068,-1.9053746776293399,,11432,92,1.5,False,False,"variant-qitT10 (v1.1-frozen + |Qit_eff| -10% at 423 K; robustness study v1.3, 423 K only)"
C0170_T423,manual,0,C0170,C0170,423.0,0.8574659548699857,0.9148503363132476,-1073002330958.8431,0.9271530576050282,ea5555c2afd0,6741628a4c1b,5e1d50a6e395,0,True,0,43.177,3.2339915867552933,3.0095810410119355,153.15022123659327,0.011673524937121793,1.6897901579650454e-13,ae73669,2026-10-04T00:21:13+00:00,3.23617553472029,153.60106236465487,True,0.004354775039395783,3.75,3.0095810410119355,0.22830997404379677,5.0,1.3535058490665719e-12,True,True,-2.51703740628542,-2.252686445428536,-2.152868529325143,-2.096669292840891,-2.059515369414872,-2.012072793407569,-1.9821761954486297,-1.9611339667349628,-1.9452877010372567,-1.9327979846068613,-1.922626177561226,,11666,92,1.5,False,False,"variant-qitT10 (v1.1-frozen + |Qit_eff| -10% at 423 K; robustness study v1.3, 423 K only)"
C0171_T423,manual,0,C0171,C0171,423.0,1.1699868865311145,1.040838410705328,-990457228384.912,1.0438781008124352,7f1101405f93,6741628a4c1b,5e1d50a6e395,0,True,0,31.091,3.377219656074691,2.7379374375829726,156.9407001743238,0.0128227073407121,1.689790157965044e-13,ae73669,2026-10-04T00:42:56+00:00,3.390037639028522,157.0692237713054,True,0.004534561788295459,3.75,2.7379374375829726,0.2517945877426732,5.0,1.1323563614551446e-12,True,True,-2.5851646898914185,-2.2462437262460937,-2.132104333284021,-2.0697069108481085,-2.02898337835064,-1.9774393005367654,-1.945152879744432,-1.9224908879146207,-1.9054469349672345,-1.8920202697471677,-1.8810861401909897,,9911,93,1.5,False,False,"variant-qitT10 (v1.1-frozen + |Qit_eff| -10% at 423 K; robustness study v1.3, 423 K only)"
C0172_T423,manual,0,C0172,C0172,423.0,1.1029027592390777,0.9711379043757916,-623224036768.0789,1.0719912897795438,4c2e32abaa76,6741628a4c1b,5e1d50a6e395,0,True,0,62.14,2.432858264786755,2.7184620660334917,154.74578338162866,0.01291246186444071,1.6897901579650446e-13,ae73669,2026-10-04T00:24:01+00:00,2.440947767487756,155.10285101579353,True,0.00467540085080177,3.0,2.7184620660334917,0.25382010534373994,5.0,1.0460761595842777e-12,True,True,-2.246238757128519,-2.130112206459298,-2.0678966472133435,-2.027711099069547,-1.9990409359093926,-1.960004238223676,-1.9340409632346538,-1.915161887605929,-1.9006289765504871,-1.8889909481122007,-1.8793974325537768,,10262,93,1.5,False,False,"variant-qitT10 (v1.1-frozen + |Qit_eff| -10% at 423 K; robustness study v1.3, 423 K only)"
C0173_T423,manual,0,C0173,C0173,423.0,0.8153688576072455,1.09709989130497,-1440265730954.7063,0.9553173232823612,82f2cd734853,6741628a4c1b,5e1d50a6e395,0,True,0,49.977,4.4590694652036555,3.1253630288826315,158.7087500261972,0.01124786948260247,1.6897901579650446e-13,ae73669,2026-10-04T00:22:48+00:00,4.4643427908659445,159.250014049085,True,0.004163562654577494,5.0,3.1253630288826315,0.21917217655319055,5.0,1.1770266553380037e-12,True,True,-6.615589249899161,-2.686949447318941,-2.3014647952734135,-2.1818615411630367,-2.1181015465842625,-2.0479064737548054,-2.0083843084575,-1.9822659253342014,-1.9633856103926948,-1.948929731736983,-1.9374100144981368,,12017,92,1.5,False,False,"variant-qitT10 (v1.1-frozen + |Qit_eff| -10% at 423 K; robustness study v1.3, 423 K only)"
C0174_T423,manual,0,C0174,C0174,423.0,0.9614964418113232,0.8295275770127774,-852197711355.9843,1.1849574081599712,9c91a14e6045,6741628a4c1b,5e1d50a6e395,0,True,0,47.912,2.5177790748876108,2.7452917325645556,150.07138549671652,0.012785711774626838,1.6897901579650446e-13,ae73669,2026-10-04T00:48:03+00:00,2.5228355702507255,150.25438606991253,True,0.005298902096951222,3.0,2.7452917325645556,0.25141813128180796,5.0,1.206973757050811e-12,True,True,-2.232193391104978,-2.116467899304964,-2.056957003727352,-2.0193213192126214,-1.992817712469464,-1.9571468204406546,-1.933656718067764,-1.916679425813639,-1.903664806167608,-1.8932750899928779,-1.8847319731375838,,11081,92,1.5,False,False,"variant-qitT10 (v1.1-frozen + |Qit_eff| -10% at 423 K; robustness study v1.3, 423 K only)"
C0175_T423,manual,0,C0175,C0175,423.0,1.0739627279341222,1.1019908666610718,-1207389598712.3252,0.8924520194530488,9cc91a884910,6741628a4c1b,5e1d50a6e395,0,True,0,29.227,3.989648025896073,2.928591591798613,158.95059007139977,0.01199592805268747,1.689790157965044e-13,ae73669,2026-10-04T00:44:11+00:00,3.991096383589101,159.36363724643897,True,0.004108355944185868,4.5,2.928591591798613,0.23462163259912489,5.0,2.127183356074455e-12,True,True,-3.952586002012108,-2.4386486024658773,-2.233701342681645,-2.1421098313441145,-2.0871893457683357,-2.021809121570985,-1.9827484821288859,-1.956054054576265,-1.9363220510502541,-1.9209661476486326,-1.9085736424600075,,10496,92,1.5,False,False,"variant-qitT10 (v1.1-frozen + |Qit_eff| -10% at 423 K; robustness study v1.3, 423 K only)"
C0176_T423,manual,0,C0176,C0176,423.0,1.0533011443912983,0.8454122599214315,-710333189927.0415,1.0008453719317911,b17af97433e4,6741628a4c1b,5e1d50a6e395,0,True,0,30.27,2.2787396721286655,2.7591863897747912,150.81006053916997,0.012721959750343983,1.6897901579650446e-13,ae73669,2026-10-04T00:19:28+00:00,2.2865282438196335,150.94331757232428,True,0.004804846680581735,2.75,2.7591863897747912,0.25008298011838725,5.0,2.3406902602564882e-12,True,True,-2.225122222684822,-2.1228206456398553,-2.065890404273524,-2.0284366654725297,-2.0014125412218347,-1.9642284935741046,-1.9392528598630516,-1.9209683659664154,-1.9068211116552098,-1.8954459827754555,-1.8860380297171997,,10613,92,1.5,False,False,"variant-qitT10 (v1.1-frozen + |Qit_eff| -10% at 423 K; robustness study v1.3, 423 K only)"
C0177_T423,manual,0,C0177,C0177,423.0,0.9657303355634212,1.12297199703753,-1355083011090.7554,0.9218672811985016,9b6141fe39ea,6741628a4c1b,5e1d50a6e395,0,True,0,33.567,4.344877566303225,3.004645364824298,159.51012132864074,0.011695283976159135,1.6897901579650449e-13,ae73669,2026-10-04T00:19:40+00:00,4.35899342577576,159.4283801313816,True,0.004129272261811632,4.75,3.004645364824298,0.22839668052451295,5.0,1.5135776607761327e-12,True,True,-5.905148073804431,-2.6064944223003357,-2.2836624416135813,-2.1698394031712,-2.10677964578876,-2.0355505505507887,-1.9946364418089555,-1.9672801230302797,-1.9473453109624148,-1.9319892285122375,-1.9196925891272543,,11081,92,1.5,False,False,"variant-qitT10 (v1.1-frozen + |Qit_eff| -10% at 423 K; robustness study v1.3, 423 K only)"
C0178_T423,manual,0,C0178,C0178,423.0,0.807207327708602,0.9538249876350164,-939366821199.6556,1.1387140046805144,ca3dce2d0c11,6741628a4c1b,5e1d50a6e395,0,True,0,52.307,3.043654004932273,2.9515179735445276,154.13921128875972,0.011901740567449678,1.6897901579650446e-13,ae73669,2026-10-04T00:43:46+00:00,3.0536444768797346,154.26938554382508,True,0.004922439636082878,3.5,2.9515179735445276,0.2329410854946828,5.0,1.2622958234231874e-12,True,True,-2.3936104400659235,-2.195588220078398,-2.1135330740442964,-2.0660463284490143,-2.034249997303005,-1.9932906980907135,-1.967336516627309,-1.9490349098488113,-1.9352490888069123,-1.9243895206611257,-1.9155541921294297,,11900,92,1.5,False,False,"variant-qitT10 (v1.1-frozen + |Qit_eff| -10% at 423 K; robustness study v1.3, 423 K only)"
C0179_T423,manual,0,C0179,C0179,423.0,1.119636706635356,1.0778399650007486,-1122139277867.973,0.8339041281491518,7ddf95e081be,6741628a4c1b,5e1d50a6e395,0,True,0,46.585,3.759464819553913,2.9325386545021774,158.29577455107923,0.011979755310293076,1.689790157965044e-13,ae73669,2026-10-04T00:22:50+00:00,3.7624837751790303,158.73669666194525,True,0.003974727317635212,4.25,2.9325386545021774,0.23430853524361664,5.0,2.8064578397801396e-12,True,True,-3.1599490101412533,-2.383051473286653,-2.217985736336781,-2.136139021193625,-2.0849362154973448,-2.0220887680386426,-1.983634887127875,-1.9569927554403026,-1.9371196902770855,-1.921552052437088,-1.908925202688894,,10145,92,1.5,False,False,"variant-qitT10 (v1.1-frozen + |Qit_eff| -10% at 423 K; robustness study v1.3, 423 K only)"
C0180_T423,manual,0,C0180,C0180,423.0,1.152346596866846,0.9100860629230738,-1489280914887.786,0.8620432682335377,860a186bd4c5,6741628a4c1b,5e1d50a6e395,0,True,0,38.011,4.0956990792323245,2.8739947997823045,153.08911180739017,0.012220184181846389,1.6897901579650443e-13,ae73669,2026-10-04T00:20:41+00:00,4.1104178992970795,152.88854390984784,True,0.004254291878898822,4.5,2.8739947997823045,0.23944434150317132,5.0,2.9118105335378943e-12,True,True,-4.49310842094044,-2.463077264045509,-2.234237301817812,-2.1377409204763818,-2.0811016224722096,-2.0145769561112816,-1.9751495137964539,-1.9482682382810916,-1.928399530833663,-1.9129222483850559,-1.9004136890512096,,10028,91,1.5,False,False,"variant-qitT10 (v1.1-frozen + |Qit_eff| -10% at 423 K; robustness study v1.3, 423 K only)"
C0181_T423,manual,0,C0181,C0181,423.0,0.864928662031889,1.034127127751708,-572256003506.4817,1.1668035134673118,6bbe649c9ddf,6741628a4c1b,5e1d50a6e395,0,True,0,41.324,2.479361673453741,2.8725773959561525,156.6178696499045,0.012226136677097904,1.6897901579650443e-13,ae73669,2026-10-04T00:21:03+00:00,2.4818995958378576,157.0318228935787,True,0.0048506294355557655,3.0,2.8725773959561525,0.23959107711248387,5.0,1.5467477400479731e-12,True,True,-2.2541069312247504,-2.139149574030414,-2.079114204201731,-2.040894835535586,-2.0139009454670442,-1.9775340471726914,-1.9536157884908978,-1.9363743368097233,-1.9231974667287761,-1.9127107535014458,-1.9041135839171395,,11666,92,1.5,False,False,"variant-qitT10 (v1.1-frozen + |Qit_eff| -10% at 423 K; robustness study v1.3, 423 K only)"
C0182_T423,manual,0,C0182,C0182,423.0,0.9109402265399694,0.8891996268182993,-1222225115634.501,0.9999591168016196,2ea2a66b2958,6741628a4c1b,5e1d50a6e395,0,True,0,51.543,3.470202571069456,2.9189168610219745,152.23603185345746,0.012032524187130016,1.6897901579650446e-13,ae73669,2026-10-04T00:23:17+00:00,3.474066365303668,152.7139410067897,True,0.004598718777227394,4.0,2.9189168610219745,0.23574569461537956,5.0,1.4979025277815884e-12,True,True,-2.6566288105642615,-2.267908908630106,-2.150807071520251,-2.088957541917007,-2.0493256982130004,-1.9999189613505453,-1.9693606428883734,-1.9480729516854183,-1.9321441468162452,-1.9196432566544235,-1.9094933866690005,,11432,92,1.5,False,False,"variant-qitT10 (v1.1-frozen + |Qit_eff| -10% at 423 K; robustness study v1.3, 423 K only)"
C0183_T423,manual,0,C0183,C0183,423.0,1.0235224794596434,1.1667332854121923,-843221889808.774,1.07898826636374,1d32cb1a9aa0,6741628a4c1b,5e1d50a6e395,0,True,0,32.06,3.3648048001700035,2.8277850592993468,160.63600010938117,0.012419365486692315,1.6897901579650449e-13,ae73669,2026-10-04T00:39:12+00:00,3.3778486710074054,160.56137522353086,True,0.004487724987153289,3.75,2.8277850592993468,0.2433997427706719,5.0,1.159679889621907e-12,True,True,-2.584079603962756,-2.2526848033138163,-2.1405345537281653,-2.0792493690416163,-2.0393021469267865,-1.9888593719207535,-1.9573773135356598,-1.9353600194557572,-1.918858173678531,-1.9059005919748584,-1.8953801411474158,,10730,91,1.5,False,False,"variant-qitT10 (v1.1-frozen + |Qit_eff| -10% at 423 K; robustness study v1.3, 423 K only)"
C0184_T423,manual,0,C0184,C0184,423.0,1.0296316154301166,0.9884309340268372,-1127084138803.184,1.1878082565963268,4af294346508,6741628a4c1b,5e1d50a6e395,0,True,0,48.694,3.5218991807180404,2.7533174585016598,155.1784552338168,0.012750918602116914,1.6897901579650446e-13,ae73669,2026-10-04T00:23:08+00:00,3.5277702939021696,155.40499715193735,True,0.005090853979084727,4.0,2.7533174585016598,0.2504189682673305,5.0,1.55864462022928e-12,True,True,-2.681029355998716,-2.245148936083637,-2.124504621892037,-2.062070992179215,-2.0224382675397092,-1.973385105916746,-1.9432280644377529,-1.9223007532968626,-1.9066858149884893,-1.894458526644949,-1.884549004332879,,10730,92,1.5,False,False,"variant-qitT10 (v1.1-frozen + |Qit_eff| -10% at 423 K; robustness study v1.3, 423 K only)"
C0185_T423,manual,0,C0185,C0185,423.0,0.9421586535871028,1.0675500255078076,-811375323683.0234,0.8832442283630372,79cefd6fdac4,6741628a4c1b,5e1d50a6e395,0,True,0,44.397,3.081273757894132,2.9864031608103954,157.91962997838306,0.011764674632292289,1.6897901579650443e-13,ae73669,2026-10-04T00:46:30+00:00,3.095361195260302,158.02855988475972,True,0.0040878071652405675,3.5,2.9864031608103954,0.23000621643639127,5.0,2.0821349719205073e-12,True,True,-2.475704628801012,-2.251362409352292,-2.1562504445203774,-2.1003903398329355,-2.0626061384670438,-2.013449221274177,-1.9820039520802335,-1.9596842220504072,-1.9427865972980958,-1.9294200793127814,-1.918505636292129,,11198,92,1.5,False,False,"variant-qitT10 (v1.1-frozen + |Qit_eff| -10% at 423 K; robustness study v1.3, 423 K only)"
C0186_T423,manual,0,C0186,C0186,423.0,0.8819754894822837,0.812466086819768,-1395182333886.6233,1.0507745575159788,1bffe6c260c5,6741628a4c1b,5e1d50a6e395,0,True,0,40.727,3.610021320057541,2.905131612700633,149.6552899195448,0.01208818454136961,1.689790157965045e-13,ae73669,2026-10-04T00:21:54+00:00,3.623851864508863,149.79255232380572,True,0.004890046604969464,4.0,2.905131612700633,0.23701513348176068,5.0,2.0768696340226406e-12,True,True,-2.7961813244706017,-2.2756645279073155,-2.148313838321742,-2.0844028135433246,-2.0444317784508166,-1.9955057184666691,-1.965664898043764,-1.9450322206013027,-1.9296637123123541,-1.9176389185658922,-1.9078964918558012,,11549,93,1.5,False,False,"variant-qitT10 (v1.1-frozen + |Qit_eff| -10% at 423 K; robustness study v1.3, 423 K only)"
C0187_T423,manual,0,C0187,C0187,423.0,1.1945023339241745,1.1317967128008604,-539374730549.7527,0.9703787434846164,740e45bad5e3,6741628a4c1b,5e1d50a6e395,0,True,0,28.853,2.6582879227303993,2.7520769962170784,159.70841287765995,0.012757742741498669,1.689790157965045e-13,ae73669,2026-10-04T00:43:25+00:00,2.669047992572651,159.94672241604658,True,0.0042018424272168755,3.25,2.7520769962170784,0.2504074855167877,5.0,1.1430786872601573e-12,True,True,-2.3242291196944014,-2.176281147571588,-2.101094540373004,-2.053599444202861,-2.020133245399952,-1.9750479517217063,-1.9453344071447531,-1.923851600037384,-1.9073794635424268,-1.8942261595984768,-1.8834066553844184,,9794,93,1.5,False,False,"variant-qitT10 (v1.1-frozen + |Qit_eff| -10% at 423 K; robustness study v1.3, 423 K only)"
C0188_T423,manual,0,C0188,C0188,423.0,1.1272122241556644,0.8562278311699629,-906516121700.406,0.9485178716480732,c775522e7003,6741628a4c1b,5e1d50a6e395,0,True,0,58.787,2.7228566095331135,2.761030663040045,151.22934659584845,0.012714026885548456,1.6897901579650443e-13,ae73669,2026-10-04T00:25:00+00:00,2.726457039089284,151.70209954116393,True,0.004580994912213693,3.25,2.761030663040045,0.2498529837701773,5.0,2.327530962650485e-12,True,True,-2.3176651123712677,-2.167389745080432,-2.093466954671351,-2.0474904390953252,-2.0153783103360814,-1.9724049970397077,-1.9441999057536423,-1.923829092034394,-1.9082047330625365,-1.8957168745295203,-1.8854326022316061,,10145,92,1.5,False,False,"variant-qitT10 (v1.1-frozen + |Qit_eff| -10% at 423 K; robustness study v1.3, 423 K only)"
C0189_T423,manual,0,C0189,C0189,423.0,0.8396968238055706,1.1755843508988617,-1028071270324.2898,1.0288640543818477,3361aa8d33ed,6741628a4c1b,5e1d50a6e395,0,True,0,48.712,3.774474227227047,3.035055045818,160.92515148209108,0.011579345471159786,1.6897901579650449e-13,ae73669,2026-10-04T00:23:37+00:00,3.781009577100717,161.28373570724963,True,0.004382376136008613,4.25,3.035055045818,0.22600033630116867,5.0,2.5128772388963808e-12,True,True,-3.1746720803930772,-2.355729033656419,-2.199172699716528,-2.124122400919273,-2.0780601063251414,-2.0225149552433472,-1.989118989501343,-1.9662760263780363,-1.9494117539659117,-1.9363159886480754,-1.9257748909755041,,11783,92,1.5,False,False,"variant-qitT10 (v1.1-frozen + |Qit_eff| -10% at 423 K; robustness study v1.3, 423 K only)"
C0190_T423,manual,0,C0190,C0190,423.0,0.9873685445636512,0.9447183977812528,-678517197258.7705,0.811336075887084,4db9dafa655b,6741628a4c1b,5e1d50a6e395,0,True,0,48.19,2.5001767405102604,2.9588838963582895,154.25703930573616,0.011871560662645705,1.689790157965044e-13,ae73669,2026-10-04T00:48:52+00:00,2.500237560608792,154.62981646032193,True,0.004018880003892594,3.0,2.9588838963582895,0.23240269805062605,5.0,1.6671826911173468e-12,True,True,-2.322530946202842,-2.1934099761566723,-2.1243780814402053,-2.079783025100227,-2.0479502441570197,-2.004571897370009,-1.9756903568051754,-1.9546692039187286,-1.9384730341541845,-1.9254921839416632,-1.9147830967349972,,10964,90,1.5,False,False,"variant-qitT10 (v1.1-frozen + |Qit_eff| -10% at 423 K; robustness study v1.3, 423 K only)"
C0191_T423,manual,0,C0191,C0191,423.0,1.0998529504984618,1.023811598494649,-1259972607716.918,1.1159511629492045,1ad3cf6b3cf0,6741628a4c1b,5e1d50a6e395,0,True,0,33.107,3.892914464946924,2.758948580662764,156.34188693657435,0.01272583625495054,1.6897901579650446e-13,ae73669,2026-10-04T00:44:44+00:00,3.9044886536387002,156.66757371528917,True,0.004675263686377082,4.25,2.758948580662764,0.2498044956061237,5.0,2.3991940730863608e-12,True,True,-3.531676121771355,-2.3450294142314756,-2.1694304883987163,-2.0894730028433823,-2.0413317522511036,-1.9839322162595039,-1.949615485575337,-1.9261559637202288,-1.90881208596284,-1.895313669189448,-1.884420438610716,,10379,93,1.5,False,False,"variant-qitT10 (v1.1-frozen + |Qit_eff| -10% at 423 K; robustness study v1.3, 423 K only)"
C0192_T423,manual,0,C0192,C0192,423.0,1.094562317803502,0.9831174056977032,-643170030787.5872,0.8871530741453171,ce3fd741d07a,6741628a4c1b,5e1d50a6e395,0,True,0,30.136,2.5194138831731525,2.8370042208134993,155.34399194004865,0.012377572132267064,1.6897901579650446e-13,ae73669,2026-10-04T00:19:59+00:00,2.525142862899201,155.70043768435087,True,0.004255768542203598,3.0,2.8370042208134993,0.2427616008627243,5.0,1.2815859484760495e-12,True,True,-2.3055590015957437,-2.174939547081516,-2.1056494306808813,-2.061041852663452,-2.0292617944561986,-1.9860253152901841,-1.9572762955947018,-1.9363675857489833,-1.920265762935533,-1.9073645340690477,-1.8967232866970714,,10379,92,1.5,False,False,"variant-qitT10 (v1.1-frozen + |Qit_eff| -10% at 423 K; robustness study v1.3, 423 K only)"
C0193_T423,manual,0,C0193,C0193,423.0,0.9820833448320628,1.0602666843682529,-1295289487577.9749,1.191718050092459,72ac53635503,6741628a4c1b,5e1d50a6e395,0,True,0,34.34,4.051463809095065,2.8165003824725203,157.36298993185693,0.012468187853826682,1.689790157965045e-13,ae73669,2026-10-04T00:20:15+00:00,4.0621415601348945,157.55177195600655,True,0.004994974131960482,4.5,2.8165003824725203,0.24447413236523505,5.0,1.9570055429899398e-12,True,True,-4.2590178389637465,-2.3895444735298863,-2.1836943788614165,-2.0981052346177385,-2.048378498091023,-1.9905934639789609,-1.9567502483048642,-1.9338982091803092,-1.9171480970266626,-1.9041966629828035,-1.8937995208917204,,11081,92,1.5,False,False,"variant-qitT10 (v1.1-frozen + |Qit_eff| -10% at 423 K; robustness study v1.3, 423 K only)"
C0194_T423,manual,0,C0194,C0194,423.0,0.8406559497117997,0.8161316644400358,-878982056863.606,0.974287762120366,63336d46d846,6741628a4c1b,5e1d50a6e395,0,True,0,47.44,2.548234399921191,2.9495321857650594,149.88857953096286,0.011907487341698058,1.6897901579650449e-13,ae73669,2026-10-04T00:44:34+00:00,2.5595118097379324,150.005572585386,True,0.004709739337839409,3.0,2.9495321857650594,0.23333215237586724,5.0,1.1477583378601275e-12,True,True,-2.282449599392299,-2.1600271623456564,-2.097103889721734,-2.057318764958989,-2.029307841057636,-1.991620355580517,-1.9668116157859112,-1.9488860966561041,-1.9351469457339698,-1.9241798714946088,-1.9151623179433446,,11783,92,1.5,False,False,"variant-qitT10 (v1.1-frozen + |Qit_eff| -10% at 423 K; robustness study v1.3, 423 K only)"
C0195_T423,manual,0,C0195,C0195,423.0,1.1281771704554555,1.1405326921492815,-1055575063452.1244,1.0546841543167829,ed6bf78acb52,6741628a4c1b,5e1d50a6e395,0,True,0,44.915,3.749897631294365,2.7842029191141635,159.8926343963437,0.012612364802413506,1.6897901579650449e-13,ae73669,2026-10-04T00:23:35+00:00,3.7499101256128555,160.29600928100095,True,0.004568645010071067,4.25,2.7842029191141635,0.24733703488368128,5.0,2.152712715820041e-12,True,True,-3.1045374734247617,-2.329067815698942,-2.1721168035085316,-2.095585060063286,-2.04815146881817,-1.9904069956943,-1.9553434502934273,-1.9311766890562052,-1.9132221118330484,-1.8992034761271226,-1.8878650040492664,,10145,90,1.5,False,False,"variant-qitT10 (v1.1-frozen + |Qit_eff| -10% at 423 K; robustness study v1.3, 423 K only)"
C0196_T423,manual,0,C0196,C0196,423.0,1.198594580963254,0.8723948646336794,-1422838944010.4363,1.026516790688038,cb5e4e95e200,6741628a4c1b,5e1d50a6e395,0,True,0,35.223,3.8406403839681,2.7221071121440312,151.65857619745415,0.012895390479244257,1.6897901579650443e-13,ae73669,2026-10-04T00:21:16+00:00,3.8545828443192525,151.57794157623826,True,0.004836326761546141,4.25,2.7221071121440312,0.2534544050852876,5.0,2.8994364064463077e-12,True,True,-3.33645983448681,-2.3295535780166494,-2.162571037932487,-2.0844278761837995,-2.0368259750182083,-1.979519559660999,-1.9449349785090415,-1.921123998408553,-1.9034165896916735,-1.8895655026603189,-1.878338072437533,,9794,91,1.5,False,False,"variant-qitT10 (v1.1-frozen + |Qit_eff| -10% at 423 K; robustness study v1.3, 423 K only)"
C0197_T423,manual,0,C0197,C0197,423.0,0.8860603902488947,1.1968189220875505,-511748392134.9049,0.9461715675890444,aa6181554c52,6741628a4c1b,5e1d50a6e395,0,True,0,36.831,2.7507089494919623,3.0000966409034286,161.6298825497428,0.011712402303071945,1.6897901579650449e-13,ae73669,2026-10-04T00:21:40+00:00,2.7509396457162,162.00429594253174,True,0.004133157426613777,3.25,3.0000966409034286,0.22881497192425576,5.0,3.0340268027574804e-12,True,True,-2.3688488600478004,-2.211293331754031,-2.1342398506856672,-2.0864739470041895,-2.0532246212990946,-2.008971515565157,-1.980162636964671,-1.959524626690263,-1.9438176111032999,-1.9313540186795088,-1.9211578874565443,,11549,92,1.5,False,False,"variant-qitT10 (v1.1-frozen + |Qit_eff| -10% at 423 K; robustness study v1.3, 423 K only)"
C0198_T423,manual,0,C0198,C0198,423.0,0.9400007545948028,0.9269034165889024,-1162552900612.3542,1.1136040840297938,3e869880f904,6741628a4c1b,5e1d50a6e395,0,True,0,51.085,3.4400979827816696,2.8418979675656435,153.2905316490254,0.012356144875587964,1.6897901579650446e-13,ae73669,2026-10-04T00:24:08+00:00,3.447323369981679,153.8600292473371,True,0.004791153055832571,4.0,2.8418979675656435,0.2423679942728073,5.0,1.206671915165991e-12,True,True,-2.6092245491364663,-2.2428992678166257,-2.1306337297046833,-2.071149105207126,-2.032988863890308,-1.9853930217474718,-1.9559575067440313,-1.9354621981669669,-1.9201362832187399,-1.9081170082453398,-1.8983651378784827,,11198,93,1.5,False,False,"variant-qitT10 (v1.1-frozen + |Qit_eff| -10% at 423 K; robustness study v1.3, 423 K only)"
C0199_T423,manual,0,C0199,C0199,423.0,1.0274667575955392,1.0040296625345946,-775936848483.9797,0.8089895632117987,fbbb5e643414,6741628a4c1b,5e1d50a6e395,0,True,0,34.217,2.857042751737396,2.958756654388033,156.09621337254475,0.011872957874803287,1.6897901579650443e-13,ae73669,2026-10-04T00:39:47+00:00,2.8718674185334514,155.97750695316142,True,0.003911134267289464,3.25,2.958756654388033,0.23231527870355073,5.0,1.4796364836301578e-12,True,True,-2.412221658779281,-2.2332871935474343,-2.148038342919147,-2.095624580167267,-2.0592480893630523,-2.010856192982614,-1.9792865793161938,-1.9565926003215173,-1.9392537805623937,-1.9254410730690776,-1.9140977131012418,,10730,91,1.5,False,False,"variant-qitT10 (v1.1-frozen + |Qit_eff| -10% at 423 K; robustness study v1.3, 423 K only)"
C0200_T423,manual,0,C0200,C0200,423.0,1.0194279450923205,0.8261301670223475,-1195163359865.546,0.9242136150598526,95d819fdaad1,6741628a4c1b,5e1d50a6e395,0,True,0,48.122,3.241157175972297,2.856892253490642,150.25994443792257,0.012290581722869568,1.6897901579650443e-13,ae73669,2026-10-04T00:23:57+00:00,3.2424068671228023,150.69878250396985,True,0.004555768625163871,3.75,2.856892253490642,0.24117156151767197,5.0,1.9255787930655693e-12,True,True,-2.5035444955525765,-2.235271296957382,-2.134316579849603,-2.077465252196762,-2.0398327500803215,-1.991653106555678,-1.9611644471676932,-1.9396141841556152,-1.9233194355695633,-1.9104275611287327,-1.8998913946851792,,10847,92,1.5,False,False,"variant-qitT10 (v1.1-frozen + |Qit_eff| -10% at 423 K; robustness study v1.3, 423 K only)"
C0201_T423,manual,0,C0201,C0201,423.0,0.9068515066057444,1.1048510070890187,-870252897031.6052,1.0031926535069942,5ce52964648a,6741628a4c1b,5e1d50a6e395,0,True,0,44.532,3.283514207044924,2.952761054144652,158.8927386293487,0.011897913550457526,1.6897901579650449e-13,ae73669,2026-10-04T00:47:14+00:00,3.2919661416966655,159.14149221183814,True,0.004411668773666897,3.75,2.952761054144652,0.23270380144616876,5.0,1.0951812373649616e-12,True,True,-2.54604335891327,-2.2572043225857095,-2.152045137345784,-2.09341457082973,-2.054838521215398,-2.0057923214576694,-1.9750259087783484,-1.953452015397478,-1.9372575117433974,-1.9245291909578395,-1.9141887370523227,,11432,92,1.5,False,False,"variant-qitT10 (v1.1-frozen + |Qit_eff| -10% at 423 K; robustness study v1.3, 423 K only)"
C0202_T423,manual,0,C0202,C0202,423.0,0.8670842677354813,0.9747794393450022,-1454407007433.474,0.8362506587058306,98db72c86eeb,6741628a4c1b,5e1d50a6e395,0,True,0,44.547,4.196315220969442,3.1227235408946052,155.14103938746294,0.01125570860842526,1.6897901579650449e-13,ae73669,2026-10-04T00:22:39+00:00,4.2035570934787225,155.7688084987051,True,0.003942248148950396,4.75,3.1227235408946052,0.21952790225776475,5.0,1.9527396701279185e-12,True,True,-5.051236662292857,-2.5316698304405487,-2.274904603277382,-2.173447502962793,-2.1153278143365517,-2.04830913821305,-2.0092294732214326,-1.9828777528128607,-1.963565688456242,-1.9486271585895731,-1.9366261803936806,,11666,93,1.5,False,False,"variant-qitT10 (v1.1-frozen + |Qit_eff| -10% at 423 K; robustness study v1.3, 423 K only)"
C0203_T423,manual,0,C0203,C0203,423.0,1.154507641494274,1.0944839086383582,-607099147513.5088,1.1410611134022477,649c3e9fdf99,6741628a4c1b,5e1d50a6e395,0,True,0,30.087,2.699852537119544,2.680673590356374,158.46321300263688,0.013094193577875663,1.689790157965044e-13,ae73669,2026-10-04T00:43:55+00:00,2.7058150855712477,158.79147367274527,True,0.0047785091516258345,3.25,2.680673590356374,0.2574123408219564,5.0,2.390834325712378e-12,True,True,-2.294401715554193,-2.1477467810146456,-2.0754662519244516,-2.0304939255479257,-1.999100255297987,-1.9571650018698188,-1.9297367881731826,-1.9100036897941066,-1.8949269222728142,-1.8829212429785713,-1.873068346941726,,10028,92,1.5,False,False,"variant-qitT10 (v1.1-frozen + |Qit_eff| -10% at 423 K; robustness study v1.3, 423 K only)"
C0204_T423,manual,0,C0204,C0204,423.0,1.1249250520020724,0.9185421641916036,-974363273940.9803,1.1628937378525734,a7c0b0871db8,6741628a4c1b,5e1d50a6e395,0,True,0,61.746,3.0217382805987607,2.6749075789064323,152.97945271428893,0.013120800849502328,1.6897901579650443e-13,ae73669,2026-10-04T00:26:03+00:00,3.0276613620129686,153.28696511515938,True,0.0051578950174535725,3.5,2.6749075789064323,0.258139489155588,5.0,1.3552222724802221e-12,True,True,-2.3649103710210513,-2.1662992380494983,-2.082107866482772,-2.0328009514694054,-1.999506569303103,-1.9562229854754571,-1.9285166825371007,-1.9088196431958884,-1.893879712551504,-1.8820396562785695,-1.8723546287750312,,10145,92,1.5,False,False,"variant-qitT10 (v1.1-frozen + |Qit_eff| -10% at 423 K; robustness study v1.3, 423 K only)"
C0205_T423,manual,0,C0205,C0205,423.0,0.8124887082725764,1.0382694695144892,-1087173588573.9326,0.8581344522535801,4b791e8039e8,6741628a4c1b,5e1d50a6e395,0,True,0,52.559,3.5878202046659267,3.148132797061101,157.09195199617986,0.011166214482695804,1.6897901579650449e-13,ae73669,2026-10-04T00:24:30+00:00,3.602314855561871,157.1643728481985,True,0.004000319439532491,4.0,3.148132797061101,0.2176271064256953,5.0,1.6815039976916743e-12,True,True,-2.8455615361012128,-2.3451926992010472,-2.2098364523057388,-2.1398339949956573,-2.0953822462295766,-2.0403719251958146,-2.006586563251725,-1.9831749655531443,-1.9657326608699455,-1.9520940343974076,-1.9410551718453994,,11900,92,1.5,False,False,"variant-qitT10 (v1.1-frozen + |Qit_eff| -10% at 423 K; robustness study v1.3, 423 K only)"
C0206_T423,manual,0,C0206,C0206,423.0,0.9647689163684844,0.8824158933013678,-737516541033.9833,1.075078699365258,628b35dca115,6741628a4c1b,5e1d50a6e395,0,True,0,50.01,2.4343383934971925,2.797680453481941,151.91411255092908,0.012548805764485126,1.6897901579650446e-13,ae73669,2026-10-04T00:49:42+00:00,2.4423231239099845,152.33777269537995,True,0.004747579058303253,3.0,2.797680453481941,0.24646057370625132,5.0,2.577643238346585e-12,True,True,-2.243197165712658,-2.1308743456733703,-2.0711605094112704,-2.032778982591722,-2.005487536001231,-1.9684477486101293,-1.9438854072025142,-1.9260598188921005,-1.9123576325738505,-1.9013976028341515,-1.8923720011056404,,11081,93,1.5,False,False,"variant-qitT10 (v1.1-frozen + |Qit_eff| -10% at 423 K; robustness study v1.3, 423 K only)"
C0207_T423,manual,0,C0207,C0207,423.0,1.0523323848843575,1.161113888397813,-1327930408529.9373,0.9960501160472632,da99e57231c1,6741628a4c1b,5e1d50a6e395,0,True,0,29.184,4.370169766738679,2.897058290303873,160.5321041869474,0.012125892289895369,1.689790157965045e-13,ae73669,2026-10-04T00:45:14+00:00,4.383384720888233,160.59275864615196,True,0.004262845851466038,4.75,2.897058290303873,0.23722905812379316,5.0,1.6240017008102356e-12,True,True,-6.053213776433701,-2.606831207291728,-2.2694553055548696,-2.1540450528706887,-2.0906500388739557,-2.01940031537004,-1.978609400191242,-1.9513779775775235,-1.9315512729440807,-1.9162862937714995,-1.9040664547703408,,10496,91,1.5,False,False,"variant-qitT10 (v1.1-frozen + |Qit_eff| -10% at 423 K; robustness study v1.3, 423 K only)"
C0208_T423,manual,0,C0208,C0208,423.0,1.069073174893856,0.8926426284015179,-825136544182.8966,1.1106998059898614,8056ab304a28,6741628a4c1b,5e1d50a6e395,0,True,0,31.228,2.6431306167534108,2.7156501931149966,152.2147687805629,0.012924985229450844,1.6897901579650443e-13,ae73669,2026-10-04T00:20:30+00:00,2.6548644737492095,152.70191007672423,True,0.004851586564575475,3.0,2.7156501931149966,0.2541742451329189,5.0,1.2791070286288786e-12,True,True,-2.271694515050062,-2.136944794563287,-2.0696615951469126,-2.0276075817732537,-1.9981765386397692,-1.9587607559573588,-1.9329026745267637,-1.9142505593623136,-1.8999669375574426,-1.888569944541305,-1.8792001508687104,,10496,93,1.5,False,False,"variant-qitT10 (v1.1-frozen + |Qit_eff| -10% at 423 K; robustness study v1.3, 423 K only)"
C0209_T423,manual,0,C0209,C0209,423.0,0.956600496172905,1.163924840092659,-1234420479275.286,0.8182446327060462,3e03e515dcdf,6741628a4c1b,5e1d50a6e395,0,True,0,33.931,4.197004103015516,3.0961774349662003,160.8216018994376,0.011353144713948557,1.6897901579650449e-13,ae73669,2026-10-04T00:20:49+00:00,4.204125300441475,161.4031239588397,True,0.0037340410171143963,4.75,3.0961774349662003,0.22129280056564704,5.0,1.814175034952688e-12,True,True,-5.019567716934766,-2.556595288788233,-2.291529987380032,-2.185060598466665,-2.123515520811198,-2.052025592270027,-2.0101077227623003,-1.9817696863254606,-1.9609767911990061,-1.9448838263342831,-1.9319523698547745,,11081,93,1.5,False,False,"variant-qitT10 (v1.1-frozen + |Qit_eff| -10% at 423 K; robustness study v1.3, 423 K only)"
C0210_T423,manual,0,C0210,C0210,423.0,0.8167295400053263,0.9064965926110744,-588350017555.058,1.047786904871464,8aa265d1a33b,6741628a4c1b,5e1d50a6e395,0,True,0,50.281,2.1906637495656938,2.9457275259051956,152.72183457612044,0.01192398933480811,1.6897901579650446e-13,ae73669,2026-10-04T00:45:25+00:00,2.1980074498140394,153.13985743883228,True,0.0045841414333958825,2.75,2.9457275259051956,0.23351706383387072,5.0,1.5364856397648548e-12,True,True,-2.224206794795743,-2.131749124164137,-2.079679199779461,-2.0452862975107435,-2.020445131798381,-1.9862935129785146,-1.9634208234070727,-1.946737216160566,-1.9338782987950391,-1.9235784210859062,-1.9150910535654777,,12017,93,1.5,False,False,"variant-qitT10 (v1.1-frozen + |Qit_eff| -10% at 423 K; robustness study v1.3, 423 K only)"
C0211_T423,manual,0,C0211,C0211,423.0,1.104256673529744,1.036789071559906,-1475109478458.7622,0.9310628212988376,54bd98452c7a,6741628a4c1b,5e1d50a6e395,0,True,0,51.259,4.387782886954705,2.8889065580477835,156.94132157397345,0.012159010566836633,1.689790157965044e-13,ae73669,2026-10-04T00:24:26+00:00,4.400478071025645,157.30669602226922,True,0.004178816812741633,4.75,2.8889065580477835,0.23801049490375936,5.0,1.0915903597696897e-12,True,True,-6.198201185137672,-2.622172774763357,-2.275435515719698,-2.1577616888988835,-2.0931950060021336,-2.02060169050708,-1.9789702277207424,-1.951115669767236,-1.9307880096351304,-1.9151017641131287,-1.9025176244422115,,10262,93,1.5,False,False,"variant-qitT10 (v1.1-frozen + |Qit_eff| -10% at 423 K; robustness study v1.3, 423 K only)"
C0212_T423,manual,0,C0212,C0212,423.0,1.1744650259613991,0.950282511115074,-1107997941784.5603,0.9529702264815568,055b4ac9af6e,6741628a4c1b,5e1d50a6e395,0,True,0,40.613,3.399328202779004,2.775608492245982,154.21724128706026,0.012649415171865365,1.6897901579650446e-13,ae73669,2026-10-04T00:21:57+00:00,3.411126441561113,154.47616501760243,True,0.004328686567478765,3.75,2.775608492245982,0.24831277984947744,5.0,2.094389010471248e-12,True,True,-2.612854376520139,-2.2613442204210785,-2.1441602194042635,-2.08022158443063,-2.0385118595657743,-1.9857031711499444,-1.9525855219113881,-1.9293045293780635,-1.9117669016547796,-1.897929553025952,-1.8866440145131582,,9911,93,1.5,False,False,"variant-qitT10 (v1.1-frozen + |Qit_eff| -10% at 423 K; robustness study v1.3, 423 K only)"
C0213_T423,manual,0,C0213,C0213,423.0,0.8619493365287781,1.080552154034376,-955491889268.16,1.069644771143794,9147f8953cd9,6741628a4c1b,5e1d50a6e395,0,True,0,39.434,3.3988587688182266,2.959940730291294,158.10310816190588,0.011869286496765375,1.689790157965045e-13,ae73669,2026-10-04T00:22:20+00:00,3.4101150337647836,158.21496240981793,True,0.004404088450248425,3.75,2.959940730291294,0.2321225467065484,5.0,2.8774204145656254e-12,True,True,-2.6061719936919183,-2.2625277382481013,-2.1512766299474273,-2.0914195076014304,-2.0527493210242955,-2.0043053309461825,-1.974288408704995,-1.9533960202503404,-1.9377927534360329,-1.925575387181139,-1.9156794456092594,,11666,93,1.5,False,False,"variant-qitT10 (v1.1-frozen + |Qit_eff| -10% at 423 K; robustness study v1.3, 423 K only)"
C0214_T423,manual,0,C0214,C0214,423.0,0.914308849349618,0.8489059150218964,-1367309428751.4688,0.8901047259569168,cf8aa64fb19f,6741628a4c1b,5e1d50a6e395,0,True,0,49.156,3.6688223298873313,2.9836141634685496,151.07923313633898,0.011773474975613218,1.689790157965045e-13,ae73669,2026-10-04T00:24:58+00:00,3.6791309170314745,151.47516379564786,True,0.004222895944430846,4.25,2.9836141634685496,0.23045748916619363,5.0,2.0431626452864957e-12,True,True,-2.93135556038655,-2.326890199592137,-2.1853037451516926,-2.1144665829831757,-2.0701454025925647,-2.0158247846491513,-1.9826375691591276,-1.959658370160035,-1.9425203843773744,-1.9290953349480051,-1.9182062041191508,,11432,93,1.5,False,False,"variant-qitT10 (v1.1-frozen + |Qit_eff| -10% at 423 K; robustness study v1.3, 423 K only)"
C0215_T423,manual,0,C0215,C0215,423.0,1.001792972162366,1.1202109716832638,-692277944646.7758,1.182611062377691,666800ad2004,6741628a4c1b,5e1d50a6e395,0,True,0,33.635,2.935657194088238,2.7734563778624812,159.1715746598889,0.012659857540994648,1.6897901579650449e-13,ae73669,2026-10-04T00:40:21+00:00,2.943064394590492,159.67741970831185,True,0.004767353910216999,3.5,2.7734563778624812,0.24844763614832066,5.0,1.9491975103083555e-12,True,True,-2.356718484954134,-2.17474726762698,-2.094079535118828,-2.0460710584412265,-2.0134026073168454,-1.9707289019382854,-1.9433631517652639,-1.9239241551296051,-1.9092075785208993,-1.8975711813256164,-1.8880756420392524,,10964,93,1.5,False,False,"variant-qitT10 (v1.1-frozen + |Qit_eff| -10% at 423 K; robustness study v1.3, 423 K only)"
C0216_T423,manual,0,C0216,C0216,423.0,1.0451108679175376,0.9480609759688378,-1275098165497.1838,1.097467378154397,7c1380254359,6741628a4c1b,5e1d50a6e395,0,True,0,49.871,3.732071042042003,2.785349198859529,153.98775418525034,0.012605313699221136,1.6897901579650446e-13,ae73669,2026-10-04T00:24:47+00:00,3.734351165238009,154.42161855091553,True,0.004861380611897424,4.25,2.785349198859529,0.24743956897774222,5.0,1.694889102129193e-12,True,True,-3.0336595250042286,-2.300903364206788,-2.153271227352783,-2.081682922034267,-2.037495500794517,-1.9838872112559691,-1.9514102017657995,-1.9290421454021394,-1.9124244155540882,-1.899446341883967,-1.8889459075771184,,10613,92,1.5,False,False,"variant-qitT10 (v1.1-frozen + |Qit_eff| -10% at 423 K; robustness study v1.3, 423 K only)"
C0217_T423,manual,0,C0217,C0217,423.0,0.9325403422117232,1.020908645540476,-661407967098.0573,0.9798168923705816,82162dc0f34a,6741628a4c1b,5e1d50a6e395,0,True,0,47.853,2.6455807161817,2.9062327166667123,156.36803673510042,0.012085550667423943,1.689790157965045e-13,ae73669,2026-10-04T00:48:03+00:00,2.6575153125408524,156.78069095492796,True,0.0042739951846697075,3.0,2.9062327166667123,0.23671344762010638,5.0,2.7904821873625835e-12,True,True,-2.3188799558429416,-2.179039384341503,-2.108536287040938,-2.0642728970620854,-2.0332309699852864,-1.9916237071462704,-1.9643465676876835,-1.9447030360519206,-1.9296893737901417,-1.9177335565616573,-1.907923025816107,,11315,93,1.5,False,False,"variant-qitT10 (v1.1-frozen + |Qit_eff| -10% at 423 K; robustness study v1.3, 423 K only)"
C0218_T423,manual,0,C0218,C0218,423.0,0.8912045422941447,0.8525434687733651,-1014875889755.7854,1.1596521452069282,2ed494ad549d,6741628a4c1b,5e1d50a6e395,0,True,0,38.702,2.924668551873077,2.8323550795167893,150.8569507114836,0.012396389031447571,1.6897901579650449e-13,ae73669,2026-10-04T00:23:18+00:00,2.9334805021405925,151.23074468466092,True,0.004932942727831357,3.5,2.8323550795167893,0.24333384351090104,5.0,2.0579536865319368e-12,True,True,-2.334874876480204,-2.1636952390349777,-2.0883947930424847,-2.0438247861142065,-2.0135985858844236,-1.9742104483159928,-1.9489775631304327,-1.9310469447448062,-1.917459834755741,-1.9067048029103422,-1.8979188821808883,,11432,93,1.5,False,False,"variant-qitT10 (v1.1-frozen + |Qit_eff| -10% at 423 K; robustness study v1.3, 423 K only)"
C0219_T423,manual,0,C0219,C0219,423.0,1.1786342103034255,1.178145492821932,-925540270283.8182,0.8677327491343022,c2c187c11158,6741628a4c1b,5e1d50a6e395,0,True,0,31.131,3.5795838481635864,2.877925761425289,161.16922465100413,0.012205802805585265,1.6897901579650443e-13,ae73669,2026-10-04T00:44:26+00:00,3.5934847963836725,161.3635310882381,True,0.003972576355803833,4.0,2.877925761425289,0.23886877869221643,5.0,1.1430785744197708e-12,True,True,-2.844719632347861,-2.3382391070338895,-2.195663862784716,-2.1206181796496706,-2.0724101901902707,-2.012076529114967,-1.9746126842529972,-1.9484507347591862,-1.9288422394887275,-1.9134336506941867,-1.9009086866074352,,9911,92,1.5,False,False,"variant-qitT10 (v1.1-frozen + |Qit_eff| -10% at 423 K; robustness study v1.3, 423 K only)"
C0220_T423,manual,0,C0220,C0220,423.0,1.148842562735081,0.8088292934000493,-558428979478.7765,0.8396401423960924,754d840fe4dc,6741628a4c1b,5e1d50a6e395,0,True,0,57.437,1.8681070279169494,2.7794301174109948,149.82327922112364,0.012629541873122313,1.6897901579650449e-13,ae73669,2026-10-04T00:27:00+00:00,1.8826355489100184,149.8786496748875,True,0.0043133153515541745,2.25,2.7794301174109948,0.2482399062197413,5.0,1.990461877524919e-12,True,True,-2.2003503412109318,-2.1178121688914926,-2.067435593987151,-2.032598102337039,-2.006646203265473,-1.969850917739301,-1.9444503810387,-1.9255149103455154,-1.9106701204087255,-1.8986124028558762,-1.8885579247399213,,10145,93,1.5,False,False,"variant-qitT10 (v1.1-frozen + |Qit_eff| -10% at 423 K; robustness study v1.3, 423 K only)"
C0221_T423,manual,0,C0221,C0221,423.0,0.8364243388175965,1.134408287703991,-1382018007338.047,1.1315099995583295,3dd86c05fd80,6741628a4c1b,5e1d50a6e395,0,True,0,51.829,4.4120657461990955,3.0036840438287755,159.61897681130844,0.011699145831993139,1.6897901579650449e-13,ae73669,2026-10-04T00:25:22+00:00,4.421929714885211,160.06314425704383,True,0.0044831508996432436,5.0,3.0036840438287755,0.2284714147921265,5.0,1.5421603277448746e-12,True,True,-6.329741024375321,-2.609424366653604,-2.258681507895796,-2.1477926311650455,-2.0885872177302116,-2.0234414704558774,-1.9868130753313966,-1.9626409172229113,-1.9451904611649722,-1.931845845432795,-1.9212240297999246,,11900,93,1.5,False,False,"variant-qitT10 (v1.1-frozen + |Qit_eff| -10% at 423 K; robustness study v1.3, 423 K only)"
C0222_T423,manual,0,C0222,C0222,423.0,0.9902486953884364,0.9918235965073108,-794297147542.2383,0.9016769975423812,b88d88a071ee,6741628a4c1b,5e1d50a6e395,0,True,0,50.069,2.8559838483130595,2.912587330985452,155.5737266646719,0.012059253822912726,1.689790157965044e-13,ae73669,2026-10-04T00:50:33+00:00,2.8703303126483433,155.66812905741756,True,0.004210111126158225,3.25,2.912587330985452,0.23618691900255473,5.0,1.9945978105351213e-12,True,True,-2.3850255771857087,-2.2110161171458755,-2.1291437603240713,-2.0791491818489547,-2.0446079709165503,-1.9988579811594134,-1.9691365114760677,-1.9478332392360675,-1.931593272341845,-1.9186795637229892,-1.9080910512062972,,10964,91,1.5,False,False,"variant-qitT10 (v1.1-frozen + |Qit_eff| -10% at 423 K; robustness study v1.3, 423 K only)"
C0223_T423,manual,0,C0223,C0223,423.0,1.0778306651860476,1.0646942988038064,-1142239796929.0615,1.0193786464631558,b3e0fd9bcf01,6741628a4c1b,5e1d50a6e395,0,True,0,34.405,3.754146997383416,2.8252583420655224,157.68213261400598,0.01242999885290866,1.6897901579650443e-13,ae73669,2026-10-04T00:45:48+00:00,3.7554571013677314,158.06981719583578,True,0.004539885976753382,4.25,2.8252583420655224,0.2436634152045248,5.0,2.8745969738052828e-12,True,True,-3.1124486657002883,-2.333179474022812,-2.1766829979959437,-2.100527162461097,-2.053382693537437,-1.9960431273688348,-1.9612448622650227,-1.9372632178596352,-1.9194442794831785,-1.9055289114368317,-1.8942715131010928,,10496,92,1.5,False,False,"variant-qitT10 (v1.1-frozen + |Qit_eff| -10% at 423 K; robustness study v1.3, 423 K only)"
C0224_T423,manual,0,C0224,C0224,423.0,1.0864291463047266,0.8218566562980414,-1448417950421.5718,1.1751664496958254,39824f1def01,6741628a4c1b,5e1d50a6e395,0,True,0,32.051,3.7408915162387992,2.7001632596821703,149.82290994716087,0.012998251280913567,1.6897901579650446e-13,ae73669,2026-10-04T00:21:02+00:00,3.742074390867249,150.2074881631146,True,0.005296762313134844,4.25,2.7001632596821703,0.25571747641544745,5.0,1.914569995276478e-12,True,True,-3.024430972139605,-2.272185803879218,-2.1283520950364987,-2.059534947958837,-2.0173264267962994,-1.9663281122383165,-1.9354926303088156,-1.914253712406977,-1.898461758594405,-1.886115071549643,-1.8761139666108144,,10379,92,1.5,False,False,"variant-qitT10 (v1.1-frozen + |Qit_eff| -10% at 423 K; robustness study v1.3, 423 K only)"
C0225_T423,manual,0,C0225,C0225,423.0,0.9990055847913026,1.147455543652177,-617025005631.1488,0.8959928587079048,7e6db89b02e4,6741628a4c1b,5e1d50a6e395,0,True,0,32.379,2.8628937734685915,2.935707768490088,160.24983713658003,0.011966486283512065,1.6897901579650443e-13,ae73669,2026-10-04T00:21:21+00:00,2.876891091503296,160.11166922699655,True,0.003999958579796499,3.25,2.935707768490088,0.23409901549171633,5.0,1.7156951563033555e-12,True,True,-2.4037279351957146,-2.2247113125576945,-2.1401674219229916,-2.088411792810217,-2.052601839152527,-2.0051317822349044,-1.9742948000551515,-1.9522094970016972,-1.9353914223450122,-1.9220333526593751,-1.9110928490423502,,10964,91,1.5,False,False,"variant-qitT10 (v1.1-frozen + |Qit_eff| -10% at 423 K; robustness study v1.3, 423 K only)"
C0226_T423,manual,0,C0226,C0226,423.0,0.827835275232792,0.9790895756334066,-1216456986032.4265,1.063031842932105,1deca5579b5e,6741628a4c1b,5e1d50a6e395,0,True,0,53.19,3.6925919611423614,2.992733162458095,155.0008475182495,0.011739734090743657,1.6897901579650443e-13,ae73669,2026-10-04T00:46:18+00:00,3.699635862228377,155.57484175713932,True,0.004545761949562639,4.25,2.992733162458095,0.22954107855715553,5.0,1.7926007496367161e-12,True,True,-2.9608487266944308,-2.3125351105235157,-2.1727883629699116,-2.104365936462244,-2.0620409224617426,-2.010711715530948,-1.9796916612640911,-1.9583936567952032,-1.9426214242170947,-1.9303417399053184,-1.9204354818200817,,11900,93,1.5,False,False,"variant-qitT10 (v1.1-frozen + |Qit_eff| -10% at 423 K; robustness study v1.3, 423 K only)"
C0227_T423,manual,0,C0227,C0227,423.0,1.140411901473999,1.0519404027611017,-845083512365.818,0.9580268416553736,3ca5dec9144a,6741628a4c1b,5e1d50a6e395,0,True,0,48.471,3.107385556828403,2.7964552269278706,157.3783274828362,0.012556558335601329,1.6897901579650449e-13,ae73669,2026-10-04T00:25:15+00:00,3.121316632428332,157.17468224158105,True,0.004328073454841168,3.5,2.7964552269278706,0.24631629890716913,5.0,2.342223403223942e-12,True,True,-2.458998494485866,-2.2267732932134394,-2.13010569109722,-2.0736400561017705,-2.035527527119623,-1.9859841857569691,-1.9542781831079203,-1.9317464561955706,-1.9146633813902663,-1.90112938135368,-1.8900612594048085,,10145,91,1.5,False,False,"variant-qitT10 (v1.1-frozen + |Qit_eff| -10% at 423 K; robustness study v1.3, 423 K only)"
C0228_T423,manual,0,C0228,C0228,423.0,1.182496029511094,0.9353036526590586,-727819562889.6356,0.9361629329621792,11587570f91f,6741628a4c1b,5e1d50a6e395,0,True,0,39.88,2.5673210485092124,2.7472381983416376,153.7867767750261,0.012778279100145732,1.6897901579650443e-13,ae73669,2026-10-04T00:22:37+00:00,2.580529023095088,153.82408866280278,True,0.0044898772978138966,3.0,2.7472381983416376,0.2510547579614054,5.0,1.2399895375513611e-12,True,True,-2.29460415569802,-2.160457941080968,-2.090556177560608,-2.0459226342679613,-2.014269381436512,-1.9713581069120654,-1.9428941466993974,-1.9222117586674239,-1.906287831655647,-1.893527630343068,-1.8829996128848745,,9911,92,1.5,False,False,"variant-qitT10 (v1.1-frozen + |Qit_eff| -10% at 423 K; robustness study v1.3, 423 K only)"
C0229_T423,manual,0,C0229,C0229,423.0,0.8949323732405902,1.00817732475698,-1333690585568.5474,1.041118296980858,f1b6b42a0c7a,6741628a4c1b,5e1d50a6e395,0,True,0,43.334,4.012819881330778,2.9551258583288798,155.9182033308788,0.011888029856865153,1.6897901579650449e-13,ae73669,2026-10-04T00:23:04+00:00,4.016635503419598,156.27844754040342,True,0.004612774775130801,4.5,2.9551258583288798,0.2325579545451503,5.0,1.5218247191047544e-12,True,True,-4.062381234088599,-2.4052771603081466,-2.206908077511592,-2.1218048468339186,-2.071787806585126,-2.013215468251484,-1.9787149069593641,-1.9553457467004176,-1.9381814479440098,-1.9248901128486833,-1.914207928868708,,11549,92,1.5,False,False,"variant-qitT10 (v1.1-frozen + |Qit_eff| -10% at 423 K; robustness study v1.3, 423 K only)"
C0230_T423,manual,0,C0230,C0230,423.0,0.9285897120833396,0.8655933652073146,-999761542305.3503,0.8240755360573531,f4365958bddf,6741628a4c1b,5e1d50a6e395,0,True,0,47.925,2.954299078106497,2.9952812726463205,151.70017698705752,0.011727849380787695,1.6897901579650449e-13,ae73669,2026-10-04T00:25:46+00:00,2.9605816915098493,152.2333606963131,True,0.004083876626045618,3.5,2.9952812726463205,0.22953788325182545,5.0,1.0367314645653991e-12,True,True,-2.4226371278195424,-2.231493954163744,-2.145341264328282,-2.0936429638377305,-2.058261240945385,-2.011741413368711,-1.9816769154065443,-1.9601762624154146,-1.9438004954736998,-1.9307816202534944,-1.9201054050597692,,11315,93,1.5,False,False,"variant-qitT10 (v1.1-frozen + |Qit_eff| -10% at 423 K; robustness study v1.3, 423 K only)"
C0231_T423,manual,0,C0231,C0231,423.0,1.0410262435674666,1.1911694165319204,-1065651078708.4698,1.103300191834569,cf44acef71eb,6741628a4c1b,5e1d50a6e395,0,True,0,33.129,3.8826365514681465,2.8259858004792098,161.29906213261393,0.012427724794163843,1.6897901579650449e-13,ae73669,2026-10-04T00:40:54+00:00,3.894730244512016,161.39024899077214,True,0.004471928027546287,4.25,2.8259858004792098,0.24350421238049771,5.0,1.7446987134394832e-12,True,True,-3.5051725674180507,-2.3612592053303425,-2.1845775871123734,-2.1034415757393723,-2.0544198585733002,-1.9958661222409209,-1.9608575402405304,-1.9369548471457105,-1.9193133922195351,-1.905608372547686,-1.8945682706525502,,10613,91,1.5,False,False,"variant-qitT10 (v1.1-frozen + |Qit_eff| -10% at 423 K; robustness study v1.3, 423 K only)"
C0232_T423,manual,0,C0232,C0232,423.0,1.0120760235935449,0.9632087845355272,-904715992510.3188,1.013496521860361,ddbe45005532,6741628a4c1b,5e1d50a6e395,0,True,0,51.589,3.004136449056135,2.827977772604571,154.56940229243753,0.012416636854681784,1.689790157965045e-13,ae73669,2026-10-04T00:25:39+00:00,3.005465817226822,154.96046836545753,True,0.00462710968629112,3.5,2.827977772604571,0.2435850470832871,5.0,2.6910868798704162e-12,True,True,-2.3993927526532004,-2.200486522065371,-2.1142217735053865,-2.0632408134101783,-2.028652949881569,-1.9835328561511067,-1.9545877639103695,-1.9339950200172418,-1.9183739275026606,-1.9059960203625512,-1.895873846825071,,10847,92,1.5,False,False,"variant-qitT10 (v1.1-frozen + |Qit_eff| -10% at 423 K; robustness study v1.3, 423 K only)"
C0233_T423,manual,0,C0233,C0233,423.0,0.9245549965649844,1.093504424020648,-1033777869306.5046,0.9091276183724404,112661fd42e7,6741628a4c1b,5e1d50a6e395,0,True,0,44.236,3.6056544084071103,3.0095378107221173,158.66048550963507,0.011675635254142768,1.689790157965044e-13,ae73669,2026-10-04T00:48:47+00:00,3.6198324200607352,158.6484919222797,True,0.004094471260695512,4.0,3.0095378107221173,0.22809884523125823,5.0,1.1241118962192519e-12,True,True,-2.861839913796582,-2.3346853430858543,-2.1958498652334466,-2.1243475305262147,-2.078990999811775,-2.0228701107479243,-1.9883896647525312,-1.964483298599117,-1.946662192968073,-1.932719480794967,-1.9214282430341016,,11315,91,1.5,False,False,"variant-qitT10 (v1.1-frozen + |Qit_eff| -10% at 423 K; robustness study v1.3, 423 K only)"
C0234_T423,manual,0,C0234,C0234,423.0,0.8519198432564736,0.8360769081860782,-633686709217.7272,1.1264595832675697,9fabd850a489,6741628a4c1b,5e1d50a6e395,0,True,0,40.037,2.083831892390846,2.8547518807359027,150.36708119678715,0.012299571514463743,1.6897901579650449e-13,ae73669,2026-10-04T00:23:58+00:00,2.0973587453405287,150.30321303479172,True,0.005083391472348913,2.5,2.8547518807359027,0.24139075319490685,5.0,1.4790990711777677e-12,True,True,-2.1875649280725,-2.1042493188803446,-2.056471168419713,-2.0246162179398093,-2.0014695437760497,-1.9694614965223323,-1.9479031354361465,-1.9321153859451734,-1.91990998719555,-1.9101100180033146,-1.9020187286429027,,11783,92,1.5,False,False,"variant-qitT10 (v1.1-frozen + |Qit_eff| -10% at 423 K; robustness study v1.3, 423 K only)"
C0235_T423,manual,0,C0235,C0235,423.0,1.1643986225128171,1.1073559861630202,-1300897110253.5725,0.8462592694908381,9e5f158825bb,6741628a4c1b,5e1d50a6e395,0,True,0,30.755,4.201837284066974,2.922832234553503,159.14452234052234,0.012020005105887422,1.6897901579650449e-13,ae73669,2026-10-04T00:44:57+00:00,4.208276971327003,159.54511085108592,True,0.003931105122832067,4.75,2.922832234553503,0.23503115147801154,5.0,1.2539812938028305e-12,True,True,-5.059539607754357,-2.5399179573834187,-2.271504348867727,-2.163952295202745,-2.101740337383203,-2.029334985393028,-1.9867439913351523,-1.9578578920796532,-1.9365975842264131,-1.9200953478525586,-1.9067993199351536,,10028,93,1.5,False,False,"variant-qitT10 (v1.1-frozen + |Qit_eff| -10% at 423 K; robustness study v1.3, 423 K only)"
C0236_T423,manual,0,C0236,C0236,423.0,1.1064827505499124,0.8797910820692778,-1183632929809.3916,0.8743953488767148,80deff88d9cb,6741628a4c1b,5e1d50a6e395,0,True,0,62.753,3.3734077598391066,2.8526796371932095,152.10572997378213,0.01230959256305055,1.6897901579650443e-13,ae73669,2026-10-04T00:28:04+00:00,3.387435585410624,152.17076498109984,True,0.004275839514742507,3.75,2.8526796371932095,0.2414301368515476,5.0,9.713219811802176e-13,True,True,-2.60561257187375,-2.270600256039694,-2.155413357986052,-2.0920503528688457,-2.0505528410977507,-1.9978395742154837,-1.9646798255012516,-1.9413174029564777,-1.9236872358129402,-1.9097563216054216,-1.8983801254740036,,10262,93,1.5,False,False,"variant-qitT10 (v1.1-frozen + |Qit_eff| -10% at 423 K; robustness study v1.3, 423 K only)"
C0237_T423,manual,0,C0237,C0237,423.0,0.8190169412642718,1.1510931927710772,-750920077785.8496,1.1545460253953934,be1dee42cb81,6741628a4c1b,5e1d50a6e395,0,True,0,49.366,3.1313389331013037,2.96595118734213,160.09904250468665,0.011846143846636186,1.6897901579650446e-13,ae73669,2026-10-04T00:26:12+00:00,3.1433959017511435,160.13534019139885,True,0.004581868735730025,3.5,2.96595118734213,0.23156435405712134,5.0,1.667710980304232e-12,True,True,-2.443527794546233,-2.216858205823741,-2.1271994948293864,-2.076080979712528,-2.0421188368579197,-1.9986691000177035,-1.9713193451966609,-1.9521279581663358,-1.9377286805316298,-1.9264229980650702,-1.9172503182669556,,12017,93,1.5,False,False,"variant-qitT10 (v1.1-frozen + |Qit_eff| -10% at 423 K; robustness study v1.3, 423 K only)"
C0238_T423,manual,0,C0238,C0238,423.0,0.9541391238570214,0.919446162506938,-1416514160111.5464,0.9872103076428176,433a4b2e9b0c,6741628a4c1b,5e1d50a6e395,0,True,0,51.707,3.9590149397562153,2.915927632354828,153.21659942174946,0.012045393800731871,1.6897901579650443e-13,ae73669,2026-10-04T00:51:25+00:00,3.964288163408168,153.70452248249035,True,0.004515020970866883,4.5,2.915927632354828,0.2359253758225064,5.0,1.158103963962129e-12,True,True,-3.8080438561489265,-2.3873325834372987,-2.1997005873752884,-2.1166047204660225,-2.0671460769512167,-2.0086633981904494,-1.9739153342540172,-1.950236585417969,-1.932762845830884,-1.9191789970197999,-1.9082251944048554,,11081,92,1.5,False,False,"variant-qitT10 (v1.1-frozen + |Qit_eff| -10% at 423 K; robustness study v1.3, 423 K only)"
C0239_T423,manual,0,C0239,C0239,423.0,1.0666731208562852,1.0497187722474337,-521948874928.05725,1.0916302759200334,472f225fc46b,6741628a4c1b,5e1d50a6e395,0,True,0,34.128,2.417502799339741,2.7426738146421914,157.1536283137292,0.012800013205048548,1.6897901579650446e-13,ae73669,2026-10-04T00:46:23+00:00,2.4270462072459384,157.35386652566714,True,0.004586895896868517,3.0,2.7426738146421914,0.25142609451236886,5.0,1.422227398676287e-12,True,True,-2.248157574440874,-2.133035495672118,-2.0711114899071377,-2.031048318755521,-2.00244666454737,-1.9635009519253022,-1.937615161898763,-1.918811929207914,-1.9043540817356992,-1.8927895823148848,-1.8832673416700374,,10613,93,1.5,False,False,"variant-qitT10 (v1.1-frozen + |Qit_eff| -10% at 423 K; robustness study v1.3, 423 K only)"
C0240_T423,manual,0,C0240,C0240,423.0,1.062313288450241,0.9055151768028736,-1020773429423.5706,0.8015953999012709,dcaa2f49ac84,6741628a4c1b,5e1d50a6e395,0,True,0,37.082,3.1106181919002998,2.9319215214395746,153.02688478659732,0.011979820310275911,1.6897901579650446e-13,ae73669,2026-10-04T00:21:40+00:00,3.1255304888808433,153.03303522377487,True,0.0040225896095352175,3.5,2.9319215214395746,0.23462399100638598,5.0,2.0374367806683214e-12,True,True,-2.4890463391043465,-2.2552012321253208,-2.1568658214340526,-2.0991949911047874,-2.060169135116741,-2.009292251538725,-1.976618220445437,-1.9533257780948055,-1.9356160159823956,-1.9215496960402705,-1.910019647765259,,10613,91,1.5,False,False,"variant-qitT10 (v1.1-frozen + |Qit_eff| -10% at 423 K; robustness study v1.3, 423 K only)"
C0241_T423,manual,0,C0241,C0241,423.0,0.9748838141560554,1.0252225890755653,-915767031721.7708,1.1194419581443071,d4b80a3cbf5d,6741628a4c1b,5e1d50a6e395,0,True,0,35.574,3.177543180808724,2.8179899177001695,156.37271248176577,0.012460888962305117,1.6897901579650454e-13,ae73669,2026-10-04T00:21:57+00:00,3.1860303199128057,156.74011632498508,True,0.004672605684878027,3.75,2.8179899177001695,0.24442175519901282,5.0,2.1544686775193472e-12,True,True,-2.4533645793825007,-2.2095517138812935,-2.115196192676405,-2.0616599780990423,-2.0261289185684874,-1.980630474036168,-1.9519081872643076,-1.9316822250441823,-1.9164515543060177,-1.9044509739166406,-1.8946819972324056,,11081,93,1.5,False,False,"variant-qitT10 (v1.1-frozen + |Qit_eff| -10% at 423 K; robustness study v1.3, 423 K only)"
C0242_T423,manual,0,C0242,C0242,423.0,0.8021571625024081,0.895150301605463,-1253712958656.2517,0.9395081900060176,3033a058a748,6741628a4c1b,5e1d50a6e395,0,True,0,52.506,3.5568263198948493,3.0689103980333106,152.49006883379712,0.011450044539462276,1.6897901579650446e-13,ae73669,2026-10-04T00:47:11+00:00,3.5691738674255253,152.57376553805557,True,0.004455772915957156,4.0,3.0689103980333106,0.22369011025455754,5.0,2.5676317528787006e-12,True,True,-2.7656636365234255,-2.3041280175791052,-2.178477841063683,-2.113751943598151,-2.0727822424821856,-2.02221467979032,-1.9912074143594687,-1.9697263935217715,-1.9537174013941465,-1.9411928239612048,-1.931049614376978,,12017,92,1.5,False,False,"variant-qitT10 (v1.1-frozen + |Qit_eff| -10% at 423 K; robustness study v1.3, 423 K only)"
C0243_T423,manual,0,C0243,C0243,423.0,1.114727494493127,1.1738681718707085,-686729915440.0825,1.0316236644983292,3ae15f6c6852,6741628a4c1b,5e1d50a6e395,0,True,0,45.759,3.0576662654240696,2.7821082851673467,160.87430782160283,0.01262150740976142,1.6897901579650446e-13,ae73669,2026-10-04T00:26:01+00:00,3.0693124938014082,160.99771660778916,True,0.004471997124996741,3.5,2.7821082851673467,0.2475611487386606,5.0,1.1077570106590054e-12,True,True,-2.432926972002328,-2.214438179653403,-2.121452374625441,-2.066752195977978,-2.0297124254718306,-1.9814734855421898,-1.9505861369623954,-1.9286494954002293,-1.9120351836372333,-1.8988887734083513,-1.8881514021500054,,10262,92,1.5,False,False,"variant-qitT10 (v1.1-frozen + |Qit_eff| -10% at 423 K; robustness study v1.3, 423 K only)"
C0244_T423,manual,0,C0244,C0244,423.0,1.157017603516579,0.8388871029019356,-803841502405.7031,1.0597338166087866,14b579a7132e,6741628a4c1b,5e1d50a6e395,0,True,0,36.445,2.45131690503361,2.671191436614863,150.52516351862545,0.013137845076001752,1.6897901579650446e-13,ae73669,2026-10-04T00:23:14+00:00,2.457396163458957,151.03405280633214,True,0.004892260442482669,3.0,2.671191436614863,0.25862487630036973,5.0,2.3775031103105592e-12,True,True,-2.235683982245717,-2.119728776859542,-2.058083898898628,-2.0184055737292095,-1.9901410215496542,-1.9516727560352982,-1.9260634740605702,-1.9074094205163394,-1.893021183949139,-1.8814758637222,-1.8719403635165823,,10028,92,1.5,False,False,"variant-qitT10 (v1.1-frozen + |Qit_eff| -10% at 423 K; robustness study v1.3, 423 K only)"
C0245_T423,manual,0,C0245,C0245,423.0,0.869435827434063,1.1175819404423235,-1136571140959.859,0.9676694128662348,42a9a3c393aa,6741628a4c1b,5e1d50a6e395,0,True,0,34.337,3.8722750685338703,3.0366947117894902,159.2789411187958,0.01157264509626251,1.6897901579650449e-13,ae73669,2026-10-04T00:23:38+00:00,3.885616169676648,159.47374777651524,True,0.004182123296856429,4.25,3.0366947117894902,0.2259225003203722,5.0,3.0468016214118145e-12,True,True,-3.474011054982541,-2.3900602115896143,-2.2155495300343913,-2.134645029251872,-2.085613373539988,-2.0269648814368133,-1.9918866636558692,-1.9679434168289536,-1.9502808872360453,-1.9365673653854094,-1.9255269699885285,,11666,91,1.5,False,False,"variant-qitT10 (v1.1-frozen + |Qit_eff| -10% at 423 K; robustness study v1.3, 423 K only)"
C0246_T423,manual,0,C0246,C0246,423.0,0.9046739239245654,0.9617291674017906,-532878151163.45886,1.1975994028151034,118db68ee117,6741628a4c1b,5e1d50a6e395,0,True,0,51.527,2.211982252315339,2.8026184497580946,154.33779658429003,0.01252774577308568,1.6897901579650443e-13,ae73669,2026-10-04T00:26:38+00:00,2.216532543233087,154.81612518264404,True,0.004995795009165444,2.75,2.8026184497580946,0.2459229188380105,5.0,1.6724591200929475e-12,True,True,-2.2001334388435954,-2.1075532538116795,-2.0558359995957054,-2.021812540964516,-1.9972976894706795,-1.9636690524189422,-1.9411923532914988,-1.9248204374599993,-1.912215142031945,-1.9021270683821014,-1.893820219508511,,11549,92,1.5,False,False,"variant-qitT10 (v1.1-frozen + |Qit_eff| -10% at 423 K; robustness study v1.3, 423 K only)"
C0247_T423,manual,0,C0247,C0247,423.0,1.017091954126954,1.0814596094191071,-1403632094152.2715,0.87970320135355,600b8f911d29,6741628a4c1b,5e1d50a6e395,0,True,0,33.034,4.3516667634760715,2.991137950656197,158.3428350248599,0.01174739460253493,1.6897901579650443e-13,ae73669,2026-10-04T00:41:27+00:00,4.366051176427955,158.39917135626646,True,0.004048242390378382,4.75,2.991137950656197,0.2294948382911472,5.0,1.12343294389472e-12,True,True,-5.954599689717317,-2.617509360149378,-2.2896857203767067,-2.17377971582643,-2.1094195071131305,-2.036545191193515,-1.994571152926618,-1.9664429868972204,-1.9459058317072986,-1.9300584427717333,-1.9173486463016607,,10847,92,1.5,False,False,"variant-qitT10 (v1.1-frozen + |Qit_eff| -10% at 423 K; robustness study v1.3, 423 K only)"
C0248_T423,manual,0,C0248,C0248,423.0,1.0360072314739228,0.8594682037830353,-562524504959.5833,0.9902184408158065,cf647b0c33ff,6741628a4c1b,5e1d50a6e395,0,True,0,45.748,2.010731885046912,2.7704805781511,151.253763537871,0.012670553425277445,1.6897901579650446e-13,ae73669,2026-10-04T00:26:25+00:00,2.01408293282015,151.62055789663486,True,0.004728793143097308,2.5,2.7704805781511,0.2490199882856043,5.0,1.457845189057335e-12,True,True,-2.194547485510454,-2.108866397546316,-2.0583499221848975,-2.0241108456902204,-1.99894979847207,-1.9637589335837053,-1.9397890123445538,-1.9220913225557041,-1.9083207726028437,-1.8972044155589374,-1.8879834250253205,,10613,92,1.5,False,False,"variant-qitT10 (v1.1-frozen + |Qit_eff| -10% at 423 K; robustness study v1.3, 423 K only)"
C0249_T423,manual,0,C0249,C0249,423.0,0.9484799101948738,1.1838662646710874,-1497059232555.3298,1.0824790615588429,19db3e8dc68e,6741628a4c1b,5e1d50a6e395,0,True,0,44.694,4.76844171391363,2.945028121781779,161.1223239875994,0.011930423376549057,1.6897901579650446e-13,ae73669,2026-10-04T00:49:32+00:00,4.773516259645003,161.40893311702197,True,0.004559200507305485,5.25,2.945028121781779,0.233171776668061,5.0,8.482207991544755e-13,True,True,-8.50781763151087,-3.1516450503000075,-2.337800503174508,-2.181367322647627,-2.1062016338691447,-2.0279718237957227,-1.9855342787650478,-1.957999000770777,-1.938310598308389,-1.9233441441891324,-1.9114778487074369,,11198,92,1.5,False,False,"variant-qitT10 (v1.1-frozen + |Qit_eff| -10% at 423 K; robustness study v1.3, 423 K only)"
C0250_T423,manual,0,C0250,C0250,423.0,0.8774134147912265,0.9397320479154588,-834528344683.3491,0.8530335865914822,f0e4c55b3553,6741628a4c1b,5e1d50a6e395,0,True,0,43.997,2.8088924165248477,3.0303793065089093,154.0309908591186,0.011594150589951592,1.689790157965045e-13,ae73669,2026-10-04T00:24:42+00:00,2.821726450318875,154.16869935731899,True,0.004152211570847527,3.25,3.0303793065089093,0.22666867884033334,5.0,1.4509843375457553e-12,True,True,-2.383872476646696,-2.219313490029291,-2.1405146698820587,-2.0920975290071975,-2.0585441932651416,-2.01400249643522,-1.9850187947524964,-1.9642277034956264,-1.9483717402472385,-1.9357610631199582,-1.9254205516330587,,11549,92,1.5,False,False,"variant-qitT10 (v1.1-frozen + |Qit_eff| -10% at 423 K; robustness study v1.3, 423 K only)"
C0251_T423,manual,0,C0251,C0251,423.0,1.1898862812668085,1.016884272545576,-1228965479880.5713,1.1695631235837936,431b0b326046,6741628a4c1b,5e1d50a6e395,0,True,0,35.805,3.807505677610537,2.6773946336497954,156.08830901798788,0.013110250183399846,1.6897901579650443e-13,ae73669,2026-10-04T00:45:33+00:00,3.8189212499267033,156.16018812567657,True,0.005052209977970898,4.25,2.6773946336497954,0.25772202873249145,5.0,2.2347160362938092e-12,True,True,-3.2322838704653245,-2.3072780996827227,-2.1468297187191245,-2.071200607398862,-2.0250201040875875,-1.9693892841408238,-1.9358541526041595,-1.9128153860602388,-1.8957244605978298,-1.8823890205728224,-1.8716057539298199,,9794,92,1.5,False,False,"variant-qitT10 (v1.1-frozen + |Qit_eff| -10% at 423 K; robustness study v1.3, 423 K only)"
C0252_T423,manual,0,C0252,C0252,423.0,1.1321763902902604,0.9959693275392056,-1346076835878.1934,1.147673263773322,c271cdd3d8b4,6741628a4c1b,5e1d50a6e395,0,True,0,61.819,4.0007347707254155,2.724221483509637,155.44884738238318,0.012886561532705142,1.6897901579650443e-13,ae73669,2026-10-04T00:29:06+00:00,4.000968039118718,155.79336379355934,True,0.0049901106886446524,4.5,2.724221483509637,0.2531341997002776,5.0,1.0881729545220153e-12,True,True,-4.0035894377564505,-2.3690134024569427,-2.1724531735593815,-2.087763986386376,-2.037834492702947,-1.979143800228247,-1.9444128841226969,-1.9207938987841688,-1.9033853925696158,-1.8898629481687943,-1.8789645660677905,,10145,92,1.5,False,False,"variant-qitT10 (v1.1-frozen + |Qit_eff| -10% at 423 K; robustness study v1.3, 423 K only)"
C0253_T423,manual,0,C0253,C0253,423.0,0.8446920797228814,1.0730987071990967,-717386296018.9581,0.8311947975307703,b68f590ab5b1,6741628a4c1b,5e1d50a6e395,0,True,0,49.765,2.903255358663725,3.111366939040607,158.17248407290091,0.011296676235513411,1.6897901579650449e-13,ae73669,2026-10-04T00:27:02+00:00,2.9152083503790642,158.31701514467122,True,0.0037467889659358504,3.25,3.111366939040607,0.22033999975749352,5.0,2.2645832321085126e-12,True,True,-2.4332614818026372,-2.249042727052978,-2.1635870767528744,-2.1117083997616692,-2.0759994287049612,-2.0288924790000373,-1.9984291091184405,-1.9766777287741994,-1.9601516009667195,-1.9470493180130974,-1.936334723791231,,11783,93,1.5,False,False,"variant-qitT10 (v1.1-frozen + |Qit_eff| -10% at 423 K; robustness study v1.3, 423 K only)"
C0254_T423,manual,0,C0254,C0254,423.0,0.9782700199633836,0.8031824819743634,-1114170106127.8582,1.010636518150568,9d7daae622ce,6741628a4c1b,5e1d50a6e395,0,True,0,48.078,2.9986321674463317,2.8217628376883526,149.38713603637743,0.012441805834165542,1.6897901579650446e-13,ae73669,2026-10-04T00:52:13+00:00,2.9988103476156054,149.68607763508123,True,0.004851409899134035,3.5,2.8217628376883526,0.24435405609181252,5.0,8.550354028318344e-13,True,True,-2.3779713706726935,-2.1859282311095005,-2.103272159785722,-2.0546465016177815,-2.021740107644124,-1.9788763396971465,-1.951380426795242,-1.9317981433120974,-1.9169221270383492,-1.9051165805056833,-1.8954481270529737,,11081,92,1.5,False,False,"variant-qitT10 (v1.1-frozen + |Qit_eff| -10% at 423 K; robustness study v1.3, 423 K only)"
C0255_T423,manual,0,C0255,C0255,423.0,1.0907858971506357,1.1276033788919448,-945382923819.1248,0.9183262541890144,36c4785de568,6741628a4c1b,5e1d50a6e395,0,True,0,30.353,3.500556193301477,2.8806719672349956,159.65301899479067,0.012193462391977711,1.6897901579650443e-13,ae73669,2026-10-04T00:46:53+00:00,3.5007369630286753,160.05441596376468,True,0.004175930914925026,4.0,2.8806719672349956,0.2387212484725852,5.0,1.1960762241747247e-12,True,True,-2.7352886154435465,-2.307327564965325,-2.1771391268270457,-2.1076035736457714,-2.0626915813730817,-2.006299341587381,-1.971214812145614,-1.9466967109603606,-1.9283161591927513,-1.9138729568739221,-1.9021348602992971,,10379,90,1.5,False,False,"variant-qitT10 (v1.1-frozen + |Qit_eff| -10% at 423 K; robustness study v1.3, 423 K only)"
C0256_T423,manual,0,C0256,C0256,423.0,1.0921106349676848,0.8040580667555333,-613950738683.3429,1.104194064438343,06b5989640d4,6741628a4c1b,5e1d50a6e395,0,True,0,32.917,1.9507513142898836,2.6663229256241308,149.33101767031226,0.01316088967102558,1.6897901579650443e-13,ae73669,2026-10-04T00:22:13+00:00,1.956820703402168,149.76155799271245,True,0.005047238923509653,2.5,2.6663229256241308,0.2591988989014068,5.0,8.300738568722821e-13,True,True,-2.1582300291361,-2.0788934232049674,-2.03186461292242,-1.9998982153009717,-1.9763610384848236,-1.9433712602125972,-1.9208485498447356,-1.9041890877052126,-1.8912072072859336,-1.8807147515915708,-1.8720025029325984,,10379,92,1.5,False,False,"variant-qitT10 (v1.1-frozen + |Qit_eff| -10% at 423 K; robustness study v1.3, 423 K only)"
C0257_T423,manual,0,C0257,C0257,423.0,0.9796811606734992,1.1269240602850914,-1445636578835.5469,0.8247748114168645,2454d5eab901,6741628a4c1b,5e1d50a6e395,0,True,0,32.386,4.55203012038947,3.084063903076315,159.73061290829116,0.011397354010003278,1.6897901579650446e-13,ae73669,2026-10-04T00:22:30+00:00,4.563902752798435,159.98028860812673,True,0.003871233331309538,5.0,3.084063903076315,0.22219691469142094,5.0,2.361596885752422e-12,True,True,-7.1585302275114895,-2.8192185380457535,-2.347338477905392,-2.209867795810823,-2.137107622494847,-2.0569856893859613,-2.0117239778559153,-1.9817019276598205,-1.9599241661478481,-1.943195962017516,-1.9298253216993275,,11081,92,1.5,False,False,"variant-qitT10 (v1.1-frozen + |Qit_eff| -10% at 423 K; robustness study v1.3, 423 K only)"
C0258_T423,manual,0,C0258,C0258,423.0,0.8444545082747936,0.9968393333256244,-845853653736.4125,1.0420120630413294,1901e3428b98,6741628a4c1b,5e1d50a6e395,0,True,0,51.498,2.965566701630658,2.96239449800177,155.6041930458069,0.011858629284867389,1.689790157965045e-13,ae73669,2026-10-04T00:48:03+00:00,2.969911302922344,156.04164050269225,True,0.004532805667717804,3.5,2.96239449800177,0.23202114310919467,5.0,1.8650641051331013e-12,True,True,-2.390327633678364,-2.204039871031517,-2.122431489502474,-2.074135722214994,-2.0413876286240784,-1.998746965098563,-1.971478686134335,-1.9521415714841774,-1.9375185589665622,-1.925965507297342,-1.9165438625233795,,11783,92,1.5,False,False,"variant-qitT10 (v1.1-frozen + |Qit_eff| -10% at 423 K; robustness study v1.3, 423 K only)"
C0259_T423,manual,0,C0259,C0259,423.0,1.1320248402655124,1.072423060238361,-1217636136338.1147,0.936862101778388,bb822a89d1c6,6741628a4c1b,5e1d50a6e395,0,True,0,45.818,3.936677278826807,2.853430735820623,157.98403629164582,0.012308822626739966,1.6897901579650443e-13,ae73669,2026-10-04T00:26:48+00:00,3.9446791765738833,158.50376476216366,True,0.004205408494198313,4.5,2.853430735820623,0.2411001538015936,5.0,1.097469337629775e-12,True,True,-3.7194408615885113,-2.4042128797676643,-2.2120536304523197,-2.12441840223509,-2.0714816026026153,-2.0081378279416,-1.9701360444605616,-1.9440973214746036,-1.9248132784980965,-1.9097834865621124,-1.8976392472337142,,10145,93,1.5,False,False,"variant-qitT10 (v1.1-frozen + |Qit_eff| -10% at 423 K; robustness study v1.3, 423 K only)"
C0260_T423,manual,0,C0260,C0260,423.0,1.1897446494549513,0.9406007692217828,-1334747727029.0256,0.958694788813591,73013d6ecdeb,6741628a4c1b,5e1d50a6e395,0,True,0,44.044,3.8468020164617873,2.780384983421981,153.89839224814472,0.01262814715013021,1.6897901579650443e-13,ae73669,2026-10-04T00:23:59+00:00,3.86098915710275,153.694996022667,True,0.0045121906169824505,4.25,2.780384983421981,0.24783804705344514,5.0,1.22846918998009e-12,True,True,-3.3719254651156825,-2.3558166735258546,-2.1836341141847755,-2.1024827383513762,-2.052854434185462,-1.992933566276405,-1.956702700647914,-1.9317428313598652,-1.91317930353247,-1.898660366111684,-1.8868940195593547,,9794,91,1.5,False,False,"variant-qitT10 (v1.1-frozen + |Qit_eff| -10% at 423 K; robustness study v1.3, 423 K only)"
C0261_T423,manual,0,C0261,C0261,423.0,0.8771628733724356,1.0162102915346622,-728711839765.3103,1.0638958178460598,21f977cf9b5d,6741628a4c1b,5e1d50a6e395,0,True,0,34.812,2.7682489214582526,2.9145251694479595,156.17755965749575,0.01205160850068976,1.6897901579650454e-13,ae73669,2026-10-04T00:24:13+00:00,2.7734245455241933,156.51454667929045,True,0.004662548351706961,3.25,2.9145251694479595,0.2360018123926214,5.0,1.5354717494344653e-12,True,True,-2.3307424249861404,-2.178596774126973,-2.1059195237686574,-2.061396783682574,-2.0306242690694196,-1.9899098245863773,-1.9635240937805452,-1.9446636686283032,-1.9303256468578809,-1.9189549849269698,-1.9096557970853694,,11549,92,1.5,False,False,"variant-qitT10 (v1.1-frozen + |Qit_eff| -10% at 423 K; robustness study v1.3, 423 K only)"
C0262_T423,manual,0,C0262,C0262,423.0,0.94990096911788,0.8603450790047646,-1062747702002.5254,0.896660890057683,5d5a0fcad519,6741628a4c1b,5e1d50a6e395,0,True,0,49.51,3.0647878506912867,2.928066796817298,151.4352180194557,0.011994659536618015,1.6897901579650443e-13,ae73669,2026-10-04T00:27:28+00:00,3.078103244188219,151.57688639350653,True,0.004431784972639025,3.5,2.928066796817298,0.23503711858573728,5.0,2.806418793404311e-12,True,True,-2.4393131588252284,-2.225612579086381,-2.1353548267731335,-2.0825290283922513,-2.0468667066694155,-2.00050825281286,-1.9708296679610569,-1.9497240442667225,-1.933709417324708,-1.9210120747879853,-1.910620990863033,,11198,92,1.5,False,False,"variant-qitT10 (v1.1-frozen + |Qit_eff| -10% at 423 K; robustness study v1.3, 423 K only)"
C0263_T423,manual,0,C0263,C0263,423.0,1.0373189993202687,1.183185274153948,-996809407137.3344,1.176030508801341,d1408f09d1a2,6741628a4c1b,5e1d50a6e395,0,True,0,32.717,3.716186505573402,2.7857770234691577,161.01982732917386,0.01260526344090911,1.689790157965044e-13,ae73669,2026-10-04T00:42:00+00:00,3.7201855235831176,161.25265706101078,True,0.004774173712230175,4.25,2.7857770234691577,0.2472008992286329,5.0,2.3633208534991026e-12,True,True,-3.0133761932116463,-2.3025700781773426,-2.1549779649167866,-2.082985406855577,-2.0384380660650714,-1.9843447781603942,-1.9516061319055442,-1.929106976510486,-1.9124347053924322,-1.8994480734514327,-1.8889672216459672,,10613,91,1.5,False,False,"variant-qitT10 (v1.1-frozen + |Qit_eff| -10% at 423 K; robustness study v1.3, 423 K only)"
C0264_T423,manual,0,C0264,C0264,423.0,1.0157801639288664,0.9610351949930191,-1033127991482.6156,1.0907663241028789,fa490c047187,6741628a4c1b,5e1d50a6e395,0,True,0,50.821,3.2612634259296707,2.7939665368768956,154.39289867121042,0.012566585362698321,1.689790157965044e-13,ae73669,2026-10-04T00:27:16+00:00,3.2646322417539917,154.74508334801374,True,0.004855513278207327,3.75,2.7939665368768956,0.24666560983613203,5.0,1.3298076342898383e-12,True,True,-2.4936423367842,-2.2187599158967184,-2.1183959008237863,-2.062454604856308,-2.025644814347202,-1.9787991652940284,-1.9493484761924662,-1.928643652684022,-1.9130608253031753,-1.9007827143265248,-1.8907849114895245,,10847,92,1.5,False,False,"variant-qitT10 (v1.1-frozen + |Qit_eff| -10% at 423 K; robustness study v1.3, 423 K only)"
C0265_T423,manual,0,C0265,C0265,423.0,0.9032528426498176,1.0823479406535623,-903408912010.4908,0.9865423835814,15839b39020a,6741628a4c1b,5e1d50a6e395,0,True,0,45.167,3.300513502936399,2.963110158804682,158.2387018567888,0.01185656999187329,1.6897901579650449e-13,ae73669,2026-10-04T00:50:18+00:00,3.3116621815576264,158.47251411694262,True,0.004387100012333512,3.75,2.963110158804682,0.23187242001308206,5.0,2.18953796475519e-12,True,True,-2.5580501302548715,-2.2618199991386425,-2.1552593331092083,-2.096053936545108,-2.0571646750193766,-2.0077797472709946,-1.9768259183391759,-1.955127582995263,-1.9388413688305006,-1.9260409306219173,-1.9156412785363979,,11549,92,1.5,False,False,"variant-qitT10 (v1.1-frozen + |Qit_eff| -10% at 423 K; robustness study v1.3, 423 K only)"
C0266_T423,manual,0,C0266,C0266,423.0,0.869686346501112,0.8382016658782959,-1304095157422.1252,1.153681990876794,2573b3d6cbed,6741628a4c1b,5e1d50a6e395,0,True,0,41.641,3.487983134008957,2.8705529246366934,150.38932973873432,0.012232902307228654,1.689790157965045e-13,ae73669,2026-10-04T00:25:24+00:00,3.4895263818691067,150.73447985272293,True,0.005106872796521232,4.0,2.8705529246366934,0.23995510304539228,5.0,2.542471916239685e-12,True,True,-2.6334588935770227,-2.238630418496908,-2.126383279992849,-2.068214857564436,-2.0313231846948634,-1.9857230900685332,-1.9577212635866619,-1.9383001193787053,-1.923812870230455,-1.9124704925566716,-1.9032794738543402,,11666,92,1.5,False,False,"variant-qitT10 (v1.1-frozen + |Qit_eff| -10% at 423 K; robustness study v1.3, 423 K only)"
C0267_T423,manual,0,C0267,C0267,423.0,1.157159212976694,1.1184636436402795,-636351773515.3436,0.8737273421138525,5a7f7f651233,6741628a4c1b,5e1d50a6e395,0,True,0,31.041,2.8379063274595393,2.8441007294586163,159.45411633536227,0.01234850972180302,1.6897901579650438e-13,ae73669,2026-10-04T00:46:05+00:00,2.8521466120536925,159.45698394077422,True,0.0040373054038818955,3.25,2.8441007294586163,0.24196086061527686,5.0,2.0910537985669732e-12,True,True,-2.395529343937271,-2.2180490612957136,-2.132805865906239,-2.0801791618425165,-2.0435621552949366,-1.9947455399645762,-1.962847061260811,-1.9398991644402483,-1.9223600328590011,-1.908385452011658,-1.8969083561328688,,10028,92,1.5,False,False,"variant-qitT10 (v1.1-frozen + |Qit_eff| -10% at 423 K; robustness study v1.3, 423 K only)"
C0268_T423,manual,0,C0268,C0268,423.0,1.1148790221661329,0.8944631986320019,-753463133238.256,0.8455600172281266,562386b02d8e,6741628a4c1b,5e1d50a6e395,0,True,0,53.813,2.5182439356782376,2.8377615834821888,152.59510164872103,0.012373418713911793,1.6897901579650449e-13,ae73669,2026-10-04T00:30:00+00:00,2.523806490546757,152.86325387007182,True,0.0042491380709041284,3.0,2.8377615834821888,0.2427878184491736,5.0,1.7448206546661852e-12,True,True,-2.3056678660401735,-2.175376252902336,-2.106197797312344,-2.061634075326238,-2.029861985784503,-1.9865816862558527,-1.9577474193587796,-1.9367352176704167,-1.92052300326331,-1.9075102903905519,-1.896759479381043,,10262,92,1.5,False,False,"variant-qitT10 (v1.1-frozen + |Qit_eff| -10% at 423 K; robustness study v1.3, 423 K only)"
C0269_T423,manual,0,C0269,C0269,423.0,0.802394711598754,1.1747511595487594,-1186953112483.025,1.125565733760595,e26a4285714e,6741628a4c1b,5e1d50a6e395,0,True,0,50.761,4.097485598630483,3.0388253712859035,160.81744340830005,0.01156549751333625,1.6897901579650438e-13,ae73669,2026-10-04T00:27:53+00:00,4.1106629027190005,160.75377793008417,True,0.004570167396905907,4.5,3.0388253712859035,0.22567212502528522,5.0,1.3417209843449559e-12,True,True,-4.492839867779653,-2.4384162486567287,-2.220470779856012,-2.132163275066504,-2.08139342349305,-2.0229152799776324,-1.9889680338906932,-1.9662002430378498,-1.9496053223721226,-1.9368356804334177,-1.9266277604871627,,12017,92,1.5,False,False,"variant-qitT10 (v1.1-frozen + |Qit_eff| -10% at 423 K; robustness study v1.3, 423 K only)"
C0270_T423,manual,0,C0270,C0270,423.0,0.9734726510941982,0.904822876304388,-520519789308.3096,0.9084284741431476,b18a003cd97d,6741628a4c1b,5e1d50a6e395,0,True,0,47.704,2.054844422317331,2.8742850293779667,152.8587473692035,0.012217203245027489,1.6897901579650443e-13,ae73669,2026-10-04T00:53:01+00:00,2.0670376785759017,152.99105209849628,True,0.004407078143181772,2.5,2.8742850293779667,0.23961524498464468,5.0,1.0215789507282069e-12,True,True,-2.2253041807785507,-2.1347866813738587,-2.081628424537819,-2.045673807271268,-2.019290811433417,-1.9824517545999403,-1.9574063931747427,-1.9389435142976623,-1.9245966218499637,-1.9130282011528503,-1.9034416731817203,,11081,92,1.5,False,False,"variant-qitT10 (v1.1-frozen + |Qit_eff| -10% at 423 K; robustness study v1.3, 423 K only)"
C0271_T423,manual,0,C0271,C0271,423.0,1.0609885282814502,1.026109629869461,-1415986414067.4473,1.0126027803868056,25476ad76fb6,6741628a4c1b,5e1d50a6e395,0,True,0,33.24,4.231492537716509,2.8542669872117896,156.52603782660114,0.01230476328156202,1.6897901579650446e-13,ae73669,2026-10-04T00:47:27+00:00,4.233901172976962,156.98637681676698,True,0.004532503393804978,4.75,2.8542669872117896,0.24108161153608676,5.0,2.598908063272496e-12,True,True,-5.263705184670348,-2.5023882899527075,-2.233400223078546,-2.131302848919233,-2.073564176456372,-2.0075020941890536,-1.9691759812367848,-1.9433916910040234,-1.9245175623378732,-1.9099267368169492,-1.8982086723319078,,10613,92,1.5,False,False,"variant-qitT10 (v1.1-frozen + |Qit_eff| -10% at 423 K; robustness study v1.3, 423 K only)"
C0272_T423,manual,0,C0272,C0272,423.0,1.066031215339899,0.9201399441808462,-916764060035.348,0.8807678539305925,5730851daacd,6741628a4c1b,5e1d50a6e395,0,True,0,36.115,2.9258719226965537,2.8635166029025454,153.3906568434415,0.012263488986788442,1.6897901579650446e-13,ae73669,2026-10-04T00:22:49+00:00,2.935398100274721,153.77301101349073,True,0.004169018764424942,3.5,2.8635166029025454,0.24047041314517156,5.0,1.1994641391233074e-12,True,True,-2.400536233243259,-2.2132641927901093,-2.1276361182917394,-2.075907617891359,-2.0403600613899955,-1.9934500435614395,-1.9630353939716652,-1.9412402323733995,-1.924616464220206,-1.9113859546019651,-1.900526469499992,,10613,93,1.5,False,False,"variant-qitT10 (v1.1-frozen + |Qit_eff| -10% at 423 K; robustness study v1.3, 423 K only)"
C0273_T423,manual,0,C0273,C0273,423.0,0.9536076538264752,1.0488302502781153,-1021725752390.9211,1.198078833147883,5315840f67d7,6741628a4c1b,5e1d50a6e395,0,True,0,34.284,3.452060145702265,2.8131246733542246,157.0279783026016,0.012482581044037648,1.6897901579650449e-13,ae73669,2026-10-04T00:23:04+00:00,3.4577010885711212,157.50546802047938,True,0.0048961228706444395,4.0,2.8131246733542246,0.24482986402025675,5.0,1.521394148847784e-12,True,True,-2.617707464494099,-2.2399738923489507,-2.126463431571168,-2.0666078894972504,-2.0283032876300613,-1.9806436022817504,-1.9512533178590348,-1.9308416354600206,-1.9156134087142376,-1.9036956055761507,-1.8940442516808438,,11198,92,1.5,False,False,"variant-qitT10 (v1.1-frozen + |Qit_eff| -10% at 423 K; robustness study v1.3, 423 K only)"
C0274_T423,manual,0,C0274,C0274,423.0,0.8199373450130225,0.8804767098277808,-683886644430.4585,0.968734148144722,70538d9e975f,6741628a4c1b,5e1d50a6e395,0,True,0,50.648,2.324431087355167,2.9825258121269975,151.9850332785237,0.0117778248160847,1.689790157965045e-13,ae73669,2026-10-04T00:48:54+00:00,2.3381163553478355,152.07044453638375,True,0.0045645842464762075,2.75,2.9825258121269975,0.230546196974705,5.0,2.117797187098986e-12,True,True,-2.2555952934317482,-2.1518371102687626,-2.094974456540457,-2.0579093233199237,-2.031344757926562,-1.9950612243400898,-1.9708855127781602,-1.953299614521844,-1.939765959363642,-1.9289349096846766,-1.9200139061893768,,12017,92,1.5,False,False,"variant-qitT10 (v1.1-frozen + |Qit_eff| -10% at 423 K; robustness study v1.3, 423 K only)"
C0275_T423,manual,0,C0275,C0275,423.0,1.1075139712542297,1.1502116803079845,-1250700769945.979,1.0602133296430112,b03b2a6a63a9,6741628a4c1b,5e1d50a6e395,0,True,0,46.806,4.179182605662965,2.8128009441552364,160.1660127656277,0.01248560564476989,1.6897901579650446e-13,ae73669,2026-10-04T00:27:35+00:00,4.18756387876428,160.4628567703321,True,0.004452307476663591,4.75,2.8128009441552364,0.2446763787891048,5.0,2.1696360037255845e-12,True,True,-4.941702974826721,-2.4764719032509306,-2.223606397833099,-2.1240659230824717,-2.067075759992167,-2.0013497376391634,-1.9630167286906148,-1.9371707971611065,-1.918234103146065,-1.9035903862880406,-1.8918298509818776,,10262,93,1.5,False,False,"variant-qitT10 (v1.1-frozen + |Qit_eff| -10% at 423 K; robustness study v1.3, 423 K only)"
C0276_T423,manual,0,C0276,C0276,423.0,1.1654183991253375,0.836763820424676,-1133436824195.087,1.0321207854896783,5be5fa92bdb8,6741628a4c1b,5e1d50a6e395,0,True,0,38.301,3.1352227776008394,2.7033547511350973,150.50380650809757,0.0129831202626732,1.6897901579650446e-13,ae73669,2026-10-04T00:24:37+00:00,3.1478634809834865,150.765336918373,True,0.004791887622431209,3.5,2.7033547511350973,0.2553906266432461,5.0,2.198967088113182e-12,True,True,-2.424820416679879,-2.1933928799581857,-2.1005949431280686,-2.047234617147774,-2.011521972757393,-1.9653804383498177,-1.9359536371872048,-1.9150535143216145,-1.8991973092552166,-1.8866209200156694,-1.8763223468268668,,10028,93,1.5,False,False,"variant-qitT10 (v1.1-frozen + |Qit_eff| -10% at 423 K; robustness study v1.3, 423 K only)"
C0277_T423,manual,0,C0277,C0277,423.0,0.8528547428548336,1.1064728077501058,-801120247691.8698,0.9405919637531042,5dae974f760f,6741628a4c1b,5e1d50a6e395,0,True,0,34.558,3.147974172051172,3.0390992554449103,158.9820160877542,0.011563122264863059,1.6897901579650449e-13,ae73669,2026-10-04T00:24:48+00:00,3.159809898548287,159.3779443325798,True,0.004038235449639387,3.5,3.0390992554449103,0.22578584369195495,5.0,1.4287468925953304e-12,True,True,-2.4950097476999993,-2.255159704111023,-2.1584881592333818,-2.102811232028937,-2.0655720779328357,-2.0176127196207294,-1.987221575004875,-1.9657898025995029,-1.9496447564591923,-1.936924882237812,-1.9265737028193424,,11783,93,1.5,False,False,"variant-qitT10 (v1.1-frozen + |Qit_eff| -10% at 423 K; robustness study v1.3, 423 K only)"
C0278_T423,manual,0,C0278,C0278,423.0,0.9240120824426412,0.963901275768876,-1404462292790.4128,1.1199389711022376,5b938994d818,6741628a4c1b,5e1d50a6e395,0,True,0,50.803,4.042140955035557,2.881443587289889,154.47939769564078,0.012188753979216252,1.6897901579650446e-13,ae73669,2026-10-04T00:28:19+00:00,4.051919314608462,154.75575446695078,True,0.0049131393953615885,4.5,2.881443587289889,0.23882380524701544,5.0,1.7566343091614538e-12,True,True,-4.21293773309279,-2.3926981738529203,-2.1906923211166065,-2.106168754737619,-2.0569793660577402,-1.9997614664439833,-1.9662165116951928,-1.9435447405711443,-1.926911989561668,-1.914040688771229,-1.9037001065665338,,11315,92,1.5,False,False,"variant-qitT10 (v1.1-frozen + |Qit_eff| -10% at 423 K; robustness study v1.3, 423 K only)"
C0279_T423,manual,0,C0279,C0279,423.0,1.0114486139267682,1.0926175739616155,-533997192047.5364,0.8026790656149387,89e9ea238817,6741628a4c1b,5e1d50a6e395,0,True,0,33.529,2.569938745218268,2.9792130671018477,158.78468049591976,0.011792773628373438,1.6897901579650446e-13,ae73669,2026-10-04T00:42:34+00:00,2.5837556407362126,158.96676303338847,True,0.003832298810840359,3.0,2.9792130671018477,0.23058528193695949,5.0,1.4250794554832025e-12,True,True,-2.353358761115876,-2.2131263642519925,-2.139121393568917,-2.091559975049627,-2.057711030058083,-2.0117212390364743,-1.9811987869715666,-1.9590416486516393,-1.9420087433657454,-1.9283840380066621,-1.9171630325293134,,10847,92,1.5,False,False,"variant-qitT10 (v1.1-frozen + |Qit_eff| -10% at 423 K; robustness study v1.3, 423 K only)"
C0280_T423,manual,0,C0280,C0280,423.0,1.0416536785662174,0.8647179711610079,-1499542234465.4795,0.917242457345128,dad5e841c7bc,6741628a4c1b,5e1d50a6e395,0,True,0,47.546,3.9873507391881136,2.8858958711763982,151.53301895880668,0.012169157974851368,1.6897901579650446e-13,ae73669,2026-10-04T00:28:04+00:00,3.9891034050564356,151.98686107165048,True,0.004471309642461881,4.5,2.8858958711763982,0.23853326531726823,5.0,2.4040387150417055e-12,True,True,-3.939355876087473,-2.4039084965867596,-2.2073787324610645,-2.1208325110821225,-2.069357137110542,-2.0084358764565033,-1.9721565080665153,-1.947369904595173,-1.9290311553524395,-1.914739471032625,-1.9031879273860646,,10613,92,1.5,False,False,"variant-qitT10 (v1.1-frozen + |Qit_eff| -10% at 423 K; robustness study v1.3, 423 K only)"
C0281_T423,manual,0,C0281,C0281,423.0,0.9291326515376568,1.191848925873637,-565904793329.5369,1.010139374062419,87f0aca2eb71,6741628a4c1b,5e1d50a6e395,0,True,0,44.028,2.847526696149114,2.924292972184296,161.41021925099574,0.012013056497825938,1.6897901579650449e-13,ae73669,2026-10-04T00:51:02+00:00,2.8611369104783795,161.4755690065306,True,0.004294093711187875,3.25,2.924292972184296,0.2350297700841087,5.0,1.7954439712498411e-12,True,True,-2.376443046174732,-2.205001479671497,-2.1246746612104146,-2.0757628608434042,-2.0420547515536733,-1.9975638163892158,-1.968797452386113,-1.9482713742177806,-1.932689281686953,-1.9203464804191754,-1.910261979209077,,11315,92,1.5,False,False,"variant-qitT10 (v1.1-frozen + |Qit_eff| -10% at 423 K; robustness study v1.3, 423 K only)"
C0282_T423,manual,0,C0282,C0282,423.0,0.8939974989742041,0.9344334561377764,-1227596440352.4995,0.8301111072301866,1711cd9b4361,6741628a4c1b,5e1d50a6e395,0,True,0,44.654,3.617592664908495,3.0659049095399724,153.89664764791922,0.011461403768245754,1.689790157965045e-13,ae73669,2026-10-04T00:26:09+00:00,3.6320924987461245,154.0985033461706,True,0.0040225014284497795,4.0,3.0659049095399724,0.2238828610072625,5.0,1.3749487659531212e-12,True,True,-2.8786280673566127,-2.3436778590309317,-2.2042403341607297,-2.132631226381321,-2.0872660840611714,-2.031154950039644,-1.996650217339048,-1.972687643932662,-1.9547908657993864,-1.94076218765072,-1.9293804616169807,,11549,91,1.5,False,False,"variant-qitT10 (v1.1-frozen + |Qit_eff| -10% at 423 K; robustness study v1.3, 423 K only)"
C0283_T423,manual,0,C0283,C0283,423.0,1.181476278230548,1.008852780982852,-833940485492.3486,1.1471762262284757,15b1f38e1d28,6741628a4c1b,5e1d50a6e395,0,True,0,33.337,2.963994756716497,2.660958929454115,155.85453116632314,0.01318995424684442,1.6897901579650446e-13,ae73669,2026-10-04T00:46:38+00:00,2.968353867083154,156.24838535900747,True,0.004927640196804827,3.5,2.660958929454115,0.2594444367046623,5.0,1.7352899857428418e-12,True,True,-2.356767625234097,-2.1671060999702614,-2.0836671858467355,-2.0340664045023327,-2.000296064474344,-1.9560981788180634,-1.9276578789189884,-1.9073822317556046,-1.8919778565999246,-1.8797567109265279,-1.8697526449882813,,9911,92,1.5,False,False,"variant-qitT10 (v1.1-frozen + |Qit_eff| -10% at 423 K; robustness study v1.3, 423 K only)"
C0284_T423,manual,0,C0284,C0284,423.0,1.139380706101656,0.978221045061946,-716676308773.458,1.169083670154214,a78a5df6dbcd,6741628a4c1b,5e1d50a6e395,0,True,0,58.808,2.6400041961803153,2.660201178996314,154.84997816006273,0.013193144531476516,1.6897901579650436e-13,ae73669,2026-10-04T00:30:59+00:00,2.6516480826371307,155.06290057674425,True,0.004893361740879549,3.0,2.660201178996314,0.2595808098392972,5.0,2.595914526076435e-12,True,True,-2.2662065253626995,-2.1305812637347756,-2.0627172071422417,-2.020241528678161,-1.9904907496499142,-1.9506251433087067,-1.924468762641916,-1.9056063062397435,-1.8911674226908517,-1.879651679820833,-1.8701884478961388,,10145,93,1.5,False,False,"variant-qitT10 (v1.1-frozen + |Qit_eff| -10% at 423 K; robustness study v1.3, 423 K only)"
C0285_T423,manual,0,C0285,C0285,423.0,0.8269148968160153,1.052614574506879,-1344829812645.912,0.8519689109176398,817d03f76e66,6741628a4c1b,5e1d50a6e395,0,True,0,54.501,4.161589226768578,3.166691170362785,157.51420205624257,0.011101858307217882,1.689790157965045e-13,ae73669,2026-10-04T00:28:48+00:00,4.172669609066424,158.04740599579205,True,0.0038199352823268416,4.75,3.166691170362785,0.21624067889339818,5.0,2.8263506851212373e-12,True,True,-4.8405557631772735,-2.521356926283087,-2.2757422631573774,-2.176584121452315,-2.119391433887721,-2.053190955357433,-2.0145225943956087,-1.988450468998699,-1.969357876247673,-1.9546043198600482,-1.942765226559941,,11900,93,1.5,False,False,"variant-qitT10 (v1.1-frozen + |Qit_eff| -10% at 423 K; robustness study v1.3, 423 K only)"
C0286_T423,manual,0,C0286,C0286,423.0,0.9995370801538228,0.8209795903414489,-948641087859.869,1.0819995239377025,b5eb236b1bc4,6741628a4c1b,5e1d50a6e395,0,True,0,47.118,2.700529655619351,2.764530041150849,149.90429611485757,0.012697395108107593,1.689790157965044e-13,ae73669,2026-10-04T00:53:49+00:00,2.7066689281657514,150.3585209484926,True,0.0049208482149493355,3.25,2.764530041150849,0.2496020783880153,5.0,9.385964228059152e-13,True,True,-2.283749951483613,-2.143971711274155,-2.0758152382481665,-2.033681978153962,-2.004383503166397,-1.965354295468027,-1.9398574390557508,-1.921507352025025,-1.9074736264186307,-1.8962853661471872,-1.8870923143549243,,10964,92,1.5,False,False,"variant-qitT10 (v1.1-frozen + |Qit_eff| -10% at 423 K; robustness study v1.3, 423 K only)"
C0287_T423,manual,0,C0287,C0287,423.0,1.0870710771530867,1.148136343434453,-1116775120608.5083,0.9891536809504032,133acd1ef858,6741628a4c1b,5e1d50a6e395,0,True,0,31.04,3.900118357221988,2.855827980832899,160.18704266979168,0.012298956128467686,1.6897901579650446e-13,ae73669,2026-10-04T00:47:58+00:00,3.911495917642633,160.3849091295294,True,0.004189312976090554,4.5,2.855827980832899,0.24085075478492093,5.0,1.803659643125425e-12,True,True,-3.5755079412624826,-2.3876929220749363,-2.203773219804198,-2.118926276820625,-2.0674844612665315,-2.005820626391233,-1.968813813175664,-1.9434737310631918,-1.9247263909412835,-1.9101317476569153,-1.8983529998341884,,10379,93,1.5,False,False,"variant-qitT10 (v1.1-frozen + |Qit_eff| -10% at 423 K; robustness study v1.3, 423 K only)"
C0288_T423,manual,0,C0288,C0288,423.0,1.0768002089112998,0.991148891299963,-1294047262519.598,0.8085161767899991,de9492606518,6741628a4c1b,5e1d50a6e395,0,True,0,35.627,3.906121990409731,2.971701391780071,155.69890032761936,0.011822503012666128,1.6897901579650446e-13,ae73669,2026-10-04T00:23:25+00:00,3.9179786120864843,155.93619652171765,True,0.003824930058961555,4.5,2.971701391780071,0.23117096167031517,5.0,2.2261444734522253e-12,True,True,-3.6020156091995656,-2.424144144589526,-2.235687333461987,-2.1476252234637125,-2.093877396810585,-2.0290532377458965,-1.9899003569634188,-1.9629551885722953,-1.9429348027349018,-1.9272905666435483,-1.9146225018494392,,10496,93,1.5,False,False,"variant-qitT10 (v1.1-frozen + |Qit_eff| -10% at 423 K; robustness study v1.3, 423 K only)"
C0289_T423,manual,0,C0289,C0289,423.0,0.9893275301903486,1.0655652701854703,-642462934367.3586,1.1125455707311631,b0e3636a3b86,6741628a4c1b,5e1d50a6e395,0,True,0,34.841,2.70627248899596,2.799542604301703,157.6148222123247,0.012542395084353238,1.6897901579650446e-13,ae73669,2026-10-04T00:23:39+00:00,2.7115751056446014,158.03853041508015,True,0.004689013145655072,3.25,2.799542604301703,0.24608914187358732,5.0,1.090706281446261e-12,True,True,-2.305330099049942,-2.160164000696018,-2.0890541993598752,-2.0449838921585646,-2.0143100187056784,-1.9734678355534798,-1.9468476184029713,-1.9277484251866799,-1.9131895706856572,-1.9016195231068302,-1.892141086579501,,10964,92,1.5,False,False,"variant-qitT10 (v1.1-frozen + |Qit_eff| -10% at 423 K; robustness study v1.3, 423 K only)"
C0290_T423,manual,0,C0290,C0290,423.0,0.8369565732777119,0.8081490091979504,-1058175279758.8706,0.9456980746239424,cf829e2e9235,6741628a4c1b,5e1d50a6e395,0,True,0,50.619,2.901038133960611,2.9799576704395028,149.63748143396595,0.011786973610667838,1.6897901579650446e-13,ae73669,2026-10-04T00:49:45+00:00,2.9128787502929105,150.18295860440796,True,0.0044660963285906895,3.25,2.9799576704395028,0.23084783129537054,5.0,1.3588245112439168e-12,True,True,-2.3693325116170514,-2.1976248708229074,-2.1200846566730798,-2.07367440652891,-2.041994009945562,-2.0004647293852615,-1.9737101700794808,-1.9546223072539342,-1.9401128627031923,-1.9285976887900864,-1.9191695285095005,,11900,93,1.5,False,False,"variant-qitT10 (v1.1-frozen + |Qit_eff| -10% at 423 K; robustness study v1.3, 423 K only)"
C0291_T423,manual,0,C0291,C0291,423.0,1.1494837068021295,1.135282930731773,-882237330079.0786,1.0254581708461046,8365b47c5b30,6741628a4c1b,5e1d50a6e395,0,True,0,45.822,3.3779883095172374,2.7726766943067593,159.7402886481679,0.01266411452290641,1.6897901579650449e-13,ae73669,2026-10-04T00:28:21+00:00,3.390723581223047,159.776015882244,True,0.004365754986732219,3.75,2.7726766943067593,0.24843285552399128,5.0,1.8134944924019549e-12,True,True,-2.600965147493668,-2.2585452873906475,-2.1425043390073486,-2.0788944245732948,-2.0373197280028217,-1.984653506891307,-1.9516603642472443,-1.9285138162599695,-1.911118084851479,-1.8974251707577174,-1.8862829895484166,,10145,91,1.5,False,False,"variant-qitT10 (v1.1-frozen + |Qit_eff| -10% at 423 K; robustness study v1.3, 423 K only)"
C0292_T423,manual,0,C0292,C0292,423.0,1.1792623843997716,0.8518618941307068,-515125789679.5869,1.0535942174494266,f03418381b46,6741628a4c1b,5e1d50a6e395,0,True,0,35.002,1.8858840540314437,2.646532086248264,150.94104440017892,0.013259244789434296,1.6897901579650449e-13,ae73669,2026-10-04T00:25:12+00:00,1.8983777303027527,151.07485314019664,True,0.004823282044485578,2.25,2.646532086248264,0.26113264931315555,5.0,9.064515631151959e-13,True,True,-2.1611162286719026,-2.082020204782695,-2.034315681290919,-2.0015667316891728,-1.977296663798769,-1.9430721536900126,-1.9195783231588697,-1.9021388457060788,-1.8885145448609435,-1.8774812114607868,-1.8683051543104343,,9911,93,1.5,False,False,"variant-qitT10 (v1.1-frozen + |Qit_eff| -10% at 423 K; robustness study v1.3, 423 K only)"
C0293_T423,manual,0,C0293,C0293,423.0,0.8917466949671508,1.1790218077600003,-1425317147746.682,0.9737845733761789,f427252de195,6741628a4c1b,5e1d50a6e395,0,True,0,33.188,4.6159162520156505,3.054607417274624,161.08075278857126,0.011506425515498705,1.6897901579650446e-13,ae73669,2026-10-04T00:25:21+00:00,4.629396252070145,161.08307876831452,True,0.004157022884361127,5.0,3.054607417274624,0.22442560273994253,5.0,1.6413307085964493e-12,True,True,-7.5469584634094335,-2.871192459773229,-2.329493835592971,-2.190941323549909,-2.120182078332023,-2.044072059608826,-2.0018689473325355,-1.974187760248282,-1.954267140860052,-1.9390595695060686,-1.9269656633324155,,11432,91,1.5,False,False,"variant-qitT10 (v1.1-frozen + |Qit_eff| -10% at 423 K; robustness study v1.3, 423 K only)"
C0294_T423,manual,0,C0294,C0294,423.0,0.9316062070429324,0.9473875552415848,-775351880118.2509,1.1906281974166633,15f5559bdfbf,6741628a4c1b,5e1d50a6e395,0,True,0,51.194,2.6811876120824856,2.7936757463895745,153.88825904549503,0.012567480894139624,1.689790157965044e-13,ae73669,2026-10-04T00:29:11+00:00,2.6891769329026203,154.4403051253243,True,0.004924723271333352,3.25,2.7936757463895745,0.24674286599212575,5.0,1.1109845682311104e-12,True,True,-2.2770123843703343,-2.141116727183123,-2.0747253055884824,-2.0336876905242773,-2.005178936315747,-1.9672846135916378,-1.9426188654036824,-1.9249338719016271,-1.9114581906081576,-1.9007517663406701,-1.8919827740231618,,11315,93,1.5,False,False,"variant-qitT10 (v1.1-frozen + |Qit_eff| -10% at 423 K; robustness study v1.3, 423 K only)"
C0295_T423,manual,0,C0295,C0295,423.0,1.0440903298556805,1.0217779509723186,-1161188659258.1868,0.8866499695926905,dd52b025c563,6741628a4c1b,5e1d50a6e395,0,True,0,36.06,3.6988477913719597,2.925743704104915,156.54299630586976,0.012006458454270884,1.6897901579650443e-13,ae73669,2026-10-04T00:43:10+00:00,3.705585437725681,156.92129220525064,True,0.004107475886602647,4.25,2.925743704104915,0.23497324594051958,5.0,2.047152143637959e-12,True,True,-3.0120161694117007,-2.349781825830117,-2.197720209635344,-2.121458738473556,-2.073593406364229,-2.0147553374408202,-1.9787338264700207,-1.9537762065148792,-1.9351625458650445,-1.9205850775752884,-1.9087649904280772,,10613,93,1.5,False,False,"variant-qitT10 (v1.1-frozen + |Qit_eff| -10% at 423 K; robustness study v1.3, 423 K only)"
C0296_T423,manual,0,C0296,C0296,423.0,1.0028134878724813,0.8497866526246072,-867528751492.5002,0.9965532802045344,c4e1df31c4cf,6741628a4c1b,5e1d50a6e395,0,True,0,48.687,2.6197084025711534,2.808616666802646,150.95814321132434,0.0125000321523699,1.689790157965044e-13,ae73669,2026-10-04T00:28:53+00:00,2.6333633916481984,151.1089882453573,True,0.00467976725595804,3.0,2.808616666802646,0.2454923125700107,5.0,1.5653829239606363e-12,True,True,-2.2877243668909317,-2.1542704789771885,-2.086806344414327,-2.044404950569923,-2.0146335264500523,-1.9746429453422862,-1.9483346558320316,-1.9293208976280674,-1.914738500237697,-1.903088869905634,-1.8935014502836696,,10964,93,1.5,False,False,"variant-qitT10 (v1.1-frozen + |Qit_eff| -10% at 423 K; robustness study v1.3, 423 K only)"
C0297_T423,manual,0,C0297,C0297,423.0,0.915242962166667,1.1195245929062367,-1192024244926.87,1.0761686116456983,202277250754,6741628a4c1b,5e1d50a6e395,0,True,0,45.326,3.984435892727357,2.934448394602923,159.23779610468114,0.01197197422259969,1.6897901579650446e-13,ae73669,2026-10-04T00:51:48+00:00,3.9864186415477376,159.72528419520438,True,0.004558632881695834,4.5,2.934448394602923,0.23416868317247763,5.0,1.2283045108890869e-12,True,True,-3.927273864308634,-2.3977889183339576,-2.203890558401159,-2.1193974305651193,-2.069430793975328,-2.010679000295499,-1.9759878217838376,-1.9524733300351687,-1.935202931859746,-1.9218342269299722,-1.9110951937561296,,11432,92,1.5,False,False,"variant-qitT10 (v1.1-frozen + |Qit_eff| -10% at 423 K; robustness study v1.3, 423 K only)"
C0298_T423,manual,0,C0298,C0298,423.0,0.8614071615040303,0.9511717841029168,-608221079222.8579,0.8586375337094069,b218a8692f44,6741628a4c1b,5e1d50a6e395,0,True,0,44.389,2.3660627296380063,3.027006727766569,154.37128190923232,0.01160692123931831,1.6897901579650449e-13,ae73669,2026-10-04T00:26:54+00:00,2.380444305883771,154.48252401233842,True,0.004081956735264027,2.75,3.027006727766569,0.22693738766498742,5.0,1.0588977611414307e-12,True,True,-2.2928363582653493,-2.1798132906715777,-2.117732700884071,-2.0771677291942874,-2.048038612182422,-2.00817282245338,-1.9815596773311344,-1.9621756237221923,-1.9472433367013176,-1.9352829625260524,-1.925424379689574,,11666,91,1.5,False,False,"variant-qitT10 (v1.1-frozen + |Qit_eff| -10% at 423 K; robustness study v1.3, 423 K only)"
C0299_T423,manual,0,C0299,C0299,423.0,1.1738368295133117,1.07985914722085,-1455242004245.5195,1.163983567431569,daf8b9c30be9,6741628a4c1b,5e1d50a6e395,0,True,0,29.981,4.434353456782495,2.7216242033084526,157.99285016007724,0.01289991488099581,1.6897901579650446e-13,ae73669,2026-10-04T00:47:08+00:00,4.441961810773488,158.5034214163302,True,0.004822066207161354,5.0,2.7216242033084526,0.2532595452904143,5.0,2.5047660480228636e-12,True,True,-6.492159731475522,-2.6086701034663378,-2.235491874792278,-2.1189610699291785,-2.0566318530446215,-1.9877103248067853,-1.9486747303951948,-1.9227391976533652,-1.9039002967158491,-1.889413155346936,-1.8778229079718392,,9911,93,1.5,False,False,"variant-qitT10 (v1.1-frozen + |Qit_eff| -10% at 423 K; robustness study v1.3, 423 K only)"
C0300_T423,manual,0,C0300,C0300,423.0,1.1036155071109532,0.9073841936886312,-1088130709715.1876,1.142119602113962,cef879906287,6741628a4c1b,5e1d50a6e395,0,True,0,61.771,3.2304045236358983,2.7019722678080087,152.67186009972045,0.012990387015101974,1.689790157965045e-13,ae73669,2026-10-04T00:32:01+00:00,3.2328573819233632,153.1113050913946,True,0.005056157101969256,3.75,2.7019722678080087,0.2554567566287104,5.0,1.973835283404597e-12,True,True,-2.4572321987474757,-2.196125414444354,-2.09911093247667,-2.0447529025396642,-2.008879146044213,-1.9630900594134337,-1.9342106838235409,-1.9138543425657255,-1.898499654304353,-1.886377910049417,-1.8764906798305045,,10262,92,1.5,False,False,"variant-qitT10 (v1.1-frozen + |Qit_eff| -10% at 423 K; robustness study v1.3, 423 K only)"
C0301_T423,manual,0,C0301,C0301,423.0,0.8161972831934691,1.0360973551869392,-975363193079.8292,0.8367240205407143,a4be825f8fad,6741628a4c1b,5e1d50a6e395,0,True,0,53.408,3.3509886107398428,3.1499905170132587,157.03160180477494,0.011159512229470774,1.6897901579650443e-13,ae73669,2026-10-04T00:29:42+00:00,3.3657168028162485,156.94214847386323,True,0.00392055456941536,3.75,3.1499905170132587,0.21751130008446357,5.0,9.825352337289317e-13,True,True,-2.629106164794314,-2.3073735986031387,-2.194118807342054,-2.131499175369295,-2.090452129032794,-2.03840060784414,-2.005806133093485,-1.9829666245127477,-1.9658263195932377,-1.9523547875381153,-1.9414092677330623,,12017,92,1.5,False,False,"variant-qitT10 (v1.1-frozen + |Qit_eff| -10% at 423 K; robustness study v1.3, 423 K only)"
C0302_T423,manual,0,C0302,C0302,423.0,0.9575216390192508,0.8935250319540501,-1324913421645.7605,1.0042512502521277,7fde762ae162,6741628a4c1b,5e1d50a6e395,0,True,0,50.518,3.6961820797964027,2.8872634263196693,152.35720925281225,0.012163446747600481,1.6897901579650449e-13,ae73669,2026-10-04T00:54:39+00:00,3.7029877314987183,152.8916015211037,True,0.004570141212843424,4.25,2.8872634263196693,0.23842031457670607,5.0,1.99074718158547e-12,True,True,-2.9654600242539377,-2.3097792986969443,-2.1667892375752973,-2.0963745381774808,-2.052637903048617,-1.9993414777745089,-1.966942381512488,-1.9445827608594586,-1.9279481309530704,-1.9149433418926334,-1.904412717765195,,11081,93,1.5,False,False,"variant-qitT10 (v1.1-frozen + |Qit_eff| -10% at 423 K; robustness study v1.3, 423 K only)"
C0303_T423,manual,0,C0303,C0303,423.0,1.070103608816862,1.163237176835537,-734670379199.0876,0.924687084928155,ed87adb54e67,6741628a4c1b,5e1d50a6e395,0,True,0,30.935,3.1421630545888064,2.8793107523894803,160.66508178631156,0.01219911855598729,1.6897901579650446e-13,ae73669,2026-10-04T00:48:29+00:00,3.1544358211560377,160.87184305396386,True,0.003998966414724812,3.5,2.8793107523894803,0.23884625557101963,5.0,1.0819643792014944e-12,True,True,-2.4959902046469815,-2.250656782186079,-2.149967322913742,-2.0913987315998934,-2.051957219513744,-2.0008069176905585,-1.9681630215681605,-1.945021262896963,-1.9275141205477624,-1.9136715480219957,-1.9023712290243573,,10496,93,1.5,False,False,"variant-qitT10 (v1.1-frozen + |Qit_eff| -10% at 423 K; robustness study v1.3, 423 K only)"
C0304_T423,manual,0,C0304,C0304,423.0,1.0524846993386745,0.8815349649637938,-1237735923379.6597,1.181917878612876,a5a75213b1d2,6741628a4c1b,5e1d50a6e395,0,True,0,34.229,3.4697190840105874,2.720954704470463,151.78606186115607,0.012900233602596614,1.6897901579650443e-13,ae73669,2026-10-04T00:24:00+00:00,3.473409536994715,152.23600806568672,True,0.005155828710953204,4.0,2.720954704470463,0.2536340200106929,5.0,1.5527024110895127e-12,True,True,-2.6134775312285528,-2.2256861428861456,-2.111779882093818,-2.052053340391475,-2.0139062456270147,-1.966446399761832,-1.9371212507485602,-1.9166941705813374,-1.901405443497266,-1.8894024252511314,-1.879652889537553,,10496,92,1.5,False,False,"variant-qitT10 (v1.1-frozen + |Qit_eff| -10% at 423 K; robustness study v1.3, 423 K only)"
C0305_T423,manual,0,C0305,C0305,423.0,0.9650057263672353,1.1618000764399767,-827676768414.6761,0.8892170403152705,3af0ec38756c,6741628a4c1b,5e1d50a6e395,0,True,0,33.222,3.3361938463291825,2.9893247720475298,160.67985482388914,0.011754227098285653,1.6897901579650446e-13,ae73669,2026-10-04T00:24:13+00:00,3.350273341603361,160.73395849336902,True,0.004005272660508357,3.75,2.9893247720475298,0.229668401824127,5.0,1.2844887200531804e-12,True,True,-2.614058876564106,-2.293490113556763,-2.1787158438939533,-2.1147740045916237,-2.0726596004674422,-2.019020850750728,-1.9853024937850516,-1.9616189314863262,-1.9438158340101541,-1.9298059227266453,-1.9184114605257043,,11081,92,1.5,False,False,"variant-qitT10 (v1.1-frozen + |Qit_eff| -10% at 423 K; robustness study v1.3, 423 K only)"
C0306_T423,manual,0,C0306,C0306,423.0,0.8110783319920302,0.9176530819386244,-1474586470983.9224,1.0689516700804234,c1cd4c071b9a,6741628a4c1b,5e1d50a6e395,0,True,0,52.536,4.069736153788017,3.0101537704516828,153.04405787755326,0.011671975527892375,1.6897901579650446e-13,ae73669,2026-10-04T00:50:38+00:00,4.082692789275619,153.24663669528238,True,0.0047864989602869855,4.5,3.0101537704516828,0.22820172659346313,5.0,9.87073270342087e-13,True,True,-4.360368871015267,-2.41305495124172,-2.2068818242752823,-2.122191149299299,-2.073300763127674,-2.016791773692165,-1.9838417109746587,-1.9616469039674596,-1.9454029273559743,-1.9328556316794132,-1.9227905150937583,,11900,92,1.5,False,False,"variant-qitT10 (v1.1-frozen + |Qit_eff| -10% at 423 K; robustness study v1.3, 423 K only)"
C0307_T423,manual,0,C0307,C0307,423.0,1.1235995527356863,1.0389626670628789,-586923763155.9373,0.9520826235413552,9cde0f33d777,6741628a4c1b,5e1d50a6e395,0,True,0,49.002,2.5369948312691637,2.786200743726668,156.98955948518983,0.01260186020971351,1.6897901579650449e-13,ae73669,2026-10-04T00:29:10+00:00,2.5462496384662447,157.2156929027762,True,0.004398926934640646,3.0,2.786200743726668,0.24731733560386268,5.0,1.1465264501686612e-12,True,True,-2.2971457602347725,-2.1654355033524375,-2.096124302401088,-2.0516771533174802,-2.020089620609632,-1.9772194460323962,-1.9487838106787967,-1.9281410306932598,-1.912267631611262,-1.8995653422488057,-1.8890995155028383,,10145,92,1.5,False,False,"variant-qitT10 (v1.1-frozen + |Qit_eff| -10% at 423 K; robustness study v1.3, 423 K only)"
C0308_T423,manual,0,C0308,C0308,423.0,1.1531966380774974,0.9738916475325824,-954187639988.9587,0.930192730948329,bf37ac4594d0,6741628a4c1b,5e1d50a6e395,0,True,0,39.362,3.1414536214797777,2.7959502657479245,154.98477316466796,0.012558178698253434,1.689790157965044e-13,ae73669,2026-10-04T00:25:52+00:00,3.1539561091654718,155.40698478225977,True,0.004254728268407232,3.5,2.7959502657479245,0.24642968960630907,5.0,8.712856824910631e-13,True,True,-2.4718385513321453,-2.230398912039083,-2.1318697497347356,-2.0747101027191186,-2.0362598442318687,-1.9863927327076785,-1.9545184649694145,-1.9318693996474081,-1.9146908967349465,-1.9010733413833216,-1.889929439816309,,10028,93,1.5,False,False,"variant-qitT10 (v1.1-frozen + |Qit_eff| -10% at 423 K; robustness study v1.3, 423 K only)"
C0309_T423,manual,0,C0309,C0309,423.0,0.8656624473631382,1.0951754342764617,-1107352802529.9312,1.047112937644124,65440b0797c8,6741628a4c1b,5e1d50a6e395,0,True,0,34.1,3.7524037294114234,2.984328984353473,158.57376239814857,0.01177349231875495,1.6897901579650449e-13,ae73669,2026-10-04T00:25:56+00:00,3.7531671792243544,158.9198003574065,True,0.004507150678690871,4.25,2.984328984353473,0.23010526130490602,5.0,2.0039627386571884e-12,True,True,-3.1082527907948903,-2.3382460673554437,-2.1864721702482997,-2.113283814236054,-2.0682574940787455,-2.013853404525511,-1.981074615254917,-1.9586147088663108,-1.9420079312495464,-1.9290946952027115,-1.9186880304111182,,11666,92,1.5,False,False,"variant-qitT10 (v1.1-frozen + |Qit_eff| -10% at 423 K; robustness study v1.3, 423 K only)"
C0310_T423,manual,0,C0310,C0310,423.0,0.9071028124541044,0.8252479542046786,-694940177723.7654,0.8173744343221188,cc1a25ae9c37,6741628a4c1b,5e1d50a6e395,0,True,0,50.011,2.2031930623926814,2.978893812241762,150.3842418100354,0.011790872463476423,1.6897901579650443e-13,ae73669,2026-10-04T00:30:01+00:00,2.20964741085783,150.89637014328412,True,0.0041148817964673625,2.75,2.978893812241762,0.2309555895953413,5.0,7.739885121704759e-13,True,True,-2.261246848402714,-2.1611148630508885,-2.1040087327635595,-2.065966418700394,-2.0383073571645016,-1.99999075769574,-1.974104342853538,-1.955085596274634,-1.940334916252935,-1.9284540581742422,-1.9186148941392682,,11432,93,1.5,False,False,"variant-qitT10 (v1.1-frozen + |Qit_eff| -10% at 423 K; robustness study v1.3, 423 K only)"
C0311_T423,manual,0,C0311,C0311,423.0,1.0195688154548406,1.1055388610810042,-1370502737350.762,1.110025730729103,bce8821ecb7e,6741628a4c1b,5e1d50a6e395,0,True,0,32.941,4.321968714747959,2.8445681993998466,158.8059477411411,0.012346909221509807,1.6897901579650446e-13,ae73669,2026-10-04T00:43:43+00:00,4.334576021092554,158.86462920295884,True,0.004722690261502672,4.75,2.8445681993998466,0.2418822347756145,5.0,1.8689765461282507e-12,True,True,-5.791339014589151,-2.541881296303405,-2.235697282471354,-2.1288687930176624,-2.0700536498807987,-2.0039551490456264,-1.9661430941242959,-1.9409187751010293,-1.9225648410747127,-1.908441744917496,-1.8971420925064104,,10847,92,1.5,False,False,"variant-qitT10 (v1.1-frozen + |Qit_eff| -10% at 423 K; robustness study v1.3, 423 K only)"
C0312_T423,manual,0,C0312,C0312,423.0,1.027325912564993,0.9275783125311136,-662303075194.3589,1.0200526382774115,149d844a35a7,6741628a4c1b,5e1d50a6e395,0,True,0,49.109,2.4036912832751485,2.786250108162785,153.42784237324176,0.012600352109048193,1.6897901579650443e-13,ae73669,2026-10-04T00:29:42+00:00,2.4148770668759845,153.98228111599425,True,0.004503523003435499,2.75,2.786250108162785,0.24745581651258908,5.0,1.6496729705650603e-12,True,True,-2.250794746901695,-2.1376258020288925,-2.0765220333299883,-2.0369200101952227,-2.008611982748581,-1.9700054034224341,-1.944292362883947,-1.9255789898264897,-1.9111650445342763,-1.8996173186221177,-1.8900951999088247,,10730,93,1.5,False,False,"variant-qitT10 (v1.1-frozen + |Qit_eff| -10% at 423 K; robustness study v1.3, 423 K only)"
C0313_T423,manual,0,C0313,C0313,423.0,0.9397494740784168,1.0031588818877937,-1276160045526.922,0.902547112479806,058d0e12e328,6741628a4c1b,5e1d50a6e395,0,True,0,49.228,3.8907710355664755,2.9974657055309364,155.95086311826168,0.011721558330545627,1.6897901579650443e-13,ae73669,2026-10-04T00:52:37+00:00,3.903447931482685,156.06547018711748,True,0.004097964350706775,4.25,2.9974657055309364,0.22912909145398005,5.0,2.1919524385454464e-12,True,True,-3.537694933974725,-2.3979673854287284,-2.2184860210900017,-2.1354043795033424,-2.0850249341471483,-2.024659781516821,-1.9884457866707492,-1.9636492626902495,-1.945301341766145,-1.93101464690429,-1.9194819700102241,,11198,93,1.5,False,False,"variant-qitT10 (v1.1-frozen + |Qit_eff| -10% at 423 K; robustness study v1.3, 423 K only)"
C0314_T423,manual,0,C0314,C0314,423.0,0.8874822359532119,0.873074958100915,-922585303895.1754,1.132184097915888,cb6894c17110,6741628a4c1b,5e1d50a6e395,0,True,0,43.978,2.7912405845798185,2.8473748669677743,151.54149279375832,0.01233175821947057,1.689790157965045e-13,ae73669,2026-10-04T00:27:38+00:00,2.8009852108983555,151.6632125784074,True,0.005068693009334833,3.25,2.8473748669677743,0.2419752344202633,5.0,2.6171866754710505e-12,True,True,-2.3070207356876526,-2.1569714213010185,-2.086722959038953,-2.0440894568869563,-2.0147755379937595,-1.9761397197297985,-1.9511587675439062,-1.9333121838643772,-1.9197421661846175,-1.908974998783279,-1.9001637675849958,,11549,92,1.5,False,False,"variant-qitT10 (v1.1-frozen + |Qit_eff| -10% at 423 K; robustness study v1.3, 423 K only)"
C0315_T423,manual,0,C0315,C0315,423.0,1.1999056097120049,1.1959440883249044,-1011967774480.5812,0.8405103638768197,56e5af793bb5,6741628a4c1b,5e1d50a6e395,0,True,0,28.467,3.8026473645754044,2.9021927149918048,161.71772129508588,0.01210515501128457,1.6897901579650449e-13,ae73669,2026-10-04T00:47:37+00:00,3.8144176179948324,162.00837090004526,True,0.003896406851108521,4.25,2.9021927149918048,0.23672880878784472,5.0,2.5756162999553365e-12,True,True,-3.2798770411133438,-2.4013366478625096,-2.226396447227777,-2.140590665993481,-2.087096061025848,-2.021570107662306,-1.9815405944658118,-1.953837093674733,-1.9331907828736483,-1.9170296448745006,-1.9039298212614653,,9677,92,1.5,False,False,"variant-qitT10 (v1.1-frozen + |Qit_eff| -10% at 423 K; robustness study v1.3, 423 K only)"
C0316_T423,manual,0,C0316,C0316,423.0,1.1295026950538158,0.8168134298175573,-1379231897182.7627,0.8686204593628646,7b9f6fa78197,6741628a4c1b,5e1d50a6e395,0,True,0,57.918,3.602850817204922,2.8381457253836575,150.0510780281491,0.0123714672810609,1.6897901579650446e-13,ae73669,2026-10-04T00:33:00+00:00,3.6176316781270157,149.8828694000932,True,0.004420025699816355,4.0,2.8381457253836575,0.24278503640573587,5.0,8.459240252722822e-13,True,True,-2.8255831468569874,-2.305487237303128,-2.1686324237411068,-2.098190701651895,-2.0534742670923603,-1.9979776641571512,-1.9636707578753874,-1.9397188134555257,-1.9217391593859932,-1.9075787891115301,-1.896039939470154,,10145,91,1.5,False,False,"variant-qitT10 (v1.1-frozen + |Qit_eff| -10% at 423 K; robustness study v1.3, 423 K only)"
C0317_T423,manual,0,C0317,C0317,423.0,0.8420663513243198,1.1396565679460764,-555351881310.3438,1.1603453535586596,be5d91c6e90e,6741628a4c1b,5e1d50a6e395,0,True,0,47.829,2.6963333209310885,2.921334153811114,159.75758742191047,0.012024965932379953,1.6897901579650443e-13,ae73669,2026-10-04T00:30:30+00:00,2.702639170527301,160.2281849554321,True,0.004642055941422205,3.25,2.921334153811114,0.23530585355911193,5.0,1.96208857008893e-12,True,True,-2.3073849395009316,-2.166822470604214,-2.0982864790829905,-2.055974897118294,-2.02662302169858,-1.9877038441796575,-1.9624665635857155,-1.944440313113427,-1.930753908251566,-1.9199161453408546,-1.911066512017886,,11783,92,1.5,False,False,"variant-qitT10 (v1.1-frozen + |Qit_eff| -10% at 423 K; robustness study v1.3, 423 K only)"
C0318_T423,manual,0,C0318,C0318,423.0,0.981846560165286,0.9837906356900932,-1143423685804.0095,0.9807045184075832,97e23e84b916,6741628a4c1b,5e1d50a6e395,0,True,0,51.41,3.5580711813085224,2.8943388436229958,155.25624927470838,0.012134911867688348,1.689790157965045e-13,ae73669,2026-10-04T00:55:31+00:00,3.5702313489365993,155.47572438628666,True,0.004512997101967422,4.0,2.8943388436229958,0.23770987723275488,5.0,2.2384965508362855e-12,True,True,-2.767336092642644,-2.2948332054688305,-2.1649881467904044,-2.0976499797259374,-2.0548207962834737,-2.0017069993436443,-1.9689908122591762,-1.9462564097206456,-1.929274237070836,-1.9159633734742483,-1.9051660210946866,,11081,92,1.5,False,False,"variant-qitT10 (v1.1-frozen + |Qit_eff| -10% at 423 K; robustness study v1.3, 423 K only)"
C0319_T423,manual,0,C0319,C0319,423.0,1.094410028681159,1.0593971882015467,-795070120133.4596,1.0981605023145675,119db6a42ebe,6741628a4c1b,5e1d50a6e395,0,True,0,32.293,3.010894515594049,2.7433785501761196,157.44579115981182,0.012797186429964186,1.6897901579650449e-13,ae73669,2026-10-04T00:49:02+00:00,3.0141059926634437,157.79171893481947,True,0.004776821300081796,3.5,2.7433785501761196,0.25131066142452746,5.0,2.4856255325536195e-12,True,True,-2.3903786015452186,-2.1888479961457286,-2.1019499969007773,-2.050677343597689,-2.0159178483939177,-1.9706069715443775,-1.9415656944508273,-1.920922138358234,-1.9052749954464383,-1.8928855031846061,-1.8827605476692064,,10379,92,1.5,False,False,"variant-qitT10 (v1.1-frozen + |Qit_eff| -10% at 423 K; robustness study v1.3, 423 K only)"
C0320_T423,manual,0,C0320,C0320,423.0,1.0985282126814129,0.9438422407954932,-1178267312236.1304,0.9048875156790018,c6255a0ef56a,6741628a4c1b,5e1d50a6e395,0,True,0,33.837,3.5329622467727373,2.855711803831303,154.0922321980318,0.012297447758039008,1.689790157965044e-13,ae73669,2026-10-04T00:24:34+00:00,3.5417093096036165,154.31840947479103,True,0.00437081349500975,4.0,2.855711803831303,0.24107577954251438,5.0,1.1758822193912173e-12,True,True,-2.749931635752101,-2.2992897255294737,-2.168653814408878,-2.0998261691994653,-2.0556676836419916,-2.0004726107834414,-1.9662140209126038,-1.9422758244042186,-1.9243152630859255,-1.9101850137325322,-1.8986857888752695,,10379,92,1.5,False,False,"variant-qitT10 (v1.1-frozen + |Qit_eff| -10% at 423 K; robustness study v1.3, 423 K only)"
C0321_T423,manual,0,C0321,C0321,423.0,0.9859574038535356,1.0244933966547252,-760195745155.2152,1.0223936196416616,c41f87c48408,6741628a4c1b,5e1d50a6e395,0,True,0,34.158,2.857581454530072,2.8472146426977663,156.45607987814302,0.012333947451204369,1.6897901579650443e-13,ae73669,2026-10-04T00:24:47+00:00,2.87127072353568,156.5752361936344,True,0.0045115786929629965,3.25,2.8472146426977663,0.2418198570262233,5.0,1.862902944870128e-12,True,True,-2.359211970880694,-2.188788903213186,-2.109589448439928,-2.061529416291671,-2.028459041599035,-1.9848305511855238,-1.9565988766410063,-1.9364220071518263,-1.9210764492074204,-1.9088979062178533,-1.8989293078246736,,11081,91,1.5,False,False,"variant-qitT10 (v1.1-frozen + |Qit_eff| -10% at 423 K; robustness study v1.3, 423 K only)"
C0322_T423,manual,0,C0322,C0322,423.0,0.8399343952536583,0.8553583975881338,-1406262421980.5002,0.8428505703806878,d234f59145bd,6741628a4c1b,5e1d50a6e395,0,True,0,49.325,3.7724926003700476,3.094505639829895,151.324209302643,0.011355586590799065,1.6897901579650443e-13,ae73669,2026-10-04T00:51:27+00:00,3.779196024391905,151.57349850583836,True,0.004224293819591479,4.25,3.094505639829895,0.22181742636454937,5.0,2.1288563229585087e-12,True,True,-3.1627259670810166,-2.368062960787236,-2.2118100323956305,-2.1363242564683063,-2.0898128269698253,-2.033461452525472,-1.9993534556698669,-1.97586819177407,-1.9584197567928936,-1.9447904266959222,-1.9337603130750682,,11783,92,1.5,False,False,"variant-qitT10 (v1.1-frozen + |Qit_eff| -10% at 423 K; robustness study v1.3, 423 K only)"
C0323_T423,manual,0,C0323,C0323,423.0,1.1273637741804123,1.1762575183063744,-528290593065.3214,1.1345252521336078,af06fe65aefc,6741628a4c1b,5e1d50a6e395,0,True,0,43.832,2.7250036112532845,2.7097697789515363,160.8308872173704,0.012955272840667895,1.6897901579650449e-13,ae73669,2026-10-04T00:29:54+00:00,2.728042800187011,161.1125229653878,True,0.0047193347805192,3.25,2.7097697789515363,0.2544811230421617,5.0,1.3638005493574196e-12,True,True,-2.308953745849803,-2.1575086289896053,-2.0834275425375215,-2.037481089102352,-2.0054702309862504,-1.962796356903404,-1.9349462479042503,-1.9149454039686764,-1.8996873622838493,-1.8875534362521624,-1.8776068849238607,,10145,92,1.5,False,False,"variant-qitT10 (v1.1-frozen + |Qit_eff| -10% at 423 K; robustness study v1.3, 423 K only)"
C0324_T423,manual,0,C0324,C0324,423.0,1.1946439657360317,0.8115952674299479,-895432233810.4248,1.1564418662339448,f01684d01782,6741628a4c1b,5e1d50a6e395,0,True,0,34.959,2.5575070691459136,2.605881968955382,149.5048429157469,0.013464333684010269,1.689790157965044e-13,ae73669,2026-10-04T00:26:27+00:00,2.5692837895424567,149.6393249783184,True,0.0053546886167098635,3.0,2.605881968955382,0.2653765878745033,5.0,1.9332190931338654e-12,True,True,-2.232115184401404,-2.1086781367357132,-2.045487214810432,-2.005531086514404,-1.9773635150538633,-1.9393667430128274,-1.9142561756884728,-1.8960433588951942,-1.882034332089541,-1.8708151338616579,-1.8615624291587773,,9794,92,1.5,False,False,"variant-qitT10 (v1.1-frozen + |Qit_eff| -10% at 423 K; robustness study v1.3, 423 K only)"
C0325_T423,manual,0,C0325,C0325,423.0,0.8822260309010744,1.1324716474860907,-1039151608012.6168,0.8647175382822753,4b5df95db3d8,6741628a4c1b,5e1d50a6e395,0,True,0,30.758,3.7124540184445984,3.0933604834111392,159.88285065763264,0.011362707381625104,1.689790157965045e-13,ae73669,2026-10-04T00:26:27+00:00,3.7174847235574635,160.1490312768502,True,0.003902628703576604,4.25,3.0933604834111392,0.22158289369617115,5.0,1.9796545368578467e-12,True,True,-3.0578168025347487,-2.37602285549122,-2.2219987475031915,-2.1451063716452796,-2.0969828925049736,-2.0380306290930923,-2.0021009823264366,-1.9773103066100004,-1.9588919485518155,-1.9445181773564635,-1.932900887416541,,11549,92,1.5,False,False,"variant-qitT10 (v1.1-frozen + |Qit_eff| -10% at 423 K; robustness study v1.3, 423 K only)"
C0326_T423,manual,0,C0326,C0326,423.0,0.9407375946640968,0.9875561568886042,-627337853424.2511,1.0942568063735962,e905389739b5,6741628a4c1b,5e1d50a6e395,0,True,0,52.727,2.4820837732214165,2.8280305414144964,155.25286732066763,0.012416389951032435,1.6897901579650449e-13,ae73669,2026-10-04T00:30:54+00:00,2.484360146535355,155.6967311100434,True,0.004760521767192696,3.0,2.8280305414144964,0.24358826542997045,5.0,8.836594650452056e-13,True,True,-2.2594096479875345,-2.141494151491176,-2.079560516581206,-2.039983619668679,-2.0119494683875607,-1.9740537447856104,-1.9490329688575678,-1.9309379984492319,-1.9170695873078283,-1.9060046563531066,-1.8969127993376096,,11198,92,1.5,False,False,"variant-qitT10 (v1.1-frozen + |Qit_eff| -10% at 423 K; robustness study v1.3, 423 K only)"
C0327_T423,manual,0,C0327,C0327,423.0,1.0283198475837707,1.068230062350631,-1311156015843.153,0.9768017821013928,230b186ecf90,6741628a4c1b,5e1d50a6e395,0,True,0,32.911,4.118621819259451,2.9007353590673106,157.82753550283613,0.012109655497725708,1.689790157965045e-13,ae73669,2026-10-04T00:44:17+00:00,4.132117699521951,157.82854128250358,True,0.00431245659147127,4.5,2.9007353590673106,0.23702406159224512,5.0,8.584114322141012e-13,True,True,-4.609287862107557,-2.4633738902151086,-2.230330882283571,-2.1345400607945195,-2.07891033344448,-2.014161948563362,-1.9761427607685527,-1.9504111469509207,-1.9315107021239477,-1.9168682117343119,-1.9050920609930146,,10730,91,1.5,False,False,"variant-qitT10 (v1.1-frozen + |Qit_eff| -10% at 423 K; robustness study v1.3, 423 K only)"
C0328_T423,manual,0,C0328,C0328,423.0,1.024834269657731,0.8898911196738482,-722444438375.5326,0.8931199315935373,489b275c86ae,6741628a4c1b,5e1d50a6e395,0,True,0,47.808,2.4368469449885755,2.857524685004809,152.38688178078152,0.01228828691617275,1.6897901579650446e-13,ae73669,2026-10-04T00:30:31+00:00,2.4450830506168773,153.01428475941668,True,0.004258240152664806,3.0,2.857524685004809,0.24107251880405553,5.0,1.4385925843467913e-12,True,True,-2.281138776328926,-2.161791146073052,-2.097415424452156,-2.055679974853509,-2.0258278959284732,-1.985070590002072,-1.957881388814223,-1.9380625357216663,-1.9227742163155987,-1.910508656959708,-1.900381134270818,,10730,93,1.5,False,False,"variant-qitT10 (v1.1-frozen + |Qit_eff| -10% at 423 K; robustness study v1.3, 423 K only)"
C0329_T423,manual,0,C0329,C0329,423.0,0.9123613078147174,1.165845526382327,-1342968190088.8682,1.185821348056197,ada5e50cef8f,6741628a4c1b,5e1d50a6e395,0,True,0,46.002,4.399141336619655,2.905885788539217,160.4961385756052,0.012089127860671532,1.6897901579650443e-13,ae73669,2026-10-04T00:53:24+00:00,4.40986383820144,160.62849077313513,True,0.004601592056161815,4.75,2.905885788539217,0.23651619879943309,5.0,3.1104171602069644e-12,True,True,-6.2440938884238015,-2.5891468665462387,-2.244159650670936,-2.1339145064245364,-2.074838859785609,-2.0096502459831638,-1.972902469519422,-1.9486092384957827,-1.9310483287213585,-1.9176050290780209,-1.9068951395207407,,11432,93,1.5,False,False,"variant-qitT10 (v1.1-frozen + |Qit_eff| -10% at 423 K; robustness study v1.3, 423 K only)"
C0330_T423,manual,0,C0330,C0330,423.0,0.86467814296484,0.910773979499936,-989504052326.0833,0.955985341966152,65f3653e6856,6741628a4c1b,5e1d50a6e395,0,True,0,45.607,3.046436344618735,2.976274108524291,152.97294305278763,0.011802818717609492,1.6897901579650454e-13,ae73669,2026-10-04T00:28:24+00:00,3.0573827794503114,153.1694470398387,True,0.004506688706293119,3.5,2.976274108524291,0.23099537365371062,5.0,1.0765884711494422e-12,True,True,-2.427243603395843,-2.221090518765937,-2.1338872277754715,-2.08290054472981,-2.0485300912426165,-2.003953523725363,-1.9755076477786504,-1.9553403662572115,-1.9400810831583062,-1.9280142632601733,-1.9181630217761851,,11666,92,1.5,False,False,"variant-qitT10 (v1.1-frozen + |Qit_eff| -10% at 423 K; robustness study v1.3, 423 K only)"
C0331_T423,manual,0,C0331,C0331,423.0,1.1522049874067306,1.0332448523491622,-1072006118483.8414,1.0728553362190725,178a75a7ac75,6741628a4c1b,5e1d50a6e395,0,True,0,32.174,3.52673031367471,2.7370440654859216,156.65449872840276,0.012826818809620182,1.6897901579650443e-13,ae73669,2026-10-04T00:48:09+00:00,3.533760738539965,156.94661816379397,True,0.004763074169019833,4.0,2.7370440654859216,0.25188506595874327,5.0,1.0657707927300427e-12,True,True,-2.714048744027776,-2.266770279617541,-2.139727600664463,-2.073253429146032,-2.030768907272344,-1.9778570134859574,-1.945136908831141,-1.9223396064835094,-1.9052766167205801,-1.8918810400191701,-1.8810003615929567,,10028,92,1.5,False,False,"variant-qitT10 (v1.1-frozen + |Qit_eff| -10% at 423 K; robustness study v1.3, 423 K only)"
C0332_T423,manual,0,C0332,C0332,423.0,1.11948517896235,0.9545111369341612,-1439147513359.7852,1.0447719383984804,8cbec9b58cdf,6741628a4c1b,5e1d50a6e395,0,True,0,59.572,4.095073023900128,2.781242838534071,154.24226049972677,0.012624301481271812,1.6897901579650446e-13,ae73669,2026-10-04T00:33:59+00:00,4.108860585995826,154.0338256913647,True,0.004730273947434116,4.5,2.781242838534071,0.247758969967477,5.0,2.7433316007259276e-12,True,True,-4.494677656399618,-2.4220662345385224,-2.1996159554709562,-2.1078477468661045,-2.054534363427456,-1.9924448969558686,-1.9559303658903022,-1.9311678803886536,-1.9129414096584714,-1.8987926426130024,-1.887392179900842,,10145,91,1.5,False,False,"variant-qitT10 (v1.1-frozen + |Qit_eff| -10% at 423 K; robustness study v1.3, 423 K only)"
C0333_T423,manual,0,C0333,C0333,423.0,0.806969778612256,1.0769590754061935,-622392992489.0399,0.9278522979468108,774a3c37615f,6741628a4c1b,5e1d50a6e395,0,True,0,49.926,2.705580356793627,3.0754309900512964,158.15995315335374,0.011427591593831943,1.6897901579650446e-13,ae73669,2026-10-04T00:31:20+00:00,2.711359514001116,158.71039748808684,True,0.004095351028036896,3.25,3.0754309900512964,0.22302333524671358,5.0,1.820149799620938e-12,True,True,-2.356601715417424,-2.2087979101790887,-2.135701699343749,-2.0902265244279556,-2.0585203762870763,-2.016270668224381,-1.988738740984573,-1.9690025287454251,-1.9539745071771017,-1.9420452890903601,-1.932283617878052,,11900,92,1.5,False,False,"variant-qitT10 (v1.1-frozen + |Qit_eff| -10% at 423 K; robustness study v1.3, 423 K only)"
C0334_T423,manual,0,C0334,C0334,423.0,0.9671414986252784,0.8461055140942335,-1210110067389.9055,1.1076845467090606,07205083c165,6741628a4c1b,5e1d50a6e395,0,True,0,47.899,3.3171470728607493,2.8027564085327654,150.71050356011995,0.012526211194208933,1.6897901579650449e-13,ae73669,2026-10-04T00:56:19+00:00,3.329876004109924,150.58126401123707,True,0.005077739792507582,3.75,2.8027564085327654,0.2460015420525681,5.0,1.489017610478444e-12,True,True,-2.5082678526888302,-2.2148592406574275,-2.113804278373788,-2.058576736251231,-2.0226083054566217,-1.9771950014922135,-1.9488103851168896,-1.9289106017446358,-1.9139550982315399,-1.902180270288684,-1.892596268773274,,11081,92,1.5,False,False,"variant-qitT10 (v1.1-frozen + |Qit_eff| -10% at 423 K; robustness study v1.3, 423 K only)"
C0335_T423,manual,0,C0335,C0335,423.0,1.0546259045600892,1.122082858160138,-855332911014.5569,0.8150342099368573,948d0b00eb0d,6741628a4c1b,5e1d50a6e395,0,True,0,30.329,3.3091817113845634,2.9761471040925924,159.63724127071677,0.011805657955266158,1.6897901579650449e-13,ae73669,2026-10-04T00:49:32+00:00,3.321929336313764,159.79972066027958,True,0.003857295286103034,3.75,2.9761471040925924,0.23074063684392598,5.0,2.314747329898683e-12,True,True,-2.6135559152165264,-2.3023748491413,-2.1865695085212833,-2.121123747717753,-2.077658044869343,-2.0218716483033083,-1.9865445511734139,-1.9616014220369908,-1.9427750021091916,-1.9279098037247164,-1.9157847077424304,,10613,92,1.5,False,False,"variant-qitT10 (v1.1-frozen + |Qit_eff| -10% at 423 K; robustness study v1.3, 423 K only)"
C0336_T423,manual,0,C0336,C0336,423.0,1.0746046334505082,0.8288358934223652,-1352417093701.6606,1.078508847951889,c48998d7fda3,6741628a4c1b,5e1d50a6e395,0,True,0,33.005,3.5665624918876646,2.7467908943639068,150.1513118271447,0.012779361613863602,1.6897901579650446e-13,ae73669,2026-10-04T00:25:07+00:00,3.579356427614463,150.06653101559198,True,0.005064724741158121,4.0,2.7467908943639068,0.2512066926804947,5.0,1.4640188314889397e-12,True,True,-2.7316085243994808,-2.254829639735854,-2.1293428307577478,-2.065122538473497,-2.0245374206107654,-1.9744059534636622,-1.943572004047798,-1.9221297549903091,-1.9060877929041367,-1.8934908405830273,-1.8832535282915974,,10496,92,1.5,False,False,"variant-qitT10 (v1.1-frozen + |Qit_eff| -10% at 423 K; robustness study v1.3, 423 K only)"
C0337_T423,manual,0,C0337,C0337,423.0,0.9620279118418692,1.1028784349560738,-707135958597.064,0.998894476145506,68aa562206c4,6741628a4c1b,5e1d50a6e395,0,True,0,33.213,2.9386060887301286,2.894251783869086,158.82049241667013,0.012135964343102228,1.6897901579650446e-13,ae73669,2026-10-04T00:25:21+00:00,2.9461879548162013,159.15152106222757,True,0.004300576427046092,3.5,2.894251783869086,0.23764552041980913,5.0,1.6189515751053611e-12,True,True,-2.397314672679965,-2.2095489378767015,-2.1250291163761537,-2.0743553521336664,-2.0397177348764415,-1.9942873258438363,-1.9650461957218242,-1.9442240689653039,-1.9284314477501114,-1.915925708227975,-1.9057078819612774,,11081,93,1.5,False,False,"variant-qitT10 (v1.1-frozen + |Qit_eff| -10% at 423 K; robustness study v1.3, 423 K only)"
C0338_T423,manual,0,C0338,C0338,423.0,0.8144484538584948,0.9704501785337925,-1123447233811.021,1.1663239885121583,0411bdd6ceb0,6741628a4c1b,5e1d50a6e395,0,True,0,51.914,3.469483149889451,2.948803104433599,154.64087628334056,0.011912904492048538,1.6897901579650443e-13,ae73669,2026-10-04T00:52:20+00:00,3.4732022679594294,155.09401170178128,True,0.004873979019490181,4.0,2.948803104433599,0.23313145783619538,5.0,1.9974514641391365e-12,True,True,-2.6336565285729865,-2.250529353503438,-2.13873497959006,-2.0804079271807563,-2.0433163702642525,-1.9974294573341318,-1.9692809236134687,-1.9497998965915573,-1.9353036977822364,-1.9239823400214213,-1.914830017227933,,12017,92,1.5,False,False,"variant-qitT10 (v1.1-frozen + |Qit_eff| -10% at 423 K; robustness study v1.3, 423 K only)"
C0339_T423,manual,0,C0339,C0339,423.0,1.1018715385347604,1.097982357442379,-940015905536.7112,0.8609785210341215,b189eb4c26f6,6741628a4c1b,5e1d50a6e395,0,True,0,46.115,3.424800060061686,2.9088977382559253,158.8618116293885,0.012076016268385982,1.6897901579650446e-13,ae73669,2026-10-04T00:30:41+00:00,3.4344012729446574,159.3070830859783,True,0.003924273401922767,4.0,2.9088977382559253,0.23632209740163582,5.0,1.58003435740634e-12,True,True,-2.6785766995677736,-2.3055065263823464,-2.181074462648994,-2.1129396519348256,-2.0683877792175487,-2.011893515617895,-1.9764538476438593,-1.9515609393913294,-1.932832618607341,-1.9180763105822372,-1.906057883309743,,10262,93,1.5,False,False,"variant-qitT10 (v1.1-frozen + |Qit_eff| -10% at 423 K; robustness study v1.3, 423 K only)"
C0340_T423,manual,0,C0340,C0340,423.0,1.1689671099185943,0.9141639962792396,-572782963514.328,0.8328203663229943,31aa942712f2,6741628a4c1b,5e1d50a6e395,0,True,0,37.404,2.195785066327332,2.8083713097185745,153.25447717891012,0.012501990759418097,1.6897901579650443e-13,ae73669,2026-10-04T00:27:05+00:00,2.203112816843701,153.66665923164612,True,0.004095848501466022,2.75,2.8083713097185745,0.24541366671986461,5.0,1.0838378805555493e-12,True,True,-2.255595444457252,-2.151320349992967,-2.0912032610905706,-2.050867221864187,-2.02138981526096,-1.980340827135302,-1.952466775218505,-1.931913398559303,-1.9159272826459566,-1.9030208264326727,-1.892310116086782,,9911,93,1.5,False,False,"variant-qitT10 (v1.1-frozen + |Qit_eff| -10% at 423 K; robustness study v1.3, 423 K only)"
C0341_T423,manual,0,C0341,C0341,423.0,0.8565310552716255,1.0417191095650196,-1490710883401.3342,1.138216895610094,3acb97a2a1d3,6741628a4c1b,5e1d50a6e395,0,True,0,34.232,4.417540915567035,2.964497788944307,156.84600164067152,0.011851414811778677,1.6897901579650456e-13,ae73669,2026-10-04T00:27:01+00:00,4.4269631609906135,157.2358156451198,True,0.004612199966248444,5.0,2.964497788944307,0.23172780105618976,5.0,2.813468075465103e-12,True,True,-6.4017870080497135,-2.6017592210534874,-2.2499854011659814,-2.13985324160753,-2.0812273105004917,-2.016820498922827,-1.980621723912285,-1.956719989027673,-1.93944959355628,-1.9262298008546372,-1.9156971140019707,,11666,93,1.5,False,False,"variant-qitT10 (v1.1-frozen + |Qit_eff| -10% at 423 K; robustness study v1.3, 423 K only)"
C0342_T423,manual,0,C0342,C0342,423.0,0.9166234839707612,0.8850728675723076,-839902530424.2969,0.9207836035639048,89127c33b58d,6741628a4c1b,5e1d50a6e395,0,True,0,51.45,2.6665703658901103,2.9305174581806117,152.21421688088626,0.011984854909840246,1.6897901579650446e-13,ae73669,2026-10-04T00:31:46+00:00,2.676967995811926,152.5842997500669,True,0.004255335104734241,3.25,2.9305174581806117,0.2348200826979785,5.0,2.6377838383999756e-12,True,True,-2.3233874224305833,-2.1822183552213423,-2.1115983465874986,-2.0674196979120634,-2.0364911720326946,-1.995068987003893,-1.967903160322567,-1.948316595863056,-1.9333243764403614,-1.9213672192220814,-1.9115407669221656,,11432,93,1.5,False,False,"variant-qitT10 (v1.1-frozen + |Qit_eff| -10% at 423 K; robustness study v1.3, 423 K only)"
C0343_T423,manual,0,C0343,C0343,423.0,1.004187235608697,1.1590924717485904,-1219681214541.1968,1.0003483470529315,b2042872404f,6741628a4c1b,5e1d50a6e395,0,True,0,32.573,4.139215268925383,2.917903732603392,160.49044933820645,0.012039743328500423,1.6897901579650443e-13,ae73669,2026-10-04T00:44:49+00:00,4.151361235539932,160.61263868892172,True,0.004207873620347422,4.5,2.917903732603392,0.23549423153148544,5.0,1.019484976151198e-12,True,True,-4.713904321151517,-2.47598089493438,-2.235881707756755,-2.138502004363606,-2.0822112310659358,-2.016920159118321,-1.978708647689419,-1.9529119917052304,-1.934004008240989,-1.9193827715669092,-1.9076429458006094,,10847,93,1.5,False,False,"variant-qitT10 (v1.1-frozen + |Qit_eff| -10% at 423 K; robustness study v1.3, 423 K only)"
C0344_T423,manual,0,C0344,C0344,423.0,1.0489577561616898,0.987479567527771,-810195141471.9224,1.1164482951164243,23981d6d7c7a,6741628a4c1b,5e1d50a6e395,0,True,0,49.24,2.8622608320056435,2.748869689033605,155.1904555419061,0.012771069201212086,1.6897901579650446e-13,ae73669,2026-10-04T00:31:20+00:00,2.8754888938078196,155.38670689988388,True,0.004819861221927402,3.25,2.748869689033605,0.2508725892614605,5.0,1.266130863347703e-12,True,True,-2.3342480512964436,-2.1659461566588227,-2.0885041210461974,-2.04171674096294,-2.009598709350022,-1.9673006141405762,-1.9399591211399454,-1.9204241911463573,-1.9055663334826538,-1.893772741832265,-1.8841169800022448,,10613,91,1.5,False,False,"variant-qitT10 (v1.1-frozen + |Qit_eff| -10% at 423 K; robustness study v1.3, 423 K only)"
C0345_T423,manual,0,C0345,C0345,423.0,0.9364785000681876,1.0568314634263516,-1126315111294.389,0.8124198608100415,47d2b332eac4,6741628a4c1b,5e1d50a6e395,0,True,0,49.27,3.7194023080660688,3.074750001855197,157.72304179901752,0.011430131433978944,1.689790157965045e-13,ae73669,2026-10-04T00:54:13+00:00,3.7236482843855625,158.11314450960955,True,0.0038413265059523507,4.25,3.074750001855197,0.22305657213526733,5.0,2.0138809832550897e-12,True,True,-3.0748951486185288,-2.3835030670403787,-2.2267637470010992,-2.1482644165056697,-2.099018287666603,-2.0385239940550135,-2.0015309683028364,-1.9759322701561237,-1.9568642737194095,-1.9419487756656453,-1.9298681025066,,11315,91,1.5,False,False,"variant-qitT10 (v1.1-frozen + |Qit_eff| -10% at 423 K; robustness study v1.3, 423 K only)"
C0346_T423,manual,0,C0346,C0346,423.0,0.8903638858348132,0.8134662777185441,-542157156392.9319,1.029361103847623,7b36933db4f1,6741628a4c1b,5e1d50a6e395,0,True,0,40.062,1.8333388347168031,2.8493152903992742,149.71051399237285,0.012322276123225513,1.6897901579650446e-13,ae73669,2026-10-04T00:29:04+00:00,1.8472439200897335,149.6028448809596,True,0.004877864720623831,2.25,2.8493152903992742,0.2419255121430195,5.0,2.0601759577824487e-12,True,True,-2.171790376805862,-2.0984961276300775,-2.0542037911725637,-2.023807565188197,-2.0013050610421406,-1.9696350585344573,-1.9479570362428362,-1.9319105532042975,-1.919408102887964,-1.9093090635632586,-1.9009303331948586,,11432,92,1.5,False,False,"variant-qitT10 (v1.1-frozen + |Qit_eff| -10% at 423 K; robustness study v1.3, 423 K only)"
C0347_T423,manual,0,C0347,C0347,423.0,1.1778848174959422,1.1425641052424909,-1398255509324.3718,0.949601573869586,84a1bda49577,6741628a4c1b,5e1d50a6e395,0,True,0,28.686,4.47812052753474,2.854168182947318,160.06433446671252,0.012306910342637895,1.6897901579650443e-13,ae73669,2026-10-04T00:48:38+00:00,4.480994014675949,160.52088197849855,True,0.004252946384656929,5.0,2.854168182947318,0.24089999817540056,5.0,1.2258302012346789e-12,True,True,-6.712202806498242,-2.705402819083511,-2.293469507151173,-2.16526708725267,-2.0963705741569694,-2.0198042348166796,-1.976244551668921,-1.9472265159722697,-1.9261109087602613,-1.9098509632800362,-1.8968276990347968,,9911,92,1.5,False,False,"variant-qitT10 (v1.1-frozen + |Qit_eff| -10% at 423 K; robustness study v1.3, 423 K only)"
C0348_T423,manual,0,C0348,C0348,423.0,1.144980388879776,0.8696807645261289,-1031022321432.8289,0.9714434072375298,8d286d116bdc,6741628a4c1b,5e1d50a6e395,0,True,0,57.653,3.018928051667217,2.75077945669579,151.631165392069,0.012761388348809488,1.6897901579650443e-13,ae73669,2026-10-04T00:34:58+00:00,3.0244884850465605,151.8474617312886,True,0.0046944186737556595,3.5,2.75077945669579,0.2507815282737981,5.0,1.4382243535292097e-12,True,True,-2.3990054266100485,-2.1954516953668444,-2.10745874233729,-2.0554604216901438,-2.020150809866658,-1.9739953807289705,-1.944286467930046,-1.923076873829887,-1.9069338940173484,-1.894102074876043,-1.8835778438450221,,10145,92,1.5,False,False,"variant-qitT10 (v1.1-frozen + |Qit_eff| -10% at 423 K; robustness study v1.3, 423 K only)"
C0349_T423,manual,0,C0349,C0349,423.0,0.8324464872479439,1.1988013327121734,-909420560114.0856,1.0512539990246297,a75283fe2286,6741628a4c1b,5e1d50a6e395,0,True,0,49.698,3.5772183145357146,3.0256850164810594,161.57042244572017,0.011614960842051743,1.689790157965045e-13,ae73669,2026-10-04T00:32:10+00:00,3.590210988442864,161.608108367155,True,0.004398519475653761,4.0,3.0256850164810594,0.22672422394791358,5.0,1.1813719048074767e-12,True,True,-2.8031108627300596,-2.3090438102695012,-2.1785666119402167,-2.111708921536122,-2.069485955544035,-2.01751366314743,-1.9857771739170254,-1.963886373075217,-1.9476411016768937,-1.9349822500143714,-1.9247679156426458,,11900,92,1.5,False,False,"variant-qitT10 (v1.1-frozen + |Qit_eff| -10% at 423 K; robustness study v1.3, 423 K only)"
C0350_T423,manual,0,C0350,C0350,423.0,0.9910740721970795,0.9312166385352612,-1259081452153.623,0.8843090001493693,363718b4cbf8,6741628a4c1b,5e1d50a6e395,0,True,0,49.22,3.669950996872603,2.945904374246643,153.72241969352507,0.011923951033349455,1.6897901579650449e-13,ae73669,2026-10-04T00:57:09+00:00,3.6801061082060476,154.1338452432749,True,0.004127912910878882,4.25,2.945904374246643,0.23341263925942715,5.0,1.1991365747218594e-12,True,True,-2.9470544423711824,-2.3357859903512894,-2.1903386685353534,-2.1170553223274133,-2.0710062755442826,-2.014365594756658,-1.9796658823067537,-1.9556071442650405,-1.9376512975587432,-1.9235798161004765,-1.9121633335274033,,10964,93,1.5,False,False,"variant-qitT10 (v1.1-frozen + |Qit_eff| -10% at 423 K; robustness study v1.3, 423 K only)"
C0351_T423,manual,0,C0351,C0351,423.0,1.0785403583198785,1.000545784831047,-677459031343.4601,1.1882878061383964,eda4ac2ced03,6741628a4c1b,5e1d50a6e395,0,True,0,32.934,2.6138401770663213,2.691639792229238,155.53306045340466,0.013040357735193743,1.6897901579650449e-13,ae73669,2026-10-04T00:50:06+00:00,2.6267276889102917,155.74178818122863,True,0.004989173109069571,3.0,2.691639792229238,0.2564240122097358,5.0,1.0048129100970473e-12,True,True,-2.2616952845462506,-2.1301464600406717,-2.0639033941681406,-2.0223489464198527,-1.9932161949957752,-1.9541645572734263,-1.9285481122859165,-1.9100862235213967,-1.8959644701906377,-1.8847104944714619,-1.8754696255968766,,10496,91,1.5,False,False,"variant-qitT10 (v1.1-frozen + |Qit_eff| -10% at 423 K; robustness study v1.3, 423 K only)"
C0352_T423,manual,0,C0352,C0352,423.0,1.0825883615761995,0.8574346285313368,-983637063764.0356,1.0077921103686094,839a7cd15df2,6741628a4c1b,5e1d50a6e395,0,True,0,33.548,2.882985090136399,2.7597933477761116,151.16527716948718,0.012719669664830237,1.6897901579650443e-13,ae73669,2026-10-04T00:25:41+00:00,2.8958590915770084,151.40151785940841,True,0.00467618864142798,3.25,2.7597933477761116,0.24997252131682504,5.0,2.084683853884332e-12,True,True,-2.3470875383657113,-2.1742939096926017,-2.095092374358101,-2.047287873790521,-2.0144667364893114,-1.9711900489991485,-1.9431455700172109,-1.9230511070367062,-1.9077238339805984,-1.8955241673514638,-1.8855100901688229,,10496,93,1.5,False,False,"variant-qitT10 (v1.1-frozen + |Qit_eff| -10% at 423 K; robustness study v1.3, 423 K only)"
C0353_T423,manual,0,C0353,C0353,423.0,0.9950613234192132,1.1865353990346192,-1081809908151.6266,0.9148961532860994,68087e336584,6741628a4c1b,5e1d50a6e395,0,True,0,32.519,3.9205491899036486,2.976775396405048,161.34245701576833,0.011803946337925449,1.6897901579650449e-13,ae73669,2026-10-04T00:25:53+00:00,3.9303157026975493,161.610069183169,True,0.00396767509035703,4.5,2.976775396405048,0.23061179163329112,5.0,2.5488181257793226e-12,True,True,-3.660917958423117,-2.4195488141881873,-2.229738409658817,-2.1423990901354646,-2.089484974475613,-2.0261025507300707,-1.9881051451934877,-1.9621158750305445,-1.9429093536538706,-1.9279727735194043,-1.9159296968927808,,10964,93,1.5,False,False,"variant-qitT10 (v1.1-frozen + |Qit_eff| -10% at 423 K; robustness study v1.3, 423 K only)"
C0354_T423,manual,0,C0354,C0354,423.0,0.8286820352077484,0.9431694339960812,-743860136717.5579,1.1448291473090648,f05ba9799306,6741628a4c1b,5e1d50a6e395,0,True,0,52.696,2.6071055560686407,2.9086198972859636,153.77744276644344,0.012075291450131467,1.689790157965044e-13,ae73669,2026-10-04T00:53:13+00:00,2.6204582161540033,153.75568823719848,True,0.004898458771938586,3.0,2.9086198972859636,0.23656942937245815,5.0,1.5262175807410432e-12,True,True,-2.2755791030811663,-2.149462842982707,-2.086338623098955,-2.046939614930156,-2.0194315100426365,-1.9827323766613338,-1.9587867138030215,-1.9416026924786685,-1.9285061014743823,-1.9181023782860718,-1.9095841178380568,,11900,91,1.5,False,False,"variant-qitT10 (v1.1-frozen + |Qit_eff| -10% at 423 K; robustness study v1.3, 423 K only)"
C0355_T423,manual,0,C0355,C0355,423.0,1.1411551907658577,1.012518360093236,-1317676733247.9358,0.8277645945549011,45dc0315534e,6741628a4c1b,5e1d50a6e395,0,True,0,49.378,4.007725665299102,2.925325807371263,156.34835258398704,0.012008717694102146,1.6897901579650446e-13,ae73669,2026-10-04T00:31:31+00:00,4.010246605045417,156.7639403982477,True,0.004030893813500962,4.5,2.925325807371263,0.23494463776294178,5.0,1.6907089467818498e-12,True,True,-4.03634926658149,-2.452973705654957,-2.2423311971406914,-2.148346944339754,-2.091962258567332,-2.02473875043207,-1.9844762960361528,-1.9568899247792224,-1.936448325073668,-1.9205033646293708,-1.9076077441787198,,10145,92,1.5,False,False,"variant-qitT10 (v1.1-frozen + |Qit_eff| -10% at 423 K; robustness study v1.3, 423 K only)"
C0356_T423,manual,0,C0356,C0356,423.0,1.1863765139132738,0.9994556177407504,-1200535161420.703,0.8558777566999197,8d00538c9b60,6741628a4c1b,5e1d50a6e395,0,True,0,35.692,3.7275292694459075,2.861341489946262,155.8935500975367,0.012274550401777365,1.689790157965044e-13,ae73669,2026-10-04T00:27:41+00:00,3.730627691987107,156.39271852890778,True,0.0041169701834978195,4.25,2.861341489946262,0.24046130845684838,5.0,1.3202012107453141e-12,True,True,-3.0738637465372705,-2.3585822233391474,-2.199839906877726,-2.1205168073482707,-2.0707389138146737,-2.009482949492605,-1.971901354829313,-1.9458049901297634,-1.9263004259405323,-1.9109944064639042,-1.8985600443435833,,9794,92,1.5,False,False,"variant-qitT10 (v1.1-frozen + |Qit_eff| -10% at 423 K; robustness study v1.3, 423 K only)"
C0357_T423,manual,0,C0357,C0357,423.0,0.8988919142633677,1.0687816064804792,-860971015878.0217,1.1729934636503458,40eedb95b71c,6741628a4c1b,5e1d50a6e395,0,True,0,31.492,3.1664107207653815,2.8647470932188175,157.6413170839167,0.012259720578390695,1.6897901579650443e-13,ae73669,2026-10-04T00:27:33+00:00,3.1758063420871863,157.99277986149707,True,0.004689144317671421,3.75,2.8647470932188175,0.24022112595007553,5.0,2.410566385296725e-12,True,True,-2.444216497188079,-2.206818255214639,-2.1150614460621036,-2.0631054550126597,-2.0286871242081466,-1.984717667024072,-1.9570424235482358,-1.9376044312697909,-1.9230012593922636,-1.9115194280758374,-1.902190785221484,,11549,93,1.5,False,False,"variant-qitT10 (v1.1-frozen + |Qit_eff| -10% at 423 K; robustness study v1.3, 423 K only)"
C0358_T423,manual,0,C0358,C0358,423.0,0.9277826458215712,0.8011976558715106,-1464667850174.0098,0.993062699586153,9294602cc01b,6741628a4c1b,5e1d50a6e395,0,True,0,50.563,3.7257575722662857,2.897348761824609,149.36976041102767,0.012120222407484504,1.6897901579650438e-13,ae73669,2026-10-04T00:32:37+00:00,3.7289414214715215,149.83942081285596,True,0.004740991704272478,4.25,2.897348761824609,0.23769086018481192,5.0,2.8724866545446047e-12,True,True,-3.014900588785852,-2.308198845449465,-2.1640376678471878,-2.0941604754038967,-2.0510795505860306,-1.998856152465866,-1.9672145371446645,-1.9454017180480565,-1.9291767924219232,-1.9164894107425852,-1.9062116448079451,,11315,92,1.5,False,False,"variant-qitT10 (v1.1-frozen + |Qit_eff| -10% at 423 K; robustness study v1.3, 423 K only)"
C0359_T423,manual,0,C0359,C0359,423.0,1.0402982398867606,1.1303213607519864,-600748414173.7223,1.0859091207385063,5312b32131eb,6741628a4c1b,5e1d50a6e395,0,True,0,31.978,2.7744269874331873,2.7860809750697952,159.56575701828368,0.01260303313726069,1.6897901579650443e-13,ae73669,2026-10-04T00:45:22+00:00,2.7808720419260817,159.91130606585125,True,0.004655639012906342,3.25,2.7860809750697952,0.24726545313101778,5.0,1.3569024376325345e-12,True,True,-2.330622229587621,-2.172659970375787,-2.096794263657744,-2.0501220254833536,-2.0177613828906105,-1.9748049829130054,-1.9468759056200078,-1.9268664629537189,-1.911627797398598,-1.899524921846722,-1.889614047500112,,10613,92,1.5,False,False,"variant-qitT10 (v1.1-frozen + |Qit_eff| -10% at 423 K; robustness study v1.3, 423 K only)"
C0360_T423,manual,0,C0360,C0360,423.0,1.0065506685525178,0.9020189497619868,-1432118426077.068,1.194169057533145,f800704ef6b2,6741628a4c1b,5e1d50a6e395,0,True,0,49.804,3.9310265707486565,2.767429676028333,152.4123777388584,0.012685768647184723,1.6897901579650446e-13,ae73669,2026-10-04T00:32:10+00:00,3.939051260163015,152.95844962558704,True,0.005028713739500743,4.5,2.767429676028333,0.24916242088324092,5.0,2.2087329212032136e-12,True,True,-3.676694554247236,-2.3314691744508007,-2.156107482707222,-2.078853949231598,-2.0330356326375276,-1.979019172280608,-1.947003442693101,-1.9252181264216466,-1.9091579743119058,-1.8966832131787597,-1.8866309684352034,,10847,93,1.5,False,False,"variant-qitT10 (v1.1-frozen + |Qit_eff| -10% at 423 K; robustness study v1.3, 423 K only)"
C0361_T423,manual,0,C0361,C0361,423.0,0.919121477380395,1.0295481618493796,-506371330469.8467,0.876859037950635,f7e06d7ae547,6741628a4c1b,5e1d50a6e395,0,True,0,48.18,2.351872449410121,2.974876024654531,156.78343848527555,0.011809113688011191,1.6897901579650443e-13,ae73669,2026-10-04T00:55:02+00:00,2.3663603487740694,156.82609276277782,True,0.004077904936078025,2.75,2.974876024654531,0.23101767805796217,5.0,3.040945598253308e-12,True,True,-2.2904301596744054,-2.176767245971972,-2.1139219240479536,-2.072703443455047,-2.043034928981544,-2.002347393911594,-1.9751420447131214,-1.95531060808024,-1.9400271739903627,-1.927782696361962,-1.917688601216232,,11432,91,1.5,False,False,"variant-qitT10 (v1.1-frozen + |Qit_eff| -10% at 423 K; robustness study v1.3, 423 K only)"
C0362_T423,manual,0,C0362,C0362,423.0,0.8542070329189301,0.8971206489950418,-1168906062841.4155,1.0563037626445293,d33868f0824d,6741628a4c1b,5e1d50a6e395,0,True,0,45.91,3.3767011857522053,2.940185477660086,152.42682766256965,0.011946423096174344,1.689790157965045e-13,ae73669,2026-10-04T00:29:50+00:00,3.3897259512049303,152.79764555562693,True,0.0046981961532469455,3.75,2.940185477660086,0.2339542758493055,5.0,1.220134236701309e-12,True,True,-2.5698449639874648,-2.245516451562268,-2.1392107836336276,-2.081942606054657,-2.04493080438433,-1.9985232500394878,-1.969712971679051,-1.9496144147408068,-1.9345689425238726,-1.9227621082830733,-1.913179012322428,,11783,93,1.5,False,False,"variant-qitT10 (v1.1-frozen + |Qit_eff| -10% at 423 K; robustness study v1.3, 423 K only)"
C0363_T423,manual,0,C0363,C0363,423.0,1.166777653992176,1.1711661364883184,-765681295655.6677,0.9648251473903656,b5ebcd385146,6741628a4c1b,5e1d50a6e395,0,True,0,30.023,3.221566240023857,2.798097738884448,160.84584852189388,0.012550320506383538,1.6897901579650443e-13,ae73669,2026-10-04T00:49:09+00:00,3.2252324884964247,161.2628124812301,True,0.004259934847981969,3.75,2.798097738884448,0.24604971529142042,5.0,1.0767706171144198e-12,True,True,-2.522382163552502,-2.2493754538946833,-2.1431989764127573,-2.0824889084170417,-2.041950757136862,-1.9897150463377702,-1.9565378239114233,-1.933075411223554,-1.9153497328338631,-1.9013451831569335,-1.8899175617952155,,9911,92,1.5,False,False,"variant-qitT10 (v1.1-frozen + |Qit_eff| -10% at 423 K; robustness study v1.3, 423 K only)"
C0364_T423,manual,0,C0364,C0364,423.0,1.1119989771395922,0.8409061666578055,-648539954796.4335,0.9429382976144552,5bddf5d39084,6741628a4c1b,5e1d50a6e395,0,True,0,59.467,2.1410760906213584,2.749688225409111,150.71506054053546,0.012765523922579033,1.6897901579650443e-13,ae73669,2026-10-04T00:35:57+00:00,2.1536856498002073,151.19831298208726,True,0.004498243520444074,2.5,2.749688225409111,0.25098116874019516,5.0,2.6192332490350722e-12,True,True,-2.2150744739587855,-2.1199674518515366,-2.0651282891055738,-2.0283687745912813,-2.0015297258058973,-1.9641910859918612,-1.9388587544364013,-1.9201898389515057,-1.9056753917347051,-1.8939613561816522,-1.8842437082711092,,10262,93,1.5,False,False,"variant-qitT10 (v1.1-frozen + |Qit_eff| -10% at 423 K; robustness study v1.3, 423 K only)"
C0365_T423,manual,0,C0365,C0365,423.0,0.8244169119745494,1.1149289045482873,-1286017172969.8777,1.0344680670648814,aac17ce27a26,6741628a4c1b,5e1d50a6e395,0,True,0,50.871,4.1729764124155295,3.055874390503088,159.16142730354832,0.011501021392971492,1.6897901579650449e-13,ae73669,2026-10-04T00:33:01+00:00,4.182130075933594,159.4958356441637,True,0.00428387596233407,4.75,3.055874390503088,0.22440967706867135,5.0,2.361698029713964e-12,True,True,-4.909878215170011,-2.484759621312232,-2.241307269079333,-2.1461870250446853,-2.092080537253655,-2.030125936458958,-1.9942768151952566,-1.9702543252594815,-1.952743972858727,-1.9392635887217249,-1.928480290798596,,11900,93,1.5,False,False,"variant-qitT10 (v1.1-frozen + |Qit_eff| -10% at 423 K; robustness study v1.3, 423 K only)"
C0366_T423,manual,0,C0366,C0366,423.0,0.951842799782753,0.958281883224845,-889229518361.3896,0.8050255961716175,bde488855cff,6741628a4c1b,5e1d50a6e395,0,True,0,49.749,2.9763432768324787,3.01445703142858,154.6869004752853,0.011655064738910585,1.6897901579650446e-13,ae73669,2026-10-04T00:57:59+00:00,2.979688305242428,155.16886585799227,True,0.0039421776600795525,3.5,3.01445703142858,0.22788845280972134,5.0,2.0458575890773552e-12,True,True,-2.447628082699936,-2.2478286262761333,-2.1578812923745403,-2.1038497733111647,-2.066840210297383,-2.018153937939079,-1.9866902863830034,-1.9642006567621064,-1.9470835695102484,-1.933485309816202,-1.9223418340414178,,11198,92,1.5,False,False,"variant-qitT10 (v1.1-frozen + |Qit_eff| -10% at 423 K; robustness study v1.3, 423 K only)"
C0367_T423,manual,0,C0367,C0367,423.0,1.064260546863079,1.0858338359743356,-1049230022355.914,1.1222860798239709,dccced653551,6741628a4c1b,5e1d50a6e395,0,True,0,31.249,3.60361659794157,2.776313429316299,158.1894561726599,0.01264715979680196,1.6897901579650443e-13,ae73669,2026-10-04T00:50:37+00:00,3.616852801088784,158.26653150351044,True,0.004732436374378783,4.0,2.776313429316299,0.2481526145215935,5.0,1.1675070632488627e-12,True,True,-2.8096685342622703,-2.2797842676942057,-2.146067666674107,-2.0780697511804904,-2.035206963266818,-1.982418367910839,-1.9500924728642082,-1.9277139727498669,-1.9110441865241297,-1.898006994098387,-1.8874509177885235,,10613,91,1.5,False,False,"variant-qitT10 (v1.1-frozen + |Qit_eff| -10% at 423 K; robustness study v1.3, 423 K only)"
C0368_T423,manual,0,C0368,C0368,423.0,1.0569008603692054,0.9667568974196912,-548176764510.5719,0.9841952867805958,17bed5f48806,6741628a4c1b,5e1d50a6e395,0,True,0,36.41,2.271084966965079,2.7879767704119165,154.70724331947594,0.012592975704476445,1.6897901579650449e-13,ae73669,2026-10-04T00:26:17+00:00,2.27707976019449,155.04926876176629,True,0.004565181886628337,2.75,2.7879767704119165,0.2472556252073316,5.0,1.7672568293458905e-12,True,True,-2.240114755630557,-2.135385427726365,-2.076685156477754,-2.0379191124228475,-2.0098892497461223,-1.9712703175808157,-1.9453227188292594,-1.9263371967867655,-1.9116606226836748,-1.8998716345201245,-1.8901310935991718,,10613,92,1.5,False,False,"variant-qitT10 (v1.1-frozen + |Qit_eff| -10% at 423 K; robustness study v1.3, 423 K only)"
C0369_T423,manual,0,C0369,C0369,423.0,0.9693801164627076,1.0892246335744855,-1388360202312.4695,1.0884198054671288,829e9be784df,6741628a4c1b,5e1d50a6e395,0,True,0,34.561,4.322054231369198,2.8915587571318935,158.34002919104105,0.012147875457627376,1.689790157965044e-13,ae73669,2026-10-04T00:26:28+00:00,4.334776966072245,158.4262284165515,True,0.004668630259222684,4.75,2.8915587571318935,0.23779986924678548,5.0,8.525593425678935e-13,True,True,-5.794883276239505,-2.5462057498784367,-2.2411549255920136,-2.13472176869125,-2.0761563081279055,-2.0103876280166757,-1.9727973018512062,-1.947738292740435,-1.929515145903444,-1.915499669202114,-1.904291079677606,,11081,92,1.5,False,False,"variant-qitT10 (v1.1-frozen + |Qit_eff| -10% at 423 K; robustness study v1.3, 423 K only)"
C0370_T423,manual,0,C0370,C0370,423.0,0.8045571837574244,0.8341523312032223,-788932006806.1351,0.8713800486177207,20858e7651be,6741628a4c1b,5e1d50a6e395,0,True,0,50.382,2.4205356842183647,3.0517324758892928,150.59718344854633,0.011512503720328675,1.6897901579650443e-13,ae73669,2026-10-04T00:54:03+00:00,2.4307567742569454,151.1731044397056,True,0.004142853073878657,3.0,3.0517324758892928,0.22515449866168116,5.0,2.7498170928148136e-12,True,True,-2.2882591164384283,-2.174754363501942,-2.11378641228766,-2.074413787369952,-2.0463427474503746,-2.008159083794065,-1.9827904438438118,-1.9643584397355758,-1.9501788332589125,-1.9388302164504299,-1.9294802765831687,,12017,93,1.5,False,False,"variant-qitT10 (v1.1-frozen + |Qit_eff| -10% at 423 K; robustness study v1.3, 423 K only)"
C0371_T423,manual,0,C0371,C0371,423.0,1.117036252096295,1.1101098954677582,-1151514987461.269,1.1513356450945138,496b33315958,6741628a4c1b,5e1d50a6e395,0,True,0,44.564,3.8727907649182063,2.7422280269055332,158.90152432652528,0.012803465170815341,1.6897901579650443e-13,ae73669,2026-10-04T00:32:15+00:00,3.88530740410815,158.9312155023759,True,0.004734237735615254,4.25,2.7422280269055332,0.25131688266345503,5.0,2.5455655264444895e-12,True,True,-3.4601575756427776,-2.339307080717968,-2.166317295049264,-2.08684086192563,-2.0388129086967672,-1.9814115608081546,-1.9470481986236319,-1.9235514208686786,-1.9061838151883048,-1.8926724755943594,-1.8817741040513913,,10262,91,1.5,False,False,"variant-qitT10 (v1.1-frozen + |Qit_eff| -10% at 423 K; robustness study v1.3, 423 K only)"
C0372_T423,manual,0,C0372,C0372,423.0,1.1624391660094262,0.8779154568910599,-1268747879192.2332,1.1294747464358807,c25c0e92b209,6741628a4c1b,5e1d50a6e395,0,True,0,35.205,3.527573718492196,2.678898295861249,151.72270607268456,0.013101365029815586,1.689790157965044e-13,ae73669,2026-10-04T00:28:16+00:00,3.5348394323509287,152.01110205341294,True,0.005147666178259328,4.0,2.678898295861249,0.25774287049594685,5.0,8.124872302728292e-13,True,True,-2.6815058839043546,-2.2403201295256605,-2.1179617265451167,-2.054507248563754,-2.0141436925782688,-1.964033501255765,-1.9330919235371637,-1.9115296748816244,-1.8953775085780378,-1.8826834528913894,-1.872361167051378,,10028,92,1.5,False,False,"variant-qitT10 (v1.1-frozen + |Qit_eff| -10% at 423 K; robustness study v1.3, 423 K only)"
C0373_T423,manual,0,C0373,C0373,423.0,0.8749730676412583,1.1538957707583903,-671668303199.1124,0.8494695961475373,b8a63cdd67f4,6741628a4c1b,5e1d50a6e395,0,True,0,28.707,2.9960656637405263,3.0840837525427727,160.50243168267613,0.01139629621548506,1.6897901579650446e-13,ae73669,2026-10-04T00:28:02+00:00,2.9966055309871487,160.94542521040844,True,0.003875818792625188,3.5,3.0840837525427727,0.2223098537633638,5.0,1.7175930816515361e-12,True,True,-2.4647141384125804,-2.259581182597452,-2.168219663237463,-2.113580991218854,-2.076272486152472,-2.0273841148234353,-1.9959507188574732,-1.9735891549001763,-1.9566439780367235,-1.9432362709911148,-1.9322892449515856,,11549,92,1.5,False,False,"variant-qitT10 (v1.1-frozen + |Qit_eff| -10% at 423 K; robustness study v1.3, 423 K only)"
C0374_T423,manual,0,C0374,C0374,423.0,0.9022830311208964,0.9230429768562316,-1005593561567.3662,1.016511584445834,3a67a8bad4cb,6741628a4c1b,5e1d50a6e395,0,True,0,52.09,3.108586540419424,2.9109832067532233,153.30092398410412,0.012065264459999406,1.6897901579650438e-13,ae73669,2026-10-04T00:33:29+00:00,3.122443545231467,153.25275905692004,True,0.00461222134099123,3.5,2.9109832067532233,0.23639203001243256,5.0,1.5444496600347503e-12,True,True,-2.4367616878503813,-2.215266306468132,-2.1252968650119515,-2.0734460351008797,-2.0387576904749642,-1.994044685595403,-1.9656545517272208,-1.9455859727937652,-1.9304309097419239,-1.9184631542972863,-1.9087030228665278,,11549,91,1.5,False,False,"variant-qitT10 (v1.1-frozen + |Qit_eff| -10% at 423 K; robustness study v1.3, 423 K only)"
C0375_T423,manual,0,C0375,C0375,423.0,1.0148167449980974,1.0454879723489283,-930912578478.4556,0.912338237836957,081acdf5678e,6741628a4c1b,5e1d50a6e395,0,True,0,34.429,3.27454500616774,2.9135480755527494,157.21988608427063,0.012056100940008953,1.6897901579650446e-13,ae73669,2026-10-04T00:45:56+00:00,3.281406665144437,157.49260420320854,True,0.004240853360066551,3.75,2.9135480755527494,0.23601967783143693,5.0,1.875195845597067e-12,True,True,-2.555579827411611,-2.2661439248187345,-2.1581215235946716,-2.097254201319795,-2.0569383980801046,-2.0053395410650405,-1.9727491877986671,-1.9497761583790236,-1.9324565584155842,-1.918793124536708,-1.9076563948572847,,10847,92,1.5,False,False,"variant-qitT10 (v1.1-frozen + |Qit_eff| -10% at 423 K; robustness study v1.3, 423 K only)"
C0376_T423,manual,0,C0376,C0376,423.0,1.032035233080387,0.8237407013773919,-1097743789665.401,0.8208652026951313,40c2edcf2ae6,6741628a4c1b,5e1d50a6e395,0,True,0,46.882,3.0394902694979464,2.9130295956449004,150.35871115430143,0.012055618218624567,1.689790157965044e-13,ae73669,2026-10-04T00:32:58+00:00,3.049850553471431,150.55995975615733,True,0.004274448350927759,3.5,2.9130295956449004,0.2363427169624354,5.0,2.4116240906984838e-12,True,True,-2.443183170878142,-2.232163951370211,-2.140840225535225,-2.0868247452240363,-2.050120254646246,-2.0021018740696706,-1.9711615976307326,-1.9490519260362582,-1.9322092255197385,-1.9188105138594838,-1.9078132566027894,,10730,92,1.5,False,False,"variant-qitT10 (v1.1-frozen + |Qit_eff| -10% at 423 K; robustness study v1.3, 423 K only)"
C0377_T423,manual,0,C0377,C0377,423.0,0.944611954689026,1.1446429826319218,-961843591183.424,1.1002850338816643,024103704f3e,6741628a4c1b,5e1d50a6e395,0,True,0,44.577,3.56049065963906,2.883070631200928,159.95324842335268,0.012183251398425167,1.6897901579650443e-13,ae73669,2026-10-04T00:55:47+00:00,3.572240398548088,160.10459853212035,True,0.004641231741652303,4.0,2.883070631200928,0.23854118360095528,5.0,1.0128460570246745e-12,True,True,-2.7638406982035972,-2.285458078039851,-2.1569045260496598,-2.090707596212716,-2.048778377761147,-1.9970059706198564,-1.9652776942892902,-1.9433265027911895,-1.9269935849986397,-1.9142367941369853,-1.9039219782626478,,11198,92,1.5,False,False,"variant-qitT10 (v1.1-frozen + |Qit_eff| -10% at 423 K; robustness study v1.3, 423 K only)"
C0378_T423,manual,0,C0378,C0378,423.0,0.8781288657337427,0.975508750975132,-1361930966377.2583,0.9329523202031852,bf55299c1008,6741628a4c1b,5e1d50a6e395,0,True,0,47.205,3.9967597007172913,3.0302972008142492,155.05682959269384,0.011595533687707537,1.689790157965045e-13,ae73669,2026-10-04T00:30:38+00:00,3.9971924349812347,155.4711677215257,True,0.004319257729332273,4.5,3.0302972008142492,0.2265605883983312,5.0,2.773513009196854e-12,True,True,-3.9845637437353556,-2.422949999446408,-2.225301430572619,-2.1388925128687153,-2.087702512469758,-2.0273946853526397,-1.9916914249202264,-1.967429498147372,-1.949567197976088,-1.9357092580400046,-1.92455413673894,,11549,92,1.5,False,False,"variant-qitT10 (v1.1-frozen + |Qit_eff| -10% at 423 K; robustness study v1.3, 423 K only)"
C0379_T423,manual,0,C0379,C0379,423.0,1.1907057810574768,1.0561567731201649,-701558887027.204,1.0381032291799783,25514e3139cb,6741628a4c1b,5e1d50a6e395,0,True,0,31.847,2.811936661491559,2.7107573881900557,157.40807264419033,0.012950007153726904,1.6897901579650449e-13,ae73669,2026-10-04T00:49:41+00:00,2.824122307385432,157.60478621248635,True,0.0046357647140044525,3.25,2.7107573881900557,0.25444403909899416,5.0,2.5820100910035036e-12,True,True,-2.339543714106696,-2.173237338191452,-2.093989994387993,-2.0453206319642714,-2.011575734658855,-1.9667318259201012,-1.9375083297504805,-1.9165176516338345,-1.9004905808101988,-1.8877299916735972,-1.8772559523684886,,9794,92,1.5,False,False,"variant-qitT10 (v1.1-frozen + |Qit_eff| -10% at 423 K; robustness study v1.3, 423 K only)"
C0380_T423,manual,0,C0380,C0380,423.0,1.1361086949706078,0.9317715920507909,-818792009726.1667,1.0662423186004162,ee88a7779e98,6741628a4c1b,5e1d50a6e395,0,True,0,62.543,2.7383332113820473,2.7056429408237648,153.52710743042175,0.012972988631921612,1.6897901579650443e-13,ae73669,2026-10-04T00:37:00+00:00,2.7398658199680903,153.95960817914323,True,0.004838389350479906,3.25,2.7056429408237648,0.25508590741570913,5.0,2.1585213225836305e-12,True,True,-2.303813771680363,-2.1532591661582776,-2.0800799781143877,-2.0348219040362943,-2.003326501224716,-1.9613364190428628,-1.9338876714331135,-1.9141269658213582,-1.8990119417162292,-1.886959962479194,-1.8770556759710477,,10145,92,1.5,False,False,"variant-qitT10 (v1.1-frozen + |Qit_eff| -10% at 423 K; robustness study v1.3, 423 K only)"
C0381_T423,manual,0,C0381,C0381,423.0,0.8485447496175766,1.0124425515532494,-1244667493738.234,0.9610418558120728,63b096b76014,6741628a4c1b,5e1d50a6e395,0,True,0,53.603,3.8436465098257306,3.0421517997389884,156.15369980802828,0.011551140002871064,1.6897901579650443e-13,ae73669,2026-10-04T00:33:55+00:00,3.8577500257335062,156.17707386386758,True,0.004340497347718903,4.25,3.0421517997389884,0.2256009827858409,5.0,2.262926377332027e-12,True,True,-3.3692129084661504,-2.374543708159451,-2.20755493945072,-2.129500733197882,-2.08207428178216,-2.0252462566547487,-1.9911988876047357,-1.9679262311687526,-1.9507366102818264,-1.9373751523498068,-1.92660737989503,,11783,92,1.5,False,False,"variant-qitT10 (v1.1-frozen + |Qit_eff| -10% at 423 K; robustness study v1.3, 423 K only)"
C0382_T423,manual,0,C0382,C0382,423.0,0.9775148693472148,0.8675263054668904,-579077196307.4803,1.1783768247812985,ffd0e588771c,6741628a4c1b,5e1d50a6e395,0,True,0,48.807,2.055801081125147,2.7289579365568115,151.3289707033984,0.012861909860533807,1.6897901579650446e-13,ae73669,2026-10-04T00:58:48+00:00,2.0672863388480818,151.42366261177975,True,0.0052380140021363875,2.5,2.7289579365568115,0.2529511243754346,5.0,2.302665547342253e-12,True,True,-2.1708553478059485,-2.0877897314689644,-2.039752172472052,-2.0075591399944464,-1.9840825747370254,-1.9514991926906429,-1.9294732452324084,-1.9133004768201907,-1.9007715245423817,-1.8906945383864298,-1.8823623234404885,,11081,92,1.5,False,False,"variant-qitT10 (v1.1-frozen + |Qit_eff| -10% at 423 K; robustness study v1.3, 423 K only)"
C0383_T423,manual,0,C0383,C0383,423.0,1.089951117709279,1.1884056523442268,-1480479849502.4443,0.8990081656724215,ca8971f91117,6741628a4c1b,5e1d50a6e395,0,True,0,31.341,4.758522247574317,2.9647521309106497,161.43470930068926,0.011852468046518318,1.6897901579650446e-13,ae73669,2026-10-04T00:51:09+00:00,4.761171338162301,161.7940960515045,True,0.00406441508803148,5.25,2.9647521309106497,0.23146675470326952,5.0,1.5498193902843275e-12,True,True,-8.41835342629675,-3.1565742577738534,-2.374903927489917,-2.210824383441419,-2.1298292618151264,-2.0439284079544637,-1.9965959907975714,-1.965586341700318,-1.943258206883026,-1.926191206837057,-1.9125969489694532,,10379,92,1.5,False,False,"variant-qitT10 (v1.1-frozen + |Qit_eff| -10% at 423 K; robustness study v1.3, 423 K only)"
C0384_T423,manual,0,C0384,C0384,423.0,1.0875381458550692,0.9523000817745924,-837680563330.6504,1.1553940713405608,bf095b505172,6741628a4c1b,5e1d50a6e395,0,True,0,33.735,2.8262914510613837,2.6997108376865464,154.05495860149026,0.013001384184618854,1.6897901579650449e-13,ae73669,2026-10-04T00:26:51+00:00,2.8392046319434576,154.03979275498259,True,0.005059194078456448,3.25,2.6997108376865464,0.2556584867533561,5.0,2.7890335856824987e-12,True,True,-2.3118446616419157,-2.151056363469708,-2.0761746437295963,-2.030720806022191,-1.9994335086352368,-1.958125516718926,-1.9313582235009823,-1.9121992620232287,-1.8976067761680906,-1.8860104083285045,-1.8765068785600794,,10379,92,1.5,False,False,"variant-qitT10 (v1.1-frozen + |Qit_eff| -10% at 423 K; robustness study v1.3, 423 K only)"
C0385_T423,manual,0,C0385,C0385,423.0,0.9750709984451532,1.079463081434369,-1223829670809.2097,0.8719238035380841,ee2e7849a77f,6741628a4c1b,5e1d50a6e395,0,True,0,32.35,3.972155725635783,3.0100493040049607,158.29622553058385,0.011673865526885287,1.6897901579650443e-13,ae73669,2026-10-04T00:27:01+00:00,3.9759242471763736,158.68493413633166,True,0.004019598779463392,4.5,3.0100493040049607,0.22803320162052293,5.0,1.101739562730485e-12,True,True,-3.8737884513429384,-2.4391148120550556,-2.239589379305792,-2.1498259095750702,-2.0959155986826925,-2.0317119537553596,-1.9933661971938559,-1.967176322707359,-1.9478304112488423,-1.9327853137042936,-1.9206518332381879,,11081,92,1.5,False,False,"variant-qitT10 (v1.1-frozen + |Qit_eff| -10% at 423 K; robustness study v1.3, 423 K only)"
C0386_T423,manual,0,C0386,C0386,423.0,0.8476942718029022,0.8470348309725524,-577392990700.9005,1.0925759721547366,1e8f4353a0ab,6741628a4c1b,5e1d50a6e395,0,True,0,48.183,1.999703809157014,2.8734982675557927,150.7548352815493,0.01222012698721127,1.6897901579650446e-13,ae73669,2026-10-04T00:54:52+00:00,1.9997402865314708,151.14748648960037,True,0.00494315544510942,2.5,2.8734982675557927,0.2397383074168025,5.0,1.5549482546033136e-12,True,True,-2.185057323802167,-2.105331244145634,-2.0587462070923297,-2.027374886737467,-2.004436898929719,-1.9725379776041416,-1.9509477205218173,-1.9350888100467492,-1.922803263613103,-1.9129242810362979,-1.904758512623024,,11783,90,1.5,False,False,"variant-qitT10 (v1.1-frozen + |Qit_eff| -10% at 423 K; robustness study v1.3, 423 K only)"
C0387_T423,manual,0,C0387,C0387,423.0,1.135227318108082,1.1214465279132129,-1488019701093.4353,0.9848364006727934,f95541e1c439,6741628a4c1b,5e1d50a6e395,0,True,0,45.268,4.613716533796257,2.857741847102,159.4154064854374,0.012291390273207822,1.6897901579650443e-13,ae73669,2026-10-04T00:33:01+00:00,4.627261561381714,159.24599536525875,True,0.0043075091949677435,5.0,2.857741847102,0.24061570647070996,5.0,2.3702007439260222e-12,True,True,-7.569586506093829,-2.8567668035355975,-2.3118822253979445,-2.170923929827615,-2.0984733728682334,-2.0200416105066887,-1.9762359065240198,-1.9473341788125045,-1.9264295408833505,-1.9103989914964488,-1.897599040766965,,10145,91,1.5,False,False,"variant-qitT10 (v1.1-frozen + |Qit_eff| -10% at 423 K; robustness study v1.3, 423 K only)"
C0388_T423,manual,0,C0388,C0388,423.0,1.1931309837847948,0.8907959092408418,-1120786515064.5376,0.9067163929343224,49f1d9daefcd,6741628a4c1b,5e1d50a6e395,0,True,0,34.774,3.269897402839608,2.7795823781452325,152.40480263571533,0.012630835039121331,1.6897901579650443e-13,ae73669,2026-10-04T00:28:51+00:00,3.2757809403773286,152.66507219767533,True,0.004471316104215323,3.75,2.7795823781452325,0.2480123526926112,5.0,3.0689703384227093e-12,True,True,-2.530700643536328,-2.2443723811569525,-2.1373276949911846,-2.076959162570745,-2.0369212862638264,-1.9855448880165147,-1.9529556248077757,-1.9298804212315825,-1.9124081776065083,-1.898567936784764,-1.8872442140116759,,9794,92,1.5,False,False,"variant-qitT10 (v1.1-frozen + |Qit_eff| -10% at 423 K; robustness study v1.3, 423 K only)"
C0389_T423,manual,0,C0389,C0389,423.0,0.8806093815714121,1.16523368768394,-944656400009.9896,1.014406318217516,09f26f7f0c58,6741628a4c1b,5e1d50a6e395,0,True,0,30.993,3.5779244276143074,2.991761440401314,160.6242223975053,0.011744953029339195,1.6897901579650446e-13,ae73669,2026-10-04T00:28:33+00:00,3.5911377029445752,160.74766120236183,True,0.004348820427914736,4.0,2.991761440401314,0.22945870560654663,5.0,2.2735486040275644e-12,True,True,-2.8078696156236447,-2.3118748914999885,-2.1795609953562973,-2.111470282324308,-2.06834997416269,-2.0151246491894006,-1.9825260177886856,-1.9599879912325644,-1.94322962910233,-1.9301487157224408,-1.9195778563242185,,11549,92,1.5,False,False,"variant-qitT10 (v1.1-frozen + |Qit_eff| -10% at 423 K; robustness study v1.3, 423 K only)"
C0390_T423,manual,0,C0390,C0390,423.0,0.9454746633768082,0.9085874516516924,-1356596002355.218,0.8437503699213267,8f2ffd58f451,6741628a4c1b,5e1d50a6e395,0,True,0,51.744,3.816243809317682,3.0134865549861773,153.0575944788174,0.01165872486362001,1.6897901579650449e-13,ae73669,2026-10-04T00:34:21+00:00,3.8298484915028115,153.16562236733589,True,0.004184262827440303,4.25,3.0134865549861773,0.22797227075304846,5.0,1.2331299176215893e-12,True,True,-3.2886587457443506,-2.381712599817628,-2.214991065861728,-2.135207945972454,-2.086165167476612,-2.02679550220772,-1.9908631276705624,-1.9661151491960949,-1.9477220068277283,-1.9333489465732852,-1.9217118757470653,,11198,92,1.5,False,False,"variant-qitT10 (v1.1-frozen + |Qit_eff| -10% at 423 K; robustness study v1.3, 423 K only)"
C0391_T423,manual,0,C0391,C0391,423.0,1.032953254878521,1.0357243668287992,-704944440163.672,1.12727171741426,d06e00057724,6741628a4c1b,5e1d50a6e395,0,True,0,32.744,2.76285740416868,2.75852341697211,156.70940974241748,0.012727096926203668,1.6897901579650449e-13,ae73669,2026-10-04T00:46:29+00:00,2.766581588985451,156.98090527461744,True,0.004865567526202064,3.25,2.75852341697211,0.2499223891192241,5.0,1.4268605506493212e-12,True,True,-2.3113550197326505,-2.1585221011047917,-2.0852616265057264,-2.0402615368781714,-2.009090494228299,-1.9677410019847845,-1.9408628358587188,-1.9216025596694568,-1.906929211827473,-1.8952706484055346,-1.8857198588440176,,10730,92,1.5,False,False,"variant-qitT10 (v1.1-frozen + |Qit_eff| -10% at 423 K; robustness study v1.3, 423 K only)"
C0392_T423,manual,0,C0392,C0392,423.0,1.0139418590813876,0.8077149961143733,-1262249525636.4346,1.0434311747550964,d7d5f439cbe1,6741628a4c1b,5e1d50a6e395,0,True,0,47.06,3.31897713659058,2.7911672259397755,149.5162958560866,0.012577315065498678,1.6897901579650446e-13,ae73669,2026-10-04T00:33:45+00:00,3.332107902953123,149.50907529465107,True,0.004985995518668622,3.75,2.7911672259397755,0.2471119586550291,5.0,1.4634105611275814e-12,True,True,-2.516111574837268,-2.2199529005648357,-2.11724149539557,-2.0609354845029175,-2.0241861341104928,-1.9776736474725016,-1.9485172058817244,-1.9280247583173602,-1.9125893046055038,-1.9004120597405494,-1.8904823413952367,,10847,92,1.5,False,False,"variant-qitT10 (v1.1-frozen + |Qit_eff| -10% at 423 K; robustness study v1.3, 423 K only)"
C0393_T423,manual,0,C0393,C0393,423.0,0.9013772461563349,1.136449557170272,-672303552739.3221,0.9355468444526196,b40f0eb85254,6741628a4c1b,5e1d50a6e395,0,True,0,45.095,2.9495034443178647,2.99160304677519,159.9049814752427,0.011744953651369709,1.6897901579650449e-13,ae73669,2026-10-04T00:56:32+00:00,2.9559745519106926,160.33945688215456,True,0.0040914106620717665,3.5,2.99160304677519,0.2295346740898017,5.0,9.516450127922127e-13,True,True,-2.4221753038601412,-2.2303822366941506,-2.143980255876594,-2.0921470073815582,-2.0567078992881713,-2.010228132537381,-1.9803242242948043,-1.959043187685769,-1.9429132102511064,-1.9301486927215474,-1.9197259153974244,,11549,93,1.5,False,False,"variant-qitT10 (v1.1-frozen + |Qit_eff| -10% at 423 K; robustness study v1.3, 423 K only)"
C0394_T423,manual,0,C0394,C0394,423.0,0.8725356757640839,0.9930843774229288,-1025405271910.131,1.105515431240201,336a4fafebc5,6741628a4c1b,5e1d50a6e395,0,True,0,45.499,3.3266028802775804,2.9143458872057986,155.4106749207823,0.012052383979977314,1.689790157965045e-13,ae73669,2026-10-04T00:31:23+00:00,3.3396740552982953,155.5009635110225,True,0.004795977741625462,3.75,2.9143458872057986,0.2360131418569009,5.0,1.086634346198877e-12,True,True,-2.5371539034944846,-2.236618156008806,-2.133524281382706,-2.0772375606729665,-2.0406220097461456,-1.9944973046895584,-1.9657774915077726,-1.9457221911472067,-1.9307070346817883,-1.918927040479526,-1.9093699847627292,,11549,92,1.5,False,False,"variant-qitT10 (v1.1-frozen + |Qit_eff| -10% at 423 K; robustness study v1.3, 423 K only)"
C0395_T423,manual,0,C0395,C0395,423.0,1.1599708750844002,1.0627995159476995,-913057848811.1497,0.8233617972582579,ded42cc4fab1,6741628a4c1b,5e1d50a6e395,0,True,0,34.688,3.287577043921562,2.893737550047892,157.8609273786582,0.012138531558342465,1.6897901579650443e-13,ae73669,2026-10-04T00:50:16+00:00,3.2972876040659163,158.09457365071643,True,0.003972738325193436,3.75,2.893737550047892,0.23763273385447756,5.0,9.609348906869375e-13,True,True,-2.5892012277891325,-2.2875411526841565,-2.173495061601885,-2.1087097268938315,-2.065552778412338,-2.009994412421115,-1.9746945258511555,-1.9497025408401587,-1.9307946500578697,-1.9158338482427975,-1.9036078167320734,,10028,92,1.5,False,False,"variant-qitT10 (v1.1-frozen + |Qit_eff| -10% at 423 K; robustness study v1.3, 423 K only)"
C0396_T423,manual,0,C0396,C0396,423.0,1.1178745407611133,0.949346124753356,-545824893750.2504,0.8952417775988579,0f623e4f6382,6741628a4c1b,5e1d50a6e395,0,True,0,66.637,2.2277601051079245,2.8003593297654525,154.27577571262563,0.012537696822592611,1.689790157965044e-13,ae73669,2026-10-04T00:38:07+00:00,2.230784368625889,154.75832521620603,True,0.004288182048040548,2.75,2.8003593297654525,0.2461208571042038,5.0,8.559090936000047e-13,True,True,-2.249933449961624,-2.145253313352215,-2.08558396007734,-2.045805837660287,-2.0168638222539887,-1.9767414050747172,-1.949620938802567,-1.9296915727646151,-1.914233471426059,-1.901782236161361,-1.8914700706733822,,10145,92,1.5,False,False,"variant-qitT10 (v1.1-frozen + |Qit_eff| -10% at 423 K; robustness study v1.3, 423 K only)"
C0397_T423,manual,0,C0397,C0397,423.0,0.8054507855325937,1.0190871510654689,-1392668912187.2188,1.1773457653820514,3d8e9be64456,6741628a4c1b,5e1d50a6e395,0,True,0,54.844,4.154374997580585,2.987990073287939,156.1072790797493,0.011758963610911532,1.6897901579650443e-13,ae73669,2026-10-04T00:34:50+00:00,4.164886159875457,156.36794185450452,True,0.004699564571686136,4.5,2.987990073287939,0.22984450041527546,5.0,1.6562340454699765e-12,True,True,-4.82643481724084,-2.4368404088282674,-2.2079366182732674,-2.1194718035939095,-2.0694850598497148,-2.012563218429115,-1.979772458926369,-1.957852711646436,-1.9418994073331204,-1.9296309535912226,-1.9198253998733112,,12017,93,1.5,False,False,"variant-qitT10 (v1.1-frozen + |Qit_eff| -10% at 423 K; robustness study v1.3, 423 K only)"
C0398_T423,manual,0,C0398,C0398,423.0,0.9717809110879898,0.851502462849021,-805070130154.4905,0.9573734227567912,feacde08a412,6741628a4c1b,5e1d50a6e395,0,True,0,44.735,2.4970300351329477,2.8498719824186223,151.0529661098483,0.012320526741965035,1.6897901579650443e-13,ae73669,2026-10-04T00:59:33+00:00,2.4974244973237187,151.3936512496083,True,0.004605364811288535,3.0,2.8498719824186223,0.24180124449504992,5.0,2.7505276454634994e-12,True,True,-2.274355708157905,-2.1531713858443964,-2.0894229623158367,-2.04862146981481,-2.0196691833516063,-1.9804250988449026,-1.9544117259076286,-1.9355264817185143,-1.920999867578206,-1.909370724295084,-1.8997855053535269,,10964,92,1.5,False,False,"variant-qitT10 (v1.1-frozen + |Qit_eff| -10% at 423 K; robustness study v1.3, 423 K only)"
C0399_T423,manual,0,C0399,C0399,423.0,1.0593569681048394,1.180211127176881,-1129513648338.616,1.0653088327497244,3f4e80b96edd,6741628a4c1b,5e1d50a6e395,0,True,0,30.153,3.9939404213527103,2.837023160515236,161.0243146621354,0.012379890161393712,1.6897901579650443e-13,ae73669,2026-10-04T00:51:39+00:00,3.994765631197839,161.39577652992165,True,0.004533670566312724,4.5,2.837023160515236,0.24250454523028253,5.0,1.7079160909759256e-12,True,True,-3.97202171325438,-2.403741407268084,-2.20281963229759,-2.114900606792962,-2.0627139864081094,-2.001107551780559,-1.964580828458106,-1.9397474857276074,-1.921464540652462,-1.9072832085075184,-1.8958709807219813,,10613,92,1.5,False,False,"variant-qitT10 (v1.1-frozen + |Qit_eff| -10% at 423 K; robustness study v1.3, 423 K only)"
C0400_T423,manual,0,C0400,C0400,423.0,1.0636221423745156,0.8734603337943554,-632459118962.2878,0.82879574932158,376f0f8b119f,6741628a4c1b,5e1d50a6e395,0,True,0,33.237,2.208992551219137,2.865498166628163,151.97530323397552,0.012254129458823154,1.6897901579650443e-13,ae73669,2026-10-04T00:27:25+00:00,2.21463570133578,152.48306144525142,True,0.004137829813556781,2.75,2.865498166628163,0.24039906633900918,5.0,2.04476639422268e-12,True,True,-2.25780629782796,-2.1544682679401914,-2.0952775587618175,-2.0557191299015285,-2.026887245059423,-1.9868414122535076,-1.9597142619406003,-1.9397441299489029,-1.9242304333442224,-1.9117175358732061,-1.9013419658770172,,10613,92,1.5,False,False,"variant-qitT10 (v1.1-frozen + |Qit_eff| -10% at 423 K; robustness study v1.3, 423 K only)"
C0401_T423,manual,0,C0401,C0401,423.0,0.951136875152588,1.194728824496269,-1307953490875.6614,1.1485952492803335,2e53bbdb10e3,6741628a4c1b,5e1d50a6e395,0,True,0,33.193,4.393472868018078,2.8932271800964933,161.36548406439312,0.01214174453550144,1.6897901579650449e-13,ae73669,2026-10-04T00:27:34+00:00,4.404701925685998,161.53676613487866,True,0.004517131307188279,4.75,2.8932271800964933,0.23757170867228547,5.0,2.5231242459124768e-12,True,True,-6.196546265611621,-2.594328694226163,-2.249569700925781,-2.1376912229540865,-2.077396658260402,-2.010579714475495,-1.9727816123032604,-1.9477409067939773,-1.9296126040546346,-1.9157189090013016,-1.904639660497069,,11198,93,1.5,False,False,"variant-qitT10 (v1.1-frozen + |Qit_eff| -10% at 423 K; robustness study v1.3, 423 K only)"
C0402_T423,manual,0,C0402,C0402,423.0,0.8222160134464502,0.9255938075482846,-891768123023.2119,0.9158295437693597,fa55fa497847,6741628a4c1b,5e1d50a6e395,0,True,0,52.026,2.8854234876319764,3.0426376619895317,153.50221662524572,0.011547960953607078,1.689790157965045e-13,ae73669,2026-10-04T00:55:44+00:00,2.89851808885804,153.84269677998947,True,0.004228677930150937,3.25,3.0426376619895317,0.2257110002060083,5.0,1.2895379208899271e-12,True,True,-2.3890448935150945,-2.2158369046576603,-2.1363185698918388,-2.0883640155821244,-2.055497018026035,-2.0122951544680285,-1.984430024343681,-1.9645554431977057,-1.9494610921625648,-1.9374946932414083,-1.9277081883690141,,12017,90,1.5,False,False,"variant-qitT10 (v1.1-frozen + |Qit_eff| -10% at 423 K; robustness study v1.3, 423 K only)"
C0403_T423,manual,0,C0403,C0403,423.0,1.1097305584698915,1.0058756172657013,-1044742073863.7448,1.011460829526186,6c9571e5a3e3,6741628a4c1b,5e1d50a6e395,0,True,0,48.248,3.405843388361308,2.786935027436423,155.88586569822115,0.012598751023863571,1.6897901579650443e-13,ae73669,2026-10-04T00:33:50+00:00,3.416788611658229,156.2340834970567,True,0.004405551841442975,4.0,2.786935027436423,0.24723040951029954,5.0,2.841229621468628e-12,True,True,-2.6114843349886248,-2.257102136775754,-2.140856920577632,-2.0777918880799695,-2.0367933153692097,-1.9850640356205442,-1.9527441437294688,-1.9300919428284533,-1.9130715799649964,-1.8996725064959088,-1.8887663509272012,,10262,93,1.5,False,False,"variant-qitT10 (v1.1-frozen + |Qit_eff| -10% at 423 K; robustness study v1.3, 423 K only)"
C0404_T423,manual,0,C0404,C0404,423.0,1.1674526557326317,0.9818810850381852,-1411883470602.3335,1.0833148825913668,38de0d30f12f,6741628a4c1b,5e1d50a6e395,0,True,0,37.091,4.106370569602793,2.738017699134487,155.09769897907378,0.01282228943593058,1.6897901579650443e-13,ae73669,2026-10-04T00:29:29+00:00,4.119865612050172,154.94738647662786,True,0.00478224664174355,4.5,2.738017699134487,0.2517917669462937,5.0,2.033451513114937e-12,True,True,-4.556086937893052,-2.4200218977054124,-2.1940961562284156,-2.1016599521385784,-2.0480978150451903,-1.9858169977777074,-1.9492308320429268,-1.9244351584573265,-1.9061918793895438,-1.8920344240667937,-1.8806296853253979,,9911,91,1.5,False,False,"variant-qitT10 (v1.1-frozen + |Qit_eff| -10% at 423 K; robustness study v1.3, 423 K only)"
C0405_T423,manual,0,C0405,C0405,423.0,0.8549251407384872,1.06213700696826,-524657068774.1041,0.9877346586436032,f532a8ee88c3,6741628a4c1b,5e1d50a6e395,0,True,0,33.374,2.4609098309908948,2.974555081209026,157.62701469819956,0.011810937451778624,1.6897901579650454e-13,ae73669,2026-10-04T00:29:07+00:00,2.465899914913404,158.18229229355236,True,0.004310198206160306,3.0,2.974555081209026,0.23099155900148835,5.0,1.5110973025452797e-12,True,True,-2.2890303562491723,-2.170084632339403,-2.1068213492656316,-2.0661542267506197,-2.0372545717179458,-1.9980991595171862,-1.9722151404633763,-1.953494283943264,-1.9391518715750955,-1.927715630415544,-1.9183250165459027,,11783,92,1.5,False,False,"variant-qitT10 (v1.1-frozen + |Qit_eff| -10% at 423 K; robustness study v1.3, 423 K only)"
C0406_T423,manual,0,C0406,C0406,423.0,0.921358973160386,0.81722149848938,-1175095358863.473,1.1704965829849243,1d83fe146451,6741628a4c1b,5e1d50a6e395,0,True,0,49.091,3.157089561067279,2.801221089330705,149.6905805301215,0.012532589300341079,1.6897901579650443e-13,ae73669,2026-10-04T00:35:11+00:00,3.1675751155133587,150.1255074160024,True,0.005037625950293311,3.5,2.801221089330705,0.24619179262885862,5.0,1.2819328931712448e-12,True,True,-2.4095476252795756,-2.1825107681562765,-2.095195612772349,-2.04592213517308,-2.0133292468274666,-1.9716881135512205,-1.9454220715703987,-1.9269153699954273,-1.912964518513395,-1.9019591921601757,-1.8929899206179406,,11432,93,1.5,False,False,"variant-qitT10 (v1.1-frozen + |Qit_eff| -10% at 423 K; robustness study v1.3, 423 K only)"
C0407_T423,manual,0,C0407,C0407,423.0,1.0088312704116107,1.1385158859193325,-765347578562.7961,0.8506474547088146,be79f6fa7972,6741628a4c1b,5e1d50a6e395,0,True,0,31.471,3.1560944870881356,2.974077170284564,160.0568601873038,0.011813688220437936,1.6897901579650446e-13,ae73669,2026-10-04T00:47:01+00:00,3.1676083080229653,160.38251814573644,True,0.0037955158486571573,3.75,2.974077170284564,0.23092284662338533,5.0,1.7421720446905841e-12,True,True,-2.5229992178212335,-2.272261912308996,-2.1693777044950715,-2.1095002580498816,-2.069160196059434,-2.0168231966773065,-1.9834097243662605,-1.9597170325526505,-1.941790356099301,-1.9276144949586944,-1.916041107943676,,10847,93,1.5,False,False,"variant-qitT10 (v1.1-frozen + |Qit_eff| -10% at 423 K; robustness study v1.3, 423 K only)"
C0408_T423,manual,0,C0408,C0408,423.0,1.0380729213356972,0.9164757654070854,-1205934789031.744,0.9669305089861154,dd7de04a0152,6741628a4c1b,5e1d50a6e395,0,True,0,48.222,3.5128586094749146,2.8477220311090856,153.1543264962657,0.012331143993688799,1.6897901579650443e-13,ae73669,2026-10-04T00:34:34+00:00,3.516799852932833,153.46390902111384,True,0.004573028510163582,4.0,2.8477220311090856,0.2418383361462767,5.0,1.4150720998205005e-12,True,True,-2.7089193471448962,-2.279859716548842,-2.154856687790869,-2.089128118121736,-2.0470406359717512,-1.9945462354593801,-1.9620343694375544,-1.9393520927552006,-1.922354885858106,-1.9089966308576727,-1.8981358775066854,,10613,92,1.5,False,False,"variant-qitT10 (v1.1-frozen + |Qit_eff| -10% at 423 K; robustness study v1.3, 423 K only)"
C0409_T423,manual,0,C0409,C0409,423.0,0.9254898071289064,1.0393097139894962,-857528294436.6335,1.061925321444869,5cb5d6210dac,6741628a4c1b,5e1d50a6e395,0,True,0,47.19,3.0946697285622378,2.8864235839146195,156.8460039931191,0.012168142672018779,1.6897901579650443e-13,ae73669,2026-10-04T00:57:19+00:00,3.1082792760474423,156.85999854237875,True,0.004610363602273922,3.5,2.8864235839146195,0.23836903171445586,5.0,1.5426114377384593e-12,True,True,-2.433245658174346,-2.2133830588637493,-2.1232345723171857,-2.071077962454024,-2.0361154075715366,-1.9909955935687553,-1.9623410735519655,-1.9420977436665197,-1.9268246003226386,-1.9147757068029192,-1.904959278821556,,11315,92,1.5,False,False,"variant-qitT10 (v1.1-frozen + |Qit_eff| -10% at 423 K; robustness study v1.3, 423 K only)"
C0410_T423,manual,0,C0410,C0410,423.0,0.8982291016727686,0.8842381492257119,-1441804482601.583,0.8790619716048241,1d604a90e339,6741628a4c1b,5e1d50a6e395,0,True,0,43.147,3.9243944402416155,3.02559420065711,152.22682373187467,0.01161222795760989,1.6897901579650446e-13,ae73669,2026-10-04T00:32:07+00:00,3.934125486787168,152.52662477471145,True,0.004148236201310466,4.5,3.02559420065711,0.2270513164027879,5.0,1.4968955034740164e-12,True,True,-3.6618866452581846,-2.4014782468655684,-2.2187559429237935,-2.1358433589067713,-2.086010528805825,-2.0266712855366364,-1.9912173837907599,-1.9669770466665586,-1.9490473325130904,-1.9350844471978954,-1.9238090846917948,,11549,93,1.5,False,False,"variant-qitT10 (v1.1-frozen + |Qit_eff| -10% at 423 K; robustness study v1.3, 423 K only)"
C0411_T423,manual,0,C0411,C0411,423.0,1.185646181181073,1.159829504042864,-617748513817.7871,1.1998885698616504,eee9e94e09e6,6741628a4c1b,5e1d50a6e395,0,True,0,29.657,2.870364513037894,2.6503197946968307,160.2833397787125,0.013243491117779468,1.689790157965044e-13,ae73669,2026-10-04T00:50:45+00:00,2.882729938342239,160.3669024484513,True,0.004820169273119316,3.25,2.6503197946968307,0.2604188817305393,5.0,1.5883180005991145e-12,True,True,-2.3310777454421348,-2.157921194443692,-2.0783530297074244,-2.0302501008651315,-1.99720685315058,-1.9536668623088695,-1.925518239079074,-1.9054117116195801,-1.8901254993638148,-1.87799751540006,-1.8680724778784183,,9794,91,1.5,False,False,"variant-qitT10 (v1.1-frozen + |Qit_eff| -10% at 423 K; robustness study v1.3, 423 K only)"
C0412_T423,manual,0,C0412,C0412,423.0,1.1433682784438133,0.8280257143080235,-984890141524.3744,1.1217426110059023,24dcbad34837,6741628a4c1b,5e1d50a6e395,0,True,0,65.049,2.7941687722498383,2.6591164366021505,150.09993977329066,0.01319703082959237,1.6897901579650446e-13,ae73669,2026-10-04T00:39:13+00:00,2.804401896239748,150.25556977260874,True,0.005215130887979944,3.25,2.6591164366021505,0.2598457553611333,5.0,1.112051423168836e-12,True,True,-2.2936173949219034,-2.1393413305806686,-2.0666265282418954,-2.022267007662656,-1.9916314726984343,-1.9510309658510958,-1.924602424150764,-1.905610930192797,-1.8910952008422002,-1.8795237687466657,-1.870014173835261,,10145,92,1.5,False,False,"variant-qitT10 (v1.1-frozen + |Qit_eff| -10% at 423 K; robustness study v1.3, 423 K only)"
C0413_T423,manual,0,C0413,C0413,423.0,0.8309382289648056,1.103590987622738,-1074693659320.4736,0.8009670745581389,e5f68ff7710e,6741628a4c1b,5e1d50a6e395,0,True,0,49.701,3.725098280372084,3.195505157912211,159.08557838482218,0.011002935860269654,1.6897901579650446e-13,ae73669,2026-10-04T00:35:41+00:00,3.728596922515413,159.63736025006602,True,0.003732292821228507,4.25,3.195505157912211,0.21417423940532876,5.0,2.5714568862099564e-12,True,True,-3.0954180687686517,-2.397662043340147,-2.240913085926006,-2.162672032685534,-2.113698861364498,-2.053696618814176,-2.0171210753441065,-1.9918816268764408,-1.9731280047161912,-1.958491418678607,-1.946660928672271,,11900,92,1.5,False,False,"variant-qitT10 (v1.1-frozen + |Qit_eff| -10% at 423 K; robustness study v1.3, 423 K only)"
C0414_T423,manual,0,C0414,C0414,423.0,0.9957119051367044,0.9727374084293844,-724670408293.6049,1.0338266670703888,2357890bc422,6741628a4c1b,5e1d50a6e395,0,True,0,50.276,2.6514468022510176,2.8179846150772168,154.8313922640307,0.012460188847501401,1.6897901579650443e-13,ae73669,2026-10-04T01:00:24+00:00,2.6627295066084065,155.00261862190956,True,0.004475766138080352,3.0,2.8179846150772168,0.24449764994913992,5.0,2.199891680785318e-12,True,True,-2.3005461030796064,-2.161690659668195,-2.0920974678406323,-2.04851992929638,-2.017998684058898,-1.9771186148899473,-1.9503194471659935,-1.9310110002592644,-1.9162436072400173,-1.9044753754291557,-1.8948117877570811,,10964,93,1.5,False,False,"variant-qitT10 (v1.1-frozen + |Qit_eff| -10% at 423 K; robustness study v1.3, 423 K only)"
C0415_T423,manual,0,C0415,C0415,423.0,1.0832820493727922,1.095597441494465,-1338823494501.412,0.9387822262942792,55ead2456e74,6741628a4c1b,5e1d50a6e395,0,True,0,30.26,4.245016073197507,2.899591920000384,158.69578886177715,0.012114928953272151,1.6897901579650446e-13,ae73669,2026-10-04T00:52:10+00:00,4.245673867473009,159.12556893241515,True,0.0042633122251253056,4.75,2.899591920000384,0.23706070268396737,5.0,1.871805316856927e-12,True,True,-5.320941093565245,-2.5358866443916988,-2.256547899795388,-2.1499063916151093,-2.0893474084641244,-2.019810938005419,-1.9793539739853845,-1.9520957936562369,-1.932125703691755,-1.916679128393362,-1.9042688603634208,,10496,91,1.5,False,False,"variant-qitT10 (v1.1-frozen + |Qit_eff| -10% at 423 K; robustness study v1.3, 423 K only)"
C0416_T423,manual,0,C0416,C0416,423.0,1.0809792939573526,0.8401722516864538,-1000480053946.376,0.857322270423174,f73da9f6edf4,6741628a4c1b,5e1d50a6e395,0,True,0,30.582,2.880689316125362,2.851570520394112,150.82613928151102,0.012313449969790701,1.6897901579650446e-13,ae73669,2026-10-04T00:27:56+00:00,2.894441324709852,150.91027401256713,True,0.004266798634900228,3.25,2.851570520394112,0.2416242232425053,5.0,2.424182524046671e-12,True,True,-2.3818118059959095,-2.2042584533842122,-2.121587004017878,-2.0712988796115033,-2.0366020343102855,-1.9906354153128965,-1.9607104294654136,-1.939197297977242,-1.9227446636598327,-1.9096202498366162,-1.8988262543388026,,10496,93,1.5,False,False,"variant-qitT10 (v1.1-frozen + |Qit_eff| -10% at 423 K; robustness study v1.3, 423 K only)"
C0417_T423,manual,0,C0417,C0417,423.0,0.9935439068824052,1.1157604459673167,-934107360430.0618,1.1654026851058006,df2fe4f32647,6741628a4c1b,5e1d50a6e395,0,True,0,31.146,3.431242287558251,2.8040186489652075,159.03174519489116,0.012523295991815774,1.6897901579650449e-13,ae73669,2026-10-04T00:28:05+00:00,3.4391534163362287,159.32868625966478,True,0.004714498747788303,4.0,2.8040186489652075,0.2455991271005801,5.0,2.057560448246412e-12,True,True,-2.6125996000186884,-2.2451378657770937,-2.130866880763532,-2.06996904499313,-2.03077932687948,-1.9817982244219021,-1.9514835076484034,-1.9303867315958834,-1.9146267491420128,-1.9022813546181516,-1.8922766375051527,,10964,93,1.5,False,False,"variant-qitT10 (v1.1-frozen + |Qit_eff| -10% at 423 K; robustness study v1.3, 423 K only)"
C0418_T423,manual,0,C0418,C0418,423.0,0.8333229288458824,0.9606881614774464,-1272419490851.462,0.9951402720063924,b88c59e958ac,6741628a4c1b,5e1d50a6e395,0,True,0,56.007,3.766672568666829,3.0236352644162148,154.51483161350777,0.011620664854632203,1.6897901579650449e-13,ae73669,2026-10-04T00:56:41+00:00,3.7715858083788345,154.79052923033754,True,0.004521182911685337,4.25,3.0236352644162148,0.22710759913362927,5.0,2.3730820773353056e-12,True,True,-3.136288571674032,-2.3420351091684517,-2.1899978438723884,-2.1171668955028875,-2.07250314693385,-2.0186486050140093,-1.9862288807536626,-1.9640083852333667,-1.94756615702098,-1.9347690238873456,-1.924445990502185,,11900,92,1.5,False,False,"variant-qitT10 (v1.1-frozen + |Qit_eff| -10% at 423 K; robustness study v1.3, 423 K only)"
C0419_T423,manual,0,C0419,C0419,423.0,1.145887729525566,1.0835252437740563,-666070321574.8071,1.077489972487092,5273c4312804,6741628a4c1b,5e1d50a6e395,0,True,0,44.681,2.8011132028375023,2.718350113609488,158.1730995925058,0.012914203085708795,1.6897901579650446e-13,ae73669,2026-10-04T00:34:35+00:00,2.8120146912294697,158.3920315813991,True,0.004711146316683423,3.25,2.718350113609488,0.2536990095675746,5.0,1.622364894380216e-12,True,True,-2.3317643518707465,-2.168596079429543,-2.0908239902476837,-2.043086483635211,-2.010009477019349,-1.9660953351939447,-1.937514553536806,-1.9170099567828034,-1.9013711992531235,-1.888932388263989,-1.87873203693996,,10145,92,1.5,False,False,"variant-qitT10 (v1.1-frozen + |Qit_eff| -10% at 423 K; robustness study v1.3, 423 K only)"
C0420_T423,manual,0,C0420,C0420,423.0,1.175482526794076,0.9044008795171976,-783303453586.9956,1.0055665127933024,3c6931a7da61,6741628a4c1b,5e1d50a6e395,0,True,0,35.925,2.5949199131109904,2.7057755014448674,152.7265570786213,0.0129721154790659,1.6897901579650443e-13,ae73669,2026-10-04T00:30:05+00:00,2.6089451656941334,152.60823716622463,True,0.004708344157742192,3.0,2.7057755014448674,0.2550973406504343,5.0,1.0308297337624294e-12,True,True,-2.280856037806376,-2.146708406881079,-2.0778848660346454,-2.034278660089163,-2.003498939346195,-1.9619440316737402,-1.9344761743537242,-1.9145595547456693,-1.8992468870739936,-1.8869891938490597,-1.876883977466145,,9911,91,1.5,False,False,"variant-qitT10 (v1.1-frozen + |Qit_eff| -10% at 423 K; robustness study v1.3, 423 K only)"
C0421_T423,manual,0,C0421,C0421,423.0,0.8879062820225955,1.0272638585418463,-1155156031250.9536,0.9232679665088652,debc344c4d1c,6741628a4c1b,5e1d50a6e395,0,True,0,32.874,3.6968230704029454,3.0249085409227168,156.67235111444765,0.011616337316318162,1.6897901579650449e-13,ae73669,2026-10-04T00:29:40+00:00,3.703709013585581,156.95016202464797,True,0.004151889498026079,4.25,3.0249085409227168,0.2269454639904362,5.0,2.6528405932772978e-12,True,True,-3.0019167397222346,-2.3466932048770603,-2.1990051678638354,-2.1255565988824703,-2.0797125915578984,-2.023676711646719,-1.989573390110978,-1.9660515866199322,-1.9485742494259382,-1.9349307853760191,-1.9238996347946047,,11549,93,1.5,False,False,"variant-qitT10 (v1.1-frozen + |Qit_eff| -10% at 423 K; robustness study v1.3, 423 K only)"
C0422_T423,manual,0,C0422,C0422,423.0,0.9356387034058572,0.896411082521081,-551340963691.473,1.1435326110571622,9b515ccf16fc,6741628a4c1b,5e1d50a6e395,0,True,0,48.674,2.0797695593727723,2.7824857907967844,152.3064981996915,0.01261683267272125,1.6897901579650446e-13,ae73669,2026-10-04T00:36:00+00:00,2.0929873923183147,152.3748797998415,True,0.005062006108986541,2.5,2.7824857907967844,0.2478572459010266,5.0,2.063991382066172e-12,True,True,-2.184508028298032,-2.0993799668215267,-2.0503356392850023,-2.0175395363492226,-1.9936605586670635,-1.9605755762153154,-1.9382526890839595,-1.9218865127980738,-1.9092235731901592,-1.8990496566136237,-1.8906450300823319,,11315,92,1.5,False,False,"variant-qitT10 (v1.1-frozen + |Qit_eff| -10% at 423 K; robustness study v1.3, 423 K only)"
C0423_T423,manual,0,C0423,C0423,423.0,1.0480626463890077,1.1719733890146018,-1383216108195.4836,0.8354026604443789,b8507ff1cc64,6741628a4c1b,5e1d50a6e395,0,True,0,32.747,4.524277566103726,3.0311071179374283,161.0384343239929,0.011595065262312703,1.689790157965045e-13,ae73669,2026-10-04T00:47:34+00:00,4.53113259528201,161.4011220455156,True,0.0038779493292683672,5.0,3.0311071179374283,0.22620601680810307,5.0,1.7783170441460187e-12,True,True,-6.9656952675356765,-2.78911278010046,-2.33980028197827,-2.2039837181038058,-2.1313716616445917,-2.050885957072596,-2.00519199398516,-1.9747995339692836,-1.9527135688206245,-1.935726802611805,-1.9221360221165666,,10613,92,1.5,False,False,"variant-qitT10 (v1.1-frozen + |Qit_eff| -10% at 423 K; robustness study v1.3, 423 K only)"
C0424_T423,manual,0,C0424,C0424,423.0,1.005039257183671,0.9941226083785296,-583244720473.8855,0.9438945300877094,9c313c5503f8,6741628a4c1b,5e1d50a6e395,0,True,0,50.743,2.4177096639895117,2.857823425047335,155.5946301702296,0.012288078962586909,1.6897901579650443e-13,ae73669,2026-10-04T00:35:25+00:00,2.4278085944705405,156.0144910124856,True,0.004226413195993876,3.0,2.857823425047335,0.24093339170533296,5.0,1.3433266365982497e-12,True,True,-2.2775670068508367,-2.1597757062576575,-2.0959626065943175,-2.054517881203748,-2.02485503718764,-1.9843630956509244,-1.9573820333748455,-1.9377466071465492,-1.9226260795897678,-1.910516006548762,-1.900533336774601,,10847,93,1.5,False,False,"variant-qitT10 (v1.1-frozen + |Qit_eff| -10% at 423 K; robustness study v1.3, 423 K only)"
C0425_T423,manual,0,C0425,C0425,423.0,0.9175064045935868,1.0744075547903775,-1478292205370.9626,1.027170257270336,db55e4686a34,6741628a4c1b,5e1d50a6e395,0,True,0,46.369,4.478652373123876,2.9740073880621423,157.964976180479,0.011814177942308978,1.689790157965044e-13,ae73669,2026-10-04T00:58:06+00:00,4.4813928902964655,158.35260503780634,True,0.0044645156545915585,5.0,2.9740073880621423,0.23091254241089323,5.0,1.2706840787912732e-12,True,True,-6.756360440788327,-2.6827400983320486,-2.2810991210269655,-2.160308294603162,-2.0964005100699317,-2.0263049915927356,-1.9869024303348737,-1.9608628072030396,-1.9420285518333467,-1.9275964921898598,-1.9160857898832009,,11432,92,1.5,False,False,"variant-qitT10 (v1.1-frozen + |Qit_eff| -10% at 423 K; robustness study v1.3, 423 K only)"
C0426_T423,manual,0,C0426,C0426,423.0,0.8589455828070641,0.8052733410149813,-816127535887.0625,0.806810199841857,850e411ee371,6741628a4c1b,5e1d50a6e395,0,True,0,39.551,2.398606441393473,3.0330024675672753,149.76807411883308,0.011582219101747705,1.6897901579650454e-13,ae73669,2026-10-04T00:32:47+00:00,2.4113216653164535,150.06475522529982,True,0.00407225194638054,2.75,3.0330024675672753,0.22667849197440698,5.0,1.1351787565505589e-12,True,True,-2.29380305792409,-2.1795585496534833,-2.1174635850812114,-2.0770930563104826,-2.0481761158585683,-2.0086490681810316,-1.9822525263614335,-1.9629973685461763,-1.9481359365490982,-1.9362082237421394,-1.9263569586843514,,11666,93,1.5,False,False,"variant-qitT10 (v1.1-frozen + |Qit_eff| -10% at 423 K; robustness study v1.3, 423 K only)"
C0427_T423,manual,0,C0427,C0427,423.0,1.1714125365018844,1.126538674160838,-1249319491907.954,1.1143552128225565,7e4f9f71b441,6741628a4c1b,5e1d50a6e395,0,True,0,31.282,4.117834599399631,2.740563099073169,159.39994254982315,0.012811687409907502,1.6897901579650443e-13,ae73669,2026-10-04T00:51:17+00:00,4.13066846988561,159.4704273459503,True,0.004647446175542516,4.5,2.740563099073169,0.25141846468526236,5.0,1.62048409047955e-12,True,True,-4.606406252998088,-2.432759514749387,-2.2005916557742107,-2.106060967872955,-2.0513424483187586,-1.9877754347556682,-1.9504915107091056,-1.925268101158327,-1.9067439574050895,-1.8923936661531113,-1.8808523916380242,,9911,91,1.5,False,False,"variant-qitT10 (v1.1-frozen + |Qit_eff| -10% at 423 K; robustness study v1.3, 423 K only)"
C0428_T423,manual,0,C0428,C0428,423.0,1.1010073337703945,0.8614857744425536,-1366552378050.983,1.192431741207838,bf63f8bd2d10,6741628a4c1b,5e1d50a6e395,0,True,0,64.724,3.6822287042874633,2.689473433767511,151.13947588388922,0.01304998427663093,1.689790157965044e-13,ae73669,2026-10-04T00:40:18+00:00,3.6901521057541506,151.59797292598077,True,0.005127543628849786,4.25,2.689473433767511,0.25672182098921753,5.0,2.666830335424471e-12,True,True,-2.899495880922888,-2.260311892872125,-2.12344329014814,-2.056433750683584,-2.014921689828417,-1.964408879954626,-1.933711994705442,-1.9125167180746088,-1.8967365661039102,-1.8843900115882701,-1.8743847778727138,,10379,93,1.5,False,False,"variant-qitT10 (v1.1-frozen + |Qit_eff| -10% at 423 K; robustness study v1.3, 423 K only)"
C0429_T423,manual,0,C0429,C0429,423.0,0.8135289359837771,1.18277719207108,-698863830417.3947,0.8849378824234009,95c54e476ccc,6741628a4c1b,5e1d50a6e395,0,True,0,49.632,3.1152252039427264,3.1322390176645762,161.29107098886752,0.011223368648804322,1.689790157965044e-13,ae73669,2026-10-04T00:36:30+00:00,3.1291927585131445,161.29192067786678,True,0.003883145836386083,3.5,3.1322390176645762,0.21867352661882924,5.0,1.7445628908369603e-12,True,True,-2.505136978737778,-2.2721856927231774,-2.1755581219979234,-2.119310064527492,-2.0814764065988705,-2.0325409139218142,-2.0014368533786993,-1.9794737815412158,-1.962920083061843,-1.9498767717776642,-1.9392633494848703,,11900,91,1.5,False,False,"variant-qitT10 (v1.1-frozen + |Qit_eff| -10% at 423 K; robustness study v1.3, 423 K only)"
C0430_T423,manual,0,C0430,C0430,423.0,0.9596012011170388,0.9378609638661146,-1095525577664.3752,1.0553001951426269,87af0b3decc2,6741628a4c1b,5e1d50a6e395,0,True,0,50.893,3.333106858421474,2.8528365071265918,153.7175971315561,0.012309245101200395,1.689790157965044e-13,ae73669,2026-10-04T01:01:15+00:00,3.346693985268843,153.81889646135883,True,0.004761772248245681,3.75,2.8528365071265918,0.24138991714866811,5.0,1.62242359735691e-12,True,True,-2.543149146068645,-2.2368491285781094,-2.1313534791131747,-2.073583363841483,-2.0359114346534293,-1.9883139561476448,-1.9585670239411048,-1.9377266018205572,-1.922077991872381,-1.909768580572824,-1.8997580020422984,,11081,92,1.5,False,False,"variant-qitT10 (v1.1-frozen + |Qit_eff| -10% at 423 K; robustness study v1.3, 423 K only)"
C0431_T423,manual,0,C0431,C0431,423.0,1.072122609615326,1.018119828775525,-965980543754.9948,0.9719749320298432,afddf35195fb,6741628a4c1b,5e1d50a6e395,0,True,0,32.598,3.2751185445133943,2.830853031544994,156.32386466108116,0.012404935081222115,1.6897901579650446e-13,ae73669,2026-10-04T00:52:43+00:00,3.2820114301879277,156.65119438805064,True,0.004468832291278011,3.75,2.830853031544994,0.24323763610131166,5.0,9.517222079868937e-13,True,True,-2.535453632499999,-2.2474428492281358,-2.1409493177125904,-2.081156949100243,-2.0416262306785598,-1.9910976643307914,-1.9592064151659128,-1.9367286395080758,-1.9197798755783304,-1.9064055041802268,-1.895501071917299,,10496,92,1.5,False,False,"variant-qitT10 (v1.1-frozen + |Qit_eff| -10% at 423 K; robustness study v1.3, 423 K only)"
C0432_T423,manual,0,C0432,C0432,423.0,1.0552871733903886,0.9371991999447346,-1466882316395.6404,1.1338960837572811,654cc3a655c4,6741628a4c1b,5e1d50a6e395,0,True,0,35.376,4.101582358512459,2.7730732678415193,153.61456541547946,0.012660761710110302,1.6897901579650446e-13,ae73669,2026-10-04T00:28:31+00:00,4.115030947068026,153.42066329318814,True,0.00496973060391954,4.5,2.7730732678415193,0.24856745474804187,5.0,1.219161056831286e-12,True,True,-4.536091258762971,-2.4050222139237225,-2.185709387465589,-2.0967902830726666,-2.0455406002671586,-1.9862296133470805,-1.9515370764221762,-1.9280907427086469,-1.9108763730057776,-1.8975401650495998,-1.8868127658525828,,10613,91,1.5,False,False,"variant-qitT10 (v1.1-frozen + |Qit_eff| -10% at 423 K; robustness study v1.3, 423 K only)"
C0433_T423,manual,0,C0433,C0433,423.0,0.9678702875971794,1.006917305290699,-596607473678.8868,0.8387067306786776,bc40cb119aa8,6741628a4c1b,5e1d50a6e395,0,True,0,35.411,2.4870367521090677,2.9639283039404187,156.15122449136504,0.011852160150079241,1.689790157965045e-13,ae73669,2026-10-04T00:28:41+00:00,2.488881827974449,156.6229428384229,True,0.004011201063735851,3.0,2.9639283039404187,0.2319240599181328,5.0,2.5018776429747467e-12,True,True,-2.319830340541933,-2.192087435035725,-2.1236020312172097,-2.0793125859539554,-2.0476869964735767,-2.004597768978829,-1.9759306078041086,-1.955087049131265,-1.939045433667455,-1.9262024888300406,-1.9156182505581252,,11081,92,1.5,False,False,"variant-qitT10 (v1.1-frozen + |Qit_eff| -10% at 423 K; robustness study v1.3, 423 K only)"
C0434_T423,manual,0,C0434,C0434,423.0,0.809193541482091,0.8635513342916966,-1195917376317.084,1.021862380951643,be08a9d40cf9,6741628a4c1b,5e1d50a6e395,0,True,0,50.22,3.342478314493441,2.997048835236389,151.34513783671855,0.01172150393320139,1.6897901579650443e-13,ae73669,2026-10-04T00:57:31+00:00,3.3565394151245904,151.31755256491076,True,0.004719678553903015,3.75,2.997048835236389,0.22935562970731935,5.0,1.0142147538472202e-12,True,True,-2.5507051062410926,-2.2464117112187787,-2.143450471643177,-2.0875401887648697,-2.0512759481433793,-2.0056849950327806,-1.9773225689464462,-1.9575122786463957,-1.9426704836522388,-1.9310166623804395,-1.9215536259192438,,11900,91,1.5,False,False,"variant-qitT10 (v1.1-frozen + |Qit_eff| -10% at 423 K; robustness study v1.3, 423 K only)"
C0435_T423,manual,0,C0435,C0435,423.0,1.1217764619737864,1.1922829493880271,-863669941201.806,0.900841224193573,8da8e1f1572b,6741628a4c1b,5e1d50a6e395,0,True,0,44.955,3.4791845134063295,2.882425276287236,161.53795000745586,0.012186690145607446,1.6897901579650449e-13,ae73669,2026-10-04T00:35:20+00:00,3.481972326616472,161.98924860849363,True,0.004049115401382608,4.0,2.882425276287236,0.2385060783718209,5.0,1.5513731849230776e-12,True,True,-2.7255851981149495,-2.311822115763989,-2.1817572850340987,-2.1116090317285328,-2.0660707980896573,-2.0086593081717803,-1.972826063598992,-1.9477413663999685,-1.9289165260407186,-1.9141142309430492,-1.902078642189192,,10145,92,1.5,False,False,"variant-qitT10 (v1.1-frozen + |Qit_eff| -10% at 423 K; robustness study v1.3, 423 K only)"
C0436_T423,manual,0,C0436,C0436,423.0,1.1515559017658237,0.8197902575135232,-746528609655.7975,0.9789925333112478,4497be2fe4cc,6741628a4c1b,5e1d50a6e395,0,True,0,35.439,2.281990860060067,2.706737807068045,149.9945186342878,0.012966336300530498,1.6897901579650443e-13,ae73669,2026-10-04T00:30:41+00:00,2.2905036152596177,150.2980705739475,True,0.004815328915746868,2.75,2.706737807068045,0.2551327611253757,5.0,1.3623879585242249e-12,True,True,-2.222937595240267,-2.1192117816470577,-2.061378000302488,-2.0232672378887826,-1.9957280568615046,-1.9577610178787372,-1.932196251557813,-1.9134389373784133,-1.8988967461593167,-1.88718271853671,-1.8774782676129593,,10028,92,1.5,False,False,"variant-qitT10 (v1.1-frozen + |Qit_eff| -10% at 423 K; robustness study v1.3, 423 K only)"
C0437_T423,manual,0,C0437,C0437,423.0,0.8639859512448311,1.148495788127184,-1313028499484.0625,1.0999641362577677,ca4f25a5dc1b,6741628a4c1b,5e1d50a6e395,0,True,0,30.643,4.302620237259849,2.988293568362157,160.0668363130533,0.011758780923721563,1.6897901579650449e-13,ae73669,2026-10-04T00:30:10+00:00,4.313582236636435,160.1986373262434,True,0.004611047294742974,4.75,2.988293568362157,0.22970469067850383,5.0,1.5743780848906157e-12,True,True,-5.662518183182893,-2.5404190683487973,-2.2465557033510084,-2.1429085799752863,-2.0857957351481304,-2.021695847182517,-1.9851332069107623,-1.9608168629243343,-1.9431753942206804,-1.9296377008401693,-1.918833958121977,,11666,92,1.5,False,False,"variant-qitT10 (v1.1-frozen + |Qit_eff| -10% at 423 K; robustness study v1.3, 423 K only)"
C0438_T423,manual,0,C0438,C0438,423.0,0.9101497281342744,0.9809118315577507,-979465659707.7848,0.866810715943575,5be517f08872,6741628a4c1b,5e1d50a6e395,0,True,0,50.007,3.217702537803372,3.015576267696024,155.30257642742552,0.011651169084957337,1.6897901579650446e-13,ae73669,2026-10-04T00:36:50+00:00,3.2220866228565566,155.80219260895066,True,0.004083009502418249,3.75,3.015576267696024,0.2277615377172393,5.0,1.002475880085285e-12,True,True,-2.5326457336816794,-2.268235348137779,-2.165511064601751,-2.1069791557925166,-2.0680111979765767,-2.017950768416225,-1.9862428916020043,-1.96385753142084,-1.9469650579835167,-1.9336304950952858,-1.922757538839832,,11432,92,1.5,False,False,"variant-qitT10 (v1.1-frozen + |Qit_eff| -10% at 423 K; robustness study v1.3, 423 K only)"
C0439_T423,manual,0,C0439,C0439,423.0,1.0225795838981866,1.0506560184061526,-1083993907086.5511,1.1620512410998345,7ab12adc5771,6741628a4c1b,5e1d50a6e395,0,True,0,32.246,3.5887237259131726,2.781043494698409,157.1159526408834,0.012625453417327957,1.689790157965044e-13,ae73669,2026-10-04T00:48:06+00:00,3.6018477707764998,157.09330906395712,True,0.004900877296139889,4.0,2.781043494698409,0.2477561077235478,5.0,1.1723193066437402e-12,True,True,-2.777105392852004,-2.268099388625088,-2.138569095330836,-2.0727161421003992,-2.031238916279319,-1.9802077135122267,-1.9489905957567473,-1.927395912124157,-1.9113195981663662,-1.8987530161314745,-1.888582736808245,,10730,92,1.5,False,False,"variant-qitT10 (v1.1-frozen + |Qit_eff| -10% at 423 K; robustness study v1.3, 423 K only)"
C0440_T423,manual,0,C0440,C0440,423.0,1.03051920235157,0.8785547614097595,-886068949475.8844,1.0703706871718168,e63075bbc05b,6741628a4c1b,5e1d50a6e395,0,True,0,48.76,2.7340613389239956,2.7607386841557866,151.78099303094194,0.012715439133845822,1.689790157965044e-13,ae73669,2026-10-04T00:36:14+00:00,2.7361260492059247,152.2138860588777,True,0.004886246514819761,3.25,2.7607386841557866,0.2498769141928718,5.0,9.021706992573542e-13,True,True,-2.2996382023558333,-2.1528381820375238,-2.081795637820216,-2.037991960359863,-2.007574163696276,-1.9671065762678481,-1.940705941371026,-1.9217256655155808,-1.9072226681707285,-1.8956686366591076,-1.8861807242649442,,10730,92,1.5,False,False,"variant-qitT10 (v1.1-frozen + |Qit_eff| -10% at 423 K; robustness study v1.3, 423 K only)"
C0441_T423,manual,0,C0441,C0441,423.0,0.9430044695734978,1.1529635153710842,-1054377981461.5846,0.9507672715932132,665e6e23b31c,6741628a4c1b,5e1d50a6e395,0,True,0,44.359,3.7840188096194356,2.9820798196422444,160.33979106574859,0.01178271255696954,1.689790157965044e-13,ae73669,2026-10-04T00:58:51+00:00,3.792636621708805,160.6285764204577,True,0.004223298520153225,4.25,2.9820798196422444,0.23023314531278583,5.0,1.936253612114252e-12,True,True,-3.2088128771331537,-2.370063789512949,-2.207253622453569,-2.128557212178095,-2.0799885723273435,-2.021093341149141,-1.9854769582635186,-1.9610077219288458,-1.942877401434524,-1.9287547169418626,-1.9173557987673533,,11198,92,1.5,False,False,"variant-qitT10 (v1.1-frozen + |Qit_eff| -10% at 423 K; robustness study v1.3, 423 K only)"
C0442_T423,manual,0,C0442,C0442,423.0,0.8828628797084094,0.920535996556282,-654164758510.8876,1.1832393400371073,af36c57d1b97,6741628a4c1b,5e1d50a6e395,0,True,0,41.569,2.357367845345815,2.8259736351534763,153.05227451187642,0.012424773170519734,1.6897901579650449e-13,ae73669,2026-10-04T00:33:29+00:00,2.3705987784114693,153.25767425458858,True,0.005052173124468047,2.75,2.8259736351534763,0.24384115029010525,5.0,1.5856866848541168e-12,True,True,-2.2206419434208677,-2.1183442147264184,-2.063268812092311,-2.0276969358919144,-2.002349741925176,-1.9679170361804084,-1.945091869418056,-1.9285475442393138,-1.9158503613992193,-1.905711531100934,-1.897376622387819,,11549,91,1.5,False,False,"variant-qitT10 (v1.1-frozen + |Qit_eff| -10% at 423 K; robustness study v1.3, 423 K only)"
C0443_T423,manual,0,C0443,C0443,423.0,1.1953483346849678,1.0477019660174849,-1282372144982.2188,0.8878041207790375,7af295c0048e,6741628a4c1b,5e1d50a6e395,0,True,0,35.204,4.0158826227881494,2.8534295511474896,157.3215804330934,0.012308988443300485,1.6897901579650443e-13,ae73669,2026-10-04T00:51:52+00:00,4.020650066226443,157.64785662166392,True,0.004199507380573217,4.5,2.8534295511474896,0.24108097006477786,5.0,2.1861398566908836e-12,True,True,-4.075502355011719,-2.4407828802260174,-2.228936418764493,-2.135263173371488,-2.079266156418932,-2.012678172284802,-1.9728810268771242,-1.9456496611137937,-1.9254904985481955,-1.9097776360649226,-1.8970775262895714,,9794,92,1.5,False,False,"variant-qitT10 (v1.1-frozen + |Qit_eff| -10% at 423 K; robustness study v1.3, 423 K only)"
C0444_T423,manual,0,C0444,C0444,423.0,1.125127774477005,0.9642742536962032,-1165230567567.0503,0.8159554179757834,8a1b6f0abf7c,6741628a4c1b,5e1d50a6e395,0,True,0,55.378,3.567187554745254,2.914309001971964,154.86312211835806,0.0120527694673511,1.6897901579650446e-13,ae73669,2026-10-04T00:41:14+00:00,3.5808959039902724,155.05414794513817,True,0.004052562325301933,4.0,2.914309001971964,0.23597356270369454,5.0,2.095144835411431e-12,True,True,-2.8175792391358656,-2.3317989942841835,-2.193380921828013,-2.1204781535130772,-2.0736587445706114,-2.0150536216789274,-1.9786196689917601,-1.9531302808133026,-1.9339868887797493,-1.9189131500855354,-1.9066366139128632,,10145,92,1.5,False,False,"variant-qitT10 (v1.1-frozen + |Qit_eff| -10% at 423 K; robustness study v1.3, 423 K only)"
C0445_T423,manual,0,C0445,C0445,423.0,0.8376552894711495,1.091414326429367,-771275635808.7063,1.1113410834223032,a718bd72cef4,6741628a4c1b,5e1d50a6e395,0,True,0,49.117,3.037326758576348,2.9531804711799396,158.3659699603821,0.011896245195415663,1.6897901579650449e-13,ae73669,2026-10-04T00:37:20+00:00,3.046219435874553,158.62930260424102,True,0.004692906822528149,3.5,2.9531804711799396,0.23267793226049016,5.0,2.717536222842836e-12,True,True,-2.4094312055371843,-2.2073946812979064,-2.1225322329512926,-2.0731012196049967,-2.03987873574232,-1.9969577341698204,-1.9697085004954356,-1.9504815739086416,-1.9359976621893495,-1.924590093080706,-1.9153113688027221,,11900,92,1.5,False,False,"variant-qitT10 (v1.1-frozen + |Qit_eff| -10% at 423 K; robustness study v1.3, 423 K only)"
C0446_T423,manual,0,C0446,C0446,423.0,0.9852839101105928,0.8347672991454602,-1437235936522.484,0.9288712687790394,7f9949daefde,6741628a4c1b,5e1d50a6e395,0,True,0,48.844,3.7712554104630063,2.9014824670465975,150.5551040535974,0.012103678835712244,1.6897901579650449e-13,ae73669,2026-10-04T01:02:04+00:00,3.7774996808015047,150.89158264145874,True,0.004579664550261759,4.25,2.9014824670465975,0.23727232996677047,5.0,1.901034449889509e-12,True,True,-3.1403947553444023,-2.33614638168292,-2.1811011507445484,-2.1064802507461065,-2.060550928906371,-2.004901280850897,-1.9711802101488023,-1.9479256833481882,-1.930620887769125,-1.9170826085909876,-1.9061099600316638,,11081,92,1.5,False,False,"variant-qitT10 (v1.1-frozen + |Qit_eff| -10% at 423 K; robustness study v1.3, 423 K only)"
C0447_T423,manual,0,C0447,C0447,423.0,1.0978116128593682,1.109201940894127,-503180309198.7968,1.0485258564352988,bacafd72d949,6741628a4c1b,5e1d50a6e395,0,True,0,29.589,2.5239789405402533,2.7557953231507932,158.98093971179512,0.012740150359909462,1.689790157965044e-13,ae73669,2026-10-04T00:53:12+00:00,2.530402742661146,159.234002765409,True,0.004591091442151493,3.0,2.7557953231507932,0.25011619161001014,5.0,1.9965999102671598e-12,True,True,-2.279674351641519,-2.151542614223053,-2.0842934395752146,-2.0412557551448445,-2.010721185418683,-1.9693658012742647,-1.942004106961229,-1.9221848669739823,-1.9069749323966063,-1.8948254464046215,-1.8848315656279897,,10379,92,1.5,False,False,"variant-qitT10 (v1.1-frozen + |Qit_eff| -10% at 423 K; robustness study v1.3, 423 K only)"
C0448_T423,manual,0,C0448,C0448,423.0,1.09684780202806,0.8998968861997128,-1402270714752.376,0.9546638805419206,3abecff1671c,6741628a4c1b,5e1d50a6e395,0,True,0,35.14,3.8787716732558004,2.829163832520427,152.6198218279432,0.012411541657416328,1.689790157965044e-13,ae73669,2026-10-04T00:29:06+00:00,3.8920883226013663,152.95979488881463,True,0.004467814007206854,4.25,2.829163832520427,0.24346719260861552,5.0,1.1049334482175455e-12,True,True,-3.4800838780690015,-2.3635543370504,-2.1880927577285085,-2.1068608525585213,-2.057587346583821,-1.9984678102790399,-1.9629018698533789,-1.9384716702588591,-1.9203373674881046,-1.9061742707393625,-1.8947090698491444,,10379,93,1.5,False,False,"variant-qitT10 (v1.1-frozen + |Qit_eff| -10% at 423 K; robustness study v1.3, 423 K only)"
C0449_T423,manual,0,C0449,C0449,423.0,0.9843144696205854,1.169219785928726,-538176279515.028,1.0742682557553054,9daebdd7870d,6741628a4c1b,5e1d50a6e395,0,True,0,31.545,2.733831974953787,2.8366679106628947,160.6956482254302,0.012380458343128762,1.6897901579650443e-13,ae73669,2026-10-04T00:29:13+00:00,2.7358799439449037,161.19928316312271,True,0.0045313781851831145,3.25,2.8366679106628947,0.24264593534386167,5.0,2.043057028034271e-12,True,True,-2.3284056432002043,-2.176306427574347,-2.1021321297308293,-2.056223763536898,-2.0242938498245984,-1.981815176790957,-1.9541598043524036,-1.934339685391228,-1.9192467088891005,-1.907263276785455,-1.897454279413295,,11081,92,1.5,False,False,"variant-qitT10 (v1.1-frozen + |Qit_eff| -10% at 423 K; robustness study v1.3, 423 K only)"
C0450_T423,manual,0,C0450,C0450,423.0,0.8429416187107563,0.9008662395179272,-1138077497482.2998,0.8917009145021438,f9cf0f8d3b74,6741628a4c1b,5e1d50a6e395,0,True,0,51.573,3.3348619054639914,3.048852832308943,152.74275015498063,0.011524440529198102,1.6897901579650449e-13,ae73669,2026-10-04T00:58:23+00:00,3.3493051453847937,152.65560550923408,True,0.004301143433190232,3.75,3.048852832308943,0.2252481552360937,5.0,2.022781708412586e-12,True,True,-2.583357541970695,-2.2752544244506856,-2.1673028695034966,-2.1078610314296506,-2.068993827802126,-2.0197852419876234,-1.9889820654779988,-1.9673816661740267,-1.9511522959698064,-1.9383801488866652,-1.9279894421152357,,11783,92,1.5,False,False,"variant-qitT10 (v1.1-frozen + |Qit_eff| -10% at 423 K; robustness study v1.3, 423 K only)"
C0451_T423,manual,0,C0451,C0451,423.0,1.1304080985486509,1.0299686402082444,-798459469340.7416,1.1871367000043391,be77b1e2ebce,6741628a4c1b,5e1d50a6e395,0,True,0,47.763,2.9401373554566566,2.674579729637059,156.4566147569691,0.013123350064638366,1.689790157965045e-13,ae73669,2026-10-04T00:36:08+00:00,2.947115000859188,157.01647637114596,True,0.004932943092845948,3.5,2.674579729637059,0.2580701324681753,5.0,1.1186312293132161e-12,True,True,-2.3448098405415703,-2.1617160693356974,-2.080593187033256,-2.0322767517549103,-1.9993599300656026,-1.9562754973227503,-1.928564166584689,-1.9088223490257876,-1.8938355177044475,-1.8819552862355935,-1.8722380367904454,,10145,93,1.5,False,False,"variant-qitT10 (v1.1-frozen + |Qit_eff| -10% at 423 K; robustness study v1.3, 423 K only)"
C0452_T423,manual,0,C0452,C0452,423.0,1.1975044336169958,0.9571030378341676,-681195283308.6252,1.1090060088783502,045c0bc40bf7,6741628a4c1b,5e1d50a6e395,0,True,0,37.495,2.5150120935354408,2.6474999728299915,154.2719876434503,0.013255828373429155,1.6897901579650449e-13,ae73669,2026-10-04T00:31:18+00:00,2.519348238780351,154.61708344666658,True,0.0049706527038109035,3.0,2.6474999728299915,0.260883841224763,5.0,2.0869992619515492e-12,True,True,-2.248778623737853,-2.124935109244501,-2.060143648277918,-2.0187410258053213,-1.989379688754057,-1.949594943545307,-1.923229959990321,-1.9040928952067713,-1.8893745965337587,-1.877593127473088,-1.867882906069781,,9794,92,1.5,False,False,"variant-qitT10 (v1.1-frozen + |Qit_eff| -10% at 423 K; robustness study v1.3, 423 K only)"
C0453_T423,manual,0,C0453,C0453,423.0,0.8850265096873046,1.0861824117600918,-1255310856737.1963,0.8136212911456824,39af976dc4fb,6741628a4c1b,5e1d50a6e395,0,True,0,29.331,4.059526889887172,3.1420932381117956,158.54940495790692,0.01118804515795518,1.6897901579650449e-13,ae73669,2026-10-04T00:30:40+00:00,4.072392890004102,158.7707618461942,True,0.003851121842782738,4.5,3.1420932381117956,0.21799558111635528,5.0,1.2177012870262516e-12,True,True,-4.287732066199202,-2.492012102046031,-2.271339765106859,-2.1758539855182955,-2.1193249862321935,-2.052676624383551,-2.0131858421184785,-1.986341574369366,-1.9665776147529015,-1.9512457893677995,-1.9389057573790502,,11549,92,1.5,False,False,"variant-qitT10 (v1.1-frozen + |Qit_eff| -10% at 423 K; robustness study v1.3, 423 K only)"
C0454_T423,manual,0,C0454,C0454,423.0,0.9389108039438724,0.8436108738183976,-920912575908.0052,1.0461909547448158,f0dd2f39a759,6741628a4c1b,5e1d50a6e395,0,True,0,47.298,2.71017719128016,2.833667898653692,150.69984750520794,0.012390403564645188,1.6897901579650449e-13,ae73669,2026-10-04T00:37:38+00:00,2.715218205463006,151.1907834291118,True,0.004785779565574267,3.25,2.833667898653692,0.24324229304467157,5.0,1.2003054800091562e-12,True,True,-2.29871550563493,-2.156986224292471,-2.0880013597559355,-2.045398925784102,-2.0157994078323584,-1.9764135836083132,-1.9507212513159597,-1.9322547620277404,-1.918148648422019,-1.9069145480997884,-1.8976925808707514,,11198,92,1.5,False,False,"variant-qitT10 (v1.1-frozen + |Qit_eff| -10% at 423 K; robustness study v1.3, 423 K only)"
C0455_T423,manual,0,C0455,C0455,423.0,1.02643269225955,1.1129568092525006,-1019503606483.3405,0.9265369452536106,617fb6b90604,6741628a4c1b,5e1d50a6e395,0,True,0,30.753,3.6203553240535506,2.9209454454469452,159.23142347955942,0.012026675310225823,1.6897901579650449e-13,ae73669,2026-10-04T00:48:37+00:00,3.633966790934596,159.11600849174346,True,0.004113186766973028,4.0,2.9209454454469452,0.2353056317109982,5.0,9.581545626358157e-13,True,True,-2.88013072453,-2.3307835695178682,-2.188733123946295,-2.1157391096502978,-2.069445077103053,-2.0121327192203835,-1.9768817273985697,-1.9524136699762977,-1.9341543467094737,-1.9198544137226494,-1.9082629265701192,,10730,91,1.5,False,False,"variant-qitT10 (v1.1-frozen + |Qit_eff| -10% at 423 K; robustness study v1.3, 423 K only)"
C0456_T423,manual,0,C0456,C0456,423.0,1.0204196747392416,0.9412583604454994,-951839803718.0304,0.8410408277064563,103c1ff54702,6741628a4c1b,5e1d50a6e395,0,True,0,51.61,3.0589307475931595,2.93355827898723,154.09665066094226,0.011973466184020955,1.6897901579650446e-13,ae73669,2026-10-04T00:37:06+00:00,3.0717950937746052,154.1409521649175,True,0.0041499361160367764,3.5,2.93355827898723,0.2344599888599567,5.0,2.1259930697329336e-12,True,True,-2.462111523425776,-2.2435735827660324,-2.1495078269565164,-2.09392980162732,-2.056190770980713,-2.006883202853547,-1.9751832674073575,-1.952585452787051,-1.9354117049258557,-1.921780108016116,-1.9106147347828948,,10730,92,1.5,False,False,"variant-qitT10 (v1.1-frozen + |Qit_eff| -10% at 423 K; robustness study v1.3, 423 K only)"
C0457_T423,manual,0,C0457,C0457,423.0,0.9079838078469038,1.0152597017586231,-1111650049686.432,1.1362311404198409,99495de69ab8,6741628a4c1b,5e1d50a6e395,0,True,0,48.544,3.560611665022512,2.878647616204972,156.0676925789971,0.012200747349908834,1.6897901579650449e-13,ae73669,2026-10-04T00:59:40+00:00,3.572459689508574,156.14375248401436,True,0.004875540653114578,4.0,2.878647616204972,0.23904022386713203,5.0,2.3932589036486513e-12,True,True,-2.74212574763125,-2.270087089441807,-2.145598136664246,-2.0819500862968643,-2.041799473787543,-1.992382705667342,-1.962166756209254,-1.9412811561722976,-1.9257462618555752,-1.9136135660465157,-1.903802888279507,,11432,92,1.5,False,False,"variant-qitT10 (v1.1-frozen + |Qit_eff| -10% at 423 K; robustness study v1.3, 423 K only)"
C0458_T423,manual,0,C0458,C0458,423.0,0.8680758006870747,0.8578442260622978,-711089652031.66,0.9031755298376084,50a3834ecd4b,6741628a4c1b,5e1d50a6e395,0,True,0,40.097,2.3229870364417073,2.9673055349750213,151.34582615306985,0.011837157143293602,1.689790157965045e-13,ae73669,2026-10-04T00:34:09+00:00,2.336895522464366,151.3778203809607,True,0.00442540555459895,2.75,2.9673055349750213,0.23183194384379094,5.0,9.387698951535128e-13,True,True,-2.2641148138784573,-2.157966208450046,-2.099444964175697,-2.0611534029992473,-2.033632146861815,-1.9959235209674435,-1.9707107180155594,-1.9523188107140765,-1.938130991817902,-1.9267525869058457,-1.9173631786320209,,11666,92,1.5,False,False,"variant-qitT10 (v1.1-frozen + |Qit_eff| -10% at 423 K; robustness study v1.3, 423 K only)"
C0459_T423,manual,0,C0459,C0459,423.0,1.1556401275098325,1.185393188148737,-1348497728817.1648,1.0241972528398038,af7bf4ee9c2d,6741628a4c1b,5e1d50a6e395,0,True,0,30.79,4.4659192218726975,2.822703740863333,161.21566157170562,0.012442926186037904,1.689790157965044e-13,ae73669,2026-10-04T00:52:23+00:00,4.470172975957988,161.66083905633988,True,0.004405948150103773,5.0,2.822703740863333,0.24369881226675902,5.0,1.831570163690792e-12,True,True,-6.627264444671589,-2.679821965681852,-2.277746076941313,-2.1527333985062076,-2.0856960708881487,-2.0113647843277787,-1.9691788341061673,-1.941128498006239,-1.920749060179141,-1.9050774751911563,-1.8925408144663696,,10028,91,1.5,False,False,"variant-qitT10 (v1.1-frozen + |Qit_eff| -10% at 423 K; robustness study v1.3, 423 K only)"
C0460_T423,manual,0,C0460,C0460,423.0,1.1227364625781775,0.8015815027058125,-1231233788654.2085,1.096066549792886,228ecfa52ae9,6741628a4c1b,5e1d50a6e395,0,True,0,51.908,3.232704455947938,2.6918824935897288,149.2447239724498,0.013037478381611435,1.6897901579650443e-13,ae73669,2026-10-04T00:42:06+00:00,3.234923518812476,149.58037286717817,True,0.005118803185271282,3.75,2.6918824935897288,0.2565803500105865,5.0,1.2236791441244677e-12,True,True,-2.452169460435207,-2.192285408703994,-2.0959836398900364,-2.0420991826658454,-2.0065525700834383,-1.9611594232912903,-1.9324835200398573,-1.9122288894002761,-1.89691827005577,-1.8848063986999972,-1.8749081433685726,,10145,92,1.5,False,False,"variant-qitT10 (v1.1-frozen + |Qit_eff| -10% at 423 K; robustness study v1.3, 423 K only)"
C0461_T423,manual,0,C0461,C0461,423.0,0.8101606916636229,1.1291076257824897,-828323257155.7164,0.9750958945602178,32082c2ea971,6741628a4c1b,5e1d50a6e395,0,True,0,49.801,3.2550034344196828,3.0721051034819844,159.642519697904,0.011440555583090914,1.6897901579650449e-13,ae73669,2026-10-04T00:38:10+00:00,3.2565855151186236,160.02130658132873,True,0.004251627140159428,3.75,3.0721051034819844,0.2232002977775339,5.0,2.2359868312068667e-12,True,True,-2.5425877344267755,-2.2671730747067165,-2.1647254920467827,-2.1072978850158375,-2.0694370641450175,-2.0212611843254464,-1.991048525510053,-1.9698822890952632,-1.954011759559164,-1.9415528845629444,-1.9314432465491704,,11900,92,1.5,False,False,"variant-qitT10 (v1.1-frozen + |Qit_eff| -10% at 423 K; robustness study v1.3, 423 K only)"
C0462_T423,manual,0,C0462,C0462,423.0,0.9625801421701908,0.9974726356565952,-1494386577047.4077,1.1581538513302805,830568c0ac21,6741628a4c1b,5e1d50a6e395,0,True,0,52.213,4.313569331578001,2.8475705230200656,155.504854621336,0.012332944352255742,1.6897901579650446e-13,ae73669,2026-10-04T01:02:57+00:00,4.3256186115851225,155.48426227033386,True,0.004975179781246963,4.75,2.8475705230200656,0.24173400535820722,5.0,2.088525516719943e-12,True,True,-5.777861644610422,-2.5158120732361597,-2.2202949736287367,-2.117986120507417,-2.0619337363567753,-1.9991942383919985,-1.963415594512911,-1.9395843405233597,-1.9222584816692894,-1.9089332280850673,-1.8982756673482846,,11081,92,1.5,False,False,"variant-qitT10 (v1.1-frozen + |Qit_eff| -10% at 423 K; robustness study v1.3, 423 K only)"
C0463_T423,manual,0,C0463,C0463,423.0,1.0500045649707317,1.071496818959713,-569072926416.9932,0.8629139043390751,6e0a30238180,6741628a4c1b,5e1d50a6e395,0,True,0,31.325,2.5867289818976653,2.9008764899095185,158.07095579102025,0.012108161286147294,1.6897901579650446e-13,ae73669,2026-10-04T00:53:44+00:00,2.601079233566021,158.06211851786605,True,0.004037791018533242,3.0,2.9008764899095185,0.23710844107336967,5.0,2.023097720632818e-12,True,True,-2.335972173304257,-2.195960717201131,-2.122853177428209,-2.0761174253346124,-2.042962766077875,-1.998041604801346,-1.968296305003364,-1.9467309031693094,-1.9301657420556615,-1.9169218026793517,-1.9060180701169462,,10613,92,1.5,False,False,"variant-qitT10 (v1.1-frozen + |Qit_eff| -10% at 423 K; robustness study v1.3, 423 K only)"
C0464_T423,manual,0,C0464,C0464,423.0,1.0707668028771875,0.9774688433855772,-1067899356596.172,1.031067080795765,529e656d41be,6741628a4c1b,5e1d50a6e395,0,True,0,34.605,3.380450928472792,2.7946963484299605,154.9635292860203,0.01256367441356735,1.6897901579650446e-13,ae73669,2026-10-04T00:29:41+00:00,3.393237575545789,155.30949221070733,True,0.004555216999132884,3.75,2.7946963484299605,0.24655825885235796,5.0,2.939183304817601e-12,True,True,-2.5844367661837078,-2.247684490044259,-2.1352620792823944,-2.0740638897760664,-2.034231387211687,-1.983939673044145,-1.9525061316100984,-1.930472352434383,-1.9139163176275504,-1.900883326828074,-1.890276038726793,,10496,93,1.5,False,False,"variant-qitT10 (v1.1-frozen + |Qit_eff| -10% at 423 K; robustness study v1.3, 423 K only)"
C0465_T423,manual,0,C0465,C0465,423.0,0.9582515902817248,1.053464450314641,-993637513369.3218,0.9477919317781924,d788595e772a,6741628a4c1b,5e1d50a6e395,0,True,0,33.975,3.4221164838608793,2.940241049317016,157.42029426353164,0.011947731961975568,1.6897901579650443e-13,ae73669,2026-10-04T00:29:47+00:00,3.431702085444132,157.69011582658365,True,0.004169031998305844,4.0,2.940241049317016,0.23377519033843164,5.0,2.2149103404777526e-12,True,True,-2.649111104353108,-2.285017929853901,-2.166605195615011,-2.1025324701759933,-2.060954828040337,-2.008613971143143,-1.976007994422072,-1.953216467224285,-1.936133215034647,-1.9227145290157412,-1.9118145473851968,,11081,93,1.5,False,False,"variant-qitT10 (v1.1-frozen + |Qit_eff| -10% at 423 K; robustness study v1.3, 423 K only)"
C0466_T423,manual,0,C0466,C0466,423.0,0.8184229832142592,0.8233797412365675,-1331114262342.4531,1.1182518396526575,43fb0444ad28,6741628a4c1b,5e1d50a6e395,0,True,0,50.518,3.503845557011314,2.9355686417496503,149.93490108129282,0.011964257611753695,1.6897901579650449e-13,ae73669,2026-10-04T00:59:14+00:00,3.5050860846259204,150.28681569648805,True,0.005041915946098144,4.0,2.9355686417496503,0.23442671823966457,5.0,1.6720957720387563e-12,True,True,-2.6551212186979076,-2.249094433812094,-2.135820940807467,-2.077436168448344,-2.0405142198828177,-1.9949893854781147,-1.9670946666024616,-1.9477747679089712,-1.9333774680033968,-1.9221142444071342,-1.9129931226481383,,12017,92,1.5,False,False,"variant-qitT10 (v1.1-frozen + |Qit_eff| -10% at 423 K; robustness study v1.3, 423 K only)"
C0467_T423,manual,0,C0467,C0467,423.0,1.1059079643338918,1.1458338309079408,-734332709573.2092,0.81070777438581,1d3c3b15e687,6741628a4c1b,5e1d50a6e395,0,True,0,44.632,3.112127973731248,2.941799984906846,160.32424824974566,0.011942393061255979,1.689790157965044e-13,ae73669,2026-10-04T00:36:53+00:00,3.1266243030302667,160.3261858156334,True,0.00376198540582609,3.5,2.941799984906846,0.23353721598339613,5.0,2.6282477651883165e-12,True,True,-2.514668366577226,-2.2736312978938042,-2.171087420703401,-2.110541559185157,-2.069406682308702,-2.0156327198785013,-1.9810627109347132,-1.9564353303105348,-1.9377363913555725,-1.922908638938422,-1.910774841120876,,10262,91,1.5,False,False,"variant-qitT10 (v1.1-frozen + |Qit_eff| -10% at 423 K; robustness study v1.3, 423 K only)"
C0468_T423,manual,0,C0468,C0468,423.0,1.1731858663260937,0.8670938212424517,-851444059982.8959,0.8826030224561692,35d9c6d54cea,6741628a4c1b,5e1d50a6e395,0,True,0,38.31,2.643714826067351,2.7773504730066816,151.63806393106682,0.012640163399812332,1.6897901579650446e-13,ae73669,2026-10-04T00:31:57+00:00,2.6563760299530053,151.84013094192005,True,0.004272976214644371,3.0,2.7773504730066816,0.24829939885336652,5.0,1.256262021492871e-12,True,True,-2.316206901912923,-2.173011713445156,-2.100068697176191,-2.0539599648753706,-2.0214422035798676,-1.9775494433740908,-1.9485214789247784,-1.9274545942627281,-1.9112406141334928,-1.8982473118781462,-1.887524032758309,,9911,93,1.5,False,False,"variant-qitT10 (v1.1-frozen + |Qit_eff| -10% at 423 K; robustness study v1.3, 423 K only)"
C0469_T423,manual,0,C0469,C0469,423.0,0.8607138551771641,1.1895707499235868,-1213972204364.8362,1.1900974474847317,e5f402163c2d,6741628a4c1b,5e1d50a6e395,0,True,0,30.701,4.183069714283223,2.948652297072442,161.1591536352138,0.011915577070610061,1.6897901579650449e-13,ae73669,2026-10-04T00:31:11+00:00,4.190685190255545,161.7252691671539,True,0.004646754332890607,4.75,2.948652297072442,0.23291697096039604,5.0,2.804366489158091e-12,True,True,-4.965710005665462,-2.46111880180417,-2.216790339580032,-2.1234730400863806,-2.0708524190932325,-2.0109760555800116,-1.9765082346551863,-1.9534869056601016,-1.9367470166905016,-1.9238849199551415,-1.9136131405305743,,11666,93,1.5,False,False,"variant-qitT10 (v1.1-frozen + |Qit_eff| -10% at 423 K; robustness study v1.3, 423 K only)"
C0470_T423,manual,0,C0470,C0470,423.0,0.9130294930189848,0.9337055552750826,-610748392529.7856,0.9696398634463548,7594b4e00f52,6741628a4c1b,5e1d50a6e395,0,True,0,52.163,2.316078738879329,2.9016596809215245,153.67246608583196,0.012103434043362478,1.6897901579650446e-13,ae73669,2026-10-04T00:38:30+00:00,2.329096294811737,153.7116323515693,True,0.004525015601072309,2.75,2.9016596809215245,0.23721089980842866,5.0,2.266848495023461e-12,True,True,-2.253958800376811,-2.1480855626457624,-2.089633527676139,-2.051358733411392,-2.0238412964452754,-1.9861406200465095,-1.960947412106221,-1.9425847383582693,-1.9284319103350114,-1.9170913921222785,-1.9077409310937745,,11432,92,1.5,False,False,"variant-qitT10 (v1.1-frozen + |Qit_eff| -10% at 423 K; robustness study v1.3, 423 K only)"
C0471_T423,manual,0,C0471,C0471,423.0,1.0005576755851506,1.0096783202141524,-1450757784768.939,1.0529660861939192,773dfae5add1,6741628a4c1b,5e1d50a6e395,0,True,0,36.272,4.260172582899896,2.8716509621051545,155.95006638879772,0.012230633383624791,1.6897901579650449e-13,ae73669,2026-10-04T00:49:14+00:00,4.263246719423363,156.31186938871068,True,0.004681221332049448,4.75,2.8716509621051545,0.23959418190562273,5.0,9.097705228056086e-13,True,True,-5.441676896191528,-2.507795280989919,-2.230839329990028,-2.1288983381544666,-2.0718883220648583,-2.0071796176315373,-1.9698790805873543,-1.9448807478744743,-1.926630695661649,-1.9125510517216504,-1.9012622475012595,,10964,92,1.5,False,False,"variant-qitT10 (v1.1-frozen + |Qit_eff| -10% at 423 K; robustness study v1.3, 423 K only)"
C0472_T423,manual,0,C0472,C0472,423.0,1.046291609853506,0.8314247313886881,-516375153325.4981,1.1677369967103004,077ceb599be0,6741628a4c1b,5e1d50a6e395,0,True,0,45.09,1.8230586194951708,2.670819630808629,150.17694094453608,0.013139162978774026,1.6897901579650449e-13,ae73669,2026-10-04T00:37:51+00:00,1.8359754672698205,150.2379745192346,True,0.00528897916413425,2.25,2.670819630808629,0.2587209658607117,5.0,2.4009705412675443e-12,True,True,-2.1403528359028234,-2.068231234810966,-2.024614523965541,-1.9946551690273069,-1.9724565318607645,-1.9411776833016778,-1.9197368577278644,-1.9038466232700413,-1.8914528444784342,-1.8814323003225184,-1.8731118438337473,,10613,92,1.5,False,False,"variant-qitT10 (v1.1-frozen + |Qit_eff| -10% at 423 K; robustness study v1.3, 423 K only)"
C0473_T423,manual,0,C0473,C0473,423.0,0.9338742442429064,1.1121048834174871,-1418212205171.585,0.8596571601927281,9eed41a4a2e6,6741628a4c1b,5e1d50a6e395,0,True,0,47.038,4.456741625522722,3.0832168808909053,159.27632321749218,0.011400111485746838,1.6897901579650449e-13,ae73669,2026-10-04T01:00:27+00:00,4.462526492144943,159.8582493426467,True,0.0039147767969624275,5.0,3.0832168808909053,0.22230093245598306,5.0,8.186177430369312e-13,True,True,-6.581963450275597,-2.7105041353755928,-2.3197194573637825,-2.194401301093522,-2.126654280250458,-2.051220990956293,-2.008316274487689,-1.9797718698651579,-1.9590338381776442,-1.9430909015224822,-1.930342283786713,,11315,93,1.5,False,False,"variant-qitT10 (v1.1-frozen + |Qit_eff| -10% at 423 K; robustness study v1.3, 423 K only)"
C0474_T423,manual,0,C0474,C0474,423.0,0.8923854809254408,0.967958626523614,-756150495260.9539,1.079824111238122,9bc970828b50,6741628a4c1b,5e1d50a6e395,0,True,0,42.178,2.701672441105683,2.8816468333028156,154.6506121252987,0.012187342642565609,1.689790157965045e-13,ae73669,2026-10-04T00:34:51+00:00,2.707628247903864,155.21869222898516,True,0.004659671218686828,3.25,2.8816468333028156,0.2388695286883486,5.0,1.2050889799941622e-12,True,True,-2.3063848416201598,-2.164758002694826,-2.0955598531805926,-2.0527675428034304,-2.023030769473062,-1.9834967566312145,-1.9577630337093015,-1.9393139584752486,-1.9252576292805463,-1.9140909786703606,-1.9049457047964475,,11432,92,1.5,False,False,"variant-qitT10 (v1.1-frozen + |Qit_eff| -10% at 423 K; robustness study v1.3, 423 K only)"
C0475_T423,manual,0,C0475,C0475,423.0,1.1799679275602102,1.0888531740754843,-1182339261285.9607,0.9974753584712744,62c936acae6b,6741628a4c1b,5e1d50a6e395,0,True,0,33.226,3.897568414799584,2.787386063877875,158.42350217368008,0.012598044206472194,1.6897901579650446e-13,ae73669,2026-10-04T00:52:57+00:00,3.9091718997947096,158.86722792760744,True,0.0042855823953752495,4.5,2.787386063877875,0.24704475735595383,5.0,1.3207473309462259e-12,True,True,-3.5615657300828096,-2.3769244562237937,-2.1935866133395736,-2.1088992960709487,-2.0575042304586413,-1.9958123705041813,-1.9587163536620302,-1.9332669629310653,-1.9144050723615573,-1.8996968720463736,-1.8878082959918225,,9911,93,1.5,False,False,"variant-qitT10 (v1.1-frozen + |Qit_eff| -10% at 423 K; robustness study v1.3, 423 K only)"
C0476_T423,manual,0,C0476,C0476,423.0,1.147245829552412,0.924172803387046,-1299450857564.807,0.9193705946207048,6cd7b95da2ba,6741628a4c1b,5e1d50a6e395,0,True,0,60.418,3.732448169306762,2.8217067286022406,153.44842252730163,0.01244442272344596,1.6897901579650443e-13,ae73669,2026-10-04T00:43:07+00:00,3.7348352722520786,153.9079396862002,True,0.0044113661901131595,4.25,2.8217067286022406,0.24409719952560072,5.0,2.0430225185258615e-12,True,True,-3.0616595366332393,-2.3351388936432933,-2.180378221479756,-2.1040028941854696,-2.056396796000789,-1.9981306747403342,-1.9625341579119078,-1.9378706772054468,-1.9194606171438244,-1.9050252448036267,-1.893304830753902,,10145,92,1.5,False,False,"variant-qitT10 (v1.1-frozen + |Qit_eff| -10% at 423 K; robustness study v1.3, 423 K only)"
C0477_T423,manual,0,C0477,C0477,423.0,0.8346763528883457,1.0450903777033091,-639008683152.4968,1.0016697071492673,a947a4348f6f,6741628a4c1b,5e1d50a6e395,0,True,0,53.974,2.6570079295037634,2.9921633264514624,157.09775170345242,0.011742102467584154,1.6897901579650449e-13,ae73669,2026-10-04T00:39:04+00:00,2.66787728980755,157.27364003503507,True,0.004233031668321024,3.0,2.9921633264514624,0.2295696808895576,5.0,2.5624349949849264e-12,True,True,-2.3237645071525534,-2.184881741005239,-2.1154983085834935,-2.0721652368119745,-2.0418884869813296,-2.001468649594099,-1.9750842848762593,-1.9561485825597564,-1.9417174380753135,-1.9302541340663264,-1.9208685440978657,,11900,93,1.5,False,False,"variant-qitT10 (v1.1-frozen + |Qit_eff| -10% at 423 K; robustness study v1.3, 423 K only)"
C0478_T423,manual,0,C0478,C0478,423.0,0.9886521469801663,0.8751621123403311,-1035323315300.0474,0.8315051037818194,67645a901d24,6741628a4c1b,5e1d50a6e395,0,True,0,48.88,3.0546405762439135,2.948809290512765,152.0007724763992,0.011911245782670946,1.6897901579650449e-13,ae73669,2026-10-04T01:03:46+00:00,3.0671565790877153,152.108625191826,True,0.004211746733620682,3.5,2.948809290512765,0.2332866166681266,5.0,1.880283781573128e-12,True,True,-2.454959186646294,-2.239752981404409,-2.1472896587119292,-2.0927457202206097,-2.0557461777177313,-2.0074378439123577,-1.9763864615962294,-1.954245285296013,-1.9374112634939058,-1.9240428138114727,-1.9130876770714083,,10964,92,1.5,False,False,"variant-qitT10 (v1.1-frozen + |Qit_eff| -10% at 423 K; robustness study v1.3, 423 K only)"
C0479_T423,manual,0,C0479,C0479,423.0,1.076082482561469,1.1558192286640403,-899233812466.2638,1.1396360140293835,f16933bde5c9,6741628a4c1b,5e1d50a6e395,0,True,0,31.991,3.452757110847213,2.76332242732986,160.2447736404935,0.0127065299425225,1.6897901579650443e-13,ae73669,2026-10-04T00:54:16+00:00,3.4583642052735515,160.55517776303608,True,0.004694985550435708,4.0,2.76332242732986,0.24932300617625727,5.0,1.55032114071926e-12,True,True,-2.63967986677356,-2.2526613826504254,-2.1338284507340655,-2.070563169042509,-2.0298348220827656,-1.978884863575065,-1.9473124554247274,-1.9253164274157502,-1.9088686718977315,-1.8959730358011817,-1.8855137194826446,,10496,92,1.5,False,False,"variant-qitT10 (v1.1-frozen + |Qit_eff| -10% at 423 K; robustness study v1.3, 423 K only)"
C0480_T423,manual,0,C0480,C0480,423.0,1.0846561681479217,0.9111454285681247,-689796024002.1348,1.0580096449702978,db6125c74b9a,6741628a4c1b,5e1d50a6e395,0,True,0,30.527,2.414332284141378,2.726414659639959,152.85450902914698,0.01287448595940057,1.6897901579650449e-13,ae73669,2026-10-04T00:30:12+00:00,2.4244133840558675,153.40177661824373,True,0.004655757961214006,3.0,2.726414659639959,0.25311710927101905,5.0,2.3283691096993543e-12,True,True,-2.2406992415738194,-2.127275253072915,-2.0662966616743774,-2.0268509118763145,-1.9986814652408322,-1.9602858552195757,-1.9347171168504356,-1.916104923524726,-1.9017639435549407,-1.890270102050073,-1.8807885400171873,,10496,93,1.5,False,False,"variant-qitT10 (v1.1-frozen + |Qit_eff| -10% at 423 K; robustness study v1.3, 423 K only)"
C0481_T423,manual,0,C0481,C0481,423.0,0.9970920350402592,1.032043133676052,-1373667115345.5972,0.9630154106765986,e93cc1091c37,6741628a4c1b,5e1d50a6e395,0,True,0,33.677,4.161685416239318,2.928101214794485,156.74163468807578,0.011997159136260442,1.6897901579650443e-13,ae73669,2026-10-04T00:30:21+00:00,4.172269601728041,157.0340322507071,True,0.004222288963109426,4.75,2.928101214794485,0.23474830624861479,5.0,2.0178488976926072e-12,True,True,-4.853207739164429,-2.4828550635822233,-2.237747693307398,-2.1397360609376412,-2.0833674422963284,-2.0181868779838483,-1.98009632595997,-1.9543802713226166,-1.9355192846811569,-1.9209215804115145,-1.9091894565142136,,10964,93,1.5,False,False,"variant-qitT10 (v1.1-frozen + |Qit_eff| -10% at 423 K; robustness study v1.3, 423 K only)"
C0482_T423,manual,0,C0482,C0482,423.0,0.8260624937713147,0.8878961212933064,-957828862592.578,1.1959726966917514,e41b5b45aeba,6741628a4c1b,5e1d50a6e395,0,True,0,51.145,2.902069173869372,2.889113815597714,151.9753425211979,0.012155589540195386,1.689790157965045e-13,ae73669,2026-10-04T01:00:06+00:00,2.9128535860720737,152.28304891950316,True,0.004958313144227404,3.25,2.889113815597714,0.23829089255666994,5.0,1.4684873825068265e-12,True,True,-2.329525627094405,-2.1644612002884953,-2.0914103119167793,-2.04811475783918,-2.0187510405768285,-1.9805156149225664,-1.9560604808339,-1.938713729986802,-1.925592509989703,-1.9152239732381813,-1.9067673753994492,,11900,93,1.5,False,False,"variant-qitT10 (v1.1-frozen + |Qit_eff| -10% at 423 K; robustness study v1.3, 423 K only)"
C0483_T423,manual,0,C0483,C0483,423.0,1.138498166948557,1.168573136627674,-1101724189706.1467,0.875147046148777,fb07ff9c0ac9,6741628a4c1b,5e1d50a6e395,0,True,0,46.084,3.925062271737535,2.909628182927804,160.90689622821884,0.012074113222392891,1.6897901579650449e-13,ae73669,2026-10-04T00:37:39+00:00,3.9345206561612995,161.40291174833055,True,0.003914667665411899,4.5,2.909628182927804,0.23614026748968714,5.0,1.6180013671549556e-12,True,True,-3.6800388484635813,-2.426597631244846,-2.2322283481590115,-2.142139878202511,-2.087296805357574,-2.0212826941613904,-1.9815041390667119,-1.9541896173682267,-1.9339381390668156,-1.9181447559606053,-1.9053791779702045,,10145,93,1.5,False,False,"variant-qitT10 (v1.1-frozen + |Qit_eff| -10% at 423 K; robustness study v1.3, 423 K only)"
C0484_T423,manual,0,C0484,C0484,423.0,1.1839033704251052,0.8441820427775384,-1468988310545.6829,0.8033197145909071,9dba72f5f0ca,6741628a4c1b,5e1d50a6e395,0,True,0,36.913,3.875180153462679,2.879306872582834,151.0267591588721,0.012196971380264024,1.689790157965044e-13,ae73669,2026-10-04T00:32:34+00:00,3.8895416254438273,151.37412204684463,True,0.004116832454605299,4.25,2.879306872582834,0.23907660309724507,5.0,2.410059757671183e-12,True,True,-3.4765313840171967,-2.3938493201104922,-2.2134448198318513,-2.128438312574565,-2.076398267072544,-2.0134410199996724,-1.9752564355690347,-1.9488689173374616,-1.9291854665337622,-1.9137479952373597,-1.901205103238096,,9794,93,1.5,False,False,"variant-qitT10 (v1.1-frozen + |Qit_eff| -10% at 423 K; robustness study v1.3, 423 K only)"
C0485_T423,manual,0,C0485,C0485,423.0,0.8964791413396597,1.124836216121912,-590595434419.8108,1.124095817282796,199b90d2263a,6741628a4c1b,5e1d50a6e395,0,True,0,28.187,2.7378400766827267,2.8821094011612125,159.36608040262539,0.012186790169135998,1.689790157965045e-13,ae73669,2026-10-04T00:31:39+00:00,2.7393836512953955,159.71723690673818,True,0.004675613386873095,3.25,2.8821094011612125,0.2386820423804513,5.0,1.4641129111810886e-12,True,True,-2.319679272686296,-2.171284945138883,-2.099664848034679,-2.055598632164628,-2.025072538111016,-1.9846227613815015,-1.958391109327759,-1.939644011422471,-1.9253995815347482,-1.9141106664404874,-1.9048849220042416,,11549,92,1.5,False,False,"variant-qitT10 (v1.1-frozen + |Qit_eff| -10% at 423 K; robustness study v1.3, 423 K only)"
C0486_T423,manual,0,C0486,C0486,423.0,0.9299972377717496,0.9549087181687356,-1240930764935.9106,0.9411346577107906,a6ab1fade2fe,6741628a4c1b,5e1d50a6e395,0,True,0,51.245,3.6899626374484926,2.9608596271062293,154.41291059845298,0.011864471770712285,1.6897901579650449e-13,ae73669,2026-10-04T00:39:22+00:00,3.6976507132236316,154.7130528211793,True,0.0042872431040625455,4.25,2.9608596271062293,0.23216357148986982,5.0,1.6070134663272284e-12,True,True,-2.9750485179136863,-2.331200590519235,-2.1858177001449595,-2.1135441007299276,-2.0684429258378874,-2.0132999533588847,-1.9797068351449156,-1.9565067390447681,-1.9392448322092124,-1.9257515926486297,-1.9148282256423017,,11315,93,1.5,False,False,"variant-qitT10 (v1.1-frozen + |Qit_eff| -10% at 423 K; robustness study v1.3, 423 K only)"
C0487_T423,manual,0,C0487,C0487,423.0,1.0425728149712086,1.0758292622864247,-822563081979.7516,1.0361800581216811,516946ccb2e0,6741628a4c1b,5e1d50a6e395,0,True,0,31.163,3.112338865463187,2.8156646442402113,157.98712722894592,0.012471566042250443,1.6897901579650443e-13,ae73669,2026-10-04T00:49:45+00:00,3.1257671933431275,158.08948859333262,True,0.004487485049002959,3.5,2.8156646442402113,0.24457636594892435,5.0,1.105403962808893e-12,True,True,-2.4465280845271353,-2.21702191576479,-2.122981694599954,-2.0684659492530604,-2.0318503544720197,-1.9844856940016342,-1.9543250943470414,-1.9329720192727315,-1.9168321830561497,-1.9040790091674247,-1.8936735862659198,,10613,91,1.5,False,False,"variant-qitT10 (v1.1-frozen + |Qit_eff| -10% at 423 K; robustness study v1.3, 423 K only)"
C0488_T423,manual,0,C0488,C0488,423.0,1.0105717908591032,0.8541675359010696,-1147560817189.5146,1.1462420608848334,a52a0777cb56,6741628a4c1b,5e1d50a6e395,0,True,0,48.326,3.207072667605267,2.751090249721797,150.91505799962212,0.01275957586789269,1.6897901579650449e-13,ae73669,2026-10-04T00:38:40+00:00,3.2123109598641686,151.39076623236147,True,0.005057034229895365,3.75,2.751090249721797,0.25079983873060957,5.0,2.4696296795246812e-12,True,True,-2.4397795073111492,-2.1914955249506423,-2.0983869001281246,-2.046164967450972,-2.0117049439177217,-1.967740081031806,-1.940027388939055,-1.920502576444417,-1.9057811232612676,-1.894163761453036,-1.8846915272496167,,10847,92,1.5,False,False,"variant-qitT10 (v1.1-frozen + |Qit_eff| -10% at 423 K; robustness study v1.3, 423 K only)"
C0489_T423,manual,0,C0489,C0489,423.0,0.9231051232665776,1.176618491858244,-792851848527.7891,0.8264431390911341,b2eecaea3b10,6741628a4c1b,5e1d50a6e395,0,True,0,45.574,3.3030776704881224,3.0757029765393913,161.1666848182415,0.011427349839848621,1.6897901579650446e-13,ae73669,2026-10-04T01:01:13+00:00,3.315020174190516,161.42132609613458,True,0.0038150044470321052,3.75,3.0757029765393913,0.22290774430223945,5.0,1.0181203414518468e-12,True,True,-2.6145129708782457,-2.308244946552999,-2.194396158237718,-2.130195267040744,-2.0876438552934213,-2.033177844312601,-1.9988049235922405,-1.974609642125582,-1.9563980668949346,-1.9420544768120827,-1.9303817916352202,,11315,92,1.5,False,False,"variant-qitT10 (v1.1-frozen + |Qit_eff| -10% at 423 K; robustness study v1.3, 423 K only)"
C0490_T423,manual,0,C0490,C0490,423.0,0.8504154257476331,0.946534550189972,-1376536780968.3083,1.009107468277216,37da64205fcb,6741628a4c1b,5e1d50a6e395,0,True,0,43.357,3.9459842988444267,3.001921074451989,154.02289672627978,0.011703813658618138,1.689790157965045e-13,ae73669,2026-10-04T00:35:35+00:00,3.952783985632616,154.6010922712915,True,0.004463560708875146,4.5,3.001921074451989,0.2288372915876813,5.0,2.4241306345659937e-12,True,True,-3.7507889580215834,-2.385703473596998,-2.203335926679624,-2.1225422662622018,-2.0745171550735275,-2.0178545341287215,-1.9842903654685098,-1.9614821759437306,-1.944693593780791,-1.9316726014143695,-1.9211949561688202,,11783,93,1.5,False,False,"variant-qitT10 (v1.1-frozen + |Qit_eff| -10% at 423 K; robustness study v1.3, 423 K only)"
C0491_T423,manual,0,C0491,C0491,423.0,1.1629489459097386,1.0225333176553248,-559973471798.0027,0.9134771302342416,aca71dd6875e,6741628a4c1b,5e1d50a6e395,0,True,0,34.267,2.443148051554794,2.782470877359307,156.50061782772474,0.012618531939565938,1.689790157965044e-13,ae73669,2026-10-04T00:53:31+00:00,2.4504938041647466,157.06936809351424,True,0.004208911391453977,3.0,2.782470877359307,0.2476694781426493,5.0,1.1820584108250425e-12,True,True,-2.2861045498915775,-2.16235717485138,-2.09526456493847,-2.0516124493324397,-2.02031442063057,-1.9774934948882754,-1.9488833262938827,-1.928014491276045,-1.9119116284700626,-1.8989911686760501,-1.8883224914468053,,10028,93,1.5,False,False,"variant-qitT10 (v1.1-frozen + |Qit_eff| -10% at 423 K; robustness study v1.3, 423 K only)"
C0492_T423,manual,0,C0492,C0492,423.0,1.1083541493862867,0.9903203777968884,-927237361669.5404,0.9916497867554426,d03ebfe68ef6,6741628a4c1b,5e1d50a6e395,0,True,0,66.217,3.122542557258026,2.785869442646663,155.43061698030758,0.012603211726664636,1.6897901579650449e-13,ae73669,2026-10-04T00:44:13+00:00,3.1358967973062746,155.71323612696764,True,0.004459746887468237,3.5,2.785869442646663,0.24736307191629042,5.0,2.8349193132898293e-12,True,True,-2.450678639171657,-2.217582457998226,-2.122224337507853,-2.066931638901218,-2.029768011735322,-1.9816278219505292,-1.9509057863752377,-1.929106288988356,-1.9125933371055381,-1.8995187677850536,-1.888830880073504,,10262,93,1.5,False,False,"variant-qitT10 (v1.1-frozen + |Qit_eff| -10% at 423 K; robustness study v1.3, 423 K only)"
C0493_T423,manual,0,C0493,C0493,423.0,0.8208320733159781,1.0662961095571517,-1009303121827.5428,1.0872305769473314,49d8dd9607cc,6741628a4c1b,5e1d50a6e395,0,True,0,53.415,3.4756583621649946,2.9954907616305944,157.65969569744576,0.011729831531897364,1.6897901579650446e-13,ae73669,2026-10-04T00:39:58+00:00,3.478705527348442,158.02437996825603,True,0.004582221836487223,4.0,2.9954907616305944,0.22923591813228042,5.0,1.2307493156697397e-12,True,True,-2.6674432545663014,-2.2736334859113665,-2.157107254091307,-2.095929553851905,-2.056884399765509,-2.0084436492913476,-1.978669766552051,-1.9580473810420065,-1.942697330143026,-1.9307082253348338,-1.9210162586385142,,12017,92,1.5,False,False,"variant-qitT10 (v1.1-frozen + |Qit_eff| -10% at 423 K; robustness study v1.3, 423 K only)"
C0494_T423,manual,0,C0494,C0494,423.0,0.956010325998068,0.810430159419775,-660115252248.9429,0.8545623980462551,b241ea47c873,6741628a4c1b,5e1d50a6e395,0,True,0,46.945,2.083875425118873,2.90325278968424,149.87328874579248,0.012095116585009957,1.6897901579650454e-13,ae73669,2026-10-04T01:04:33+00:00,2.098578379579875,149.8210444207323,True,0.004375105564487886,2.5,2.90325278968424,0.23725616938969943,5.0,2.3474047567563036e-12,True,True,-2.2313893405847183,-2.1397491702218674,-2.08626947768421,-2.0502106559102016,-2.02379349411591,-1.9869373320061046,-1.9618768678460075,-1.9433869021519026,-1.9290026201688706,-1.917389941110909,-1.9077551089104823,,11081,92,1.5,False,False,"variant-qitT10 (v1.1-frozen + |Qit_eff| -10% at 423 K; robustness study v1.3, 423 K only)"
C0495_T423,manual,0,C0495,C0495,423.0,1.0684884376823902,1.1329041421413422,-1280327629297.9717,1.1744124859571456,516ef1a63d2a,6741628a4c1b,5e1d50a6e395,0,True,0,30.946,4.19347664653685,2.7775868740250913,159.55454792857694,0.012642139850471813,1.689790157965045e-13,ae73669,2026-10-04T00:54:47+00:00,4.200056183831685,159.95480532460803,True,0.004781299100901628,4.75,2.7775868740250913,0.2479555702173058,5.0,2.106192917422131e-12,True,True,-5.032951645126845,-2.457657851652914,-2.2049944315344083,-2.1081436683099146,-2.053292823435036,-1.9905461217998204,-1.9541929487290968,-1.929779743951456,-1.9119428548137753,-1.898179409708916,-1.8871454710812945,,10613,93,1.5,False,False,"variant-qitT10 (v1.1-frozen + |Qit_eff| -10% at 423 K; robustness study v1.3, 423 K only)"
C0496_T423,manual,0,C0496,C0496,423.0,1.0603512980043888,0.8146085020154715,-777535700239.2411,0.9316309534013272,038d0b7d7d5d,6741628a4c1b,5e1d50a6e395,0,True,0,29.597,2.3350995987782093,2.7891948891494263,149.86305752826766,0.012585820986098834,1.6897901579650446e-13,ae73669,2026-10-04T00:30:42+00:00,2.3494445870209852,149.69423580994973,True,0.004635948269029408,2.75,2.7891948891494263,0.24732483807176284,5.0,1.1416371320516205e-12,True,True,-2.2443109636719307,-2.136280655464372,-2.0767814594124996,-2.037822443856419,-2.009784147073382,-1.9712764059343597,-1.9454393325947221,-1.9265275564655229,-1.9118915906857612,-1.900118449714098,-1.8903761561566483,,10613,92,1.5,False,False,"variant-qitT10 (v1.1-frozen + |Qit_eff| -10% at 423 K; robustness study v1.3, 423 K only)"
C0497_T423,manual,0,C0497,C0497,423.0,0.9727686636149884,1.1421544943004849,-1157017314806.5806,1.039516243338585,0e7d92934dd4,6741628a4c1b,5e1d50a6e395,0,True,0,31.217,3.9665611545688004,2.908707994041795,159.9325663388601,0.012077121955458965,1.6897901579650449e-13,ae73669,2026-10-04T00:30:52+00:00,3.9707321543568512,160.44878859071287,True,0.004432284692713074,4.5,2.908707994041795,0.23631113817894217,5.0,1.174409453568563e-12,True,True,-3.8468714132429054,-2.399912405981719,-2.2067301019231627,-2.1211734985162187,-2.0702039490478463,-2.0099221643288514,-1.9741497205518033,-1.9498261482651638,-1.9319210908920674,-1.918036548147195,-1.9068667842458564,,10964,91,1.5,False,False,"variant-qitT10 (v1.1-frozen + |Qit_eff| -10% at 423 K; robustness study v1.3, 423 K only)"
C0498_T423,manual,0,C0498,C0498,423.0,0.8001949753612281,0.984738239273429,-510477615520.358,0.8194460909813643,2facbcf2ab7a,6741628a4c1b,5e1d50a6e395,0,True,0,51.053,2.252692923837479,3.1254404139625502,155.49740634129816,0.011245331810354014,1.6897901579650446e-13,ae73669,2026-10-04T01:00:57+00:00,2.253614763258187,155.92529556085665,True,0.003936200546544447,2.75,3.1254404139625502,0.21940930666197794,5.0,2.36212716766561e-12,True,True,-2.292861093641136,-2.187859676029205,-2.128498325839389,-2.089157472216272,-2.0606706986924275,-2.021408369757548,-1.995051606471466,-1.9757971435608574,-1.9609397100899426,-1.9490277255302813,-1.9392036048589532,,12017,92,1.5,False,False,"variant-qitT10 (v1.1-frozen + |Qit_eff| -10% at 423 K; robustness study v1.3, 423 K only)"
C0499_T423,manual,0,C0499,C0499,423.0,1.1126125287264583,1.0587425235658885,-1427985441870.9873,1.1016002912074327,9259a6b0aa6f,6741628a4c1b,5e1d50a6e395,0,True,0,48.593,4.330535670584487,2.7810532554425995,157.43360877156232,0.012626231604462725,1.6897901579650446e-13,ae73669,2026-10-04T00:38:28+00:00,4.3436383734068995,157.4233706036956,True,0.004769107778379644,4.75,2.7810532554425995,0.24766119937965642,5.0,1.8797312240191754e-12,True,True,-5.857045011953963,-2.5424048783541116,-2.2309050845691436,-2.122649556882112,-2.063048888754826,-1.9959997951731063,-1.9575714757799065,-1.9318856248383667,-1.9131605164621848,-1.8987262486204484,-1.8871585929149421,,10262,92,1.5,False,False,"variant-qitT10 (v1.1-frozen + |Qit_eff| -10% at 423 K; robustness study v1.3, 423 K only)"
C0500_T423,manual,0,C0500,C0500,423.0,1.1578330881893637,0.9285014364868402,-1060874145478.0104,1.1796981908380983,8e91dd074e2b,6741628a4c1b,5e1d50a6e395,0,True,0,39.021,3.227959908756328,2.657280200924044,153.3059540983096,0.013207417398436205,1.6897901579650443e-13,ae73669,2026-10-04T00:33:14+00:00,3.23066917161579,153.73824824487116,True,0.005138189753224827,3.75,2.657280200924044,0.2598886740529056,5.0,1.6121000793558715e-12,True,True,-2.449840360579117,-2.1890514254395863,-2.092100401799359,-2.03774612775694,-2.001857682336609,-1.956026752600858,-1.9271067973286016,-1.906715136658458,-1.8913300999327796,-1.8791820967883281,-1.8692718941489805,,10028,92,1.5,False,False,"variant-qitT10 (v1.1-frozen + |Qit_eff| -10% at 423 K; robustness study v1.3, 423 K only)"
C0501_T423,manual,0,C0501,C0501,423.0,0.8704025648534298,1.0025287564843892,-877619723789.3939,0.8975951507687568,69229e0d8466,6741628a4c1b,5e1d50a6e395,0,True,0,32.865,3.0574948197277987,3.0280979880408863,155.91442097994644,0.011603644027518446,1.6897901579650449e-13,ae73669,2026-10-04T00:32:12+00:00,3.0699028883730564,156.00877579529848,True,0.004205949396388142,3.5,3.0280979880408863,0.22675835084251136,5.0,1.3537393881278225e-12,True,True,-2.457676958509494,-2.243596309618026,-2.152416205157933,-2.0988756499949006,-2.0626876747786924,-2.0156550201185923,-1.9856009874959877,-1.9642850806174204,-1.948156994769429,-1.9354056027973086,-1.9249981516831505,,11666,92,1.5,False,False,"variant-qitT10 (v1.1-frozen + |Qit_eff| -10% at 423 K; robustness study v1.3, 423 K only)"
C0502_T423,manual,0,C0502,C0502,423.0,0.9054892238229514,0.8708945099264384,-1289906500838.697,1.0676614310592414,a1c67952d8c4,6741628a4c1b,5e1d50a6e395,0,True,0,49.829,3.5561713245939317,2.8868682217763206,151.5397684717854,0.012164747974428038,1.6897901579650449e-13,ae73669,2026-10-04T00:40:12+00:00,3.568026733697366,151.60576256922985,True,0.004905704701764364,4.0,2.8868682217763206,0.23849633879484392,5.0,1.2737434693764358e-12,True,True,-2.730191706890826,-2.267942605044298,-2.144971822575816,-2.082026642257977,-2.042295130644523,-1.9933349843938677,-1.963330552234822,-1.9425386641940137,-1.927034496239041,-1.914896884221778,-1.9050605110945633,,11432,92,1.5,False,False,"variant-qitT10 (v1.1-frozen + |Qit_eff| -10% at 423 K; robustness study v1.3, 423 K only)"
C0503_T423,manual,0,C0503,C0503,423.0,1.0180588882416486,1.198417475447059,-644677340984.3445,0.9597265992313624,68e553ab76d2,6741628a4c1b,5e1d50a6e395,0,True,0,32.623,3.0306803425197404,2.892013578124216,161.628612063901,0.012146076246660708,1.689790157965044e-13,ae73669,2026-10-04T00:50:18+00:00,3.038589443996028,161.9426380785858,True,0.004226557429672747,3.5,2.892013578124216,0.2377472622942652,5.0,1.9139835120876176e-12,True,True,-2.4455242813352096,-2.2324981428367106,-2.139949150361227,-2.085094210640223,-2.0478072618543646,-1.9991114681764732,-1.9678759129430423,-1.945678547121925,-1.928865414450858,-1.9155639969331923,-1.9047032868223375,,10847,92,1.5,False,False,"variant-qitT10 (v1.1-frozen + |Qit_eff| -10% at 423 K; robustness study v1.3, 423 K only)"
C0504_T423,manual,0,C0504,C0504,423.0,1.035094854980707,0.9700297106057404,-1321722459979.3557,0.8695704005658627,b8eafb4917c1,6741628a4c1b,5e1d50a6e395,0,True,0,50.676,3.9039724603127,2.944140979818494,154.95232262876357,0.011931736424294872,1.6897901579650443e-13,ae73669,2026-10-04T00:39:31+00:00,3.9157418531880146,155.49845236205894,True,0.004019743011260271,4.25,2.944140979818494,0.23348021325918822,5.0,1.3361136816134774e-12,True,True,-3.5874655846402654,-2.404008479231394,-2.2197177026174315,-2.1343864473059413,-2.0825709013445532,-2.0203533021073525,-1.9829217999411948,-1.9572256039074523,-1.9381675746005365,-1.923296348901881,-1.911268369323105,,10730,93,1.5,False,False,"variant-qitT10 (v1.1-frozen + |Qit_eff| -10% at 423 K; robustness study v1.3, 423 K only)"
C0505_T423,manual,0,C0505,C0505,423.0,0.94761006757617,1.0991350572556258,-739787710830.5692,1.1530416280031204,519455fb9d76,6741628a4c1b,5e1d50a6e395,0,True,0,45.226,2.9871095175545364,2.828537052803086,158.58717864838357,0.01241535006725323,1.689790157965045e-13,ae73669,2026-10-04T01:01:58+00:00,2.9887277939332293,159.01423753299582,True,0.004797945685956168,3.5,2.828537052803086,0.24341841709669637,5.0,2.166559865228693e-12,True,True,-2.379410946449438,-2.1872969809063694,-2.1042950265034164,-2.0553921566035402,-2.0223023775334643,-1.9792874088284798,-1.9518185908948882,-1.9323579553948205,-1.9176523902657312,-1.906041030428146,-1.896576484720556,,11198,92,1.5,False,False,"variant-qitT10 (v1.1-frozen + |Qit_eff| -10% at 423 K; robustness study v1.3, 423 K only)"
C0506_T423,manual,0,C0506,C0506,423.0,0.8765012230724096,0.8307822544127703,-1093724871054.2916,0.9824832063168288,f1c284314401,6741628a4c1b,5e1d50a6e395,0,True,0,41.453,3.03857413675586,2.93060554708031,150.34814006111853,0.011984021853353847,1.689790157965045e-13,ae73669,2026-10-04T00:36:17+00:00,3.048312472374126,150.53296242211056,True,0.004719099156542731,3.5,2.93060554708031,0.2348673364021756,5.0,1.8105878373411099e-12,True,True,-2.406346635406126,-2.2054455884443853,-2.120755054129242,-2.071346362483424,-2.038078460353083,-1.9949553320403683,-1.9674297711138267,-1.9478990646852565,-1.933106776082701,-1.9213974076901417,-1.9118287408554095,,11549,92,1.5,False,False,"variant-qitT10 (v1.1-frozen + |Qit_eff| -10% at 423 K; robustness study v1.3, 423 K only)"
C0507_T423,manual,0,C0507,C0507,423.0,1.189016241952777,1.10010218732059,-971687757410.1093,1.0902233440428972,5dba037aa8d5,6741628a4c1b,5e1d50a6e395,0,True,0,31.304,3.4777310933196195,2.7146562344939165,158.69497628509154,0.012932296465873273,1.689790157965044e-13,ae73669,2026-10-04T00:54:03+00:00,3.4805101623932067,159.09797877709588,True,0.004698761868192422,4.0,2.7146562344939165,0.2539848860781395,5.0,1.7756544603821347e-12,True,True,-2.6663794068262674,-2.2583544744679895,-2.135125837806675,-2.0696380040664035,-2.027471096069658,-1.9746592819363546,-1.9418636579856763,-1.9189648523189098,-1.9018053273207327,-1.888324347981219,-1.8773694647582593,,9794,92,1.5,False,False,"variant-qitT10 (v1.1-frozen + |Qit_eff| -10% at 423 K; robustness study v1.3, 423 K only)"
C0508_T423,manual,0,C0508,C0508,423.0,1.1342368014156818,0.8870449762791396,-604576230049.1333,1.018321231752634,a8de7bc0ac4c,6741628a4c1b,5e1d50a6e395,0,True,0,66.068,2.1733668310222014,2.704662367430574,152.13509725622342,0.012976913742500696,1.6897901579650446e-13,ae73669,2026-10-04T00:45:20+00:00,2.182685841907624,152.4703896090242,True,0.0046242749365601205,2.75,2.704662367430574,0.25526131973903604,5.0,1.856498488390466e-12,True,True,-2.2079107442734522,-2.111593346868009,-2.0565593309637182,-2.0198504783471796,-1.99313580622975,-1.9560921389121755,-1.9310432214540398,-1.912628847013285,-1.8983407472195015,-1.8868285821099147,-1.8772920875632393,,10145,93,1.5,False,False,"variant-qitT10 (v1.1-frozen + |Qit_eff| -10% at 423 K; robustness study v1.3, 423 K only)"
C0509_T423,manual,0,C0509,C0509,423.0,0.8467088125646115,1.1563877511769534,-1460866748355.329,0.9106322541832924,d2e9f8da754c,6741628a4c1b,5e1d50a6e395,0,True,0,50.511,4.643985106440596,3.1426498031112495,160.51441278077394,0.011187183643279546,1.6897901579650449e-13,ae73669,2026-10-04T00:40:49+00:00,4.656223764572715,160.68343884059456,True,0.00391544209262667,5.0,3.1426498031112495,0.21784176577784659,5.0,2.131827298767021e-12,True,True,-7.7267219295566045,-2.9270898528024105,-2.351765607556362,-2.208851099434977,-2.136261828498145,-2.0584051018785967,-2.0153158613359183,-1.9870812624192937,-1.9667748209303788,-1.951279232696868,-1.938960072096322,,11783,93,1.5,False,False,"variant-qitT10 (v1.1-frozen + |Qit_eff| -10% at 423 K; robustness study v1.3, 423 K only)"
C0510_T423,manual,0,C0510,C0510,423.0,0.9803306277841328,0.9138154339045288,-872676650993.526,1.1311868276447057,08cce579816d,6741628a4c1b,5e1d50a6e395,0,True,0,50.013,2.798659373942011,2.777479299639124,152.88175187941195,0.012639816984893143,1.6897901579650446e-13,ae73669,2026-10-04T01:05:24+00:00,2.809375206988691,152.99491092049726,True,0.0050391550205285025,3.25,2.777479299639124,0.24827227058574103,5.0,1.7003174857413404e-12,True,True,-2.309355954358525,-2.1550901144024337,-2.08266773214025,-2.038609770676435,-2.0082604036111995,-1.9681812811485284,-1.9422149102260247,-1.9236366031382874,-1.9094930963630967,-1.8982592142677503,-1.8890575140314603,,11081,92,1.5,False,False,"variant-qitT10 (v1.1-frozen + |Qit_eff| -10% at 423 K; robustness study v1.3, 423 K only)"
C0511_T423,manual,0,C0511,C0511,423.0,1.092802445217967,1.042897941544652,-1188863854855.299,0.8476660583168268,fda38744e6d3,6741628a4c1b,5e1d50a6e395,0,True,0,33.829,3.8124743692836165,2.9337036327971804,157.21474742110675,0.011974655954815778,1.6897901579650443e-13,ae73669,2026-10-04T00:55:22+00:00,3.825505924285958,157.41445130771493,True,0.004054391143846432,4.25,2.9337036327971804,0.23425361620445526,5.0,1.5610856498711511e-12,True,True,-3.291843090285835,-2.3902940930287437,-2.218581457223182,-2.1354074241788332,-2.083909923797161,-2.021185318943845,-1.983034509346383,-1.9566890403060107,-1.937077789872526,-1.9217369554976556,-1.9093069176636543,,10379,92,1.5,False,False,"variant-qitT10 (v1.1-frozen + |Qit_eff| -10% at 423 K; robustness study v1.3, 423 K only)"
